{
"type": "FeatureCollection",
"name": "land",
"crs": { "type": "name", "properties": { "name": "urn:ogc:def:crs:EPSG::27700" } },
"features": [
{ "type": "Feature", "properties": { "Id": 0 }, "geometry": { "type": "MultiPolygon", "coordinates": [ [ [ [ 329143.8, 148203.4 ], [ 329160.9, 148198.2 ], [ 329185.5, 148174.0 ], [ 329215.6, 148129.9 ], [ 329296.3, 148053.6 ], [ 329334.9, 148006.5 ], [ 329339.9, 147964.5 ], [ 329333.3, 147923.2 ], [ 329314.1, 147900.4 ], [ 329288.8, 147885.0 ], [ 329256.3, 147841.2 ], [ 329239.4, 147761.8 ], [ 329246.5, 147618.5 ], [ 329240.6, 147599.6 ], [ 329224.0, 147590.3 ], [ 329215.1, 147604.7 ], [ 329206.9, 147667.3 ], [ 329175.1, 147675.0 ], [ 329158.1, 147692.0 ], [ 329169.6, 147726.9 ], [ 329167.5, 147747.7 ], [ 329140.3, 147812.5 ], [ 329121.6, 147886.3 ], [ 329111.8, 147901.3 ], [ 329064.1, 147937.7 ], [ 329036.6, 147964.7 ], [ 329020.3, 147995.2 ], [ 328997.7, 148052.7 ], [ 329002.1, 148068.2 ], [ 329044.5, 148097.9 ], [ 329044.0, 148112.0 ], [ 329006.7, 148120.3 ], [ 329010.9, 148144.5 ], [ 329003.6, 148156.3 ], [ 328966.8, 148185.9 ], [ 328978.3, 148195.2 ], [ 329026.1, 148190.0 ], [ 329056.3, 148191.3 ], [ 329143.8, 148203.4 ], [ 329143.8, 148203.4 ] ] ] ] } },
{ "type": "Feature", "properties": { "Id": 0 }, "geometry": { "type": "MultiPolygon", "coordinates": [ [ [ [ 328924.9, 148853.7 ], [ 328959.3, 148838.3 ], [ 329009.7, 148840.5 ], [ 329060.8, 148827.6 ], [ 329073.0, 148816.5 ], [ 329077.7, 148793.3 ], [ 329092.5, 148774.5 ], [ 329159.6, 148732.9 ], [ 329161.3, 148681.4 ], [ 329177.7, 148590.3 ], [ 329189.0, 148571.0 ], [ 329191.7, 148543.2 ], [ 329152.1, 148581.5 ], [ 329121.9, 148601.8 ], [ 329100.8, 148609.3 ], [ 329078.0, 148589.3 ], [ 329042.4, 148591.7 ], [ 329019.0, 148605.9 ], [ 328988.7, 148653.4 ], [ 328969.4, 148660.7 ], [ 328960.8, 148676.5 ], [ 328970.7, 148709.8 ], [ 328971.2, 148740.0 ], [ 328955.6, 148764.8 ], [ 328920.6, 148768.6 ], [ 328897.6, 148780.8 ], [ 328887.7, 148802.5 ], [ 328892.8, 148835.0 ], [ 328902.5, 148848.0 ], [ 328924.9, 148853.7 ], [ 328924.9, 148853.7 ] ] ] ] } },
{ "type": "Feature", "properties": { "Id": 0 }, "geometry": { "type": "MultiPolygon", "coordinates": [ [ [ [ 322997.4, 160851.0 ], [ 323031.8, 160849.2 ], [ 323064.8, 160841.2 ], [ 323089.2, 160846.5 ], [ 323090.5, 160817.1 ], [ 323142.8, 160816.4 ], [ 323153.1, 160796.8 ], [ 323192.0, 160780.0 ], [ 323194.9, 160760.7 ], [ 323216.8, 160750.7 ], [ 323210.1, 160707.6 ], [ 323225.0, 160669.2 ], [ 323263.3, 160624.6 ], [ 323260.0, 160610.3 ], [ 323213.7, 160577.1 ], [ 323181.2, 160548.5 ], [ 323139.5, 160550.5 ], [ 323104.1, 160531.5 ], [ 323080.3, 160531.5 ], [ 323040.7, 160543.3 ], [ 323003.9, 160524.2 ], [ 322989.0, 160533.0 ], [ 322896.1, 160517.9 ], [ 322870.9, 160524.5 ], [ 322847.5, 160522.0 ], [ 322810.6, 160509.4 ], [ 322727.8, 160523.8 ], [ 322709.3, 160529.9 ], [ 322658.5, 160489.2 ], [ 322636.2, 160498.0 ], [ 322597.5, 160524.3 ], [ 322563.1, 160529.9 ], [ 322566.4, 160543.8 ], [ 322543.6, 160565.5 ], [ 322516.9, 160580.5 ], [ 322504.7, 160602.7 ], [ 322462.6, 160626.7 ], [ 322452.7, 160641.1 ], [ 322434.1, 160644.1 ], [ 322424.6, 160657.7 ], [ 322453.3, 160697.1 ], [ 322464.6, 160694.9 ], [ 322482.9, 160717.5 ], [ 322530.3, 160744.0 ], [ 322559.7, 160734.3 ], [ 322584.4, 160739.2 ], [ 322602.9, 160753.1 ], [ 322703.8, 160781.9 ], [ 322804.5, 160804.0 ], [ 322866.0, 160829.5 ], [ 322901.8, 160839.7 ], [ 322975.4, 160851.2 ], [ 322997.4, 160851.0 ], [ 322997.4, 160851.0 ] ] ] ] } },
{ "type": "Feature", "properties": { "Id": 0 }, "geometry": { "type": "MultiPolygon", "coordinates": [ [ [ [ 322072.9, 165173.1 ], [ 322086.5, 165133.7 ], [ 322130.7, 165116.4 ], [ 322176.1, 165121.4 ], [ 322200.0, 165119.1 ], [ 322212.6, 165095.8 ], [ 322230.2, 165091.5 ], [ 322252.6, 165070.4 ], [ 322288.1, 165052.0 ], [ 322303.4, 165033.1 ], [ 322326.3, 164987.0 ], [ 322320.5, 164959.9 ], [ 322345.5, 164910.4 ], [ 322367.1, 164901.6 ], [ 322380.4, 164871.6 ], [ 322361.5, 164876.3 ], [ 322352.9, 164845.4 ], [ 322360.0, 164827.7 ], [ 322345.8, 164802.4 ], [ 322338.4, 164775.1 ], [ 322296.3, 164755.6 ], [ 322327.3, 164734.9 ], [ 322310.0, 164733.4 ], [ 322314.6, 164721.9 ], [ 322305.4, 164700.5 ], [ 322289.2, 164693.0 ], [ 322281.8, 164661.0 ], [ 322311.5, 164638.8 ], [ 322306.7, 164615.0 ], [ 322292.8, 164597.1 ], [ 322269.7, 164597.0 ], [ 322223.1, 164617.9 ], [ 322223.9, 164600.5 ], [ 322140.2, 164597.4 ], [ 322118.5, 164586.3 ], [ 322108.3, 164593.4 ], [ 322127.3, 164602.9 ], [ 322113.3, 164610.5 ], [ 322061.8, 164609.7 ], [ 322039.0, 164600.7 ], [ 322044.3, 164616.6 ], [ 322025.4, 164639.7 ], [ 322017.7, 164659.7 ], [ 321969.7, 164669.5 ], [ 321940.9, 164664.5 ], [ 321947.8, 164682.7 ], [ 321918.5, 164678.6 ], [ 321875.6, 164689.0 ], [ 321875.0, 164699.0 ], [ 321911.2, 164705.1 ], [ 321909.4, 164712.3 ], [ 321845.1, 164720.5 ], [ 321835.4, 164743.9 ], [ 321865.0, 164746.2 ], [ 321868.6, 164755.6 ], [ 321846.0, 164776.9 ], [ 321813.8, 164780.8 ], [ 321786.8, 164813.9 ], [ 321806.6, 164837.7 ], [ 321784.6, 164835.7 ], [ 321783.0, 164850.2 ], [ 321821.8, 164871.2 ], [ 321839.5, 164904.4 ], [ 321832.8, 164946.0 ], [ 321819.9, 164955.9 ], [ 321794.1, 164948.9 ], [ 321786.1, 164961.1 ], [ 321802.8, 164984.6 ], [ 321830.3, 164986.4 ], [ 321825.5, 164998.5 ], [ 321865.3, 165018.2 ], [ 321907.5, 165052.4 ], [ 321948.9, 165096.1 ], [ 321964.1, 165097.2 ], [ 321985.2, 165114.7 ], [ 322002.1, 165140.1 ], [ 322055.0, 165177.1 ], [ 322072.9, 165173.1 ], [ 322072.9, 165173.1 ] ] ] ] } },
{ "type": "Feature", "properties": { "Id": 0 }, "geometry": { "type": "MultiPolygon", "coordinates": [ [ [ [ 316637.5, 167071.8 ], [ 316706.2, 167064.9 ], [ 316780.9, 167046.3 ], [ 316819.8, 167026.4 ], [ 316885.3, 167014.2 ], [ 316918.0, 167020.4 ], [ 316935.3, 167000.9 ], [ 316931.5, 166972.7 ], [ 316944.9, 166946.6 ], [ 316966.8, 166935.5 ], [ 316954.9, 166888.6 ], [ 316932.2, 166876.7 ], [ 316918.3, 166897.0 ], [ 316901.0, 166879.4 ], [ 316877.3, 166884.3 ], [ 316883.3, 166909.8 ], [ 316862.8, 166925.8 ], [ 316828.2, 166927.6 ], [ 316780.3, 166940.9 ], [ 316748.8, 166939.4 ], [ 316715.9, 166931.1 ], [ 316591.7, 166908.2 ], [ 316570.8, 166920.3 ], [ 316533.5, 166917.3 ], [ 316539.1, 166943.9 ], [ 316514.2, 166962.3 ], [ 316463.3, 166973.5 ], [ 316468.8, 167007.1 ], [ 316502.2, 167041.2 ], [ 316529.1, 167060.0 ], [ 316581.0, 167081.6 ], [ 316637.5, 167071.8 ], [ 316637.5, 167071.8 ] ] ] ] } },
{ "type": "Feature", "properties": { "Id": 0 }, "geometry": { "type": "MultiPolygon", "coordinates": [ [ [ [ 345921.4, 181060.3 ], [ 345915.6, 181030.7 ], [ 345897.7, 180999.6 ], [ 345884.6, 180997.5 ], [ 345877.0, 181043.5 ], [ 345920.6, 181082.1 ], [ 345921.4, 181060.3 ], [ 345921.4, 181060.3 ] ] ] ] } },
{ "type": "Feature", "properties": { "Id": 0 }, "geometry": { "type": "MultiPolygon", "coordinates": [ [ [ [ 437572.73205336, 240393.7434739 ], [ 436973.66325191, 113790.53676661 ], [ 436954.6, 113792.6 ], [ 436917.3, 113846.1 ], [ 436889.7, 113879.9 ], [ 436870.7, 113925.6 ], [ 436867.0, 113965.0 ], [ 436854.4, 114005.5 ], [ 436810.5, 114046.0 ], [ 436748.5, 114090.6 ], [ 436731.4, 114113.7 ], [ 436741.4, 114134.1 ], [ 436767.0, 114150.8 ], [ 436831.8, 114144.4 ], [ 436859.4, 114157.9 ], [ 436855.8, 114172.1 ], [ 436873.6, 114214.9 ], [ 436857.6, 114237.4 ], [ 436859.9, 114277.0 ], [ 436919.8, 114340.1 ], [ 436936.0, 114361.8 ], [ 436945.4, 114389.2 ], [ 436950.2, 114442.3 ], [ 436901.7, 114465.8 ], [ 436874.1, 114473.7 ], [ 436824.5, 114477.1 ], [ 436795.1, 114489.6 ], [ 436775.4, 114542.9 ], [ 436755.2, 114575.8 ], [ 436752.3, 114593.9 ], [ 436765.7, 114619.7 ], [ 436808.1, 114640.1 ], [ 436822.3, 114659.7 ], [ 436824.9, 114690.0 ], [ 436808.0, 114699.9 ], [ 436776.4, 114703.2 ], [ 436755.9, 114698.1 ], [ 436744.0, 114706.0 ], [ 436737.9, 114727.5 ], [ 436739.9, 114774.0 ], [ 436754.1, 114809.5 ], [ 436755.8, 114854.8 ], [ 436763.2, 114878.0 ], [ 436746.2, 114920.4 ], [ 436721.3, 114931.5 ], [ 436717.5, 114967.6 ], [ 436730.3, 115000.1 ], [ 436711.6, 115037.9 ], [ 436690.6, 115010.6 ], [ 436681.4, 115011.7 ], [ 436646.5, 115042.9 ], [ 436601.2, 115095.6 ], [ 436659.1, 115135.1 ], [ 436654.3, 115143.5 ], [ 436593.5, 115107.4 ], [ 436573.0, 115157.1 ], [ 436559.0, 115172.3 ], [ 436535.8, 115173.0 ], [ 436561.5, 115155.4 ], [ 436546.8, 115138.9 ], [ 436579.1, 115105.0 ], [ 436603.4, 115068.3 ], [ 436594.5, 115060.7 ], [ 436667.7, 115000.1 ], [ 436683.8, 114994.9 ], [ 436700.5, 115002.1 ], [ 436713.2, 114990.0 ], [ 436698.0, 114958.5 ], [ 436699.2, 114930.6 ], [ 436742.7, 114892.8 ], [ 436736.1, 114866.6 ], [ 436738.6, 114800.2 ], [ 436728.5, 114781.3 ], [ 436727.3, 114749.6 ], [ 436705.1, 114715.9 ], [ 436749.2, 114683.7 ], [ 436791.6, 114677.3 ], [ 436794.3, 114670.3 ], [ 436752.3, 114646.8 ], [ 436739.2, 114623.8 ], [ 436735.0, 114576.0 ], [ 436759.9, 114531.0 ], [ 436766.8, 114498.2 ], [ 436785.8, 114475.2 ], [ 436828.7, 114453.3 ], [ 436897.6, 114446.9 ], [ 436929.1, 114423.5 ], [ 436929.2, 114405.7 ], [ 436901.8, 114358.0 ], [ 436878.3, 114326.6 ], [ 436849.7, 114302.8 ], [ 436831.6, 114269.4 ], [ 436831.4, 114240.7 ], [ 436842.3, 114195.8 ], [ 436838.7, 114172.8 ], [ 436818.9, 114168.7 ], [ 436784.8, 114188.3 ], [ 436765.1, 114190.6 ], [ 436733.8, 114167.9 ], [ 436733.6, 114204.1 ], [ 436719.4, 114227.9 ], [ 436729.6, 114259.1 ], [ 436727.9, 114293.9 ], [ 436716.4, 114333.8 ], [ 436688.4, 114357.1 ], [ 436663.9, 114354.5 ], [ 436608.8, 114322.1 ], [ 436581.6, 114330.3 ], [ 436551.8, 114365.8 ], [ 436528.1, 114376.2 ], [ 436499.3, 114408.9 ], [ 436516.5, 114438.3 ], [ 436557.2, 114436.1 ], [ 436573.6, 114444.7 ], [ 436574.5, 114461.9 ], [ 436556.7, 114485.6 ], [ 436465.1, 114490.0 ], [ 436464.4, 114507.8 ], [ 436496.0, 114498.0 ], [ 436509.8, 114503.1 ], [ 436543.3, 114534.3 ], [ 436559.3, 114562.0 ], [ 436578.0, 114580.4 ], [ 436570.3, 114606.9 ], [ 436525.7, 114600.6 ], [ 436455.3, 114638.6 ], [ 436416.3, 114652.8 ], [ 436408.9, 114661.1 ], [ 436404.2, 114697.3 ], [ 436395.0, 114723.1 ], [ 436401.6, 114733.7 ], [ 436408.1, 114780.0 ], [ 436396.2, 114824.4 ], [ 436397.3, 114850.6 ], [ 436364.4, 114866.0 ], [ 436334.6, 114856.6 ], [ 436258.5, 114839.9 ], [ 436240.7, 114846.5 ], [ 436237.0, 114867.9 ], [ 436248.1, 114897.1 ], [ 436293.0, 114928.4 ], [ 436284.7, 114947.5 ], [ 436248.5, 114951.1 ], [ 436230.2, 114962.4 ], [ 436211.0, 115000.1 ], [ 436188.4, 115004.9 ], [ 436159.4, 115000.1 ], [ 436164.6, 114985.6 ], [ 436201.7, 114990.7 ], [ 436214.3, 114979.4 ], [ 436214.1, 114960.4 ], [ 436252.4, 114937.4 ], [ 436279.2, 114930.4 ], [ 436245.6, 114911.5 ], [ 436223.8, 114863.6 ], [ 436230.4, 114842.5 ], [ 436265.8, 114830.4 ], [ 436339.3, 114845.6 ], [ 436361.6, 114856.5 ], [ 436387.8, 114843.4 ], [ 436382.3, 114820.4 ], [ 436397.0, 114774.8 ], [ 436391.5, 114739.7 ], [ 436382.9, 114724.5 ], [ 436396.1, 114654.8 ], [ 436423.2, 114633.3 ], [ 436444.1, 114631.4 ], [ 436528.4, 114583.9 ], [ 436561.6, 114591.5 ], [ 436527.3, 114534.2 ], [ 436512.2, 114520.9 ], [ 436485.8, 114516.9 ], [ 436464.8, 114530.1 ], [ 436446.7, 114517.8 ], [ 436445.1, 114492.5 ], [ 436453.9, 114480.8 ], [ 436500.8, 114478.8 ], [ 436553.8, 114467.4 ], [ 436556.2, 114449.5 ], [ 436519.3, 114456.1 ], [ 436490.8, 114432.6 ], [ 436483.3, 114408.5 ], [ 436491.1, 114388.4 ], [ 436541.7, 114350.4 ], [ 436567.0, 114319.8 ], [ 436595.3, 114305.1 ], [ 436630.5, 114314.2 ], [ 436675.6, 114335.5 ], [ 436710.7, 114284.4 ], [ 436702.1, 114248.0 ], [ 436683.0, 114223.9 ], [ 436658.4, 114232.9 ], [ 436638.3, 114249.3 ], [ 436597.5, 114244.2 ], [ 436572.3, 114215.3 ], [ 436567.2, 114170.1 ], [ 436542.8, 114164.2 ], [ 436505.3, 114143.5 ], [ 436494.2, 114131.5 ], [ 436469.8, 114078.1 ], [ 436451.9, 114063.9 ], [ 436437.2, 114076.8 ], [ 436435.9, 114119.9 ], [ 436447.4, 114167.5 ], [ 436443.5, 114196.4 ], [ 436421.4, 114210.1 ], [ 436388.2, 114216.0 ], [ 436367.6, 114207.2 ], [ 436317.0, 114206.8 ], [ 436265.6, 114196.8 ], [ 436244.7, 114204.7 ], [ 436237.9, 114249.7 ], [ 436208.0, 114270.6 ], [ 436203.8, 114301.7 ], [ 436180.8, 114399.9 ], [ 436159.8, 114453.7 ], [ 436163.9, 114489.7 ], [ 436173.8, 114515.6 ], [ 436163.8, 114526.9 ], [ 436155.0, 114562.9 ], [ 436152.2, 114604.2 ], [ 436132.2, 114619.3 ], [ 436138.4, 114547.2 ], [ 436131.9, 114497.1 ], [ 436145.5, 114473.4 ], [ 436129.8, 114443.9 ], [ 436128.2, 114413.0 ], [ 436113.3, 114441.3 ], [ 436109.5, 114471.6 ], [ 436097.1, 114472.9 ], [ 436093.4, 114437.3 ], [ 436100.3, 114413.9 ], [ 436121.6, 114389.5 ], [ 436166.9, 114313.7 ], [ 436191.7, 114260.0 ], [ 436199.8, 114231.9 ], [ 436197.5, 114211.9 ], [ 436209.1, 114191.7 ], [ 436230.6, 114175.3 ], [ 436263.3, 114176.1 ], [ 436378.5, 114188.1 ], [ 436400.6, 114188.1 ], [ 436425.3, 114177.0 ], [ 436429.1, 114166.5 ], [ 436418.4, 114128.4 ], [ 436411.0, 114160.2 ], [ 436402.2, 114163.6 ], [ 436399.0, 114113.0 ], [ 436408.0, 114067.0 ], [ 436419.5, 114049.3 ], [ 436447.5, 114038.8 ], [ 436472.0, 114049.7 ], [ 436494.9, 114072.6 ], [ 436538.5, 114133.5 ], [ 436558.9, 114121.5 ], [ 436562.2, 114099.0 ], [ 436593.5, 114075.9 ], [ 436611.8, 114049.8 ], [ 436627.1, 114043.4 ], [ 436674.3, 113989.0 ], [ 436701.5, 113990.4 ], [ 436728.8, 114016.2 ], [ 436742.4, 113974.9 ], [ 436777.2, 113972.2 ], [ 436794.2, 113950.5 ], [ 436780.2, 113942.0 ], [ 436755.3, 113891.3 ], [ 436747.7, 113824.6 ], [ 436744.0, 113718.6 ], [ 436746.5, 113690.6 ], [ 436767.0, 113651.9 ], [ 436806.3, 113641.0 ], [ 436830.6, 113625.3 ], [ 436863.6, 113656.6 ], [ 436874.6, 113651.1 ], [ 436851.2, 113627.3 ], [ 436870.6, 113626.5 ], [ 436866.9, 113581.3 ], [ 436823.1, 113539.1 ], [ 436789.3, 113521.3 ], [ 436793.9, 113512.4 ], [ 436860.3, 113542.7 ], [ 436866.6, 113519.6 ], [ 436859.5, 113507.0 ], [ 436799.7, 113484.8 ], [ 436718.0, 113430.0 ], [ 436730.0, 113422.9 ], [ 436749.8, 113436.3 ], [ 436756.7, 113401.4 ], [ 436786.4, 113352.0 ], [ 436783.8, 113337.5 ], [ 436810.4, 113308.9 ], [ 436818.8, 113263.6 ], [ 436851.4, 113235.0 ], [ 436892.6, 113214.4 ], [ 436897.7, 113201.6 ], [ 436921.8, 113182.9 ], [ 436913.8, 113168.4 ], [ 436893.8, 113163.9 ], [ 436927.6, 113151.9 ], [ 436911.0, 113116.6 ], [ 436936.2, 113130.9 ], [ 436939.9, 113160.0 ], [ 436953.0, 113199.5 ], [ 436970.78450286, 113182.1611347 ], [ 436968.64517152, 112730.04911057 ], [ 436927.7, 112691.4 ], [ 436926.2, 112662.0 ], [ 436910.4, 112652.6 ], [ 436891.0, 112672.0 ], [ 436866.9, 112654.4 ], [ 436849.6, 112674.7 ], [ 436853.4, 112688.8 ], [ 436873.0, 112696.6 ], [ 436893.2, 112686.4 ], [ 436912.5, 112693.2 ], [ 436956.2, 112739.1 ], [ 436927.7, 112774.8 ], [ 436945.5, 112810.5 ], [ 436937.4, 112863.1 ], [ 436909.6, 112898.6 ], [ 436884.6, 112903.8 ], [ 436822.6, 112890.1 ], [ 436793.0, 112877.9 ], [ 436791.8, 112912.0 ], [ 436816.4, 112941.0 ], [ 436801.1, 112959.1 ], [ 436799.8, 112984.9 ], [ 436813.7, 112995.6 ], [ 436836.9, 112988.8 ], [ 436815.0, 113050.3 ], [ 436793.5, 113046.3 ], [ 436778.3, 113026.4 ], [ 436752.0, 113058.4 ], [ 436750.4, 113076.4 ], [ 436780.8, 113080.4 ], [ 436784.1, 113092.8 ], [ 436771.4, 113106.2 ], [ 436708.9, 113124.1 ], [ 436700.1, 113110.5 ], [ 436724.6, 113062.0 ], [ 436739.5, 113007.9 ], [ 436755.3, 112982.4 ], [ 436747.5, 112935.6 ], [ 436738.2, 112934.7 ], [ 436735.3, 112966.0 ], [ 436708.7, 113029.5 ], [ 436689.5, 113029.0 ], [ 436715.3, 112924.9 ], [ 436729.4, 112818.8 ], [ 436765.3, 112699.7 ], [ 436730.6, 112674.4 ], [ 436671.0, 112653.8 ], [ 436658.2, 112677.4 ], [ 436601.3, 112637.8 ], [ 436600.9, 112626.6 ], [ 436550.3, 112602.6 ], [ 436505.9, 112552.9 ], [ 436510.5, 112546.3 ], [ 436491.3, 112509.9 ], [ 436434.5, 112467.5 ], [ 436355.0, 112427.4 ], [ 436335.8, 112410.8 ], [ 436315.3, 112372.0 ], [ 436296.2, 112362.4 ], [ 436267.7, 112364.4 ], [ 436178.4, 112423.1 ], [ 436135.5, 112441.9 ], [ 436102.9, 112445.9 ], [ 436049.3, 112442.4 ], [ 436044.5, 112452.1 ], [ 436021.0, 112440.1 ], [ 435980.3, 112465.7 ], [ 435959.0, 112503.2 ], [ 435927.2, 112543.6 ], [ 435872.8, 112619.6 ], [ 435867.0, 112636.8 ], [ 435870.1, 112668.9 ], [ 435892.5, 112759.8 ], [ 435874.0, 112750.7 ], [ 435854.9, 112678.2 ], [ 435857.2, 112620.5 ], [ 435961.0, 112469.1 ], [ 435961.1, 112461.9 ], [ 436029.1, 112422.4 ], [ 436120.8, 112429.9 ], [ 436171.6, 112411.1 ], [ 436246.6, 112353.9 ], [ 436308.6, 112337.8 ], [ 436352.9, 112402.3 ], [ 436367.9, 112415.9 ], [ 436473.7, 112422.0 ], [ 436504.3, 112413.8 ], [ 436548.8, 112440.0 ], [ 436580.3, 112487.9 ], [ 436610.5, 112527.0 ], [ 436654.6, 112574.9 ], [ 436711.2, 112620.2 ], [ 436764.4, 112633.2 ], [ 436779.6, 112630.1 ], [ 436813.8, 112594.9 ], [ 436889.6, 112501.3 ], [ 436967.24889579, 112434.96950618 ], [ 436916.08899421, 101623.17697231 ], [ 290484.68680246, 102936.46309062 ], [ 290338.01111543, 149212.6423498 ], [ 290376.1, 149226.4 ], [ 290404.4, 149244.1 ], [ 290445.9, 149249.3 ], [ 290488.4, 149247.3 ], [ 290515.4, 149235.1 ], [ 290518.0, 149225.4 ], [ 290574.7, 149206.8 ], [ 290610.8, 149201.2 ], [ 290644.4, 149189.1 ], [ 290710.3, 149189.0 ], [ 290732.9, 149185.8 ], [ 290785.0, 149193.3 ], [ 290837.0, 149193.9 ], [ 290915.9, 149186.6 ], [ 290957.8, 149189.0 ], [ 291026.1, 149223.3 ], [ 291050.4, 149239.8 ], [ 291071.1, 149242.2 ], [ 291109.5, 149265.4 ], [ 291124.8, 149268.3 ], [ 291145.6, 149253.7 ], [ 291177.8, 149259.2 ], [ 291186.8, 149277.6 ], [ 291201.7, 149283.6 ], [ 291201.9, 149301.6 ], [ 291226.5, 149291.8 ], [ 291239.4, 149312.3 ], [ 291298.4, 149296.1 ], [ 291325.0, 149293.2 ], [ 291365.2, 149299.2 ], [ 291429.0, 149336.8 ], [ 291458.3, 149371.6 ], [ 291486.4, 149368.1 ], [ 291495.2, 149380.2 ], [ 291527.6, 149380.1 ], [ 291596.3, 149355.2 ], [ 291636.6, 149353.4 ], [ 291751.9, 149304.3 ], [ 291784.3, 149302.0 ], [ 291847.5, 149289.6 ], [ 291869.8, 149291.2 ], [ 291935.7, 149282.2 ], [ 291984.9, 149267.0 ], [ 292065.7, 149269.2 ], [ 292114.9, 149262.8 ], [ 292183.0, 149268.5 ], [ 292234.3, 149281.4 ], [ 292328.3, 149266.2 ], [ 292371.9, 149263.4 ], [ 292435.5, 149245.8 ], [ 292535.3, 149201.5 ], [ 292620.8, 149170.9 ], [ 292711.6, 149147.0 ], [ 292767.3, 149138.4 ], [ 292834.0, 149114.6 ], [ 292904.9, 149083.8 ], [ 293021.5, 149056.8 ], [ 293065.2, 149038.4 ], [ 293142.2, 148991.2 ], [ 293201.6, 148945.5 ], [ 293280.2, 148907.8 ], [ 293349.1, 148863.1 ], [ 293445.4, 148820.3 ], [ 293499.1, 148801.0 ], [ 293521.3, 148798.9 ], [ 293602.8, 148761.3 ], [ 293687.6, 148732.3 ], [ 293714.8, 148715.9 ], [ 293724.5, 148719.8 ], [ 293804.9, 148696.2 ], [ 293836.2, 148676.5 ], [ 293889.3, 148663.1 ], [ 293965.8, 148629.2 ], [ 294037.4, 148582.8 ], [ 294066.6, 148571.8 ], [ 294102.4, 148551.3 ], [ 294175.5, 148534.3 ], [ 294231.6, 148526.4 ], [ 294256.3, 148516.7 ], [ 294294.8, 148510.8 ], [ 294349.1, 148508.7 ], [ 294356.0, 148517.1 ], [ 294405.3, 148524.2 ], [ 294441.2, 148522.0 ], [ 294472.4, 148509.7 ], [ 294490.7, 148479.2 ], [ 294509.9, 148465.9 ], [ 294562.2, 148440.6 ], [ 294584.2, 148411.4 ], [ 294622.8, 148394.1 ], [ 294667.5, 148351.9 ], [ 294699.8, 148327.2 ], [ 294776.9, 148277.0 ], [ 294799.7, 148265.0 ], [ 294836.0, 148258.5 ], [ 294927.2, 148232.8 ], [ 294945.4, 148233.2 ], [ 294960.9, 148216.9 ], [ 295034.3, 148204.0 ], [ 295144.5, 148163.3 ], [ 295207.2, 148168.5 ], [ 295267.7, 148187.8 ], [ 295457.8, 148266.9 ], [ 295490.1, 148274.7 ], [ 295534.1, 148272.8 ], [ 295566.8, 148264.4 ], [ 295620.5, 148239.9 ], [ 295677.9, 148205.5 ], [ 295709.5, 148177.9 ], [ 295745.0, 148161.6 ], [ 295771.9, 148139.0 ], [ 295832.5, 148107.8 ], [ 295905.2, 148028.5 ], [ 295984.0, 147920.6 ], [ 296031.4, 147877.2 ], [ 296049.9, 147870.5 ], [ 296068.0, 147850.9 ], [ 296164.5, 147822.0 ], [ 296206.3, 147814.4 ], [ 296303.2, 147790.1 ], [ 296386.4, 147761.6 ], [ 296456.7, 147724.3 ], [ 296530.1, 147669.5 ], [ 296585.2, 147610.8 ], [ 296663.2, 147543.0 ], [ 296755.9, 147493.0 ], [ 296781.0, 147476.9 ], [ 296821.4, 147441.6 ], [ 296950.0, 147258.4 ], [ 296981.8, 147221.1 ], [ 297028.4, 147185.1 ], [ 297049.6, 147174.0 ], [ 297123.8, 147152.2 ], [ 297154.0, 147146.5 ], [ 297205.9, 147128.5 ], [ 297253.2, 147080.1 ], [ 297235.4, 147059.5 ], [ 297182.0, 147112.9 ], [ 297167.8, 147118.7 ], [ 297133.8, 147114.0 ], [ 297097.0, 147095.2 ], [ 297090.2, 147071.2 ], [ 297098.8, 147070.2 ], [ 297098.4, 147042.0 ], [ 297145.2, 146975.4 ], [ 297162.8, 146837.8 ], [ 297179.0, 146831.1 ], [ 297178.5, 146786.6 ], [ 297198.9, 146725.9 ], [ 297190.4, 146683.0 ], [ 297198.4, 146606.9 ], [ 297215.8, 146587.6 ], [ 297218.5, 146562.4 ], [ 297233.6, 146548.8 ], [ 297309.8, 146500.6 ], [ 297305.2, 146493.0 ], [ 297366.0, 146454.5 ], [ 297426.6, 146431.0 ], [ 297485.5, 146413.5 ], [ 297539.0, 146403.0 ], [ 297538.6, 146392.1 ], [ 297567.5, 146373.8 ], [ 297605.9, 146362.4 ], [ 297668.3, 146353.1 ], [ 297845.5, 146344.4 ], [ 297919.0, 146355.6 ], [ 297980.6, 146369.9 ], [ 298261.9, 146459.5 ], [ 298394.1, 146502.7 ], [ 298443.4, 146525.1 ], [ 298462.6, 146529.5 ], [ 298498.2, 146524.7 ], [ 298542.3, 146509.1 ], [ 298582.7, 146500.6 ], [ 298754.5, 146514.4 ], [ 298798.0, 146521.2 ], [ 298843.9, 146520.7 ], [ 298882.8, 146513.8 ], [ 298991.8, 146451.9 ], [ 299058.2, 146427.5 ], [ 299113.0, 146401.0 ], [ 299205.9, 146362.8 ], [ 299274.6, 146322.8 ], [ 299301.1, 146302.5 ], [ 299386.2, 146222.6 ], [ 299417.9, 146185.0 ], [ 299461.2, 146123.1 ], [ 299489.1, 146071.2 ], [ 299524.3, 145985.9 ], [ 299580.3, 145898.5 ], [ 299622.3, 145839.4 ], [ 299668.9, 145765.4 ], [ 299693.0, 145700.9 ], [ 299715.7, 145582.9 ], [ 299737.7, 145494.2 ], [ 299758.8, 145451.7 ], [ 299780.1, 145379.5 ], [ 299818.4, 145318.1 ], [ 299871.8, 145243.9 ], [ 299895.9, 145217.2 ], [ 299923.9, 145196.8 ], [ 299954.2, 145161.0 ], [ 299978.1, 145162.1 ], [ 299967.0, 145196.8 ], [ 299982.7, 145199.4 ], [ 299996.2, 145182.0 ], [ 299990.0, 145146.1 ], [ 299961.3, 145099.1 ], [ 299959.8, 145087.3 ], [ 299971.9, 145047.5 ], [ 300000.0, 145016.9 ], [ 300023.6, 145002.7 ], [ 300048.4, 144975.5 ], [ 300076.3, 144960.2 ], [ 300083.6, 144939.5 ], [ 300102.0, 144922.0 ], [ 300142.5, 144894.7 ], [ 300188.0, 144856.7 ], [ 300228.0, 144817.6 ], [ 300412.2, 144655.7 ], [ 300539.9, 144520.7 ], [ 300577.6, 144457.2 ], [ 300616.2, 144412.5 ], [ 300668.6, 144369.7 ], [ 300721.0, 144339.9 ], [ 300806.1, 144304.6 ], [ 300895.6, 144250.6 ], [ 300965.8, 144201.3 ], [ 301013.9, 144144.3 ], [ 301049.8, 144086.4 ], [ 301063.2, 144044.0 ], [ 301095.1, 143984.3 ], [ 301134.6, 143947.1 ], [ 301158.4, 143918.4 ], [ 301176.6, 143906.6 ], [ 301189.6, 143875.1 ], [ 301211.2, 143855.0 ], [ 301292.5, 143795.5 ], [ 301335.3, 143757.0 ], [ 301419.9, 143692.3 ], [ 301463.3, 143673.0 ], [ 301499.3, 143661.9 ], [ 301568.6, 143628.7 ], [ 301631.5, 143608.9 ], [ 301702.6, 143577.2 ], [ 301791.6, 143562.9 ], [ 301877.7, 143543.3 ], [ 301993.4, 143522.5 ], [ 302103.2, 143511.7 ], [ 302241.2, 143500.8 ], [ 302302.2, 143505.2 ], [ 302549.3, 143512.8 ], [ 302592.5, 143503.6 ], [ 302628.5, 143507.4 ], [ 302702.1, 143507.6 ], [ 302834.4, 143515.1 ], [ 302962.4, 143517.0 ], [ 303023.6, 143521.1 ], [ 303146.1, 143533.5 ], [ 303248.8, 143549.7 ], [ 303290.0, 143565.1 ], [ 303312.3, 143548.9 ], [ 303377.5, 143554.9 ], [ 303418.3, 143569.8 ], [ 303615.9, 143621.5 ], [ 303719.3, 143652.7 ], [ 303848.3, 143675.0 ], [ 303893.4, 143698.6 ], [ 303910.4, 143716.7 ], [ 303964.5, 143717.1 ], [ 303992.8, 143726.4 ], [ 304078.8, 143716.5 ], [ 304093.0, 143723.5 ], [ 304124.3, 143717.4 ], [ 304199.5, 143715.1 ], [ 304260.8, 143703.7 ], [ 304337.6, 143693.2 ], [ 304405.1, 143691.4 ], [ 304435.7, 143683.9 ], [ 304473.1, 143683.8 ], [ 304556.2, 143663.3 ], [ 304578.7, 143671.9 ], [ 304593.6, 143664.4 ], [ 304639.4, 143659.0 ], [ 304678.4, 143662.1 ], [ 304728.3, 143657.8 ], [ 304751.4, 143640.5 ], [ 304783.1, 143641.9 ], [ 304813.5, 143636.5 ], [ 304876.4, 143597.8 ], [ 304924.9, 143579.3 ], [ 304963.9, 143570.0 ], [ 305019.3, 143562.9 ], [ 305064.1, 143539.6 ], [ 305176.4, 143495.5 ], [ 305208.7, 143493.1 ], [ 305279.5, 143472.2 ], [ 305319.9, 143466.2 ], [ 305340.4, 143451.3 ], [ 305399.3, 143435.2 ], [ 305465.0, 143407.5 ], [ 305499.4, 143377.1 ], [ 305537.5, 143355.4 ], [ 305565.5, 143345.6 ], [ 305625.1, 143340.7 ], [ 305683.7, 143346.0 ], [ 305789.7, 143337.5 ], [ 305819.9, 143340.8 ], [ 305847.6, 143333.8 ], [ 305866.9, 143337.0 ], [ 305909.2, 143319.4 ], [ 305929.7, 143316.7 ], [ 305996.3, 143339.3 ], [ 306027.4, 143322.8 ], [ 306055.5, 143341.1 ], [ 306105.1, 143362.3 ], [ 306195.9, 143394.6 ], [ 306291.8, 143422.3 ], [ 306400.5, 143434.5 ], [ 306465.8, 143456.3 ], [ 306494.0, 143455.1 ], [ 306517.7, 143461.9 ], [ 306627.2, 143506.8 ], [ 306656.0, 143520.6 ], [ 306688.7, 143524.6 ], [ 306775.3, 143515.5 ], [ 306798.3, 143518.5 ], [ 306808.5, 143529.4 ], [ 306831.3, 143494.3 ], [ 306882.5, 143491.7 ], [ 306932.4, 143478.5 ], [ 306957.2, 143477.5 ], [ 307023.2, 143493.7 ], [ 307051.6, 143516.6 ], [ 307091.5, 143560.0 ], [ 307131.6, 143577.8 ], [ 307190.3, 143594.7 ], [ 307235.2, 143595.0 ], [ 307113.2, 143560.3 ], [ 307081.2, 143524.5 ], [ 307048.8, 143498.0 ], [ 307050.3, 143475.6 ], [ 307069.4, 143474.0 ], [ 307124.3, 143448.5 ], [ 307121.3, 143435.0 ], [ 307148.0, 143433.8 ], [ 307140.4, 143415.8 ], [ 307266.0, 143353.4 ], [ 307291.3, 143357.7 ], [ 307336.0, 143462.5 ], [ 307274.5, 143530.3 ], [ 307235.0, 143540.5 ], [ 307247.5, 143550.9 ], [ 307284.0, 143537.3 ], [ 307299.0, 143518.4 ], [ 307313.6, 143517.0 ], [ 307348.9, 143482.4 ], [ 307353.3, 143462.3 ], [ 307403.1, 143454.6 ], [ 307423.4, 143462.2 ], [ 307443.2, 143452.3 ], [ 307445.0, 143476.3 ], [ 307469.4, 143471.7 ], [ 307468.7, 143440.8 ], [ 307506.7, 143425.0 ], [ 307563.2, 143420.6 ], [ 307601.2, 143431.8 ], [ 307649.9, 143431.8 ], [ 307698.6, 143405.5 ], [ 307760.0, 143404.7 ], [ 307776.9, 143394.4 ], [ 307801.7, 143393.1 ], [ 307831.8, 143378.7 ], [ 307845.7, 143386.2 ], [ 307858.5, 143372.3 ], [ 307845.7, 143358.9 ], [ 307854.6, 143332.4 ], [ 307831.2, 143299.6 ], [ 307823.9, 143274.9 ], [ 307829.3, 143249.5 ], [ 307862.8, 143212.4 ], [ 307915.6, 143174.7 ], [ 307977.1, 143150.9 ], [ 308089.8, 143124.1 ], [ 308146.7, 143118.0 ], [ 308183.9, 143104.5 ], [ 308235.8, 143104.4 ], [ 308238.1, 143095.0 ], [ 308304.6, 143078.8 ], [ 308352.3, 143063.3 ], [ 308425.5, 143056.1 ], [ 308518.7, 143061.3 ], [ 308587.8, 143060.0 ], [ 308663.0, 143071.7 ], [ 308720.3, 143086.3 ], [ 308790.7, 143118.9 ], [ 308825.8, 143142.1 ], [ 308904.5, 143164.6 ], [ 308931.4, 143177.3 ], [ 309034.1, 143239.9 ], [ 309050.2, 143276.4 ], [ 309069.1, 143257.7 ], [ 309089.1, 143269.2 ], [ 309102.1, 143266.0 ], [ 309169.0, 143272.9 ], [ 309188.2, 143279.1 ], [ 309221.9, 143301.3 ], [ 309262.0, 143288.3 ], [ 309306.7, 143288.5 ], [ 309385.0, 143332.1 ], [ 309391.5, 143365.6 ], [ 309436.9, 143368.8 ], [ 309504.6, 143382.5 ], [ 309520.5, 143381.3 ], [ 309547.4, 143364.6 ], [ 309605.0, 143380.8 ], [ 309657.0, 143402.2 ], [ 309679.4, 143386.0 ], [ 309756.3, 143356.6 ], [ 309787.4, 143361.1 ], [ 309818.6, 143336.3 ], [ 309872.8, 143331.1 ], [ 309963.3, 143306.0 ], [ 310022.3, 143281.7 ], [ 310084.3, 143289.7 ], [ 310147.1, 143304.6 ], [ 310184.9, 143310.3 ], [ 310223.7, 143301.0 ], [ 310257.2, 143277.7 ], [ 310298.3, 143202.8 ], [ 310313.8, 143184.0 ], [ 310378.3, 143122.3 ], [ 310418.1, 143112.5 ], [ 310474.1, 143106.1 ], [ 310575.3, 143123.4 ], [ 310606.2, 143140.3 ], [ 310622.2, 143137.9 ], [ 310640.3, 143116.9 ], [ 310658.7, 143116.4 ], [ 310664.8, 143092.8 ], [ 310679.5, 143076.0 ], [ 310726.1, 143047.6 ], [ 310761.1, 143036.0 ], [ 310818.6, 143034.3 ], [ 310875.4, 143045.3 ], [ 310941.9, 143065.2 ], [ 310996.0, 143087.3 ], [ 311135.5, 143155.5 ], [ 311363.1, 143281.4 ], [ 311402.1, 143304.1 ], [ 311581.1, 143422.5 ], [ 311607.8, 143442.1 ], [ 311666.5, 143495.6 ], [ 311726.7, 143567.9 ], [ 311786.2, 143627.7 ], [ 311827.7, 143662.6 ], [ 311917.0, 143728.5 ], [ 311988.0, 143772.9 ], [ 312021.7, 143786.1 ], [ 312231.8, 143885.1 ], [ 312250.7, 143913.7 ], [ 312316.9, 143924.6 ], [ 312348.0, 143904.5 ], [ 312359.8, 143905.4 ], [ 312440.7, 143874.1 ], [ 312534.1, 143868.8 ], [ 312566.1, 143871.1 ], [ 312717.8, 143866.5 ], [ 312763.4, 143881.2 ], [ 312814.3, 143908.5 ], [ 312846.0, 143909.7 ], [ 312947.8, 143946.3 ], [ 312972.9, 143944.4 ], [ 313002.4, 143950.2 ], [ 313051.9, 143975.8 ], [ 313131.2, 143992.2 ], [ 313140.6, 144007.6 ], [ 313178.6, 144009.6 ], [ 313179.7, 144020.7 ], [ 313227.1, 144055.9 ], [ 313297.3, 144089.0 ], [ 313368.9, 144117.7 ], [ 313449.1, 144140.8 ], [ 313536.0, 144193.4 ], [ 313637.2, 144263.8 ], [ 313672.9, 144266.5 ], [ 313686.5, 144276.2 ], [ 313724.9, 144279.1 ], [ 313776.4, 144277.5 ], [ 313824.2, 144266.6 ], [ 313923.1, 144252.2 ], [ 313936.1, 144270.4 ], [ 313964.5, 144266.4 ], [ 314024.8, 144273.3 ], [ 314049.0, 144284.1 ], [ 314201.6, 144333.0 ], [ 314259.6, 144360.8 ], [ 314331.0, 144429.0 ], [ 314423.8, 144471.6 ], [ 314484.4, 144475.3 ], [ 314515.5, 144470.5 ], [ 314616.8, 144468.8 ], [ 314661.8, 144471.4 ], [ 314671.3, 144482.6 ], [ 314730.0, 144473.5 ], [ 314739.6, 144492.0 ], [ 314762.5, 144498.8 ], [ 314809.3, 144529.7 ], [ 314839.7, 144545.3 ], [ 314858.6, 144582.1 ], [ 314888.3, 144588.4 ], [ 314932.3, 144569.9 ], [ 314988.8, 144577.2 ], [ 315032.0, 144578.9 ], [ 315057.9, 144591.1 ], [ 315113.9, 144606.7 ], [ 315152.8, 144656.0 ], [ 315205.7, 144674.0 ], [ 315229.4, 144705.6 ], [ 315291.4, 144773.8 ], [ 315315.5, 144792.6 ], [ 315357.4, 144815.9 ], [ 315463.6, 144902.5 ], [ 315490.3, 144915.5 ], [ 315568.2, 144974.7 ], [ 315630.6, 145047.8 ], [ 315680.3, 145094.9 ], [ 315732.3, 145127.6 ], [ 315781.9, 145166.2 ], [ 315799.1, 145199.3 ], [ 315855.9, 145221.8 ], [ 315921.4, 145256.4 ], [ 315956.3, 145283.4 ], [ 315987.5, 145295.6 ], [ 316030.4, 145323.9 ], [ 316073.6, 145347.7 ], [ 316097.4, 145376.4 ], [ 316112.7, 145382.2 ], [ 316147.2, 145377.9 ], [ 316210.0, 145393.1 ], [ 316254.1, 145386.7 ], [ 316280.1, 145389.9 ], [ 316316.2, 145405.5 ], [ 316355.8, 145441.7 ], [ 316389.9, 145444.6 ], [ 316474.2, 145460.6 ], [ 316559.0, 145481.5 ], [ 316634.5, 145477.4 ], [ 316751.8, 145484.2 ], [ 316849.1, 145507.7 ], [ 316875.1, 145508.3 ], [ 316949.9, 145501.8 ], [ 317077.3, 145472.7 ], [ 317151.4, 145426.9 ], [ 317244.1, 145378.2 ], [ 317290.0, 145362.1 ], [ 317302.6, 145342.3 ], [ 317332.4, 145330.2 ], [ 317363.4, 145292.1 ], [ 317415.0, 145258.3 ], [ 317439.6, 145235.3 ], [ 317507.5, 145212.5 ], [ 317542.6, 145183.9 ], [ 317570.8, 145169.7 ], [ 317621.9, 145167.9 ], [ 317668.8, 145186.7 ], [ 317738.2, 145225.3 ], [ 317784.6, 145255.2 ], [ 317877.5, 145291.7 ], [ 317908.5, 145286.9 ], [ 317981.4, 145336.5 ], [ 318072.4, 145377.3 ], [ 318179.0, 145412.6 ], [ 318254.7, 145428.0 ], [ 318340.9, 145415.7 ], [ 318379.6, 145415.0 ], [ 318406.2, 145420.7 ], [ 318467.3, 145448.0 ], [ 318500.1, 145442.6 ], [ 318583.5, 145448.5 ], [ 318631.5, 145446.0 ], [ 318694.8, 145451.8 ], [ 318742.8, 145465.3 ], [ 318791.8, 145493.3 ], [ 318857.0, 145542.2 ], [ 318891.4, 145577.7 ], [ 318926.6, 145598.9 ], [ 318924.0, 145621.5 ], [ 318951.7, 145623.6 ], [ 318992.2, 145684.0 ], [ 319019.9, 145707.1 ], [ 319059.6, 145748.8 ], [ 319099.9, 145769.8 ], [ 319122.2, 145788.2 ], [ 319147.9, 145823.6 ], [ 319175.1, 145879.5 ], [ 319201.5, 145921.3 ], [ 319226.1, 145951.4 ], [ 319250.0, 145989.8 ], [ 319290.3, 146034.6 ], [ 319322.0, 146078.9 ], [ 319333.2, 146087.6 ], [ 319387.5, 146105.2 ], [ 319436.5, 146125.0 ], [ 319472.7, 146125.3 ], [ 319495.1, 146133.4 ], [ 319574.7, 146149.5 ], [ 319649.0, 146154.1 ], [ 319696.8, 146164.1 ], [ 319830.7, 146175.4 ], [ 319889.4, 146175.3 ], [ 319925.0, 146178.8 ], [ 320000.0, 146173.5 ], [ 320101.1, 146171.0 ], [ 320140.0, 146163.7 ], [ 320272.1, 146173.9 ], [ 320355.9, 146189.2 ], [ 320436.5, 146193.6 ], [ 320598.9, 146211.2 ], [ 320712.9, 146231.6 ], [ 320765.2, 146255.6 ], [ 320942.6, 146319.9 ], [ 321008.3, 146337.7 ], [ 321063.5, 146345.9 ], [ 321127.1, 146349.1 ], [ 321460.7, 146345.1 ], [ 321455.3, 146373.8 ], [ 321475.2, 146374.7 ], [ 321494.0, 146322.3 ], [ 321644.1, 146249.8 ], [ 321704.3, 146158.4 ], [ 321767.0, 146104.4 ], [ 321787.4, 146083.2 ], [ 321815.1, 146065.3 ], [ 321830.5, 146063.6 ], [ 321996.7, 145998.7 ], [ 322052.6, 145975.5 ], [ 322055.6, 145967.1 ], [ 322141.8, 145940.6 ], [ 322228.6, 145902.1 ], [ 322265.4, 145897.2 ], [ 322360.8, 145905.5 ], [ 322430.8, 145917.8 ], [ 322531.0, 145946.7 ], [ 322642.0, 145969.6 ], [ 322734.9, 145986.3 ], [ 322784.8, 145974.5 ], [ 322874.5, 145999.2 ], [ 322979.5, 146043.8 ], [ 323016.3, 146047.3 ], [ 323075.8, 146038.0 ], [ 323169.2, 146038.8 ], [ 323203.5, 146042.5 ], [ 323266.4, 146017.8 ], [ 323315.3, 145988.5 ], [ 323369.5, 145961.7 ], [ 323399.8, 145939.3 ], [ 323533.3, 145893.7 ], [ 323612.1, 145873.0 ], [ 323661.3, 145854.8 ], [ 323690.5, 145832.9 ], [ 323736.4, 145782.4 ], [ 323768.5, 145768.1 ], [ 323883.9, 145746.5 ], [ 323911.3, 145739.3 ], [ 323950.5, 145720.6 ], [ 323983.6, 145694.7 ], [ 324077.4, 145651.6 ], [ 324109.3, 145629.6 ], [ 324140.5, 145617.2 ], [ 324189.7, 145590.6 ], [ 324218.5, 145569.8 ], [ 324244.9, 145537.9 ], [ 324248.8, 145503.1 ], [ 324363.8, 145422.2 ], [ 324404.0, 145401.7 ], [ 324494.4, 145366.6 ], [ 324804.7, 145261.4 ], [ 324894.2, 145235.8 ], [ 324962.9, 145234.9 ], [ 324952.8, 145257.8 ], [ 324970.3, 145275.9 ], [ 324991.4, 145282.4 ], [ 325059.9, 145288.5 ], [ 325107.2, 145288.2 ], [ 325170.5, 145282.4 ], [ 325220.8, 145283.4 ], [ 325346.6, 145313.6 ], [ 325389.9, 145328.4 ], [ 325487.5, 145344.9 ], [ 325539.8, 145361.8 ], [ 325571.4, 145365.0 ], [ 325684.2, 145366.3 ], [ 325726.3, 145384.3 ], [ 325743.9, 145400.2 ], [ 325843.3, 145427.9 ], [ 325981.2, 145477.5 ], [ 326030.3, 145481.5 ], [ 326091.4, 145478.9 ], [ 326098.3, 145509.0 ], [ 326115.8, 145531.4 ], [ 326140.0, 145541.4 ], [ 326190.1, 145544.9 ], [ 326220.6, 145582.5 ], [ 326250.3, 145602.1 ], [ 326308.6, 145632.7 ], [ 326401.1, 145676.2 ], [ 326486.9, 145733.1 ], [ 326606.0, 145831.6 ], [ 326720.1, 145912.1 ], [ 326794.1, 145970.8 ], [ 326830.2, 145994.4 ], [ 326942.6, 146079.8 ], [ 327041.6, 146159.0 ], [ 327177.6, 146278.6 ], [ 327263.5, 146349.4 ], [ 327298.1, 146383.7 ], [ 327379.6, 146454.3 ], [ 327503.3, 146557.3 ], [ 327550.6, 146591.9 ], [ 327662.1, 146695.7 ], [ 327817.1, 146834.5 ], [ 327914.4, 146913.7 ], [ 327979.6, 146972.4 ], [ 328039.3, 147012.6 ], [ 328124.8, 147059.9 ], [ 328189.8, 147086.0 ], [ 328280.5, 147110.5 ], [ 328339.3, 147119.9 ], [ 328444.8, 147130.7 ], [ 328508.9, 147134.0 ], [ 328552.6, 147132.5 ], [ 328639.3, 147135.0 ], [ 328711.8, 147153.9 ], [ 328742.8, 147151.4 ], [ 328768.9, 147121.5 ], [ 328788.4, 147116.5 ], [ 328862.6, 147121.0 ], [ 328881.8, 147114.5 ], [ 328916.9, 147070.2 ], [ 328911.7, 147042.6 ], [ 328895.4, 147034.4 ], [ 328897.6, 147062.5 ], [ 328885.8, 147057.1 ], [ 328858.6, 147023.3 ], [ 328856.8, 146996.4 ], [ 328864.1, 146952.3 ], [ 328845.5, 146912.6 ], [ 328828.6, 146843.2 ], [ 328836.9, 146788.7 ], [ 328793.3, 146737.4 ], [ 328748.1, 146697.5 ], [ 328725.4, 146670.8 ], [ 328681.8, 146636.4 ], [ 328639.2, 146595.8 ], [ 328606.8, 146531.9 ], [ 328579.1, 146488.6 ], [ 328554.2, 146465.8 ], [ 328531.8, 146456.4 ], [ 328507.0, 146476.0 ], [ 328476.6, 146459.9 ], [ 328444.6, 146483.7 ], [ 328460.1, 146510.2 ], [ 328450.0, 146543.7 ], [ 328448.1, 146577.0 ], [ 328430.2, 146606.1 ], [ 328424.8, 146657.0 ], [ 328430.7, 146687.4 ], [ 328424.9, 146702.3 ], [ 328408.8, 146687.5 ], [ 328416.4, 146647.1 ], [ 328416.3, 146618.9 ], [ 328423.6, 146581.5 ], [ 328435.5, 146561.4 ], [ 328395.2, 146549.3 ], [ 328427.2, 146540.9 ], [ 328440.0, 146520.0 ], [ 328435.6, 146504.4 ], [ 328384.5, 146484.0 ], [ 328373.0, 146473.3 ], [ 328384.9, 146466.3 ], [ 328421.1, 146471.3 ], [ 328439.4, 146452.2 ], [ 328448.1, 146425.3 ], [ 328383.2, 146355.5 ], [ 328356.6, 146321.9 ], [ 328303.1, 146236.7 ], [ 328289.9, 146201.6 ], [ 328241.6, 146131.4 ], [ 328212.9, 146084.1 ], [ 328171.7, 146030.7 ], [ 328141.0, 145983.4 ], [ 328124.5, 145949.7 ], [ 328101.0, 145872.2 ], [ 328098.9, 145851.5 ], [ 328110.5, 145860.8 ], [ 328139.0, 145953.5 ], [ 328174.6, 146012.1 ], [ 328224.0, 146075.6 ], [ 328288.2, 146175.1 ], [ 328325.8, 146249.5 ], [ 328383.3, 146332.0 ], [ 328407.1, 146334.3 ], [ 328405.5, 146358.4 ], [ 328426.3, 146380.9 ], [ 328464.8, 146409.3 ], [ 328531.6, 146403.0 ], [ 328536.3, 146382.2 ], [ 328515.1, 146273.5 ], [ 328505.4, 146249.2 ], [ 328496.1, 146183.2 ], [ 328478.5, 146124.4 ], [ 328473.8, 146093.1 ], [ 328433.1, 145912.8 ], [ 328425.2, 145859.2 ], [ 328411.3, 145812.1 ], [ 328396.5, 145736.5 ], [ 328386.2, 145708.0 ], [ 328361.8, 145590.8 ], [ 328341.4, 145517.1 ], [ 328329.6, 145448.5 ], [ 328277.6, 145248.3 ], [ 328261.1, 145148.5 ], [ 328246.4, 145108.6 ], [ 328205.9, 145055.9 ], [ 328179.9, 145048.0 ], [ 328170.8, 145062.1 ], [ 328158.0, 145116.2 ], [ 328116.1, 145159.9 ], [ 328123.9, 145133.8 ], [ 328149.5, 145097.3 ], [ 328154.6, 145066.7 ], [ 328111.4, 145072.0 ], [ 328070.8, 145106.7 ], [ 328057.0, 145101.3 ], [ 328098.7, 145062.8 ], [ 328146.3, 145051.9 ], [ 328201.1, 145012.3 ], [ 328208.0, 144988.7 ], [ 328195.3, 144935.4 ], [ 328173.8, 144887.6 ], [ 328157.1, 144828.8 ], [ 328133.6, 144779.4 ], [ 328108.0, 144746.7 ], [ 328100.4, 144727.9 ], [ 328059.0, 144665.1 ], [ 328022.8, 144576.2 ], [ 327980.3, 144506.1 ], [ 327968.5, 144475.4 ], [ 327934.3, 144419.3 ], [ 327907.1, 144390.5 ], [ 327873.7, 144365.9 ], [ 327800.0, 144342.9 ], [ 327731.9, 144331.3 ], [ 327538.0, 144373.3 ], [ 327487.2, 144386.3 ], [ 327444.1, 144405.4 ], [ 327364.0, 144459.3 ], [ 327326.8, 144477.8 ], [ 327295.1, 144487.3 ], [ 327260.5, 144485.2 ], [ 327246.8, 144495.2 ], [ 327222.6, 144488.5 ], [ 327203.8, 144496.7 ], [ 327168.0, 144490.9 ], [ 327160.7, 144480.6 ], [ 327140.8, 144483.1 ], [ 327062.6, 144456.8 ], [ 327056.5, 144428.8 ], [ 327018.8, 144405.0 ], [ 327005.5, 144406.8 ], [ 327000.5, 144390.6 ], [ 326941.1, 144314.5 ], [ 326915.0, 144295.9 ], [ 326917.0, 144279.6 ], [ 326885.0, 144241.8 ], [ 326863.8, 144202.8 ], [ 326842.2, 144173.8 ], [ 326756.3, 144103.0 ], [ 326715.7, 144074.1 ], [ 326664.3, 144030.9 ], [ 326618.1, 144005.0 ], [ 326543.8, 143940.5 ], [ 326459.8, 143852.8 ], [ 326415.9, 143789.0 ], [ 326367.1, 143742.9 ], [ 326345.9, 143702.9 ], [ 326290.3, 143612.1 ], [ 326264.9, 143565.4 ], [ 326232.1, 143463.4 ], [ 326190.8, 143342.3 ], [ 326185.6, 143307.7 ], [ 326149.0, 143216.4 ], [ 326111.5, 143070.5 ], [ 326093.1, 143066.8 ], [ 326106.5, 143045.4 ], [ 326072.5, 142917.0 ], [ 326054.8, 142904.7 ], [ 326058.4, 142888.0 ], [ 326024.3, 142779.8 ], [ 326015.6, 142718.8 ], [ 326035.2, 142692.0 ], [ 326049.5, 142642.5 ], [ 326072.9, 142546.0 ], [ 326065.6, 142513.4 ], [ 326077.1, 142505.0 ], [ 326110.3, 142411.4 ], [ 326131.3, 142330.0 ], [ 326116.9, 142326.6 ], [ 326069.3, 142295.9 ], [ 326032.3, 142280.0 ], [ 326010.6, 142259.0 ], [ 325985.5, 142209.5 ], [ 325985.4, 142201.2 ], [ 326022.7, 142160.7 ], [ 326020.9, 142144.9 ], [ 325978.4, 142141.3 ], [ 325960.1, 142135.0 ], [ 325898.1, 142140.2 ], [ 325897.3, 142129.3 ], [ 325927.8, 142124.2 ], [ 325975.5, 142128.9 ], [ 325986.8, 142123.2 ], [ 326030.6, 142132.4 ], [ 326037.6, 142161.9 ], [ 326025.0, 142175.3 ], [ 326013.0, 142210.1 ], [ 326016.5, 142234.2 ], [ 326035.9, 142252.1 ], [ 326068.7, 142256.0 ], [ 326074.1, 142274.6 ], [ 326120.6, 142292.5 ], [ 326106.0, 142273.5 ], [ 326115.0, 142246.2 ], [ 326177.0, 142253.6 ], [ 326190.6, 142211.2 ], [ 326211.7, 142184.7 ], [ 326232.8, 142141.3 ], [ 326260.5, 142099.5 ], [ 326309.5, 142048.5 ], [ 326345.1, 141995.9 ], [ 326409.2, 141920.2 ], [ 326466.7, 141866.4 ], [ 326507.9, 141818.8 ], [ 326528.9, 141786.9 ], [ 326575.9, 141736.8 ], [ 326583.7, 141715.7 ], [ 326600.8, 141704.8 ], [ 326691.3, 141588.6 ], [ 326739.8, 141535.3 ], [ 326800.1, 141449.4 ], [ 326871.7, 141356.4 ], [ 326891.5, 141325.4 ], [ 326962.0, 141240.3 ], [ 327039.3, 141136.3 ], [ 327107.2, 141075.7 ], [ 327162.3, 141019.4 ], [ 327252.1, 140956.2 ], [ 327331.3, 140922.1 ], [ 327397.8, 140900.8 ], [ 327460.3, 140886.4 ], [ 327500.0, 140869.8 ], [ 327525.3, 140864.4 ], [ 327593.8, 140861.2 ], [ 327651.4, 140867.0 ], [ 327763.0, 140888.3 ], [ 327820.4, 140917.3 ], [ 327927.3, 140997.6 ], [ 328017.2, 141080.7 ], [ 328063.2, 141126.1 ], [ 328075.3, 141154.0 ], [ 328121.9, 141220.5 ], [ 328149.8, 141280.2 ], [ 328167.1, 141341.2 ], [ 328173.1, 141391.7 ], [ 328181.8, 141431.4 ], [ 328180.3, 141456.2 ], [ 328196.0, 141520.2 ], [ 328201.7, 141619.2 ], [ 328194.7, 141698.0 ], [ 328178.4, 141843.8 ], [ 328155.1, 142006.3 ], [ 328150.8, 142061.6 ], [ 328153.9, 142096.6 ], [ 328167.5, 142155.8 ], [ 328199.4, 142200.6 ], [ 328274.4, 142257.9 ], [ 328299.5, 142272.0 ], [ 328388.3, 142302.0 ], [ 328516.5, 142333.4 ], [ 328589.5, 142348.6 ], [ 328640.5, 142349.3 ], [ 328755.0, 142355.4 ], [ 328777.5, 142353.8 ], [ 328843.6, 142331.8 ], [ 328880.3, 142315.9 ], [ 328969.9, 142261.9 ], [ 329110.6, 142213.4 ], [ 329185.6, 142184.1 ], [ 329247.8, 142163.0 ], [ 329425.7, 142094.6 ], [ 329472.1, 142064.7 ], [ 329612.3, 141907.0 ], [ 329647.4, 141869.4 ], [ 329717.7, 141766.2 ], [ 329735.2, 141724.3 ], [ 329752.8, 141648.8 ], [ 329776.5, 141581.2 ], [ 329793.2, 141548.1 ], [ 329844.3, 141486.0 ], [ 329914.8, 141362.3 ], [ 329933.6, 141301.3 ], [ 329931.6, 141242.2 ], [ 329908.5, 141193.9 ], [ 329880.5, 141151.4 ], [ 329853.9, 141121.4 ], [ 329817.1, 141089.7 ], [ 329788.6, 141053.0 ], [ 329761.2, 140995.6 ], [ 329758.1, 140937.3 ], [ 329765.8, 140908.4 ], [ 329785.3, 140863.1 ], [ 329803.4, 140839.2 ], [ 329865.6, 140774.9 ], [ 329909.6, 140734.9 ], [ 329958.0, 140699.1 ], [ 330000.0, 140672.3 ], [ 330063.6, 140657.2 ], [ 330214.1, 140657.8 ], [ 330312.5, 140651.1 ], [ 330411.7, 140641.2 ], [ 330473.8, 140644.7 ], [ 330528.1, 140654.7 ], [ 330603.3, 140685.8 ], [ 330688.3, 140730.9 ], [ 330756.2, 140750.7 ], [ 330813.4, 140759.0 ], [ 330839.0, 140734.0 ], [ 330845.2, 140704.5 ], [ 330840.3, 140663.4 ], [ 330820.5, 140595.6 ], [ 330795.1, 140528.8 ], [ 330771.1, 140433.4 ], [ 330763.8, 140392.6 ], [ 330727.0, 140277.1 ], [ 330697.6, 140193.1 ], [ 330684.0, 140090.2 ], [ 330685.3, 140057.6 ], [ 330695.1, 140000.0 ], [ 330715.9, 139930.7 ], [ 330723.6, 139878.1 ], [ 330700.2, 139870.7 ], [ 330578.0, 139861.9 ], [ 330453.6, 139839.0 ], [ 330327.8, 139794.8 ], [ 330286.8, 139774.0 ], [ 330251.5, 139737.2 ], [ 330206.5, 139677.9 ], [ 330190.9, 139633.8 ], [ 330186.6, 139598.2 ], [ 330201.8, 139498.3 ], [ 330225.6, 139450.6 ], [ 330250.0, 139419.0 ], [ 330224.5, 139417.0 ], [ 330215.2, 139404.1 ], [ 330256.1, 139405.8 ], [ 330283.7, 139393.6 ], [ 330333.0, 139342.2 ], [ 330346.9, 139300.2 ], [ 330337.5, 139245.0 ], [ 330312.6, 139185.0 ], [ 330201.1, 138998.9 ], [ 330189.9, 138942.6 ], [ 330197.1, 138893.2 ], [ 330203.1, 138881.4 ], [ 330239.3, 138845.3 ], [ 330271.0, 138829.5 ], [ 330310.2, 138822.9 ], [ 330377.4, 138828.2 ], [ 330426.2, 138838.5 ], [ 330485.3, 138857.9 ], [ 330527.9, 138864.2 ], [ 330580.0, 138859.0 ], [ 330610.1, 138846.0 ], [ 330640.6, 138810.0 ], [ 330649.2, 138772.4 ], [ 330649.8, 138734.6 ], [ 330620.8, 138548.7 ], [ 330598.4, 138512.5 ], [ 330579.2, 138497.2 ], [ 330548.3, 138484.5 ], [ 330432.5, 138449.1 ], [ 330377.6, 138424.3 ], [ 330334.4, 138398.2 ], [ 330232.8, 138316.6 ], [ 330055.2, 138146.2 ], [ 330000.0, 138102.5 ], [ 329984.3, 138081.1 ], [ 329961.1, 138066.5 ], [ 329936.1, 138017.3 ], [ 329935.1, 137961.3 ], [ 329939.4, 137932.3 ], [ 329960.5, 137862.2 ], [ 329961.8, 137825.2 ], [ 329955.4, 137804.6 ], [ 329937.5, 137779.8 ], [ 329916.4, 137731.5 ], [ 329893.2, 137697.8 ], [ 329881.8, 137645.5 ], [ 329867.4, 137627.0 ], [ 329882.0, 137620.5 ], [ 329890.9, 137570.8 ], [ 329914.1, 137520.6 ], [ 329983.8, 137436.0 ], [ 330008.8, 137390.0 ], [ 330017.2, 137344.5 ], [ 330004.8, 137259.3 ], [ 330008.0, 137205.1 ], [ 330016.2, 137151.7 ], [ 330033.2, 137094.7 ], [ 330056.9, 137049.4 ], [ 330088.5, 137005.5 ], [ 330111.6, 136949.8 ], [ 330126.3, 136893.1 ], [ 330163.0, 136810.9 ], [ 330201.5, 136750.8 ], [ 330218.0, 136698.2 ], [ 330227.8, 136690.2 ], [ 330263.7, 136548.1 ], [ 330295.6, 136435.3 ], [ 330359.0, 136230.8 ], [ 330374.5, 136168.0 ], [ 330384.5, 136064.7 ], [ 330394.5, 136000.8 ], [ 330415.2, 135941.0 ], [ 330444.3, 135891.1 ], [ 330523.8, 135788.6 ], [ 330569.8, 135752.7 ], [ 330609.8, 135730.6 ], [ 330671.2, 135714.8 ], [ 330770.2, 135698.1 ], [ 330838.3, 135675.3 ], [ 330896.1, 135650.7 ], [ 330941.3, 135639.7 ], [ 330974.0, 135638.1 ], [ 331015.6, 135645.7 ], [ 331053.6, 135658.2 ], [ 331139.1, 135702.5 ], [ 331166.3, 135707.9 ], [ 331197.3, 135703.4 ], [ 331244.4, 135685.1 ], [ 331275.3, 135660.6 ], [ 331349.0, 135592.0 ], [ 331407.8, 135565.8 ], [ 331501.0, 135547.7 ], [ 331533.5, 135531.4 ], [ 331554.6, 135509.4 ], [ 331610.3, 135428.5 ], [ 331654.5, 135379.2 ], [ 331752.7, 135287.8 ], [ 331780.2, 135265.0 ], [ 331833.8, 135211.7 ], [ 331856.5, 135196.9 ], [ 331884.4, 135167.8 ], [ 331918.9, 135106.6 ], [ 331940.9, 135035.6 ], [ 331962.2, 134886.7 ], [ 331971.1, 134808.3 ], [ 331984.9, 134727.2 ], [ 332016.9, 134679.7 ], [ 332101.8, 134588.3 ], [ 332124.2, 134550.3 ], [ 332128.8, 134523.3 ], [ 332129.0, 134470.9 ], [ 332133.7, 134425.0 ], [ 332153.7, 134383.7 ], [ 332202.5, 134333.7 ], [ 332287.3, 134262.8 ], [ 332381.6, 134226.8 ], [ 332431.6, 134200.2 ], [ 332450.0, 134164.2 ], [ 332455.8, 134129.2 ], [ 332452.8, 134051.6 ], [ 332444.3, 133918.8 ], [ 332438.7, 133904.7 ], [ 332468.9, 133837.5 ], [ 332500.1, 133798.4 ], [ 332598.3, 133716.1 ], [ 332628.6, 133684.3 ], [ 332683.5, 133612.0 ], [ 332781.1, 133507.8 ], [ 332831.0, 133459.2 ], [ 332884.5, 133402.3 ], [ 332905.1, 133372.8 ], [ 332953.5, 133285.4 ], [ 332970.0, 133250.0 ], [ 333042.1, 133179.5 ], [ 333091.1, 133142.7 ], [ 333168.9, 133071.4 ], [ 333177.6, 133055.1 ], [ 333216.8, 133020.1 ], [ 333302.0, 132961.4 ], [ 333335.7, 132942.3 ], [ 333380.4, 132923.7 ], [ 333495.0, 132889.5 ], [ 333534.8, 132866.5 ], [ 333575.6, 132829.9 ], [ 333616.3, 132808.3 ], [ 333649.9, 132801.1 ], [ 333693.8, 132806.2 ], [ 333782.9, 132843.3 ], [ 333835.6, 132859.1 ], [ 333880.5, 132866.5 ], [ 333910.3, 132843.3 ], [ 333927.6, 132789.2 ], [ 333940.5, 132731.4 ], [ 333959.7, 132669.2 ], [ 333993.8, 132580.6 ], [ 334057.1, 132452.7 ], [ 334071.8, 132432.0 ], [ 334126.1, 132370.0 ], [ 334232.0, 132274.8 ], [ 334254.8, 132244.2 ], [ 334266.2, 132211.5 ], [ 334273.3, 132165.0 ], [ 334286.2, 132127.9 ], [ 334299.4, 132107.1 ], [ 334334.6, 132070.8 ], [ 334357.2, 132054.4 ], [ 334406.3, 132033.7 ], [ 334488.1, 132016.5 ], [ 334571.7, 132004.2 ], [ 334599.5, 131991.9 ], [ 334617.5, 131963.5 ], [ 334639.3, 131857.3 ], [ 334661.1, 131741.4 ], [ 334660.8, 131663.7 ], [ 334670.6, 131611.6 ], [ 334695.7, 131566.9 ], [ 334979.8, 131233.1 ], [ 335000.0, 131212.0 ], [ 335086.9, 131132.5 ], [ 335103.7, 131096.6 ], [ 335127.5, 131022.5 ], [ 335146.6, 130987.9 ], [ 335167.3, 130963.4 ], [ 335231.3, 130925.0 ], [ 335315.9, 130882.0 ], [ 335396.2, 130820.3 ], [ 335413.4, 130801.9 ], [ 335447.9, 130740.3 ], [ 335478.3, 130705.3 ], [ 335568.2, 130647.8 ], [ 335591.6, 130628.6 ], [ 335646.8, 130569.3 ], [ 335676.3, 130527.7 ], [ 335732.0, 130438.3 ], [ 335789.2, 130341.9 ], [ 335812.3, 130294.8 ], [ 335830.2, 130239.4 ], [ 335832.0, 130210.2 ], [ 335818.0, 130172.4 ], [ 335778.0, 130143.0 ], [ 335735.9, 130089.4 ], [ 335698.2, 130000.1 ], [ 335687.6, 129984.1 ], [ 335655.6, 129961.6 ], [ 335604.0, 129941.3 ], [ 335561.3, 129912.5 ], [ 335552.3, 129895.0 ], [ 335538.1, 129841.9 ], [ 335519.9, 129820.1 ], [ 335463.3, 129785.7 ], [ 335371.3, 129717.4 ], [ 335298.1, 129682.3 ], [ 335263.7, 129659.2 ], [ 335189.6, 129591.0 ], [ 335139.5, 129549.9 ], [ 335104.5, 129515.8 ], [ 335079.4, 129481.4 ], [ 335030.4, 129440.3 ], [ 334980.3, 129416.1 ], [ 334947.0, 129394.9 ], [ 334908.5, 129362.5 ], [ 334816.6, 129251.0 ], [ 334795.5, 129219.3 ], [ 334787.6, 129177.0 ], [ 334759.8, 129138.0 ], [ 334729.7, 129118.5 ], [ 334694.3, 129087.7 ], [ 334592.7, 128951.9 ], [ 334511.1, 128848.6 ], [ 334489.5, 128829.4 ], [ 334484.8, 128806.1 ], [ 334463.3, 128780.9 ], [ 334393.7, 128685.6 ], [ 334350.6, 128610.3 ], [ 334309.0, 128561.9 ], [ 334022.8, 128137.1 ], [ 333932.3, 128008.6 ], [ 333902.9, 127936.7 ], [ 333859.5, 127852.1 ], [ 333822.1, 127820.8 ], [ 333799.0, 127815.5 ], [ 333722.4, 127824.4 ], [ 333691.0, 127800.0 ], [ 333635.0, 127699.9 ], [ 333613.9, 127668.9 ], [ 333592.8, 127647.5 ], [ 333550.0, 127585.9 ], [ 333531.7, 127543.1 ], [ 333504.1, 127412.2 ], [ 333496.8, 127389.9 ], [ 333474.1, 127349.5 ], [ 333433.5, 127311.8 ], [ 333406.2, 127297.9 ], [ 333345.4, 127277.4 ], [ 333300.2, 127273.2 ], [ 333218.1, 127292.2 ], [ 333200.1, 127292.2 ], [ 333094.4, 127261.7 ], [ 332856.4, 127198.5 ], [ 332661.6, 127144.4 ], [ 332523.9, 127102.6 ], [ 332383.3, 127061.9 ], [ 332243.7, 127014.7 ], [ 332122.1, 126970.3 ], [ 332069.3, 126941.5 ], [ 332006.1, 126919.7 ], [ 331978.8, 126915.8 ], [ 331901.8, 126922.8 ], [ 331737.3, 126922.2 ], [ 331654.8, 126917.5 ], [ 331658.4, 126896.3 ], [ 331790.0, 126907.7 ], [ 331901.1, 126906.2 ], [ 331942.7, 126898.0 ], [ 331981.1, 126896.9 ], [ 332049.8, 126917.1 ], [ 332158.3, 126968.1 ], [ 332251.0, 126999.3 ], [ 332377.1, 127045.3 ], [ 332547.5, 127093.9 ], [ 332842.8, 127182.2 ], [ 333195.4, 127278.9 ], [ 333227.0, 127278.4 ], [ 333287.1, 127262.2 ], [ 333342.5, 127264.4 ], [ 333389.8, 127276.5 ], [ 333435.1, 127298.0 ], [ 333469.4, 127327.1 ], [ 333493.6, 127359.3 ], [ 333510.8, 127396.5 ], [ 333539.9, 127530.5 ], [ 333556.8, 127574.3 ], [ 333573.7, 127601.1 ], [ 333630.3, 127667.1 ], [ 333703.9, 127796.7 ], [ 333729.1, 127810.1 ], [ 333809.7, 127806.1 ], [ 333853.4, 127824.4 ], [ 333877.9, 127856.4 ], [ 333931.8, 127981.9 ], [ 333958.1, 128027.4 ], [ 334029.7, 128129.8 ], [ 334206.1, 128389.9 ], [ 334318.1, 128549.4 ], [ 334334.7, 128576.5 ], [ 334360.8, 128606.0 ], [ 334389.4, 128655.0 ], [ 334517.3, 128830.5 ], [ 334608.0, 128943.3 ], [ 334709.7, 129082.2 ], [ 334760.2, 129119.6 ], [ 334792.7, 129147.8 ], [ 334802.5, 129167.0 ], [ 334814.8, 129217.4 ], [ 334826.1, 129239.0 ], [ 334891.1, 129312.9 ], [ 334922.0, 129352.6 ], [ 334959.7, 129383.7 ], [ 335027.3, 129422.1 ], [ 335067.6, 129453.5 ], [ 335113.6, 129504.2 ], [ 335184.6, 129570.3 ], [ 335204.5, 129596.6 ], [ 335271.8, 129653.0 ], [ 335372.7, 129705.5 ], [ 335440.3, 129759.9 ], [ 335479.8, 129787.4 ], [ 335516.8, 129806.7 ], [ 335541.9, 129834.6 ], [ 335560.3, 129891.6 ], [ 335571.9, 129910.0 ], [ 335601.1, 129929.8 ], [ 335668.8, 129955.0 ], [ 335686.6, 129968.3 ], [ 335710.0, 130000.1 ], [ 335747.2, 130077.4 ], [ 335764.7, 130107.9 ], [ 335786.7, 130134.2 ], [ 335813.9, 130150.3 ], [ 335834.6, 130174.1 ], [ 335863.0, 130148.2 ], [ 335974.4, 130079.0 ], [ 336077.0, 130020.5 ], [ 336133.6, 129973.1 ], [ 336204.8, 129932.4 ], [ 336285.7, 129858.8 ], [ 336445.3, 129717.4 ], [ 336490.5, 129667.8 ], [ 336510.3, 129633.3 ], [ 336524.8, 129594.2 ], [ 336543.1, 129568.1 ], [ 336625.4, 129489.1 ], [ 336655.3, 129470.8 ], [ 336702.1, 129463.7 ], [ 336765.9, 129471.0 ], [ 336880.8, 129462.2 ], [ 336902.5, 129463.3 ], [ 336961.5, 129477.9 ], [ 337043.1, 129513.6 ], [ 337071.4, 129519.5 ], [ 337135.2, 129520.6 ], [ 337169.8, 129526.5 ], [ 337214.5, 129559.5 ], [ 337257.5, 129572.3 ], [ 337283.4, 129566.6 ], [ 337358.7, 129515.2 ], [ 337395.6, 129502.1 ], [ 337420.7, 129499.0 ], [ 337505.3, 129498.1 ], [ 337532.0, 129484.4 ], [ 337543.5, 129457.2 ], [ 337537.8, 129412.2 ], [ 337510.6, 129352.2 ], [ 337499.3, 129301.7 ], [ 337490.3, 129226.3 ], [ 337485.8, 129215.5 ], [ 337500.1, 129173.2 ], [ 337527.7, 129106.4 ], [ 337535.7, 129056.2 ], [ 337527.8, 128956.4 ], [ 337494.4, 128814.2 ], [ 337494.2, 128791.6 ], [ 337504.7, 128744.0 ], [ 337526.7, 128689.4 ], [ 337544.4, 128666.8 ], [ 337655.0, 128609.4 ], [ 337692.3, 128567.9 ], [ 337709.8, 128531.2 ], [ 337733.9, 128455.9 ], [ 337763.5, 128415.5 ], [ 337834.5, 128361.4 ], [ 337866.8, 128321.1 ], [ 337869.8, 128291.9 ], [ 337854.3, 128240.6 ], [ 337865.3, 128192.1 ], [ 337879.0, 128172.1 ], [ 337924.3, 128146.0 ], [ 337964.3, 128136.5 ], [ 338101.0, 128131.8 ], [ 338129.1, 128117.5 ], [ 338142.9, 128097.9 ], [ 338148.0, 128051.9 ], [ 338119.6, 127954.3 ], [ 338124.8, 127920.7 ], [ 338144.5, 127884.3 ], [ 338175.6, 127867.3 ], [ 338250.6, 127869.0 ], [ 338309.0, 127867.6 ], [ 338364.7, 127861.5 ], [ 338387.1, 127854.8 ], [ 338438.7, 127822.1 ], [ 338452.0, 127839.7 ], [ 338397.7, 127870.3 ], [ 338365.0, 127879.9 ], [ 338303.5, 127886.0 ], [ 338259.6, 127885.7 ], [ 338194.0, 127877.8 ], [ 338163.5, 127889.6 ], [ 338143.9, 127913.5 ], [ 338140.1, 127959.6 ], [ 338161.8, 128055.8 ], [ 338152.8, 128104.6 ], [ 338136.8, 128128.7 ], [ 338095.6, 128146.8 ], [ 338031.2, 128147.9 ], [ 337930.1, 128156.9 ], [ 337902.5, 128168.9 ], [ 337883.0, 128188.9 ], [ 337871.9, 128214.6 ], [ 337869.5, 128238.3 ], [ 337883.2, 128284.3 ], [ 337881.0, 128325.0 ], [ 337864.6, 128352.7 ], [ 337807.8, 128392.7 ], [ 337770.3, 128422.9 ], [ 337741.1, 128466.9 ], [ 337708.7, 128559.5 ], [ 337680.3, 128602.4 ], [ 337631.7, 128636.3 ], [ 337568.5, 128664.7 ], [ 337544.0, 128687.0 ], [ 337527.1, 128713.6 ], [ 337513.1, 128749.9 ], [ 337507.5, 128818.4 ], [ 337537.5, 128949.1 ], [ 337541.8, 128990.4 ], [ 337542.5, 129087.9 ], [ 337539.9, 129105.3 ], [ 337504.0, 129211.1 ], [ 337502.1, 129226.1 ], [ 337507.7, 129292.8 ], [ 337528.5, 129361.2 ], [ 337550.8, 129410.8 ], [ 337557.5, 129444.0 ], [ 337553.8, 129469.3 ], [ 337536.3, 129494.9 ], [ 337496.1, 129510.2 ], [ 337418.6, 129510.5 ], [ 337373.9, 129521.9 ], [ 337338.6, 129540.1 ], [ 337299.0, 129571.2 ], [ 337267.8, 129584.2 ], [ 337222.9, 129577.6 ], [ 337176.6, 129545.2 ], [ 337154.3, 129535.5 ], [ 337060.6, 129528.6 ], [ 337034.9, 129521.9 ], [ 336933.5, 129483.5 ], [ 336877.3, 129474.3 ], [ 336770.0, 129479.9 ], [ 336696.2, 129473.7 ], [ 336672.3, 129476.4 ], [ 336630.7, 129498.0 ], [ 336577.3, 129548.1 ], [ 336534.1, 129603.2 ], [ 336503.7, 129663.5 ], [ 336469.3, 129706.2 ], [ 336234.3, 129922.6 ], [ 336198.7, 129951.9 ], [ 336136.4, 129988.1 ], [ 336057.0, 130048.9 ], [ 335971.1, 130097.0 ], [ 335888.6, 130147.6 ], [ 335854.0, 130176.5 ], [ 335844.5, 130257.1 ], [ 335822.4, 130317.6 ], [ 335773.6, 130402.2 ], [ 335683.8, 130544.9 ], [ 335661.6, 130574.3 ], [ 335616.5, 130624.1 ], [ 335568.7, 130667.6 ], [ 335490.8, 130714.8 ], [ 335466.9, 130737.8 ], [ 335436.2, 130792.9 ], [ 335410.4, 130828.9 ], [ 335388.3, 130848.0 ], [ 335314.3, 130901.2 ], [ 335193.4, 130966.0 ], [ 335166.0, 130988.1 ], [ 335144.4, 131026.7 ], [ 335123.3, 131092.0 ], [ 335093.4, 131146.2 ], [ 335076.5, 131165.4 ], [ 334991.2, 131242.7 ], [ 334913.7, 131330.6 ], [ 334700.6, 131586.7 ], [ 334679.1, 131633.8 ], [ 334673.1, 131754.2 ], [ 334658.5, 131821.2 ], [ 334653.8, 131874.7 ], [ 334633.6, 131970.8 ], [ 334622.8, 131997.8 ], [ 334592.0, 132019.0 ], [ 334526.5, 132031.1 ], [ 334435.1, 132042.7 ], [ 334386.0, 132058.8 ], [ 334354.6, 132078.9 ], [ 334309.3, 132120.5 ], [ 334293.6, 132157.9 ], [ 334283.8, 132223.8 ], [ 334268.8, 132261.4 ], [ 334250.5, 132284.7 ], [ 334182.0, 132346.1 ], [ 334129.7, 132396.2 ], [ 334082.1, 132455.6 ], [ 334042.3, 132526.4 ], [ 333998.5, 132627.2 ], [ 333962.2, 132718.6 ], [ 333956.5, 132755.9 ], [ 333929.4, 132852.5 ], [ 333910.3, 132878.0 ], [ 333882.2, 132887.2 ], [ 333819.8, 132881.6 ], [ 333757.0, 132856.7 ], [ 333697.0, 132829.3 ], [ 333670.3, 132822.3 ], [ 333616.0, 132828.7 ], [ 333586.2, 132846.2 ], [ 333543.3, 132884.8 ], [ 333490.1, 132909.6 ], [ 333429.0, 132923.9 ], [ 333380.9, 132942.7 ], [ 333340.2, 132964.8 ], [ 333261.9, 133013.6 ], [ 333220.3, 133046.5 ], [ 333136.3, 133132.3 ], [ 333093.2, 133172.4 ], [ 333015.6, 133234.7 ], [ 332990.0, 133265.9 ], [ 332952.1, 133337.4 ], [ 332903.1, 133415.1 ], [ 332782.6, 133546.8 ], [ 332698.0, 133628.6 ], [ 332652.1, 133688.2 ], [ 332607.4, 133738.4 ], [ 332527.7, 133801.6 ], [ 332482.3, 133857.8 ], [ 332470.1, 133916.0 ], [ 332481.3, 134071.5 ], [ 332476.7, 134162.0 ], [ 332458.4, 134210.1 ], [ 332420.6, 134241.1 ], [ 332371.3, 134259.0 ], [ 332299.5, 134289.6 ], [ 332279.3, 134302.8 ], [ 332199.1, 134366.2 ], [ 332176.2, 134394.0 ], [ 332155.5, 134439.5 ], [ 332150.5, 134468.6 ], [ 332153.6, 134516.9 ], [ 332150.0, 134547.2 ], [ 332121.4, 134597.0 ], [ 332037.6, 134689.3 ], [ 332015.4, 134724.2 ], [ 332000.4, 134758.8 ], [ 331994.0, 134790.7 ], [ 331996.3, 134834.5 ], [ 331976.7, 134962.8 ], [ 331973.3, 135000.0 ], [ 331957.2, 135073.5 ], [ 331937.2, 135134.6 ], [ 331918.0, 135169.6 ], [ 331891.6, 135202.8 ], [ 331745.9, 135329.8 ], [ 331658.8, 135409.8 ], [ 331619.3, 135457.7 ], [ 331572.3, 135531.3 ], [ 331534.0, 135562.1 ], [ 331509.0, 135572.2 ], [ 331444.8, 135584.3 ], [ 331384.1, 135601.1 ], [ 331348.8, 135624.6 ], [ 331287.8, 135685.1 ], [ 331249.7, 135715.1 ], [ 331203.2, 135734.4 ], [ 331162.5, 135735.5 ], [ 331123.8, 135726.9 ], [ 331079.8, 135708.5 ], [ 331016.2, 135675.3 ], [ 330948.6, 135672.3 ], [ 330914.9, 135678.1 ], [ 330837.7, 135707.3 ], [ 330737.8, 135736.5 ], [ 330671.7, 135746.5 ], [ 330620.3, 135764.5 ], [ 330580.5, 135783.5 ], [ 330543.3, 135817.0 ], [ 330466.2, 135917.6 ], [ 330434.3, 135981.3 ], [ 330419.9, 136030.3 ], [ 330411.1, 136089.3 ], [ 330400.8, 136187.4 ], [ 330376.6, 136281.4 ], [ 330361.0, 136314.7 ], [ 330356.2, 136341.5 ], [ 330319.4, 136464.0 ], [ 330295.1, 136556.5 ], [ 330268.3, 136649.2 ], [ 330240.2, 136730.4 ], [ 330219.3, 136778.7 ], [ 330163.7, 136888.6 ], [ 330146.7, 136957.4 ], [ 330131.5, 136987.8 ], [ 330065.7, 137076.7 ], [ 330057.0, 137094.6 ], [ 330040.1, 137179.8 ], [ 330046.2, 137267.6 ], [ 330053.7, 137308.8 ], [ 330054.8, 137364.0 ], [ 330050.6, 137387.4 ], [ 330034.3, 137423.3 ], [ 330000.0, 137475.5 ], [ 329967.3, 137510.7 ], [ 329943.1, 137546.5 ], [ 329917.8, 137596.0 ], [ 329912.9, 137623.2 ], [ 329918.8, 137660.5 ], [ 329934.7, 137697.9 ], [ 329972.4, 137757.0 ], [ 330000.0, 137816.1 ], [ 330003.2, 137844.3 ], [ 329985.2, 137941.6 ], [ 329977.5, 138005.8 ], [ 329990.8, 138033.0 ], [ 330060.5, 138093.4 ], [ 330233.0, 138249.6 ], [ 330348.3, 138346.4 ], [ 330397.1, 138378.3 ], [ 330432.1, 138395.5 ], [ 330504.2, 138418.7 ], [ 330556.6, 138429.0 ], [ 330614.8, 138459.0 ], [ 330652.2, 138503.0 ], [ 330671.0, 138536.8 ], [ 330685.8, 138588.1 ], [ 330704.7, 138687.0 ], [ 330707.7, 138768.4 ], [ 330695.2, 138821.6 ], [ 330673.5, 138859.7 ], [ 330627.2, 138897.7 ], [ 330591.7, 138915.2 ], [ 330551.6, 138922.6 ], [ 330501.2, 138921.5 ], [ 330324.8, 138892.7 ], [ 330284.9, 138891.5 ], [ 330257.0, 138901.5 ], [ 330245.6, 138912.8 ], [ 330242.3, 138962.4 ], [ 330287.5, 139037.9 ], [ 330371.6, 139160.0 ], [ 330392.4, 139219.0 ], [ 330401.1, 139305.9 ], [ 330398.1, 139337.6 ], [ 330376.0, 139395.0 ], [ 330346.6, 139446.6 ], [ 330259.5, 139564.7 ], [ 330245.4, 139607.1 ], [ 330252.5, 139638.2 ], [ 330284.5, 139686.9 ], [ 330314.6, 139716.2 ], [ 330356.2, 139742.7 ], [ 330396.4, 139755.5 ], [ 330475.5, 139763.2 ], [ 330557.9, 139754.9 ], [ 330649.3, 139750.6 ], [ 330689.1, 139754.0 ], [ 330720.5, 139762.3 ], [ 330769.0, 139790.5 ], [ 330797.0, 139817.8 ], [ 330829.7, 139877.5 ], [ 330863.7, 139875.3 ], [ 330866.3, 139893.6 ], [ 330853.9, 139903.7 ], [ 330839.2, 139973.2 ], [ 330830.4, 140050.6 ], [ 330803.3, 140173.2 ], [ 330802.9, 140218.1 ], [ 330809.8, 140243.3 ], [ 330835.4, 140278.3 ], [ 330873.8, 140311.6 ], [ 330912.5, 140335.1 ], [ 330972.4, 140389.5 ], [ 331005.7, 140435.9 ], [ 331018.6, 140463.8 ], [ 331026.8, 140511.5 ], [ 331027.7, 140545.2 ], [ 331013.9, 140619.6 ], [ 331002.5, 140646.7 ], [ 330985.8, 140664.7 ], [ 330981.5, 140694.8 ], [ 330908.2, 140807.9 ], [ 330878.5, 140846.5 ], [ 330853.3, 140864.7 ], [ 330786.0, 140882.3 ], [ 330737.9, 140878.2 ], [ 330646.6, 140856.1 ], [ 330595.3, 140834.0 ], [ 330535.3, 140791.9 ], [ 330488.8, 140770.8 ], [ 330446.8, 140759.4 ], [ 330367.9, 140749.1 ], [ 330194.4, 140756.6 ], [ 330166.9, 140754.3 ], [ 330085.7, 140756.1 ], [ 330062.1, 140768.8 ], [ 330053.5, 140804.7 ], [ 330060.1, 140881.0 ], [ 330075.3, 140964.4 ], [ 330080.9, 141065.8 ], [ 330078.6, 141165.2 ], [ 330079.7, 141229.8 ], [ 330071.1, 141289.5 ], [ 330053.6, 141341.7 ], [ 330038.6, 141373.0 ], [ 329985.2, 141468.9 ], [ 329993.7, 141473.1 ], [ 329972.3, 141509.9 ], [ 329952.1, 141559.5 ], [ 329927.4, 141603.2 ], [ 329920.5, 141627.2 ], [ 329901.3, 141658.0 ], [ 329874.6, 141715.3 ], [ 329852.3, 141780.5 ], [ 329793.8, 141888.8 ], [ 329742.3, 141950.9 ], [ 329730.6, 141991.8 ], [ 329713.5, 141993.0 ], [ 329699.7, 142007.8 ], [ 329683.0, 142041.6 ], [ 329637.4, 142095.8 ], [ 329538.3, 142185.1 ], [ 329399.6, 142260.7 ], [ 329339.9, 142286.4 ], [ 329299.5, 142309.8 ], [ 329200.7, 142351.2 ], [ 329179.7, 142367.7 ], [ 329134.8, 142381.0 ], [ 329076.5, 142413.5 ], [ 328932.7, 142482.6 ], [ 328847.6, 142497.9 ], [ 328777.0, 142505.0 ], [ 328695.1, 142507.8 ], [ 328615.3, 142502.8 ], [ 328514.0, 142488.1 ], [ 328430.5, 142465.8 ], [ 328344.9, 142439.8 ], [ 328315.7, 142419.7 ], [ 328257.9, 142419.4 ], [ 328206.5, 142402.3 ], [ 328162.8, 142380.7 ], [ 328099.3, 142342.3 ], [ 328041.8, 142261.9 ], [ 328007.4, 142196.4 ], [ 327990.5, 142147.6 ], [ 327981.3, 142091.0 ], [ 327977.3, 141997.5 ], [ 327980.9, 141885.1 ], [ 328006.6, 141679.9 ], [ 328014.3, 141597.8 ], [ 328018.4, 141523.2 ], [ 328018.5, 141428.3 ], [ 328015.5, 141399.7 ], [ 328003.8, 141361.5 ], [ 327966.5, 141282.7 ], [ 327937.2, 141231.9 ], [ 327854.6, 141132.0 ], [ 327796.7, 141072.9 ], [ 327749.5, 141044.9 ], [ 327683.2, 141020.8 ], [ 327649.8, 141015.4 ], [ 327590.2, 141019.4 ], [ 327520.3, 141034.6 ], [ 327449.6, 141056.9 ], [ 327385.7, 141085.2 ], [ 327320.7, 141125.9 ], [ 327292.9, 141146.8 ], [ 327229.8, 141203.1 ], [ 327170.3, 141276.5 ], [ 327125.6, 141348.0 ], [ 327093.1, 141421.3 ], [ 327073.6, 141458.7 ], [ 327024.5, 141573.2 ], [ 327010.3, 141628.8 ], [ 326963.8, 141708.5 ], [ 326934.4, 141746.9 ], [ 326884.4, 141793.0 ], [ 326864.6, 141792.4 ], [ 326813.7, 141884.4 ], [ 326767.7, 141935.5 ], [ 326739.0, 141958.2 ], [ 326727.2, 141979.7 ], [ 326679.5, 142038.5 ], [ 326650.7, 142065.8 ], [ 326625.1, 142100.5 ], [ 326546.0, 142179.2 ], [ 326494.3, 142218.8 ], [ 326444.4, 142267.5 ], [ 326411.2, 142309.4 ], [ 326347.5, 142419.6 ], [ 326315.6, 142502.3 ], [ 326284.2, 142634.2 ], [ 326279.2, 142700.5 ], [ 326291.2, 142812.3 ], [ 326297.5, 142894.5 ], [ 326307.8, 142945.5 ], [ 326316.6, 143013.2 ], [ 326345.1, 143091.7 ], [ 326379.6, 143199.3 ], [ 326411.8, 143286.8 ], [ 326430.0, 143329.0 ], [ 326480.1, 143425.6 ], [ 326529.4, 143504.2 ], [ 326554.0, 143535.7 ], [ 326608.4, 143588.7 ], [ 326637.1, 143621.1 ], [ 326682.6, 143642.0 ], [ 326754.9, 143659.6 ], [ 326792.1, 143676.4 ], [ 326868.0, 143700.6 ], [ 326899.6, 143703.9 ], [ 326952.9, 143720.9 ], [ 326986.4, 143723.0 ], [ 327073.0, 143743.0 ], [ 327118.0, 143745.6 ], [ 327220.5, 143756.8 ], [ 327277.7, 143759.3 ], [ 327600.3, 143786.8 ], [ 327660.2, 143787.6 ], [ 327692.0, 143779.8 ], [ 327718.8, 143787.7 ], [ 327731.1, 143803.8 ], [ 327750.3, 143801.4 ], [ 327791.5, 143809.0 ], [ 327911.8, 143853.8 ], [ 327974.6, 143889.8 ], [ 328034.4, 143939.3 ], [ 328105.8, 144009.3 ], [ 328155.7, 144063.7 ], [ 328183.8, 144089.9 ], [ 328236.4, 144129.7 ], [ 328324.7, 144221.2 ], [ 328375.9, 144297.5 ], [ 328427.7, 144355.2 ], [ 328461.7, 144414.0 ], [ 328555.2, 144554.6 ], [ 328638.4, 144685.6 ], [ 328683.6, 144773.3 ], [ 328726.9, 144893.1 ], [ 328742.8, 145000.0 ], [ 328746.4, 145062.2 ], [ 328743.2, 145101.6 ], [ 328762.6, 145097.5 ], [ 328773.4, 145029.7 ], [ 328786.0, 144987.5 ], [ 328785.7, 144953.2 ], [ 328793.3, 144931.2 ], [ 328793.2, 144894.5 ], [ 328811.8, 144911.9 ], [ 328801.3, 144923.8 ], [ 328804.7, 144985.5 ], [ 328791.2, 145078.1 ], [ 328776.2, 145128.4 ], [ 328760.8, 145158.2 ], [ 328759.9, 145190.4 ], [ 328786.1, 145232.1 ], [ 328771.4, 145252.5 ], [ 328772.4, 145284.4 ], [ 328790.9, 145318.4 ], [ 328833.6, 145442.5 ], [ 328855.0, 145463.4 ], [ 328865.0, 145508.2 ], [ 328879.8, 145544.0 ], [ 328891.0, 145590.2 ], [ 328916.1, 145642.9 ], [ 328921.3, 145681.2 ], [ 328939.2, 145741.6 ], [ 328980.8, 145826.0 ], [ 329003.1, 145846.2 ], [ 329011.6, 145812.5 ], [ 329024.0, 145793.6 ], [ 329074.8, 145756.2 ], [ 329097.3, 145746.7 ], [ 329152.3, 145744.3 ], [ 329155.8, 145704.8 ], [ 329135.3, 145674.5 ], [ 329124.6, 145648.3 ], [ 329122.8, 145608.8 ], [ 329096.2, 145520.8 ], [ 329057.6, 145482.2 ], [ 329042.6, 145441.1 ], [ 329013.8, 145435.9 ], [ 329031.7, 145420.3 ], [ 329001.4, 145399.1 ], [ 328971.0, 145408.8 ], [ 328967.3, 145379.4 ], [ 329007.1, 145388.4 ], [ 329042.8, 145413.5 ], [ 329087.9, 145477.7 ], [ 329090.3, 145349.2 ], [ 329100.3, 145348.3 ], [ 329104.6, 145376.3 ], [ 329108.8, 145466.5 ], [ 329114.8, 145512.0 ], [ 329142.7, 145597.1 ], [ 329154.1, 145614.3 ], [ 329180.9, 145692.7 ], [ 329184.3, 145739.2 ], [ 329200.8, 145746.5 ], [ 329258.3, 145712.4 ], [ 329276.5, 145741.0 ], [ 329206.7, 145783.8 ], [ 329190.2, 145807.2 ], [ 329160.6, 145808.8 ], [ 329158.2, 145835.0 ], [ 329132.8, 145866.8 ], [ 329125.6, 145888.3 ], [ 329125.1, 145927.3 ], [ 329131.6, 145973.4 ], [ 329139.5, 145990.8 ], [ 329158.5, 145998.8 ], [ 329172.8, 145991.3 ], [ 329176.1, 145960.1 ], [ 329185.4, 145960.0 ], [ 329183.3, 145993.6 ], [ 329176.3, 146006.5 ], [ 329145.1, 146019.5 ], [ 329142.4, 146034.0 ], [ 329152.4, 146104.9 ], [ 329186.6, 146102.1 ], [ 329191.7, 146110.2 ], [ 329152.7, 146116.7 ], [ 329147.3, 146139.8 ], [ 329185.3, 146226.6 ], [ 329235.7, 146315.3 ], [ 329256.1, 146358.5 ], [ 329319.3, 146461.7 ], [ 329329.8, 146518.5 ], [ 329346.1, 146549.2 ], [ 329371.8, 146581.5 ], [ 329458.6, 146804.4 ], [ 329496.2, 146911.0 ], [ 329525.8, 146977.5 ], [ 329555.2, 147004.9 ], [ 329580.2, 147020.4 ], [ 329596.2, 147042.0 ], [ 329628.7, 147110.9 ], [ 329715.3, 147227.4 ], [ 329758.4, 147296.3 ], [ 329776.6, 147315.1 ], [ 329804.3, 147328.0 ], [ 329856.8, 147317.0 ], [ 329914.4, 147355.5 ], [ 329953.3, 147361.4 ], [ 330000.0, 147376.2 ], [ 330049.7, 147426.1 ], [ 330074.5, 147464.0 ], [ 330105.8, 147538.7 ], [ 330118.9, 147544.2 ], [ 330122.6, 147565.8 ], [ 330083.6, 147629.8 ], [ 330034.8, 147672.8 ], [ 330017.8, 147723.8 ], [ 330022.4, 147744.6 ], [ 330061.5, 147829.8 ], [ 330104.9, 147902.4 ], [ 330126.1, 147914.0 ], [ 330242.2, 147905.8 ], [ 330265.7, 147908.4 ], [ 330311.3, 147887.0 ], [ 330316.5, 147809.3 ], [ 330295.3, 147736.0 ], [ 330277.6, 147728.3 ], [ 330265.1, 147704.6 ], [ 330277.3, 147663.2 ], [ 330255.5, 147631.3 ], [ 330257.3, 147594.9 ], [ 330269.8, 147569.0 ], [ 330306.3, 147533.9 ], [ 330326.1, 147500.5 ], [ 330369.7, 147482.2 ], [ 330388.8, 147462.4 ], [ 330396.8, 147465.1 ], [ 330473.5, 147454.7 ], [ 330520.2, 147479.2 ], [ 330553.1, 147546.3 ], [ 330568.1, 147554.5 ], [ 330618.3, 147554.3 ], [ 330633.7, 147549.2 ], [ 330714.1, 147493.6 ], [ 330716.4, 147481.3 ], [ 330741.1, 147474.5 ], [ 330744.8, 147461.0 ], [ 330782.1, 147422.6 ], [ 330814.1, 147406.1 ], [ 330847.7, 147400.2 ], [ 330915.6, 147406.1 ], [ 330960.2, 147385.9 ], [ 330998.3, 147355.3 ], [ 331038.8, 147334.8 ], [ 331071.4, 147308.5 ], [ 331099.6, 147266.0 ], [ 331121.9, 147266.3 ], [ 331165.8, 147257.3 ], [ 331260.4, 147253.3 ], [ 331341.9, 147233.5 ], [ 331355.0, 147263.9 ], [ 331300.8, 147281.8 ], [ 331273.4, 147295.2 ], [ 331268.1, 147313.0 ], [ 331286.9, 147335.5 ], [ 331315.3, 147352.0 ], [ 331335.3, 147354.4 ], [ 331372.6, 147343.5 ], [ 331378.8, 147358.8 ], [ 331301.6, 147374.4 ], [ 331267.5, 147357.0 ], [ 331230.2, 147329.4 ], [ 331192.7, 147321.0 ], [ 331133.3, 147339.2 ], [ 331106.0, 147378.4 ], [ 331084.6, 147375.0 ], [ 331033.5, 147400.8 ], [ 331004.7, 147436.5 ], [ 330984.3, 147439.9 ], [ 330953.2, 147459.5 ], [ 330877.6, 147477.4 ], [ 330854.5, 147466.1 ], [ 330815.3, 147474.5 ], [ 330808.1, 147499.3 ], [ 330792.3, 147510.8 ], [ 330776.0, 147541.5 ], [ 330737.4, 147580.6 ], [ 330713.6, 147598.8 ], [ 330680.4, 147610.3 ], [ 330611.1, 147621.0 ], [ 330596.2, 147630.4 ], [ 330553.8, 147628.4 ], [ 330525.8, 147606.3 ], [ 330508.9, 147607.3 ], [ 330490.3, 147594.5 ], [ 330469.4, 147566.1 ], [ 330450.3, 147565.6 ], [ 330430.9, 147527.4 ], [ 330407.0, 147533.3 ], [ 330397.3, 147524.0 ], [ 330386.0, 147538.9 ], [ 330349.7, 147559.9 ], [ 330321.8, 147615.9 ], [ 330335.4, 147648.0 ], [ 330343.0, 147681.6 ], [ 330357.0, 147712.9 ], [ 330393.0, 147724.5 ], [ 330406.9, 147742.7 ], [ 330405.0, 147761.5 ], [ 330417.9, 147770.5 ], [ 330422.2, 147834.4 ], [ 330397.3, 147892.2 ], [ 330380.0, 147922.6 ], [ 330351.5, 147946.3 ], [ 330268.6, 147985.4 ], [ 330244.9, 147989.2 ], [ 330203.5, 147984.2 ], [ 330166.9, 148003.5 ], [ 330129.6, 148010.9 ], [ 330105.6, 148003.0 ], [ 330065.6, 147980.1 ], [ 329974.2, 147850.4 ], [ 329975.7, 147877.9 ], [ 330000.0, 147965.3 ], [ 330030.0, 148060.9 ], [ 330038.9, 148076.2 ], [ 330066.4, 148087.5 ], [ 330092.3, 148068.6 ], [ 330095.8, 148093.0 ], [ 330084.5, 148127.5 ], [ 330112.8, 148223.2 ], [ 330145.4, 148357.0 ], [ 330182.4, 148467.4 ], [ 330233.7, 148580.7 ], [ 330256.3, 148639.6 ], [ 330261.9, 148675.5 ], [ 330257.3, 148695.5 ], [ 330230.3, 148684.1 ], [ 330223.8, 148689.2 ], [ 330170.9, 148780.1 ], [ 330196.4, 148805.0 ], [ 330218.8, 148808.3 ], [ 330238.7, 148800.1 ], [ 330268.6, 148775.9 ], [ 330279.1, 148810.3 ], [ 330319.3, 149023.5 ], [ 330335.3, 149085.7 ], [ 330319.3, 149165.8 ], [ 330327.4, 149235.2 ], [ 330332.3, 149333.6 ], [ 330314.3, 149413.8 ], [ 330299.6, 149465.6 ], [ 330277.6, 149685.2 ], [ 330242.5, 149818.3 ], [ 330169.0, 150000.0 ], [ 330105.8, 150091.4 ], [ 330078.6, 150127.3 ], [ 330034.7, 150176.3 ], [ 330000.0, 150233.5 ], [ 329912.5, 150362.0 ], [ 329884.1, 150395.6 ], [ 329704.4, 150572.6 ], [ 329613.3, 150677.4 ], [ 329570.3, 150731.6 ], [ 329498.6, 150833.5 ], [ 329419.9, 150959.8 ], [ 329376.0, 151043.5 ], [ 329356.1, 151089.7 ], [ 329226.1, 151431.4 ], [ 329201.5, 151476.9 ], [ 329093.1, 151630.3 ], [ 329063.8, 151676.9 ], [ 329033.3, 151734.0 ], [ 328974.8, 151861.5 ], [ 328901.5, 152055.6 ], [ 328827.0, 152246.8 ], [ 328812.9, 152302.4 ], [ 328803.6, 152360.5 ], [ 328800.5, 152404.8 ], [ 328798.6, 152512.7 ], [ 328805.2, 152704.9 ], [ 328816.7, 152801.9 ], [ 328838.6, 152890.3 ], [ 328936.8, 153312.4 ], [ 328995.7, 153575.3 ], [ 329030.2, 153759.3 ], [ 329075.1, 154024.5 ], [ 329119.3, 154322.8 ], [ 329211.9, 154842.8 ], [ 329245.2, 155000.0 ], [ 329320.3, 155380.5 ], [ 329343.1, 155503.1 ], [ 329428.5, 155990.5 ], [ 329517.0, 156521.0 ], [ 329554.2, 156751.0 ], [ 329578.0, 156910.9 ], [ 329584.8, 156984.7 ], [ 329599.7, 157490.7 ], [ 329596.8, 157566.0 ], [ 329599.9, 157678.4 ], [ 329615.7, 157806.4 ], [ 329621.3, 157831.7 ], [ 329633.0, 157953.7 ], [ 329637.2, 158078.9 ], [ 329639.6, 158241.2 ], [ 329629.6, 158380.7 ], [ 329616.8, 158444.6 ], [ 329593.3, 158525.9 ], [ 329568.8, 158598.6 ], [ 329541.1, 158654.3 ], [ 329510.5, 158698.5 ], [ 329458.2, 158756.2 ], [ 329440.1, 158759.9 ], [ 329398.0, 158744.0 ], [ 329315.8, 158727.4 ], [ 329268.6, 158722.1 ], [ 329249.3, 158735.1 ], [ 329231.1, 158724.1 ], [ 329172.7, 158737.0 ], [ 329150.0, 158736.0 ], [ 329130.9, 158746.2 ], [ 329116.7, 158741.8 ], [ 329103.1, 158757.4 ], [ 329072.3, 158753.0 ], [ 329051.1, 158761.3 ], [ 328996.2, 158753.3 ], [ 328963.2, 158762.9 ], [ 328870.8, 158769.9 ], [ 328827.6, 158764.6 ], [ 328784.6, 158775.1 ], [ 328734.2, 158771.0 ], [ 328704.8, 158772.9 ], [ 328681.9, 158787.3 ], [ 328627.3, 158806.0 ], [ 328577.1, 158809.5 ], [ 328491.2, 158842.5 ], [ 328455.5, 158844.1 ], [ 328433.3, 158859.5 ], [ 328414.8, 158883.4 ], [ 328394.5, 158883.3 ], [ 328365.5, 158907.5 ], [ 328324.9, 158924.0 ], [ 328264.0, 158960.9 ], [ 328238.2, 158980.4 ], [ 328222.9, 159005.7 ], [ 328210.6, 159004.9 ], [ 328170.3, 159021.5 ], [ 328072.7, 159084.6 ], [ 328048.0, 159110.5 ], [ 328035.6, 159132.9 ], [ 327983.3, 159170.7 ], [ 327996.6, 159192.8 ], [ 327965.8, 159257.5 ], [ 327963.8, 159293.6 ], [ 327941.4, 159303.0 ], [ 327919.6, 159337.5 ], [ 327960.4, 159350.4 ], [ 327981.7, 159364.4 ], [ 328001.9, 159359.4 ], [ 328018.3, 159343.9 ], [ 328042.2, 159345.5 ], [ 328063.5, 159333.0 ], [ 328092.4, 159327.9 ], [ 328133.3, 159299.5 ], [ 328157.9, 159294.3 ], [ 328174.1, 159282.3 ], [ 328189.0, 159288.3 ], [ 328212.4, 159281.4 ], [ 328244.1, 159281.1 ], [ 328313.4, 159264.0 ], [ 328376.7, 159260.5 ], [ 328377.4, 159253.7 ], [ 328449.2, 159255.3 ], [ 328445.3, 159243.4 ], [ 328549.3, 159234.0 ], [ 328564.6, 159247.4 ], [ 328638.5, 159233.9 ], [ 328653.4, 159199.5 ], [ 328689.1, 159178.7 ], [ 328729.3, 159162.8 ], [ 328744.3, 159170.4 ], [ 328768.4, 159141.0 ], [ 328798.3, 159129.3 ], [ 328817.3, 159113.5 ], [ 328854.9, 159103.9 ], [ 328861.3, 159093.3 ], [ 328892.7, 159091.0 ], [ 328909.7, 159097.2 ], [ 328945.0, 159084.4 ], [ 328973.9, 159099.8 ], [ 329008.9, 159086.5 ], [ 329019.3, 159108.8 ], [ 329043.5, 159108.7 ], [ 329054.9, 159118.9 ], [ 329076.7, 159118.9 ], [ 329084.9, 159141.7 ], [ 329113.8, 159145.0 ], [ 329153.8, 159137.2 ], [ 329174.1, 159117.7 ], [ 329181.9, 159131.6 ], [ 329202.2, 159127.1 ], [ 329247.2, 159093.9 ], [ 329258.7, 159099.6 ], [ 329282.3, 159091.3 ], [ 329325.9, 159097.0 ], [ 329361.3, 159078.4 ], [ 329401.1, 159068.1 ], [ 329431.8, 159053.1 ], [ 329444.1, 159039.8 ], [ 329489.9, 159021.6 ], [ 329562.5, 158980.2 ], [ 329614.3, 158961.6 ], [ 329642.3, 158943.0 ], [ 329669.5, 158967.9 ], [ 329709.2, 158960.8 ], [ 329798.9, 158982.1 ], [ 329810.8, 158991.0 ], [ 329844.4, 158986.4 ], [ 329866.8, 158972.3 ], [ 329882.2, 158976.1 ], [ 329963.0, 158945.6 ], [ 330014.0, 158938.6 ], [ 330046.5, 158939.6 ], [ 330067.1, 158932.8 ], [ 330071.8, 158946.4 ], [ 330107.1, 158932.1 ], [ 330180.7, 158919.5 ], [ 330210.7, 158928.3 ], [ 330248.4, 158893.5 ], [ 330260.3, 158890.6 ], [ 330261.7, 158864.9 ], [ 330290.5, 158842.0 ], [ 330317.3, 158834.0 ], [ 330301.2, 158813.3 ], [ 330273.4, 158800.9 ], [ 330288.0, 158723.3 ], [ 330310.1, 158698.1 ], [ 330343.1, 158616.9 ], [ 330361.1, 158598.1 ], [ 330407.6, 158602.1 ], [ 330436.2, 158596.0 ], [ 330552.3, 158562.9 ], [ 330597.1, 158560.8 ], [ 330619.3, 158550.3 ], [ 330660.0, 158544.7 ], [ 330656.5, 158515.4 ], [ 330620.7, 158491.3 ], [ 330591.1, 158491.0 ], [ 330612.2, 158469.8 ], [ 330636.8, 158478.3 ], [ 330653.6, 158496.4 ], [ 330723.4, 158518.3 ], [ 330763.4, 158500.9 ], [ 330786.6, 158474.7 ], [ 330823.2, 158448.4 ], [ 330817.6, 158433.1 ], [ 330842.2, 158414.9 ], [ 330877.0, 158344.0 ], [ 330882.8, 158282.8 ], [ 330873.5, 158281.7 ], [ 330848.1, 158310.0 ], [ 330824.7, 158312.8 ], [ 330770.4, 158336.7 ], [ 330704.2, 158338.3 ], [ 330678.0, 158313.3 ], [ 330652.3, 158297.9 ], [ 330619.2, 158288.2 ], [ 330584.7, 158268.9 ], [ 330578.2, 158256.3 ], [ 330595.7, 158254.4 ], [ 330685.7, 158296.0 ], [ 330715.8, 158318.2 ], [ 330732.3, 158321.2 ], [ 330769.8, 158308.2 ], [ 330799.5, 158285.2 ], [ 330823.2, 158278.8 ], [ 330860.6, 158233.3 ], [ 330892.9, 158221.5 ], [ 330894.5, 158186.1 ], [ 330922.9, 158114.4 ], [ 331004.3, 158018.3 ], [ 331046.6, 157979.3 ], [ 331150.3, 157871.9 ], [ 331165.4, 157845.1 ], [ 331198.4, 157818.3 ], [ 331244.2, 157791.0 ], [ 331290.9, 157748.2 ], [ 331295.8, 157737.2 ], [ 331252.1, 157725.0 ], [ 331247.1, 157712.3 ], [ 331270.0, 157700.6 ], [ 331308.9, 157705.0 ], [ 331320.4, 157699.1 ], [ 331323.6, 157674.1 ], [ 331336.1, 157641.9 ], [ 331336.0, 157616.3 ], [ 331345.5, 157588.0 ], [ 331343.1, 157555.3 ], [ 331352.0, 157516.0 ], [ 331343.5, 157467.1 ], [ 331348.4, 157443.2 ], [ 331296.7, 157325.4 ], [ 331278.2, 157294.6 ], [ 331245.3, 157269.0 ], [ 331225.8, 157231.4 ], [ 331196.4, 157190.8 ], [ 331167.4, 157167.7 ], [ 331160.5, 157124.4 ], [ 331126.2, 157098.7 ], [ 331079.9, 157078.5 ], [ 331041.9, 157074.3 ], [ 331003.5, 157059.7 ], [ 330988.3, 157040.7 ], [ 330969.6, 157032.7 ], [ 330928.8, 157038.2 ], [ 330876.1, 157020.4 ], [ 330838.1, 157001.0 ], [ 330806.5, 156974.4 ], [ 330782.6, 156936.3 ], [ 330763.0, 156962.8 ], [ 330728.9, 156970.8 ], [ 330734.1, 156952.2 ], [ 330733.5, 156913.5 ], [ 330744.6, 156884.5 ], [ 330745.0, 156860.1 ], [ 330715.0, 156725.2 ], [ 330721.2, 156680.5 ], [ 330720.0, 156642.0 ], [ 330727.4, 156615.4 ], [ 330728.4, 156497.9 ], [ 330741.0, 156466.3 ], [ 330735.2, 156435.5 ], [ 330738.9, 156419.3 ], [ 330758.6, 156390.7 ], [ 330770.5, 156355.0 ], [ 330799.9, 156296.3 ], [ 330829.0, 156225.7 ], [ 330884.6, 156250.8 ], [ 330867.6, 156277.8 ], [ 330863.6, 156309.4 ], [ 330852.4, 156324.9 ], [ 330817.5, 156404.9 ], [ 330793.2, 156449.4 ], [ 330798.1, 156486.8 ], [ 330790.4, 156520.3 ], [ 330793.6, 156540.8 ], [ 330783.0, 156645.6 ], [ 330784.3, 156700.7 ], [ 330781.5, 156746.0 ], [ 330784.2, 156813.2 ], [ 330798.9, 156828.5 ], [ 330831.7, 156881.7 ], [ 330851.5, 156921.8 ], [ 330881.7, 156937.3 ], [ 330903.9, 156961.1 ], [ 330944.9, 156968.5 ], [ 330988.2, 156982.1 ], [ 331087.2, 156996.8 ], [ 331104.0, 157005.3 ], [ 331188.1, 156978.1 ], [ 331232.5, 156990.4 ], [ 331276.0, 157032.1 ], [ 331292.6, 157022.8 ], [ 331301.6, 157002.4 ], [ 331366.1, 156966.7 ], [ 331377.3, 156977.6 ], [ 331317.7, 157023.5 ], [ 331311.5, 157037.3 ], [ 331280.3, 157057.1 ], [ 331263.9, 157055.3 ], [ 331227.6, 157032.5 ], [ 331205.6, 157024.6 ], [ 331167.2, 157033.1 ], [ 331153.5, 157048.8 ], [ 331212.3, 157096.5 ], [ 331273.9, 157162.6 ], [ 331295.5, 157190.0 ], [ 331325.6, 157239.5 ], [ 331375.7, 157336.7 ], [ 331391.8, 157378.0 ], [ 331394.1, 157399.8 ], [ 331404.8, 157412.2 ], [ 331424.2, 157408.9 ], [ 331481.5, 157422.3 ], [ 331477.8, 157439.3 ], [ 331425.2, 157433.3 ], [ 331420.7, 157438.3 ], [ 331434.9, 157513.3 ], [ 331434.1, 157548.3 ], [ 331420.1, 157594.8 ], [ 331419.7, 157618.7 ], [ 331401.6, 157706.6 ], [ 331386.1, 157742.2 ], [ 331424.7, 157766.5 ], [ 331432.5, 157809.5 ], [ 331402.6, 157883.0 ], [ 331371.9, 157899.7 ], [ 331328.6, 157952.8 ], [ 331314.0, 157989.3 ], [ 331316.3, 158010.2 ], [ 331332.3, 158037.0 ], [ 331373.8, 158080.9 ], [ 331384.7, 158110.9 ], [ 331382.2, 158133.1 ], [ 331394.4, 158147.1 ], [ 331385.0, 158161.6 ], [ 331401.3, 158220.7 ], [ 331402.7, 158248.1 ], [ 331382.0, 158274.0 ], [ 331396.3, 158293.4 ], [ 331425.3, 158277.7 ], [ 331429.3, 158256.0 ], [ 331442.6, 158265.2 ], [ 331427.6, 158328.4 ], [ 331412.8, 158346.1 ], [ 331420.7, 158361.5 ], [ 331389.3, 158386.3 ], [ 331392.8, 158444.6 ], [ 331407.3, 158465.9 ], [ 331443.8, 158490.6 ], [ 331431.2, 158501.0 ], [ 331396.1, 158482.1 ], [ 331376.3, 158456.0 ], [ 331369.5, 158423.3 ], [ 331369.9, 158384.9 ], [ 331387.6, 158358.7 ], [ 331389.3, 158341.6 ], [ 331361.5, 158296.1 ], [ 331374.9, 158234.0 ], [ 331360.3, 158192.4 ], [ 331354.2, 158108.3 ], [ 331297.4, 158049.6 ], [ 331282.2, 158013.7 ], [ 331281.8, 157976.1 ], [ 331298.0, 157926.7 ], [ 331336.5, 157886.8 ], [ 331354.9, 157839.2 ], [ 331357.5, 157812.1 ], [ 331334.1, 157801.9 ], [ 331260.2, 157858.6 ], [ 331221.5, 157896.7 ], [ 331217.8, 157939.1 ], [ 331181.5, 157970.0 ], [ 331135.6, 157973.7 ], [ 331108.9, 158011.0 ], [ 331070.1, 158029.7 ], [ 331066.0, 158051.6 ], [ 331042.9, 158061.3 ], [ 331043.4, 158075.1 ], [ 331026.5, 158084.7 ], [ 331029.6, 158103.1 ], [ 330988.3, 158138.4 ], [ 330988.0, 158148.3 ], [ 330952.4, 158231.5 ], [ 330954.4, 158250.4 ], [ 330937.7, 158400.9 ], [ 330948.1, 158440.4 ], [ 331014.3, 158528.7 ], [ 331033.2, 158570.9 ], [ 331015.7, 158578.3 ], [ 330992.2, 158535.8 ], [ 330974.3, 158537.8 ], [ 330984.9, 158563.9 ], [ 331017.1, 158663.0 ], [ 331042.3, 158753.2 ], [ 331070.7, 158812.8 ], [ 331121.9, 158942.0 ], [ 331174.1, 159096.3 ], [ 331205.9, 159185.5 ], [ 331230.3, 159269.5 ], [ 331258.7, 159351.9 ], [ 331276.3, 159431.3 ], [ 331323.2, 159622.0 ], [ 331347.7, 159731.0 ], [ 331382.0, 159870.7 ], [ 331415.7, 160000.0 ], [ 331445.4, 160182.3 ], [ 331468.6, 160311.8 ], [ 331478.0, 160383.0 ], [ 331497.6, 160459.6 ], [ 331510.9, 160529.5 ], [ 331528.4, 160602.2 ], [ 331551.7, 160725.2 ], [ 331562.3, 160798.9 ], [ 331603.0, 161022.3 ], [ 331639.4, 161275.5 ], [ 331645.5, 161340.5 ], [ 331654.3, 161537.3 ], [ 331653.3, 161635.5 ], [ 331642.1, 161681.1 ], [ 331629.0, 161716.1 ], [ 331611.4, 161747.7 ], [ 331616.0, 161753.2 ], [ 331546.9, 161823.8 ], [ 331497.0, 161863.5 ], [ 331466.3, 161880.9 ], [ 331396.7, 161893.5 ], [ 331351.2, 161894.3 ], [ 331333.9, 161875.1 ], [ 331325.4, 161878.7 ], [ 331309.4, 161859.4 ], [ 331257.2, 161828.2 ], [ 331241.2, 161808.6 ], [ 331239.0, 161773.1 ], [ 331149.8, 161799.9 ], [ 331156.3, 161823.5 ], [ 331140.5, 161856.1 ], [ 331146.1, 161873.6 ], [ 331200.8, 161885.2 ], [ 331239.1, 161876.5 ], [ 331249.2, 161894.9 ], [ 331261.1, 161962.9 ], [ 331256.2, 161996.3 ], [ 331240.8, 162034.6 ], [ 331224.2, 162055.7 ], [ 331207.2, 162059.6 ], [ 331163.8, 162035.0 ], [ 331120.4, 162065.9 ], [ 331114.1, 162056.0 ], [ 331062.7, 162070.5 ], [ 331057.4, 162085.1 ], [ 331006.8, 162081.4 ], [ 330972.2, 162095.7 ], [ 330937.5, 162116.3 ], [ 330896.8, 162122.3 ], [ 330877.4, 162144.4 ], [ 330887.1, 162176.7 ], [ 330883.5, 162190.0 ], [ 330844.5, 162210.4 ], [ 330831.2, 162228.6 ], [ 330827.2, 162269.7 ], [ 330815.9, 162291.5 ], [ 330831.1, 162391.4 ], [ 330871.4, 162473.9 ], [ 330887.6, 162487.1 ], [ 330956.2, 162507.0 ], [ 330996.3, 162533.6 ], [ 330986.2, 162555.4 ], [ 331005.6, 162556.8 ], [ 331015.4, 162569.7 ], [ 331004.5, 162579.8 ], [ 331052.8, 162620.5 ], [ 331143.3, 162648.1 ], [ 331176.2, 162644.3 ], [ 331197.2, 162656.5 ], [ 331232.5, 162665.6 ], [ 331296.2, 162689.0 ], [ 331305.5, 162710.9 ], [ 331337.5, 162732.5 ], [ 331360.0, 162725.7 ], [ 331362.8, 162738.0 ], [ 331391.0, 162742.7 ], [ 331401.2, 162727.6 ], [ 331416.3, 162735.1 ], [ 331429.0, 162726.1 ], [ 331449.7, 162750.0 ], [ 331481.6, 162758.8 ], [ 331488.3, 162782.5 ], [ 331531.5, 162797.8 ], [ 331541.9, 162814.8 ], [ 331581.3, 162814.3 ], [ 331629.9, 162837.3 ], [ 331720.5, 162843.7 ], [ 331732.5, 162850.0 ], [ 331746.5, 162882.3 ], [ 331781.5, 162890.0 ], [ 331825.3, 162885.6 ], [ 331844.2, 162890.5 ], [ 331873.1, 162925.3 ], [ 331901.3, 162924.5 ], [ 331914.9, 162905.6 ], [ 331956.3, 162904.1 ], [ 332099.4, 162960.9 ], [ 332261.3, 163018.1 ], [ 332347.1, 163041.6 ], [ 332454.1, 163046.3 ], [ 332484.1, 163052.0 ], [ 332526.1, 163067.1 ], [ 332545.7, 163080.0 ], [ 332581.7, 163125.0 ], [ 332590.5, 163148.9 ], [ 332607.8, 163141.5 ], [ 332609.4, 163114.3 ], [ 332623.6, 163105.5 ], [ 332638.6, 163123.9 ], [ 332669.0, 163134.6 ], [ 332719.5, 163162.0 ], [ 332778.3, 163216.2 ], [ 332831.0, 163277.8 ], [ 332863.4, 163324.2 ], [ 332907.6, 163408.9 ], [ 332921.6, 163442.0 ], [ 333005.1, 163723.0 ], [ 333040.3, 163860.8 ], [ 333049.8, 163912.5 ], [ 333123.0, 164405.3 ], [ 333129.0, 164595.7 ], [ 333128.0, 164787.2 ], [ 333135.7, 165000.0 ], [ 333121.3, 165168.2 ], [ 333116.6, 165240.3 ], [ 333110.3, 165259.6 ], [ 333078.7, 165309.0 ], [ 333048.6, 165339.3 ], [ 333003.1, 165361.2 ], [ 332964.6, 165370.1 ], [ 332915.1, 165370.1 ], [ 332853.4, 165377.0 ], [ 332816.8, 165391.1 ], [ 332804.6, 165404.7 ], [ 332775.0, 165481.2 ], [ 332775.5, 165531.7 ], [ 332788.6, 165556.2 ], [ 332815.6, 165571.8 ], [ 332769.2, 165564.8 ], [ 332734.5, 165578.4 ], [ 332680.2, 165581.6 ], [ 332618.4, 165625.5 ], [ 332579.3, 165649.7 ], [ 332487.1, 165683.1 ], [ 332466.8, 165693.7 ], [ 332445.2, 165749.7 ], [ 332406.5, 165901.5 ], [ 332387.8, 165910.1 ], [ 332361.8, 165893.5 ], [ 332330.1, 165911.0 ], [ 332242.7, 165922.7 ], [ 332209.5, 165918.3 ], [ 332166.3, 165899.1 ], [ 332131.8, 165901.7 ], [ 332092.8, 165897.7 ], [ 332069.8, 165905.1 ], [ 332002.4, 165909.5 ], [ 331961.2, 165905.1 ], [ 331947.0, 165908.5 ], [ 331929.6, 165928.5 ], [ 331894.3, 165929.3 ], [ 331873.4, 165917.3 ], [ 331849.8, 165942.9 ], [ 331876.0, 165938.7 ], [ 331920.3, 165954.3 ], [ 331929.4, 165948.3 ], [ 331970.6, 165964.4 ], [ 332004.6, 165951.1 ], [ 332022.0, 165956.8 ], [ 332062.2, 165955.4 ], [ 332078.9, 165967.3 ], [ 332114.6, 165976.7 ], [ 332153.3, 165997.6 ], [ 332185.5, 166000.6 ], [ 332203.4, 166009.9 ], [ 332258.1, 166017.7 ], [ 332278.2, 166032.9 ], [ 332287.7, 166017.3 ], [ 332320.6, 166034.1 ], [ 332351.3, 166025.3 ], [ 332364.2, 166037.5 ], [ 332399.5, 166046.8 ], [ 332472.5, 166072.5 ], [ 332479.0, 166085.9 ], [ 332473.1, 166117.0 ], [ 332457.0, 166125.4 ], [ 332491.6, 166137.7 ], [ 332527.5, 166160.4 ], [ 332578.3, 166178.7 ], [ 332606.2, 166178.0 ], [ 332615.0, 166191.9 ], [ 332655.2, 166195.3 ], [ 332666.5, 166187.9 ], [ 332679.9, 166205.0 ], [ 332720.5, 166232.5 ], [ 332734.2, 166227.6 ], [ 332734.5, 166243.2 ], [ 332786.8, 166260.1 ], [ 332810.2, 166284.6 ], [ 332871.2, 166312.8 ], [ 332906.2, 166322.3 ], [ 332950.3, 166359.6 ], [ 332965.4, 166357.5 ], [ 333025.7, 166372.2 ], [ 333134.6, 166347.3 ], [ 333168.6, 166356.4 ], [ 333208.8, 166353.8 ], [ 333219.5, 166358.3 ], [ 333257.7, 166355.0 ], [ 333305.0, 166371.2 ], [ 333334.8, 166375.3 ], [ 333394.7, 166396.3 ], [ 333416.6, 166371.6 ], [ 333435.0, 166367.3 ], [ 333440.3, 166332.1 ], [ 333453.1, 166321.8 ], [ 333478.8, 166318.9 ], [ 333523.0, 166329.5 ], [ 333556.3, 166349.1 ], [ 333592.3, 166386.4 ], [ 333649.6, 166386.5 ], [ 333702.4, 166413.3 ], [ 333713.1, 166436.9 ], [ 333706.8, 166447.2 ], [ 333733.4, 166472.8 ], [ 333744.4, 166468.8 ], [ 333800.4, 166509.4 ], [ 333844.5, 166528.3 ], [ 333889.7, 166519.3 ], [ 333912.0, 166559.5 ], [ 333899.2, 166585.6 ], [ 333909.7, 166596.2 ], [ 333953.5, 166612.7 ], [ 334008.9, 166652.6 ], [ 334024.2, 166673.8 ], [ 334120.1, 166741.2 ], [ 334164.5, 166755.9 ], [ 334219.5, 166790.1 ], [ 334237.3, 166793.9 ], [ 334260.8, 166812.1 ], [ 334343.1, 166853.6 ], [ 334425.9, 166891.3 ], [ 334463.9, 166904.2 ], [ 334502.7, 166906.5 ], [ 334532.2, 166921.3 ], [ 334585.1, 166955.8 ], [ 334680.3, 166989.1 ], [ 334715.3, 166990.9 ], [ 334771.1, 166973.1 ], [ 334813.2, 166983.4 ], [ 334875.6, 166981.5 ], [ 334892.3, 166956.8 ], [ 334877.6, 166930.9 ], [ 334883.7, 166900.3 ], [ 334898.9, 166886.8 ], [ 334901.1, 166862.6 ], [ 334886.6, 166848.2 ], [ 334903.5, 166815.2 ], [ 334925.2, 166799.3 ], [ 334901.9, 166747.7 ], [ 334883.5, 166742.3 ], [ 334879.5, 166723.6 ], [ 334901.5, 166689.6 ], [ 334885.7, 166646.9 ], [ 334887.0, 166611.8 ], [ 334875.7, 166577.8 ], [ 334861.8, 166570.2 ], [ 334835.7, 166571.1 ], [ 334846.2, 166553.5 ], [ 334852.3, 166506.8 ], [ 334841.7, 166468.8 ], [ 334825.4, 166449.4 ], [ 334826.1, 166406.6 ], [ 334820.8, 166389.8 ], [ 334791.9, 166363.0 ], [ 334760.3, 166320.5 ], [ 334742.3, 166259.3 ], [ 334742.4, 166222.6 ], [ 334734.6, 166203.5 ], [ 334749.6, 166197.1 ], [ 334765.5, 166210.1 ], [ 334780.2, 166236.7 ], [ 334785.1, 166270.1 ], [ 334817.2, 166310.4 ], [ 334833.2, 166339.6 ], [ 334859.3, 166367.3 ], [ 334868.1, 166396.8 ], [ 334892.1, 166376.6 ], [ 334917.8, 166373.4 ], [ 334960.8, 166394.3 ], [ 334971.4, 166423.7 ], [ 334972.4, 166448.1 ], [ 334996.3, 166382.1 ], [ 335021.0, 166359.8 ], [ 335045.8, 166350.2 ], [ 335071.9, 166353.9 ], [ 335119.2, 166383.0 ], [ 335127.6, 166361.8 ], [ 335106.7, 166293.1 ], [ 335113.5, 166258.4 ], [ 335137.1, 166243.7 ], [ 335195.1, 166249.4 ], [ 335203.7, 166235.8 ], [ 335200.1, 166183.3 ], [ 335235.1, 166130.0 ], [ 335292.9, 166075.3 ], [ 335309.9, 166052.7 ], [ 335331.5, 166042.0 ], [ 335340.2, 166048.6 ], [ 335329.8, 166071.2 ], [ 335260.1, 166146.9 ], [ 335243.1, 166182.1 ], [ 335244.7, 166236.1 ], [ 335240.6, 166263.1 ], [ 335223.7, 166281.8 ], [ 335186.0, 166289.0 ], [ 335168.5, 166285.6 ], [ 335155.5, 166297.5 ], [ 335164.3, 166325.4 ], [ 335168.9, 166372.3 ], [ 335161.0, 166406.0 ], [ 335144.7, 166425.9 ], [ 335121.3, 166435.5 ], [ 335081.6, 166407.9 ], [ 335050.8, 166402.6 ], [ 335019.3, 166434.6 ], [ 335006.2, 166470.5 ], [ 334982.5, 166491.4 ], [ 334945.8, 166493.7 ], [ 334922.1, 166485.1 ], [ 334926.1, 166456.9 ], [ 334906.9, 166465.8 ], [ 334887.4, 166456.4 ], [ 334894.0, 166505.1 ], [ 334938.3, 166543.1 ], [ 334983.7, 166605.3 ], [ 334991.1, 166631.1 ], [ 335015.8, 166622.7 ], [ 335053.9, 166649.5 ], [ 335084.7, 166641.4 ], [ 335083.3, 166623.5 ], [ 335100.0, 166620.4 ], [ 335123.5, 166600.1 ], [ 335160.8, 166588.5 ], [ 335203.2, 166566.6 ], [ 335229.5, 166560.1 ], [ 335281.4, 166558.6 ], [ 335349.7, 166568.9 ], [ 335391.7, 166579.2 ], [ 335416.6, 166579.2 ], [ 335484.7, 166589.6 ], [ 335642.1, 166607.8 ], [ 335793.3, 166639.8 ], [ 335871.6, 166657.8 ], [ 335938.5, 166670.6 ], [ 336033.9, 166683.0 ], [ 336090.9, 166706.6 ], [ 336156.3, 166715.1 ], [ 336275.5, 166716.6 ], [ 336331.2, 166702.0 ], [ 336397.5, 166680.8 ], [ 336414.3, 166671.8 ], [ 336436.3, 166675.9 ], [ 336462.0, 166661.4 ], [ 336483.7, 166679.5 ], [ 336506.3, 166660.1 ], [ 336511.9, 166643.1 ], [ 336499.6, 166613.8 ], [ 336510.3, 166605.0 ], [ 336535.9, 166608.8 ], [ 336566.2, 166587.9 ], [ 336607.7, 166570.0 ], [ 336658.5, 166562.2 ], [ 336695.8, 166541.6 ], [ 336718.4, 166519.5 ], [ 336749.3, 166507.7 ], [ 336799.6, 166468.0 ], [ 336832.3, 166460.3 ], [ 336858.9, 166421.8 ], [ 336857.1, 166398.5 ], [ 336871.0, 166370.7 ], [ 336888.9, 166355.5 ], [ 336931.7, 166331.7 ], [ 336953.3, 166326.4 ], [ 337025.5, 166320.3 ], [ 337061.0, 166304.5 ], [ 337151.8, 166244.4 ], [ 337181.0, 166230.6 ], [ 337254.5, 166228.4 ], [ 337302.1, 166210.5 ], [ 337394.7, 166193.8 ], [ 337447.4, 166198.2 ], [ 337459.3, 166206.4 ], [ 337489.4, 166194.5 ], [ 337526.1, 166150.2 ], [ 337572.2, 166061.4 ], [ 337564.0, 166049.8 ], [ 337575.0, 166032.4 ], [ 337581.0, 165986.3 ], [ 337601.2, 165951.9 ], [ 337647.6, 165922.8 ], [ 337701.6, 165866.1 ], [ 337762.2, 165836.1 ], [ 337797.3, 165824.2 ], [ 337793.0, 165803.2 ], [ 337826.4, 165819.2 ], [ 337858.1, 165802.1 ], [ 337936.0, 165786.8 ], [ 337984.6, 165781.2 ], [ 338022.5, 165754.1 ], [ 338021.1, 165779.0 ], [ 338067.0, 165788.0 ], [ 338103.7, 165771.8 ], [ 338126.0, 165768.6 ], [ 338128.6, 165779.2 ], [ 338082.2, 165797.9 ], [ 338096.3, 165813.5 ], [ 338133.7, 165823.3 ], [ 338133.1, 165846.2 ], [ 338100.6, 165841.8 ], [ 338065.5, 165819.7 ], [ 338025.3, 165809.5 ], [ 337997.9, 165808.8 ], [ 337970.8, 165817.8 ], [ 337973.3, 165849.9 ], [ 337965.9, 165854.1 ], [ 337954.5, 165828.6 ], [ 337894.4, 165861.8 ], [ 337860.8, 165865.1 ], [ 337817.1, 165880.6 ], [ 337791.7, 165876.8 ], [ 337738.0, 165904.6 ], [ 337719.2, 165924.7 ], [ 337667.8, 165963.3 ], [ 337646.0, 165998.0 ], [ 337651.5, 166022.0 ], [ 337640.7, 166042.4 ], [ 337640.9, 166082.4 ], [ 337622.6, 166130.1 ], [ 337572.8, 166186.5 ], [ 337559.5, 166207.6 ], [ 337554.0, 166239.6 ], [ 337529.8, 166277.1 ], [ 337524.0, 166297.5 ], [ 337544.5, 166323.9 ], [ 337547.6, 166361.6 ], [ 337574.4, 166386.5 ], [ 337607.2, 166394.9 ], [ 337625.4, 166386.3 ], [ 337658.0, 166359.9 ], [ 337703.8, 166336.4 ], [ 337764.5, 166325.6 ], [ 337768.1, 166345.3 ], [ 337728.3, 166350.0 ], [ 337699.8, 166359.7 ], [ 337651.2, 166389.1 ], [ 337633.9, 166411.3 ], [ 337609.9, 166418.0 ], [ 337579.8, 166413.5 ], [ 337543.7, 166399.5 ], [ 337526.6, 166385.2 ], [ 337516.0, 166350.6 ], [ 337486.4, 166321.9 ], [ 337472.9, 166284.9 ], [ 337459.8, 166278.1 ], [ 337434.3, 166283.8 ], [ 337399.0, 166279.7 ], [ 337347.5, 166285.6 ], [ 337284.5, 166298.0 ], [ 337237.6, 166295.9 ], [ 337207.8, 166306.5 ], [ 337165.1, 166337.8 ], [ 337114.1, 166388.4 ], [ 337090.9, 166403.9 ], [ 336984.3, 166417.1 ], [ 336948.7, 166449.3 ], [ 336886.6, 166513.0 ], [ 336866.6, 166538.3 ], [ 336823.7, 166577.0 ], [ 336790.4, 166599.0 ], [ 336747.6, 166619.0 ], [ 336713.0, 166629.1 ], [ 336693.0, 166617.7 ], [ 336646.6, 166631.7 ], [ 336606.2, 166657.3 ], [ 336579.5, 166699.0 ], [ 336576.1, 166723.7 ], [ 336597.9, 166754.5 ], [ 336610.1, 166762.4 ], [ 336624.6, 166794.6 ], [ 336720.5, 166896.1 ], [ 336743.8, 166911.3 ], [ 336799.9, 167000.7 ], [ 336827.4, 167037.1 ], [ 336862.2, 167066.4 ], [ 336935.9, 167108.7 ], [ 336976.3, 167125.5 ], [ 337012.2, 167157.7 ], [ 337114.5, 167259.7 ], [ 337130.7, 167266.8 ], [ 337169.3, 167307.4 ], [ 337561.8, 167700.7 ], [ 337599.5, 167706.4 ], [ 337619.3, 167714.9 ], [ 337679.2, 167784.6 ], [ 337725.3, 167833.2 ], [ 337800.5, 167918.9 ], [ 337807.0, 167930.9 ], [ 337796.0, 167947.8 ], [ 337810.4, 168000.9 ], [ 337850.6, 168041.5 ], [ 337901.7, 168073.2 ], [ 337927.3, 168123.0 ], [ 337922.0, 168226.1 ], [ 337989.9, 168329.1 ], [ 338039.4, 168395.5 ], [ 338083.8, 168450.1 ], [ 338127.8, 168539.0 ], [ 338159.2, 168581.9 ], [ 338206.8, 168639.6 ], [ 338275.0, 168744.8 ], [ 338322.5, 168800.0 ], [ 338342.5, 168808.6 ], [ 338355.6, 168803.1 ], [ 338386.2, 168771.7 ], [ 338407.8, 168726.4 ], [ 338385.5, 168643.7 ], [ 338346.3, 168659.0 ], [ 338287.6, 168649.9 ], [ 338273.7, 168636.9 ], [ 338266.9, 168601.5 ], [ 338280.5, 168565.3 ], [ 338300.8, 168542.6 ], [ 338372.1, 168502.6 ], [ 338406.7, 168527.4 ], [ 338438.8, 168541.0 ], [ 338424.0, 168549.5 ], [ 338400.5, 168540.9 ], [ 338368.3, 168515.0 ], [ 338306.6, 168553.9 ], [ 338287.3, 168575.4 ], [ 338279.0, 168616.6 ], [ 338297.3, 168639.5 ], [ 338336.3, 168637.7 ], [ 338373.5, 168626.5 ], [ 338406.3, 168633.2 ], [ 338409.1, 168655.6 ], [ 338427.9, 168707.1 ], [ 338429.5, 168722.7 ], [ 338414.4, 168769.6 ], [ 338376.5, 168837.3 ], [ 338393.7, 168882.3 ], [ 338405.3, 168957.2 ], [ 338404.6, 169005.6 ], [ 338409.7, 169056.1 ], [ 338429.0, 169099.6 ], [ 338454.5, 169128.3 ], [ 338475.6, 169166.5 ], [ 338484.8, 169209.0 ], [ 338506.7, 169271.4 ], [ 338549.4, 169453.2 ], [ 338607.0, 169619.6 ], [ 338640.2, 169655.5 ], [ 338645.3, 169667.5 ], [ 338657.9, 169752.7 ], [ 338667.5, 169780.5 ], [ 338708.4, 169973.0 ], [ 338718.1, 169996.5 ], [ 338781.9, 170052.8 ], [ 338805.1, 170094.0 ], [ 338789.3, 170100.1 ], [ 338796.1, 170126.3 ], [ 338816.2, 170138.5 ], [ 338828.0, 170156.7 ], [ 338852.4, 170173.0 ], [ 338875.8, 170199.2 ], [ 338901.2, 170198.7 ], [ 338924.2, 170234.8 ], [ 338943.0, 170250.5 ], [ 338975.5, 170248.0 ], [ 339022.4, 170228.5 ], [ 339062.6, 170233.7 ], [ 339080.7, 170256.7 ], [ 339084.6, 170273.7 ], [ 339108.7, 170289.6 ], [ 339127.2, 170269.8 ], [ 339147.5, 170265.9 ], [ 339178.1, 170241.2 ], [ 339207.7, 170227.2 ], [ 339197.6, 170259.1 ], [ 339272.0, 170332.6 ], [ 339295.6, 170326.3 ], [ 339313.3, 170344.8 ], [ 339283.3, 170383.6 ], [ 339254.3, 170384.8 ], [ 339223.8, 170399.9 ], [ 339252.2, 170434.1 ], [ 339246.0, 170448.0 ], [ 339217.3, 170472.1 ], [ 339216.1, 170501.5 ], [ 339227.2, 170505.3 ], [ 339218.7, 170533.0 ], [ 339205.2, 170532.4 ], [ 339198.0, 170473.0 ], [ 339199.9, 170433.0 ], [ 339181.6, 170415.3 ], [ 339180.8, 170402.2 ], [ 339195.6, 170367.8 ], [ 339220.6, 170337.0 ], [ 339195.8, 170307.4 ], [ 339182.5, 170304.5 ], [ 339147.3, 170343.3 ], [ 339104.4, 170373.8 ], [ 339146.2, 170434.5 ], [ 339139.5, 170481.4 ], [ 339140.7, 170518.6 ], [ 339127.9, 170533.3 ], [ 339080.1, 170562.0 ], [ 339025.9, 170575.1 ], [ 338986.7, 170596.2 ], [ 338957.1, 170632.4 ], [ 338970.7, 170672.3 ], [ 338987.3, 170695.5 ], [ 339034.1, 170735.8 ], [ 339131.8, 170793.1 ], [ 339180.4, 170817.0 ], [ 339272.0, 170855.0 ], [ 339321.2, 170881.7 ], [ 339374.1, 170918.4 ], [ 339434.8, 170965.2 ], [ 339468.2, 170981.8 ], [ 339597.1, 171109.8 ], [ 339623.6, 171126.0 ], [ 339847.2, 171210.8 ], [ 339869.7, 171238.1 ], [ 339904.3, 171295.0 ], [ 339914.5, 171327.2 ], [ 339914.8, 171358.7 ], [ 339904.1, 171377.5 ], [ 339913.3, 171398.4 ], [ 339942.0, 171417.2 ], [ 339966.4, 171445.6 ], [ 339957.3, 171467.3 ], [ 339976.1, 171492.1 ], [ 340041.2, 171555.2 ], [ 340107.0, 171581.2 ], [ 340165.2, 171609.3 ], [ 340190.0, 171647.5 ], [ 340202.8, 171678.4 ], [ 340206.3, 171723.3 ], [ 340197.5, 171755.8 ], [ 340216.0, 171855.5 ], [ 340186.4, 171876.9 ], [ 340183.0, 171889.8 ], [ 340203.9, 171932.4 ], [ 340185.8, 171950.5 ], [ 340215.6, 171979.5 ], [ 340213.1, 172010.7 ], [ 340233.6, 172028.8 ], [ 340259.0, 172066.4 ], [ 340279.0, 172107.8 ], [ 340299.9, 172134.9 ], [ 340305.0, 172171.4 ], [ 340317.7, 172195.7 ], [ 340344.8, 172229.7 ], [ 340385.3, 172259.7 ], [ 340398.2, 172287.7 ], [ 340421.6, 172314.3 ], [ 340436.2, 172341.6 ], [ 340461.0, 172362.5 ], [ 340496.7, 172438.8 ], [ 340511.0, 172455.0 ], [ 340549.5, 172513.5 ], [ 340564.3, 172530.0 ], [ 340604.8, 172556.9 ], [ 340646.3, 172600.7 ], [ 340661.5, 172625.6 ], [ 340699.1, 172646.5 ], [ 340709.4, 172670.4 ], [ 340772.1, 172712.1 ], [ 340779.3, 172734.3 ], [ 340811.8, 172763.1 ], [ 340818.2, 172783.2 ], [ 340845.8, 172811.2 ], [ 340875.5, 172862.1 ], [ 340892.8, 172882.0 ], [ 340898.2, 172918.2 ], [ 340887.7, 172943.4 ], [ 340860.2, 172958.7 ], [ 340847.9, 172988.9 ], [ 340875.5, 173010.3 ], [ 340885.6, 173030.8 ], [ 340949.6, 173094.8 ], [ 340964.1, 173123.9 ], [ 340979.4, 173137.2 ], [ 340978.6, 173162.6 ], [ 340991.4, 173180.9 ], [ 341068.4, 173247.3 ], [ 341103.8, 173286.2 ], [ 341265.8, 173399.4 ], [ 341281.9, 173419.2 ], [ 341303.5, 173416.2 ], [ 341335.9, 173448.0 ], [ 341387.1, 173482.8 ], [ 341431.0, 173520.1 ], [ 341497.5, 173591.8 ], [ 341542.8, 173612.4 ], [ 341556.5, 173632.6 ], [ 341580.7, 173647.1 ], [ 341614.3, 173650.5 ], [ 341637.3, 173686.6 ], [ 341662.0, 173698.4 ], [ 341677.8, 173720.7 ], [ 341718.5, 173749.5 ], [ 341766.3, 173796.8 ], [ 341805.4, 173819.1 ], [ 341821.6, 173838.0 ], [ 341834.9, 173838.3 ], [ 341867.2, 173880.7 ], [ 341869.6, 173917.0 ], [ 341917.6, 173967.1 ], [ 341966.0, 173990.0 ], [ 342001.6, 174026.5 ], [ 342041.1, 174059.8 ], [ 342102.0, 174103.8 ], [ 342158.3, 174159.2 ], [ 342172.7, 174157.7 ], [ 342262.8, 174215.7 ], [ 342315.2, 174254.6 ], [ 342335.9, 174291.3 ], [ 342386.2, 174312.4 ], [ 342425.8, 174349.1 ], [ 342452.8, 174394.8 ], [ 342467.1, 174389.6 ], [ 342485.9, 174405.4 ], [ 342543.4, 174424.7 ], [ 342559.8, 174450.1 ], [ 342603.5, 174454.3 ], [ 342661.5, 174475.4 ], [ 342724.9, 174504.5 ], [ 342750.8, 174526.9 ], [ 342806.8, 174553.3 ], [ 342865.6, 174552.0 ], [ 342885.1, 174570.9 ], [ 342876.4, 174590.2 ], [ 342893.6, 174625.4 ], [ 342919.6, 174647.5 ], [ 342934.5, 174668.9 ], [ 342967.3, 174702.2 ], [ 342983.7, 174731.9 ], [ 343000.8, 174742.2 ], [ 343012.2, 174767.6 ], [ 343049.5, 174815.8 ], [ 343063.2, 174823.5 ], [ 343082.1, 174857.1 ], [ 343117.3, 174889.1 ], [ 343138.7, 174893.9 ], [ 343162.5, 174924.4 ], [ 343189.0, 174942.6 ], [ 343175.2, 174964.8 ], [ 343214.9, 175014.1 ], [ 343230.3, 175026.9 ], [ 343234.5, 175046.8 ], [ 343208.0, 175073.3 ], [ 343209.4, 175092.8 ], [ 343223.6, 175087.2 ], [ 343275.7, 175189.5 ], [ 343299.2, 175206.3 ], [ 343307.0, 175229.5 ], [ 343354.6, 175252.7 ], [ 343373.5, 175292.9 ], [ 343380.2, 175323.6 ], [ 343395.3, 175336.0 ], [ 343452.4, 175419.3 ], [ 343479.3, 175423.7 ], [ 343486.7, 175445.1 ], [ 343512.8, 175452.8 ], [ 343519.5, 175475.7 ], [ 343537.7, 175479.3 ], [ 343540.5, 175500.5 ], [ 343572.0, 175503.4 ], [ 343582.3, 175522.3 ], [ 343600.7, 175535.1 ], [ 343600.3, 175558.9 ], [ 343613.9, 175561.0 ], [ 343700.4, 175650.9 ], [ 343719.6, 175668.4 ], [ 343762.2, 175696.5 ], [ 343819.8, 175728.8 ], [ 343839.2, 175749.0 ], [ 343848.3, 175772.3 ], [ 343860.3, 175833.5 ], [ 343882.5, 175887.5 ], [ 343924.3, 175927.9 ], [ 343979.3, 175945.1 ], [ 344023.1, 176010.7 ], [ 344043.8, 176023.6 ], [ 344115.0, 176084.7 ], [ 344119.8, 176118.5 ], [ 344232.5, 176174.1 ], [ 344256.2, 176206.6 ], [ 344307.4, 176263.6 ], [ 344337.8, 176278.0 ], [ 344368.3, 176328.1 ], [ 344389.1, 176354.6 ], [ 344428.0, 176389.7 ], [ 344482.6, 176462.8 ], [ 344499.8, 176496.1 ], [ 344525.4, 176528.1 ], [ 344587.7, 176573.8 ], [ 344634.2, 176584.6 ], [ 344685.4, 176610.4 ], [ 344716.3, 176636.3 ], [ 344737.3, 176644.7 ], [ 344773.5, 176648.1 ], [ 344821.2, 176638.7 ], [ 344866.3, 176609.4 ], [ 344891.5, 176608.6 ], [ 344919.2, 176616.1 ], [ 344975.2, 176644.6 ], [ 345041.6, 176658.8 ], [ 345069.8, 176654.9 ], [ 345102.2, 176660.5 ], [ 345168.2, 176694.9 ], [ 345209.5, 176694.6 ], [ 345259.8, 176699.9 ], [ 345291.7, 176686.3 ], [ 345342.2, 176702.9 ], [ 345431.8, 176712.0 ], [ 345484.6, 176735.6 ], [ 345506.1, 176734.4 ], [ 345536.0, 176747.8 ], [ 345561.1, 176747.6 ], [ 345623.2, 176760.8 ], [ 345680.7, 176781.2 ], [ 345707.0, 176807.6 ], [ 345748.2, 176837.0 ], [ 345791.5, 176877.0 ], [ 345815.3, 176889.3 ], [ 345887.1, 176908.5 ], [ 345919.1, 176936.5 ], [ 345957.3, 176960.1 ], [ 346016.2, 176984.8 ], [ 346062.8, 177009.9 ], [ 346063.3, 177032.8 ], [ 346025.5, 177056.8 ], [ 346021.9, 177075.6 ], [ 346080.0, 177146.7 ], [ 346134.1, 177189.2 ], [ 346187.6, 177223.5 ], [ 346239.2, 177246.8 ], [ 346271.1, 177254.3 ], [ 346311.1, 177247.9 ], [ 346350.6, 177229.3 ], [ 346339.4, 177241.3 ], [ 346336.8, 177281.4 ], [ 346378.8, 177336.1 ], [ 346434.2, 177424.4 ], [ 346457.8, 177482.3 ], [ 346464.6, 177512.1 ], [ 346452.8, 177539.3 ], [ 346409.9, 177549.0 ], [ 346390.3, 177565.4 ], [ 346392.8, 177585.1 ], [ 346455.0, 177597.6 ], [ 346515.7, 177600.4 ], [ 346656.8, 177595.3 ], [ 346700.8, 177599.9 ], [ 346765.5, 177594.7 ], [ 346804.4, 177597.6 ], [ 346863.2, 177588.4 ], [ 346908.2, 177593.1 ], [ 346936.6, 177602.8 ], [ 346987.3, 177600.5 ], [ 347012.9, 177610.1 ], [ 347127.5, 177607.1 ], [ 347157.5, 177611.5 ], [ 347194.9, 177632.2 ], [ 347232.1, 177637.8 ], [ 347269.6, 177627.8 ], [ 347293.3, 177632.3 ], [ 347319.2, 177612.6 ], [ 347400.8, 177608.8 ], [ 347428.3, 177630.2 ], [ 347479.8, 177601.4 ], [ 347531.1, 177559.9 ], [ 347537.4, 177527.7 ], [ 347585.3, 177484.4 ], [ 347636.5, 177474.4 ], [ 347551.8, 177368.5 ], [ 347548.8, 177348.0 ], [ 347563.8, 177335.0 ], [ 347575.7, 177346.5 ], [ 347621.0, 177315.0 ], [ 347659.2, 177323.9 ], [ 347724.5, 177324.4 ], [ 347755.2, 177308.3 ], [ 347789.8, 177275.9 ], [ 347825.1, 177277.1 ], [ 347849.2, 177306.2 ], [ 347848.6, 177346.3 ], [ 347842.5, 177392.5 ], [ 347848.1, 177400.3 ], [ 347942.3, 177380.0 ], [ 348048.7, 177363.6 ], [ 348128.8, 177360.9 ], [ 348203.9, 177365.9 ], [ 348375.9, 177384.9 ], [ 348535.8, 177393.2 ], [ 348573.6, 177403.3 ], [ 348604.5, 177397.0 ], [ 348625.7, 177400.4 ], [ 348659.4, 177416.6 ], [ 348747.2, 177447.3 ], [ 348813.9, 177458.2 ], [ 348867.2, 177477.9 ], [ 348900.3, 177485.8 ], [ 348942.9, 177487.3 ], [ 348938.3, 177458.9 ], [ 348976.3, 177482.0 ], [ 348996.9, 177483.7 ], [ 349024.9, 177441.7 ], [ 349025.8, 177426.9 ], [ 349003.4, 177383.5 ], [ 349004.2, 177359.4 ], [ 349023.8, 177335.5 ], [ 349068.1, 177303.6 ], [ 349100.8, 177297.2 ], [ 349117.8, 177300.2 ], [ 349152.3, 177323.3 ], [ 349180.2, 177319.6 ], [ 349222.1, 177321.9 ], [ 349236.2, 177315.0 ], [ 349259.0, 177350.2 ], [ 349297.4, 177369.5 ], [ 349326.1, 177355.5 ], [ 349333.5, 177361.6 ], [ 349310.0, 177385.6 ], [ 349255.2, 177361.9 ], [ 349229.8, 177330.5 ], [ 349161.9, 177338.6 ], [ 349137.3, 177334.0 ], [ 349111.2, 177316.2 ], [ 349090.9, 177313.1 ], [ 349046.8, 177339.6 ], [ 349028.3, 177372.2 ], [ 349036.1, 177392.6 ], [ 349060.9, 177418.9 ], [ 349066.4, 177437.1 ], [ 349037.9, 177512.8 ], [ 349046.1, 177523.5 ], [ 349091.4, 177519.1 ], [ 349145.4, 177525.4 ], [ 349141.0, 177504.1 ], [ 349170.4, 177495.5 ], [ 349196.0, 177502.6 ], [ 349155.4, 177504.3 ], [ 349155.1, 177530.7 ], [ 349225.0, 177636.4 ], [ 349261.8, 177679.3 ], [ 349329.1, 177732.7 ], [ 349381.5, 177759.0 ], [ 349411.7, 177808.8 ], [ 349464.0, 177840.6 ], [ 349497.2, 177851.5 ], [ 349504.5, 177866.5 ], [ 349525.7, 177865.7 ], [ 349554.6, 177884.6 ], [ 349581.8, 177916.3 ], [ 349608.3, 177969.5 ], [ 349614.2, 178007.2 ], [ 349570.5, 178049.7 ], [ 349590.6, 178048.8 ], [ 349611.3, 178033.7 ], [ 349630.3, 178046.0 ], [ 349635.7, 178066.4 ], [ 349534.1, 178146.8 ], [ 349501.5, 178177.3 ], [ 349445.6, 178245.3 ], [ 349383.8, 178326.4 ], [ 349374.1, 178371.2 ], [ 349390.5, 178401.1 ], [ 349402.2, 178408.0 ], [ 349510.2, 178446.7 ], [ 349509.9, 178432.3 ], [ 349413.2, 178398.2 ], [ 349391.8, 178376.0 ], [ 349395.7, 178335.5 ], [ 349493.6, 178207.7 ], [ 349542.4, 178155.8 ], [ 349602.2, 178109.3 ], [ 349652.3, 178184.1 ], [ 349652.7, 178200.7 ], [ 349673.6, 178201.1 ], [ 349827.1, 178286.3 ], [ 349888.5, 178313.3 ], [ 349949.8, 178326.2 ], [ 350000.0, 178326.8 ], [ 350043.2, 178317.5 ], [ 350163.5, 178273.3 ], [ 350229.8, 178230.8 ], [ 350278.3, 178215.7 ], [ 350294.6, 178176.8 ], [ 350347.4, 178118.9 ], [ 350384.7, 178084.5 ], [ 350405.4, 178054.1 ], [ 350454.7, 178016.3 ], [ 350473.2, 177991.5 ], [ 350520.1, 177965.3 ], [ 350544.5, 177938.9 ], [ 350618.3, 177884.3 ], [ 350654.7, 177832.9 ], [ 350711.3, 177759.5 ], [ 350751.8, 177721.8 ], [ 350787.4, 177696.0 ], [ 350886.2, 177638.1 ], [ 350956.4, 177607.7 ], [ 351033.5, 177583.0 ], [ 351087.8, 177561.9 ], [ 351104.7, 177551.4 ], [ 351145.8, 177503.9 ], [ 351168.0, 177506.7 ], [ 351164.5, 177532.5 ], [ 351245.2, 177503.1 ], [ 351236.9, 177484.1 ], [ 351252.6, 177492.8 ], [ 351279.5, 177490.1 ], [ 351391.3, 177420.1 ], [ 351401.9, 177400.9 ], [ 351438.1, 177372.9 ], [ 351417.0, 177330.6 ], [ 351421.1, 177320.0 ], [ 351458.5, 177321.9 ], [ 351481.6, 177332.9 ], [ 351510.0, 177303.2 ], [ 351516.8, 177281.4 ], [ 351537.1, 177260.6 ], [ 351551.0, 177228.1 ], [ 351567.3, 177211.7 ], [ 351599.6, 177208.6 ], [ 351608.0, 177195.4 ], [ 351691.9, 177100.2 ], [ 351704.1, 177076.7 ], [ 351729.1, 177060.8 ], [ 351767.8, 177015.2 ], [ 351791.2, 176980.5 ], [ 351788.7, 176942.8 ], [ 351800.0, 176933.1 ], [ 351871.1, 176909.3 ], [ 351892.4, 176888.1 ], [ 351881.6, 176861.4 ], [ 351912.0, 176868.4 ], [ 351956.0, 176823.6 ], [ 351964.5, 176804.0 ], [ 352028.4, 176717.6 ], [ 352079.0, 176658.1 ], [ 352081.3, 176638.5 ], [ 352045.0, 176596.2 ], [ 352093.9, 176630.1 ], [ 352113.6, 176623.5 ], [ 352134.3, 176590.9 ], [ 352270.7, 176423.6 ], [ 352329.4, 176357.9 ], [ 352347.8, 176342.6 ], [ 352366.6, 176312.1 ], [ 352387.6, 176305.1 ], [ 352397.6, 176282.1 ], [ 352429.6, 176270.9 ], [ 352557.1, 176160.9 ], [ 352569.6, 176143.0 ], [ 352568.6, 176105.8 ], [ 352541.3, 175981.4 ], [ 352559.6, 175977.7 ], [ 352583.7, 176030.9 ], [ 352593.1, 176080.7 ], [ 352611.7, 176109.8 ], [ 352644.2, 176097.2 ], [ 352677.5, 176057.2 ], [ 352714.2, 176024.0 ], [ 352756.2, 175991.9 ], [ 352818.6, 175960.4 ], [ 352850.4, 175937.8 ], [ 352900.7, 175914.1 ], [ 352933.5, 175907.5 ], [ 353016.3, 175879.2 ], [ 353109.0, 175860.1 ], [ 353151.3, 175857.5 ], [ 353221.1, 175866.1 ], [ 353239.3, 175871.8 ], [ 353355.4, 175922.9 ], [ 353481.5, 175995.4 ], [ 353536.6, 176024.1 ], [ 353568.4, 176056.4 ], [ 353629.0, 176106.6 ], [ 353654.7, 176121.5 ], [ 353677.2, 176149.9 ], [ 353697.8, 176162.6 ], [ 353728.6, 176145.7 ], [ 353707.5, 176094.7 ], [ 353680.3, 176066.3 ], [ 353650.5, 176026.3 ], [ 353693.7, 176042.8 ], [ 353714.8, 176068.8 ], [ 353751.9, 176104.3 ], [ 353761.4, 176121.8 ], [ 353768.8, 176165.9 ], [ 353757.3, 176216.0 ], [ 353836.8, 176281.5 ], [ 353858.0, 176312.2 ], [ 353865.7, 176384.5 ], [ 353900.3, 176521.2 ], [ 353928.6, 176577.4 ], [ 353945.9, 176601.5 ], [ 354002.2, 176643.6 ], [ 354023.5, 176655.0 ], [ 354072.5, 176660.4 ], [ 354105.4, 176653.5 ], [ 354171.7, 176623.7 ], [ 354232.5, 176565.3 ], [ 354278.1, 176503.8 ], [ 354299.0, 176469.7 ], [ 354316.6, 176430.2 ], [ 354340.8, 176404.5 ], [ 354367.0, 176368.0 ], [ 354417.2, 176286.5 ], [ 354457.4, 176244.9 ], [ 354456.3, 176211.6 ], [ 354489.6, 176205.5 ], [ 354573.2, 176109.0 ], [ 354657.9, 176014.3 ], [ 354656.4, 175995.4 ], [ 354683.1, 175978.6 ], [ 354723.8, 175931.9 ], [ 354742.1, 175903.1 ], [ 354784.8, 175815.5 ], [ 354803.3, 175798.6 ], [ 354829.3, 175741.7 ], [ 354846.1, 175656.7 ], [ 354855.0, 175586.7 ], [ 354842.7, 175568.7 ], [ 354840.4, 175540.1 ], [ 354850.4, 175536.4 ], [ 354857.8, 175314.0 ], [ 354864.7, 175266.9 ], [ 354862.8, 175248.4 ], [ 354873.1, 175220.0 ], [ 354871.1, 175195.8 ], [ 354887.7, 175180.0 ], [ 354913.6, 175193.9 ], [ 354971.6, 175120.9 ], [ 354985.3, 175109.7 ], [ 355000.0, 175072.8 ], [ 355034.2, 175034.8 ], [ 355041.7, 175016.9 ], [ 355037.0, 175000.0 ], [ 355049.8, 174988.0 ], [ 355083.6, 174983.5 ], [ 355130.3, 174938.4 ], [ 355185.7, 174864.6 ], [ 355189.8, 174849.0 ], [ 355260.8, 174795.8 ], [ 355372.0, 174740.5 ], [ 355519.8, 174674.9 ], [ 355536.1, 174662.1 ], [ 355570.5, 174657.8 ], [ 355685.9, 174619.9 ], [ 355685.7, 174608.9 ], [ 355752.4, 174597.1 ], [ 355753.1, 174586.4 ], [ 355772.3, 174590.8 ], [ 355815.6, 174577.9 ], [ 355862.6, 174557.9 ], [ 355930.6, 174515.0 ], [ 355987.8, 174459.1 ], [ 356024.9, 174415.2 ], [ 356051.2, 174375.7 ], [ 356062.2, 174373.0 ], [ 356077.0, 174343.0 ], [ 356093.1, 174266.6 ], [ 356099.3, 174214.6 ], [ 356104.4, 174213.4 ], [ 356121.7, 174148.7 ], [ 356122.9, 174118.7 ], [ 356133.8, 174060.1 ], [ 356148.6, 174004.0 ], [ 356160.3, 173980.7 ], [ 356174.4, 173926.1 ], [ 356221.1, 173796.8 ], [ 356232.0, 173732.7 ], [ 356236.9, 173659.9 ], [ 356239.2, 173577.7 ], [ 356230.0, 173560.7 ], [ 356224.7, 173462.0 ], [ 356230.8, 173411.5 ], [ 356250.7, 173343.6 ], [ 356292.0, 173259.8 ], [ 356325.8, 173209.8 ], [ 356355.9, 173180.1 ], [ 356383.1, 173141.5 ], [ 356436.2, 173040.3 ], [ 356461.5, 172945.1 ], [ 356474.8, 172804.2 ], [ 356486.3, 172769.4 ], [ 356493.6, 172767.6 ], [ 356521.1, 172691.2 ], [ 356532.0, 172673.2 ], [ 356553.7, 172615.4 ], [ 356564.8, 172597.8 ], [ 356610.5, 172496.5 ], [ 356636.6, 172310.8 ], [ 356660.4, 172265.4 ], [ 356659.1, 172229.1 ], [ 356689.8, 172192.4 ], [ 356704.1, 172182.7 ], [ 356729.7, 172151.0 ], [ 356770.2, 172129.6 ], [ 356801.8, 172093.6 ], [ 356830.5, 172078.9 ], [ 356898.3, 172030.0 ], [ 356926.1, 172034.0 ], [ 357046.3, 172003.8 ], [ 357126.5, 171999.9 ], [ 357202.1, 172008.1 ], [ 357264.5, 172022.9 ], [ 357286.4, 172024.0 ], [ 357376.1, 172047.2 ], [ 357924.3, 172113.2 ], [ 358013.9, 172116.6 ], [ 358140.5, 172105.5 ], [ 358277.3, 172071.6 ], [ 358459.2, 172020.7 ], [ 358544.9, 172008.4 ], [ 358675.5, 172028.0 ], [ 358720.5, 172024.6 ], [ 358816.6, 172036.9 ], [ 358850.6, 172037.7 ], [ 358909.8, 172031.1 ], [ 358959.1, 172019.5 ], [ 359044.5, 171980.0 ], [ 359070.1, 171978.4 ], [ 359165.8, 171950.1 ], [ 359233.7, 171942.7 ], [ 359265.0, 171943.3 ], [ 359327.4, 171955.0 ], [ 359382.8, 171978.7 ], [ 359455.1, 172021.7 ], [ 359495.5, 172051.5 ], [ 359556.1, 172103.8 ], [ 359673.8, 172218.4 ], [ 359742.0, 172264.1 ], [ 359776.7, 172271.7 ], [ 359835.2, 172272.2 ], [ 359873.4, 172259.6 ], [ 359932.5, 172229.0 ], [ 359952.5, 172211.8 ], [ 359970.9, 172179.8 ], [ 359974.5, 172152.9 ], [ 359955.4, 172081.3 ], [ 359945.1, 172017.1 ], [ 359940.8, 171969.5 ], [ 359943.7, 171954.8 ], [ 359939.4, 171907.6 ], [ 359958.5, 171863.9 ], [ 359983.7, 171828.7 ], [ 360014.7, 171799.6 ], [ 360040.2, 171785.8 ], [ 360135.9, 171752.6 ], [ 360199.5, 171742.0 ], [ 360219.6, 171731.6 ], [ 360324.0, 171710.9 ], [ 360422.2, 171693.6 ], [ 360455.5, 171706.0 ], [ 360544.8, 171746.9 ], [ 360622.2, 171787.1 ], [ 360711.8, 171838.9 ], [ 360779.6, 171860.1 ], [ 360855.3, 171878.4 ], [ 360971.1, 171888.8 ], [ 360996.8, 171882.3 ], [ 361038.5, 171890.5 ], [ 361102.8, 171911.9 ], [ 361133.5, 171930.8 ], [ 361155.0, 171953.2 ], [ 361176.2, 171960.5 ], [ 361302.5, 172054.7 ], [ 361328.8, 172080.0 ], [ 361346.4, 172128.7 ], [ 361346.3, 172168.4 ], [ 361340.5, 172185.5 ], [ 361296.8, 172259.7 ], [ 361281.3, 172297.5 ], [ 361279.8, 172351.3 ], [ 361298.0, 172379.1 ], [ 361329.0, 172410.5 ], [ 361381.4, 172456.5 ], [ 361442.0, 172490.2 ], [ 361465.9, 172509.4 ], [ 361530.5, 172546.3 ], [ 361539.0, 172538.4 ], [ 361603.5, 172598.9 ], [ 361523.3, 172581.9 ], [ 361512.7, 172573.5 ], [ 361448.5, 172545.3 ], [ 361442.3, 172535.0 ], [ 361345.0, 172480.4 ], [ 361309.9, 172444.5 ], [ 361256.3, 172399.8 ], [ 361238.4, 172372.9 ], [ 361237.1, 172290.5 ], [ 361252.8, 172248.4 ], [ 361292.7, 172183.3 ], [ 361302.8, 172154.2 ], [ 361295.7, 172120.7 ], [ 361283.8, 172099.3 ], [ 361261.0, 172075.6 ], [ 361183.0, 172018.2 ], [ 361136.8, 171977.3 ], [ 361066.5, 171938.0 ], [ 361008.9, 171921.1 ], [ 360946.1, 171928.4 ], [ 360903.7, 171926.0 ], [ 360841.5, 171917.4 ], [ 360704.8, 171878.1 ], [ 360652.4, 171843.4 ], [ 360613.5, 171828.8 ], [ 360561.4, 171799.4 ], [ 360500.4, 171773.5 ], [ 360437.5, 171743.1 ], [ 360407.2, 171734.8 ], [ 360366.8, 171732.2 ], [ 360290.7, 171753.1 ], [ 360207.3, 171772.4 ], [ 360088.7, 171803.1 ], [ 360043.9, 171823.1 ], [ 360016.8, 171843.8 ], [ 360000.0, 171866.8 ], [ 359986.7, 171900.2 ], [ 359984.0, 171964.7 ], [ 359995.8, 172052.1 ], [ 360009.1, 172110.9 ], [ 360012.1, 172163.0 ], [ 360007.6, 172191.0 ], [ 359988.8, 172233.4 ], [ 359950.6, 172259.2 ], [ 359906.1, 172283.8 ], [ 359904.9, 172304.5 ], [ 359883.6, 172298.6 ], [ 359832.2, 172307.0 ], [ 359800.5, 172308.2 ], [ 359758.3, 172303.3 ], [ 359711.3, 172287.6 ], [ 359668.6, 172261.0 ], [ 359503.8, 172106.9 ], [ 359400.5, 172028.9 ], [ 359313.8, 171994.1 ], [ 359245.7, 171984.3 ], [ 359200.8, 171985.6 ], [ 359139.8, 171997.2 ], [ 359018.2, 172034.8 ], [ 358978.7, 172044.4 ], [ 358865.1, 172078.5 ], [ 358781.8, 172073.2 ], [ 358766.7, 172075.8 ], [ 358684.0, 172065.8 ], [ 358656.3, 172058.4 ], [ 358633.5, 172070.8 ], [ 358640.1, 172095.4 ], [ 358613.4, 172077.8 ], [ 358576.0, 172061.4 ], [ 358538.5, 172054.7 ], [ 358490.2, 172054.4 ], [ 358437.2, 172063.3 ], [ 358360.7, 172088.7 ], [ 358346.4, 172088.9 ], [ 358256.6, 172116.5 ], [ 358197.6, 172131.3 ], [ 358090.9, 172145.7 ], [ 357886.7, 172151.4 ], [ 357823.9, 172149.1 ], [ 357582.6, 172122.2 ], [ 357500.8, 172114.5 ], [ 357358.5, 172097.7 ], [ 357282.0, 172077.9 ], [ 357208.7, 172062.5 ], [ 357125.5, 172059.9 ], [ 357099.3, 172053.8 ], [ 357064.5, 172055.8 ], [ 356997.8, 172072.8 ], [ 356961.5, 172087.7 ], [ 356946.8, 172085.4 ], [ 356894.9, 172112.6 ], [ 356839.4, 172155.0 ], [ 356800.8, 172196.0 ], [ 356768.0, 172216.5 ], [ 356748.2, 172236.9 ], [ 356718.1, 172296.6 ], [ 356714.7, 172328.8 ], [ 356738.4, 172339.8 ], [ 356794.5, 172331.5 ], [ 356798.7, 172346.7 ], [ 356768.3, 172355.3 ], [ 356788.0, 172375.7 ], [ 356714.0, 172412.0 ], [ 356702.2, 172453.7 ], [ 356707.4, 172465.6 ], [ 356724.6, 172460.8 ], [ 356734.9, 172471.1 ], [ 356722.7, 172487.1 ], [ 356688.7, 172513.6 ], [ 356664.0, 172543.1 ], [ 356638.7, 172588.0 ], [ 356637.4, 172616.4 ], [ 356614.8, 172686.1 ], [ 356557.7, 172805.5 ], [ 356531.6, 172913.4 ], [ 356526.2, 172964.3 ], [ 356525.4, 173051.0 ], [ 356472.6, 173149.1 ], [ 356467.5, 173171.1 ], [ 356452.3, 173183.6 ], [ 356412.0, 173236.8 ], [ 356397.0, 173265.5 ], [ 356371.8, 173295.3 ], [ 356336.2, 173370.1 ], [ 356314.5, 173456.4 ], [ 356307.7, 173550.9 ], [ 356324.5, 173609.2 ], [ 356324.7, 173632.0 ], [ 356315.4, 173686.5 ], [ 356325.7, 173716.1 ], [ 356317.2, 173738.5 ], [ 356311.3, 173788.6 ], [ 356295.8, 173815.0 ], [ 356281.7, 173858.9 ], [ 356271.3, 173923.5 ], [ 356241.7, 174020.1 ], [ 356215.7, 174160.8 ], [ 356201.4, 174265.8 ], [ 356186.5, 174292.5 ], [ 356178.0, 174355.4 ], [ 356158.3, 174397.5 ], [ 356128.3, 174449.9 ], [ 356132.3, 174459.5 ], [ 356117.4, 174478.8 ], [ 355930.9, 174635.6 ], [ 355919.8, 174636.4 ], [ 355827.8, 174680.0 ], [ 355812.3, 174691.4 ], [ 355571.1, 174772.9 ], [ 355532.3, 174775.6 ], [ 355515.0, 174792.8 ], [ 355463.8, 174803.5 ], [ 355456.7, 174824.1 ], [ 355424.1, 174822.6 ], [ 355410.4, 174841.9 ], [ 355372.6, 174841.9 ], [ 355337.6, 174875.8 ], [ 355306.4, 174888.8 ], [ 355289.0, 174902.6 ], [ 355281.4, 174927.9 ], [ 355269.5, 174930.2 ], [ 355239.8, 174956.5 ], [ 355196.0, 175009.5 ], [ 355176.5, 175020.6 ], [ 355148.3, 175047.6 ], [ 355063.2, 175151.1 ], [ 355042.5, 175171.3 ], [ 355000.0, 175226.4 ], [ 354981.2, 175270.0 ], [ 354966.0, 175320.6 ], [ 354966.5, 175349.9 ], [ 354976.0, 175381.0 ], [ 354981.0, 175424.8 ], [ 354972.7, 175433.8 ], [ 354979.9, 175458.5 ], [ 354977.0, 175493.9 ], [ 354995.6, 175542.6 ], [ 354988.4, 175562.3 ], [ 354971.6, 175578.9 ], [ 354976.8, 175613.4 ], [ 354956.9, 175659.5 ], [ 354931.5, 175736.4 ], [ 354908.2, 175821.1 ], [ 354903.4, 175850.1 ], [ 354916.5, 175873.4 ], [ 354932.8, 175887.1 ], [ 354967.5, 175899.1 ], [ 354975.5, 175914.1 ], [ 354991.5, 175906.0 ], [ 355015.2, 175932.7 ], [ 355051.9, 175950.0 ], [ 355074.2, 175967.0 ], [ 355068.5, 175977.5 ], [ 355044.1, 175966.5 ], [ 355019.1, 175982.9 ], [ 354994.3, 175988.5 ], [ 354949.2, 175964.4 ], [ 354943.2, 175953.4 ], [ 354871.1, 175930.0 ], [ 354859.4, 175956.1 ], [ 354839.5, 175981.0 ], [ 354833.6, 176007.5 ], [ 354803.3, 176049.2 ], [ 354731.3, 176100.9 ], [ 354665.7, 176174.4 ], [ 354547.0, 176322.3 ], [ 354520.2, 176354.0 ], [ 354514.1, 176399.0 ], [ 354499.3, 176404.9 ], [ 354511.8, 176419.4 ], [ 354502.3, 176424.6 ], [ 354481.9, 176411.8 ], [ 354395.8, 176524.5 ], [ 354366.8, 176573.0 ], [ 354357.9, 176580.8 ], [ 354365.7, 176599.1 ], [ 354355.4, 176602.0 ], [ 354324.8, 176630.8 ], [ 354293.7, 176670.3 ], [ 354190.5, 176735.2 ], [ 354111.3, 176758.7 ], [ 354047.1, 176761.3 ], [ 354012.2, 176755.1 ], [ 353945.6, 176731.3 ], [ 353886.6, 176696.4 ], [ 353850.4, 176664.8 ], [ 353835.6, 176642.9 ], [ 353802.1, 176546.6 ], [ 353781.0, 176501.8 ], [ 353779.3, 176483.7 ], [ 353763.0, 176467.0 ], [ 353738.2, 176366.6 ], [ 353708.4, 176315.2 ], [ 353566.7, 176181.8 ], [ 353524.3, 176176.7 ], [ 353531.1, 176154.2 ], [ 353498.5, 176129.6 ], [ 353338.4, 176025.6 ], [ 353280.8, 175998.3 ], [ 353263.0, 176005.6 ], [ 353260.4, 175991.3 ], [ 353209.3, 175972.9 ], [ 353145.6, 175964.8 ], [ 353101.3, 175964.0 ], [ 353038.8, 175970.3 ], [ 352962.3, 175990.7 ], [ 352856.6, 176050.7 ], [ 352811.5, 176082.9 ], [ 352794.5, 176104.8 ], [ 352747.3, 176138.5 ], [ 352735.4, 176163.7 ], [ 352681.4, 176210.4 ], [ 352663.5, 176239.1 ], [ 352643.7, 176251.1 ], [ 352632.6, 176270.4 ], [ 352603.0, 176290.7 ], [ 352549.3, 176345.4 ], [ 352477.7, 176404.0 ], [ 352477.8, 176428.4 ], [ 352445.7, 176442.2 ], [ 352435.4, 176478.8 ], [ 352388.8, 176537.6 ], [ 352380.3, 176534.8 ], [ 352327.1, 176589.7 ], [ 352344.4, 176598.0 ], [ 352300.5, 176650.9 ], [ 352267.9, 176661.3 ], [ 352253.3, 176685.7 ], [ 352200.7, 176750.1 ], [ 352191.5, 176786.9 ], [ 352161.9, 176807.0 ], [ 352039.4, 176956.1 ], [ 352016.5, 177016.2 ], [ 352001.3, 177018.4 ], [ 351982.8, 177035.3 ], [ 351976.1, 177060.9 ], [ 351957.7, 177067.4 ], [ 351899.3, 177140.5 ], [ 351801.6, 177249.7 ], [ 351763.4, 177301.7 ], [ 351754.9, 177301.5 ], [ 351729.8, 177327.4 ], [ 351729.8, 177345.3 ], [ 351693.4, 177383.3 ], [ 351688.7, 177463.6 ], [ 351669.1, 177484.7 ], [ 351640.3, 177495.5 ], [ 351577.7, 177495.1 ], [ 351512.4, 177533.5 ], [ 351478.6, 177572.7 ], [ 351329.9, 177668.2 ], [ 351314.0, 177669.1 ], [ 351279.0, 177690.6 ], [ 351168.0, 177740.2 ], [ 351103.4, 177777.8 ], [ 351088.5, 177779.4 ], [ 351012.1, 177815.1 ], [ 350928.9, 177857.5 ], [ 350898.7, 177882.0 ], [ 350850.1, 177959.3 ], [ 350841.8, 177990.4 ], [ 350830.6, 178066.1 ], [ 350833.2, 178130.6 ], [ 350841.2, 178167.1 ], [ 350824.3, 178187.3 ], [ 350811.8, 178302.8 ], [ 350808.9, 178381.9 ], [ 350772.1, 178449.0 ], [ 350730.2, 178488.5 ], [ 350700.0, 178531.3 ], [ 350649.1, 178564.9 ], [ 350523.0, 178699.0 ], [ 350502.0, 178717.8 ], [ 350472.2, 178725.1 ], [ 350464.0, 178738.2 ], [ 350257.0, 178816.7 ], [ 350239.4, 178832.9 ], [ 350250.5, 178837.1 ], [ 350494.5, 178769.8 ], [ 350520.0, 178798.7 ], [ 350547.5, 178787.1 ], [ 350562.3, 178796.9 ], [ 350563.8, 178812.5 ], [ 350472.6, 178862.7 ], [ 350392.1, 178916.4 ], [ 350312.4, 178976.9 ], [ 350259.9, 179022.1 ], [ 350251.3, 179057.1 ], [ 350268.2, 179056.4 ], [ 350285.8, 179020.1 ], [ 350351.9, 178967.1 ], [ 350348.6, 178959.8 ], [ 350384.2, 178933.1 ], [ 350404.9, 178928.1 ], [ 350395.1, 178945.9 ], [ 350419.2, 178955.3 ], [ 350442.3, 178952.9 ], [ 350473.7, 178971.5 ], [ 350533.4, 178981.4 ], [ 350534.8, 179060.1 ], [ 350552.2, 179080.5 ], [ 350575.8, 179095.9 ], [ 350635.5, 179179.1 ], [ 350649.3, 179183.8 ], [ 350707.3, 179252.0 ], [ 350722.8, 179305.7 ], [ 350744.2, 179332.0 ], [ 350758.8, 179370.3 ], [ 350802.2, 179417.0 ], [ 350851.0, 179457.6 ], [ 350883.3, 179476.3 ], [ 350928.2, 179491.2 ], [ 350952.2, 179528.5 ], [ 350972.5, 179544.6 ], [ 351015.8, 179537.2 ], [ 351036.5, 179556.0 ], [ 351033.0, 179578.6 ], [ 351043.6, 179595.6 ], [ 351058.7, 179592.6 ], [ 351080.4, 179613.5 ], [ 351070.3, 179625.8 ], [ 351080.4, 179636.9 ], [ 351096.7, 179628.1 ], [ 351115.2, 179650.0 ], [ 351138.7, 179691.4 ], [ 351196.0, 179742.5 ], [ 351213.1, 179767.4 ], [ 351240.2, 179775.2 ], [ 351260.8, 179804.5 ], [ 351297.8, 179834.8 ], [ 351318.6, 179837.2 ], [ 351326.1, 179855.5 ], [ 351361.5, 179912.2 ], [ 351354.8, 179944.6 ], [ 351357.7, 179968.6 ], [ 351352.6, 179997.5 ], [ 351376.8, 180005.0 ], [ 351429.1, 179995.9 ], [ 351448.8, 180000.0 ], [ 351505.0, 180057.6 ], [ 351511.9, 180074.6 ], [ 351518.9, 180126.1 ], [ 351533.2, 180142.1 ], [ 351558.8, 180156.2 ], [ 351580.6, 180217.7 ], [ 351605.5, 180262.1 ], [ 351622.9, 180273.8 ], [ 351658.6, 180328.1 ], [ 351734.1, 180432.3 ], [ 351771.8, 180490.8 ], [ 351855.1, 180608.0 ], [ 351898.0, 180689.6 ], [ 351915.2, 180708.7 ], [ 351977.1, 180799.8 ], [ 352036.8, 180868.0 ], [ 352052.9, 180896.0 ], [ 352158.6, 181062.1 ], [ 352371.8, 181392.6 ], [ 352385.1, 181395.4 ], [ 352412.9, 181380.5 ], [ 352437.7, 181394.5 ], [ 352433.8, 181455.4 ], [ 352449.6, 181464.1 ], [ 352450.0, 181493.8 ], [ 352477.3, 181551.2 ], [ 352498.6, 181616.7 ], [ 352519.4, 181644.4 ], [ 352521.4, 181667.1 ], [ 352541.9, 181695.3 ], [ 352564.7, 181711.5 ], [ 352586.7, 181752.6 ], [ 352618.2, 181797.3 ], [ 352614.3, 181807.5 ], [ 352643.0, 181840.5 ], [ 352654.6, 181865.5 ], [ 352686.2, 181906.8 ], [ 352693.6, 181931.0 ], [ 352715.1, 181954.4 ], [ 352727.7, 181980.7 ], [ 352723.3, 181997.4 ], [ 352738.9, 181999.0 ], [ 352751.6, 182031.1 ], [ 352791.8, 182073.4 ], [ 352804.5, 182080.0 ], [ 352843.4, 182075.4 ], [ 352854.5, 182068.2 ], [ 352884.1, 182020.3 ], [ 352901.6, 182010.0 ], [ 352881.8, 182055.9 ], [ 352849.7, 182083.9 ], [ 352825.1, 182089.0 ], [ 352835.3, 182098.1 ], [ 352844.6, 182132.1 ], [ 352836.9, 182141.4 ], [ 352864.9, 182195.0 ], [ 352888.0, 182250.8 ], [ 352916.0, 182292.0 ], [ 352924.4, 182316.0 ], [ 352951.1, 182365.6 ], [ 352982.7, 182402.7 ], [ 352989.7, 182421.9 ], [ 353020.5, 182462.8 ], [ 353036.5, 182494.0 ], [ 353057.8, 182521.8 ], [ 353084.1, 182568.9 ], [ 353085.9, 182584.2 ], [ 353105.1, 182602.2 ], [ 353107.3, 182621.8 ], [ 353135.4, 182653.3 ], [ 353140.2, 182671.3 ], [ 353162.3, 182709.3 ], [ 353188.0, 182741.9 ], [ 353199.5, 182775.9 ], [ 353231.2, 182815.5 ], [ 353237.6, 182835.1 ], [ 353268.8, 182887.1 ], [ 353277.9, 182911.3 ], [ 353293.2, 182927.5 ], [ 353311.6, 182965.5 ], [ 353344.7, 183008.2 ], [ 353355.6, 183034.6 ], [ 353382.7, 183067.2 ], [ 353382.8, 183076.3 ], [ 353410.2, 183107.1 ], [ 353451.2, 183174.0 ], [ 353464.6, 183172.5 ], [ 353499.7, 183137.3 ], [ 353545.0, 183098.7 ], [ 353551.0, 183108.6 ], [ 353460.8, 183191.7 ], [ 353483.3, 183249.1 ], [ 353475.0, 183262.7 ], [ 353483.0, 183289.3 ], [ 353521.3, 183350.6 ], [ 353529.3, 183349.6 ], [ 353545.9, 183375.1 ], [ 353577.5, 183456.8 ], [ 353587.2, 183504.6 ], [ 353586.8, 183558.6 ], [ 353596.0, 183583.9 ], [ 353620.2, 183619.9 ], [ 353659.2, 183740.1 ], [ 353666.7, 183786.2 ], [ 353689.4, 183819.2 ], [ 353694.9, 183860.4 ], [ 353719.2, 183906.3 ], [ 353742.4, 183970.7 ], [ 353775.9, 184121.8 ], [ 353782.1, 184176.0 ], [ 353805.6, 184299.0 ], [ 353817.0, 184321.0 ], [ 353819.0, 184370.5 ], [ 353835.6, 184433.7 ], [ 353823.6, 184496.4 ], [ 353830.5, 184564.9 ], [ 353845.9, 184587.4 ], [ 353838.5, 184642.3 ], [ 353822.9, 184680.4 ], [ 353836.3, 184697.4 ], [ 353838.3, 184758.0 ], [ 353846.8, 184797.4 ], [ 353856.1, 185000.0 ], [ 353853.5, 185056.1 ], [ 353847.4, 185092.1 ], [ 353864.5, 185163.6 ], [ 353866.4, 185234.7 ], [ 353885.5, 185357.7 ], [ 353900.3, 185395.4 ], [ 353919.1, 185425.0 ], [ 353927.3, 185506.3 ], [ 353917.8, 185540.4 ], [ 353894.8, 185576.7 ], [ 353885.6, 185608.1 ], [ 353882.3, 185651.3 ], [ 353887.5, 185734.0 ], [ 353902.4, 185772.3 ], [ 353918.4, 185777.0 ], [ 353974.3, 185774.4 ], [ 354002.6, 185954.0 ], [ 354015.1, 185990.8 ], [ 354033.0, 186064.5 ], [ 354041.6, 186116.9 ], [ 354077.6, 186221.0 ], [ 354119.5, 186298.6 ], [ 354129.3, 186307.8 ], [ 354243.0, 186345.8 ], [ 354270.5, 186363.5 ], [ 354297.7, 186396.6 ], [ 354300.6, 186422.5 ], [ 354322.5, 186422.9 ], [ 354389.8, 186465.2 ], [ 354438.4, 186481.5 ], [ 354470.6, 186475.5 ], [ 354507.4, 186487.5 ], [ 354520.3, 186499.7 ], [ 354552.1, 186497.7 ], [ 354566.2, 186475.9 ], [ 354538.2, 186489.8 ], [ 354516.3, 186477.1 ], [ 354492.6, 186433.9 ], [ 354495.3, 186403.1 ], [ 354506.2, 186393.5 ], [ 354537.5, 186391.6 ], [ 354554.6, 186400.2 ], [ 354596.4, 186373.5 ], [ 354603.3, 186382.5 ], [ 354571.5, 186410.1 ], [ 354527.1, 186409.5 ], [ 354515.5, 186416.0 ], [ 354514.3, 186435.2 ], [ 354528.8, 186457.3 ], [ 354543.3, 186461.8 ], [ 354563.8, 186446.9 ], [ 354579.4, 186449.0 ], [ 354585.7, 186473.8 ], [ 354576.3, 186514.6 ], [ 354585.1, 186561.0 ], [ 354605.6, 186583.6 ], [ 354630.1, 186596.0 ], [ 354700.3, 186678.6 ], [ 354727.5, 186701.3 ], [ 354726.8, 186722.8 ], [ 354764.9, 186773.9 ], [ 354779.8, 186814.3 ], [ 354818.4, 186867.5 ], [ 354862.3, 186938.3 ], [ 354903.0, 186976.0 ], [ 354942.9, 187034.6 ], [ 354985.0, 187079.7 ], [ 355010.8, 187102.5 ], [ 355094.0, 187184.3 ], [ 355104.8, 187206.0 ], [ 355180.2, 187288.5 ], [ 355237.4, 187358.3 ], [ 355328.4, 187473.9 ], [ 355352.5, 187508.9 ], [ 355412.9, 187579.8 ], [ 355474.0, 187648.2 ], [ 355540.8, 187726.5 ], [ 355573.3, 187767.7 ], [ 355755.5, 188036.9 ], [ 355836.2, 188163.4 ], [ 355901.7, 188285.5 ], [ 355984.9, 188453.0 ], [ 356030.8, 188531.9 ], [ 356053.9, 188541.9 ], [ 356065.0, 188603.0 ], [ 356078.6, 188637.1 ], [ 356136.1, 188759.1 ], [ 356192.4, 188815.3 ], [ 356204.0, 188843.5 ], [ 356209.4, 188876.1 ], [ 356200.3, 188915.3 ], [ 356217.1, 188939.1 ], [ 356236.9, 188990.5 ], [ 356289.8, 189045.7 ], [ 356295.2, 189071.9 ], [ 356331.8, 189155.5 ], [ 356371.7, 189227.2 ], [ 356439.3, 189338.6 ], [ 356466.2, 189360.7 ], [ 356493.1, 189450.1 ], [ 356507.1, 189506.3 ], [ 356535.4, 189600.7 ], [ 356577.1, 189725.7 ], [ 356571.6, 189752.5 ], [ 356619.1, 189831.0 ], [ 356652.8, 189838.6 ], [ 356663.0, 189831.7 ], [ 356733.6, 189852.9 ], [ 356822.5, 189891.5 ], [ 356865.6, 189918.6 ], [ 356902.4, 189935.0 ], [ 357030.4, 190000.0 ], [ 357165.7, 190071.8 ], [ 357293.4, 190153.7 ], [ 357445.6, 190253.0 ], [ 357533.3, 190305.0 ], [ 357605.3, 190344.4 ], [ 357648.1, 190376.9 ], [ 357689.2, 190401.1 ], [ 357725.6, 190430.7 ], [ 357766.0, 190454.2 ], [ 357783.0, 190476.3 ], [ 357836.6, 190511.2 ], [ 357850.3, 190543.4 ], [ 357897.0, 190581.5 ], [ 357934.0, 190604.0 ], [ 357969.1, 190635.1 ], [ 357988.0, 190661.9 ], [ 358031.4, 190687.6 ], [ 358071.9, 190692.5 ], [ 358102.3, 190713.2 ], [ 358197.0, 190786.4 ], [ 358236.1, 190827.7 ], [ 358287.3, 190866.3 ], [ 358377.0, 190959.3 ], [ 358413.3, 190972.4 ], [ 358468.8, 191021.0 ], [ 358491.8, 191045.5 ], [ 358560.6, 191106.7 ], [ 358588.1, 191136.1 ], [ 358623.3, 191165.1 ], [ 358642.1, 191167.7 ], [ 358684.9, 191150.3 ], [ 358719.3, 191106.5 ], [ 358729.1, 191050.5 ], [ 358777.6, 191046.4 ], [ 358811.9, 191021.2 ], [ 358815.7, 191031.3 ], [ 358789.7, 191063.5 ], [ 358754.5, 191067.0 ], [ 358748.0, 191073.5 ], [ 358739.2, 191125.8 ], [ 358742.4, 191144.3 ], [ 358723.1, 191146.1 ], [ 358717.7, 191187.9 ], [ 358701.6, 191225.6 ], [ 358715.5, 191262.7 ], [ 358802.9, 191350.4 ], [ 358906.5, 191462.2 ], [ 358972.4, 191531.1 ], [ 359058.0, 191624.1 ], [ 359129.7, 191710.3 ], [ 359156.1, 191734.1 ], [ 359170.6, 191757.9 ], [ 359287.3, 191905.2 ], [ 359451.8, 192119.6 ], [ 359484.9, 192172.8 ], [ 359536.2, 192242.1 ], [ 359571.7, 192299.6 ], [ 359595.8, 192323.3 ], [ 359628.3, 192307.9 ], [ 359586.3, 192232.3 ], [ 359558.3, 192197.8 ], [ 359553.9, 192157.3 ], [ 359569.1, 192080.3 ], [ 359587.1, 192072.7 ], [ 359572.0, 192162.6 ], [ 359585.1, 192202.4 ], [ 359617.4, 192237.3 ], [ 359664.5, 192320.3 ], [ 359670.8, 192338.0 ], [ 359656.4, 192370.9 ], [ 359657.5, 192400.5 ], [ 359694.8, 192462.8 ], [ 359726.7, 192525.2 ], [ 359740.8, 192563.3 ], [ 359781.8, 192647.5 ], [ 359809.5, 192690.0 ], [ 359888.1, 192842.5 ], [ 359901.8, 192858.3 ], [ 359926.9, 192859.7 ], [ 359959.8, 192829.7 ], [ 359982.3, 192788.1 ], [ 359985.8, 192729.1 ], [ 359995.4, 192713.0 ], [ 360048.2, 192676.6 ], [ 360060.0, 192661.5 ], [ 360053.2, 192645.8 ], [ 360074.5, 192649.5 ], [ 360102.5, 192638.4 ], [ 360145.4, 192641.3 ], [ 360192.5, 192664.2 ], [ 360210.5, 192626.1 ], [ 360232.0, 192608.0 ], [ 360270.9, 192603.1 ], [ 360296.3, 192608.4 ], [ 360337.6, 192632.8 ], [ 360356.2, 192634.1 ], [ 360387.4, 192581.7 ], [ 360430.1, 192553.9 ], [ 360463.3, 192542.5 ], [ 360507.3, 192550.0 ], [ 360520.0, 192545.8 ], [ 360559.8, 192498.6 ], [ 360571.5, 192492.8 ], [ 360684.2, 192459.0 ], [ 360794.4, 192412.0 ], [ 360830.9, 192402.1 ], [ 360865.1, 192399.4 ], [ 360869.0, 192417.0 ], [ 360830.8, 192422.2 ], [ 360775.8, 192441.5 ], [ 360684.6, 192480.0 ], [ 360647.1, 192493.5 ], [ 360584.1, 192508.5 ], [ 360562.9, 192525.9 ], [ 360526.6, 192574.3 ], [ 360469.9, 192565.8 ], [ 360440.3, 192575.4 ], [ 360414.8, 192591.9 ], [ 360397.1, 192612.9 ], [ 360383.2, 192648.8 ], [ 360358.9, 192663.4 ], [ 360326.8, 192659.2 ], [ 360283.6, 192629.0 ], [ 360253.0, 192632.4 ], [ 360239.3, 192647.7 ], [ 360228.1, 192688.1 ], [ 360201.8, 192719.8 ], [ 360145.8, 192682.1 ], [ 360121.8, 192674.5 ], [ 360103.2, 192698.7 ], [ 360084.5, 192712.2 ], [ 360044.4, 192760.6 ], [ 360037.3, 192825.7 ], [ 360023.4, 192864.7 ], [ 359983.2, 192913.9 ], [ 359964.4, 192951.4 ], [ 359941.5, 192986.0 ], [ 359958.1, 193013.9 ], [ 359992.5, 193035.1 ], [ 359993.6, 193057.8 ], [ 359985.0, 193090.3 ], [ 359992.5, 193122.7 ], [ 360013.3, 193280.9 ], [ 360031.9, 193360.7 ], [ 360040.4, 193363.5 ], [ 360037.7, 193390.5 ], [ 360050.4, 193401.6 ], [ 360038.2, 193420.6 ], [ 360046.4, 193455.5 ], [ 360065.8, 193466.4 ], [ 360079.9, 193501.4 ], [ 360073.7, 193521.1 ], [ 360091.9, 193534.5 ], [ 360084.0, 193554.9 ], [ 360105.4, 193557.4 ], [ 360111.6, 193579.7 ], [ 360143.8, 193630.5 ], [ 360158.4, 193664.4 ], [ 360207.1, 193747.8 ], [ 360249.0, 193858.1 ], [ 360262.6, 193880.7 ], [ 360293.7, 194010.9 ], [ 360337.8, 194138.8 ], [ 360360.6, 194253.4 ], [ 360377.7, 194308.6 ], [ 360395.2, 194335.1 ], [ 360382.8, 194357.1 ], [ 360391.0, 194418.4 ], [ 360408.2, 194510.7 ], [ 360371.4, 194528.7 ], [ 360362.6, 194547.9 ], [ 360380.8, 194591.1 ], [ 360402.8, 194585.1 ], [ 360438.3, 194669.0 ], [ 360519.3, 194877.3 ], [ 360537.2, 194915.5 ], [ 360588.0, 195044.1 ], [ 360663.5, 195214.9 ], [ 360702.6, 195293.0 ], [ 360742.3, 195358.0 ], [ 360771.2, 195384.4 ], [ 360790.4, 195411.4 ], [ 360860.4, 195491.5 ], [ 360939.0, 195588.6 ], [ 360951.5, 195609.0 ], [ 360981.6, 195679.8 ], [ 361002.7, 195718.6 ], [ 361089.4, 195847.8 ], [ 361092.3, 195882.1 ], [ 361135.9, 195931.7 ], [ 361209.9, 196036.8 ], [ 361256.0, 196128.1 ], [ 361292.0, 196180.8 ], [ 361296.7, 196199.4 ], [ 361321.7, 196248.3 ], [ 361341.6, 196276.4 ], [ 361352.0, 196304.9 ], [ 361420.0, 196423.9 ], [ 361433.0, 196436.7 ], [ 361480.8, 196545.0 ], [ 361566.5, 196637.7 ], [ 361592.8, 196658.4 ], [ 361601.6, 196674.4 ], [ 361680.1, 196750.3 ], [ 361691.3, 196768.0 ], [ 361762.2, 196825.8 ], [ 361781.2, 196837.7 ], [ 361820.0, 196873.3 ], [ 361850.1, 196888.0 ], [ 361869.4, 196890.4 ], [ 361897.4, 196905.7 ], [ 361919.8, 196930.9 ], [ 361942.3, 196932.0 ], [ 361992.2, 196955.9 ], [ 362005.0, 196968.4 ], [ 362083.8, 197003.6 ], [ 362095.8, 197018.9 ], [ 362139.3, 197030.6 ], [ 362242.4, 197098.7 ], [ 362352.2, 197164.8 ], [ 362421.8, 197225.2 ], [ 362493.8, 197280.8 ], [ 362528.6, 197323.3 ], [ 362553.8, 197344.9 ], [ 362576.7, 197355.2 ], [ 362585.7, 197319.2 ], [ 362610.5, 197257.0 ], [ 362623.2, 197249.7 ], [ 362698.1, 197239.9 ], [ 362703.7, 197253.9 ], [ 362688.2, 197262.2 ], [ 362633.8, 197269.0 ], [ 362622.3, 197281.5 ], [ 362603.1, 197330.6 ], [ 362618.0, 197364.6 ], [ 362607.0, 197369.1 ], [ 362642.5, 197401.2 ], [ 362673.5, 197408.4 ], [ 362688.8, 197423.3 ], [ 362718.3, 197427.2 ], [ 362763.1, 197451.8 ], [ 362815.5, 197488.3 ], [ 362848.0, 197520.9 ], [ 362864.1, 197526.5 ], [ 362926.8, 197578.9 ], [ 362965.8, 197604.2 ], [ 362980.0, 197623.9 ], [ 363022.3, 197660.9 ], [ 363045.2, 197668.1 ], [ 363077.7, 197696.2 ], [ 363122.0, 197743.9 ], [ 363165.9, 197767.5 ], [ 363193.0, 197796.0 ], [ 363340.8, 197897.7 ], [ 363354.8, 197914.0 ], [ 363417.4, 197959.8 ], [ 363466.6, 197999.5 ], [ 363541.9, 198055.5 ], [ 363543.3, 198065.3 ], [ 363572.0, 198076.0 ], [ 363577.4, 198085.8 ], [ 363617.2, 198117.9 ], [ 363650.9, 198138.0 ], [ 363759.2, 198165.8 ], [ 363815.7, 198188.6 ], [ 363873.3, 198233.7 ], [ 363897.8, 198242.1 ], [ 363984.6, 198257.7 ], [ 364202.9, 198301.2 ], [ 364216.5, 198310.4 ], [ 364221.3, 198330.2 ], [ 364257.4, 198320.7 ], [ 364306.0, 198333.6 ], [ 364327.5, 198327.2 ], [ 364378.2, 198378.2 ], [ 364382.1, 198395.4 ], [ 364398.0, 198386.0 ], [ 364457.3, 198411.0 ], [ 364579.5, 198474.0 ], [ 364681.5, 198534.0 ], [ 364729.3, 198570.0 ], [ 364820.6, 198648.6 ], [ 364833.8, 198664.9 ], [ 364866.5, 198683.6 ], [ 364933.2, 198734.1 ], [ 364994.2, 198786.0 ], [ 365019.3, 198818.6 ], [ 365047.3, 198835.2 ], [ 365051.1, 198846.9 ], [ 365075.8, 198863.4 ], [ 365120.4, 198905.0 ], [ 365198.8, 198984.8 ], [ 365286.8, 199079.5 ], [ 365415.0, 199200.8 ], [ 365484.4, 199272.4 ], [ 365491.1, 199286.6 ], [ 365528.8, 199299.0 ], [ 365581.2, 199349.7 ], [ 365654.0, 199427.7 ], [ 365666.7, 199448.0 ], [ 365707.3, 199496.5 ], [ 365719.7, 199503.9 ], [ 365730.5, 199534.7 ], [ 365745.8, 199558.5 ], [ 365787.7, 199608.5 ], [ 365855.0, 199712.1 ], [ 365909.9, 199783.1 ], [ 365960.2, 199853.5 ], [ 366004.6, 199953.3 ], [ 366034.2, 200011.4 ], [ 366085.5, 200078.0 ], [ 366138.7, 200169.0 ], [ 366199.8, 200241.4 ], [ 366224.0, 200266.1 ], [ 366238.6, 200272.0 ], [ 366274.2, 200267.1 ], [ 366314.2, 200253.9 ], [ 366315.5, 200241.6 ], [ 366266.8, 200215.8 ], [ 366251.7, 200198.6 ], [ 366245.4, 200170.8 ], [ 366233.8, 200166.8 ], [ 366247.1, 200074.7 ], [ 366278.2, 200033.7 ], [ 366312.9, 200022.8 ], [ 366361.3, 200026.7 ], [ 366391.5, 200046.6 ], [ 366408.6, 200048.7 ], [ 366419.0, 200066.8 ], [ 366417.5, 200083.5 ], [ 366434.5, 200099.2 ], [ 366451.8, 200140.8 ], [ 366485.1, 200174.8 ], [ 366512.7, 200168.6 ], [ 366512.8, 200111.4 ], [ 366535.3, 200063.6 ], [ 366553.0, 200042.4 ], [ 366575.0, 199976.5 ], [ 366605.0, 199919.5 ], [ 366640.0, 199881.9 ], [ 366661.4, 199892.5 ], [ 366690.2, 199919.7 ], [ 366686.1, 199929.6 ], [ 366641.7, 199970.8 ], [ 366612.1, 200029.4 ], [ 366587.5, 200070.1 ], [ 366570.8, 200119.3 ], [ 366554.6, 200143.0 ], [ 366558.9, 200180.3 ], [ 366582.5, 200198.0 ], [ 366596.9, 200223.1 ], [ 366573.9, 200223.0 ], [ 366540.7, 200201.8 ], [ 366503.2, 200209.6 ], [ 366443.4, 200201.8 ], [ 366404.8, 200171.6 ], [ 366381.9, 200138.4 ], [ 366370.2, 200096.8 ], [ 366349.2, 200079.8 ], [ 366318.6, 200070.1 ], [ 366295.7, 200079.7 ], [ 366303.2, 200095.1 ], [ 366289.4, 200156.8 ], [ 366303.4, 200161.3 ], [ 366319.2, 200182.3 ], [ 366365.0, 200208.2 ], [ 366378.7, 200226.6 ], [ 366374.9, 200254.1 ], [ 366302.9, 200350.3 ], [ 366315.8, 200408.6 ], [ 366304.1, 200428.6 ], [ 366321.7, 200455.8 ], [ 366346.8, 200508.9 ], [ 366371.8, 200576.3 ], [ 366397.4, 200635.9 ], [ 366426.4, 200671.6 ], [ 366446.0, 200713.4 ], [ 366497.6, 200811.1 ], [ 366507.0, 200840.0 ], [ 366515.0, 200895.6 ], [ 366533.5, 200951.1 ], [ 366552.1, 201037.2 ], [ 366551.8, 201072.5 ], [ 366581.3, 201118.3 ], [ 366603.6, 201127.3 ], [ 366604.7, 201152.2 ], [ 366591.0, 201144.6 ], [ 366579.7, 201187.2 ], [ 366584.6, 201244.8 ], [ 366598.6, 201318.3 ], [ 366607.2, 201340.0 ], [ 366624.0, 201343.0 ], [ 366619.0, 201354.8 ], [ 366617.7, 201434.2 ], [ 366634.2, 201469.8 ], [ 366639.9, 201539.4 ], [ 366650.5, 201578.9 ], [ 366647.5, 201602.3 ], [ 366654.8, 201650.7 ], [ 366648.5, 201709.1 ], [ 366660.5, 201778.9 ], [ 366659.0, 201790.8 ], [ 366671.1, 201836.2 ], [ 366689.3, 202030.4 ], [ 366705.2, 202080.1 ], [ 366720.4, 202085.9 ], [ 366723.0, 202123.2 ], [ 366754.3, 202155.2 ], [ 366755.8, 202176.0 ], [ 366728.3, 202194.9 ], [ 366734.0, 202244.3 ], [ 366719.4, 202313.9 ], [ 366725.1, 202361.6 ], [ 366735.3, 202368.6 ], [ 366770.9, 202357.9 ], [ 366772.8, 202380.7 ], [ 366729.3, 202389.9 ], [ 366737.9, 202424.0 ], [ 366742.1, 202473.5 ], [ 366739.7, 202493.7 ], [ 366745.6, 202551.9 ], [ 366743.4, 202569.4 ], [ 366752.8, 202605.4 ], [ 366757.9, 202655.6 ], [ 366754.7, 202677.9 ], [ 366763.7, 202715.9 ], [ 366764.2, 202796.1 ], [ 366771.3, 202816.5 ], [ 366773.0, 202851.6 ], [ 366752.9, 202895.9 ], [ 366751.9, 202908.8 ], [ 366778.7, 202944.2 ], [ 366793.9, 203057.6 ], [ 366810.1, 203064.8 ], [ 366824.8, 203053.2 ], [ 366814.4, 203101.9 ], [ 366841.7, 203105.2 ], [ 366862.6, 203084.8 ], [ 366927.7, 203078.2 ], [ 366962.9, 203089.1 ], [ 367039.3, 203089.4 ], [ 367116.9, 203077.3 ], [ 367192.3, 203075.2 ], [ 367223.1, 203070.6 ], [ 367251.8, 203073.5 ], [ 367308.3, 203071.2 ], [ 367350.9, 203077.6 ], [ 367432.2, 203110.3 ], [ 367474.5, 203135.1 ], [ 367604.3, 203244.4 ], [ 367641.5, 203278.9 ], [ 367734.6, 203383.4 ], [ 367772.7, 203415.0 ], [ 367777.9, 203432.6 ], [ 367792.7, 203431.6 ], [ 367817.5, 203454.7 ], [ 367836.7, 203481.2 ], [ 367894.6, 203540.1 ], [ 367946.0, 203579.2 ], [ 367950.4, 203591.7 ], [ 367991.0, 203647.8 ], [ 368034.0, 203697.2 ], [ 368096.5, 203801.4 ], [ 368127.2, 203826.8 ], [ 368151.3, 203874.1 ], [ 368174.1, 203906.9 ], [ 368239.2, 203982.3 ], [ 368317.2, 204068.6 ], [ 368347.5, 204098.4 ], [ 368379.1, 204138.9 ], [ 368405.3, 204152.3 ], [ 368408.7, 204168.7 ], [ 368446.4, 204205.5 ], [ 368475.3, 204227.7 ], [ 368506.4, 204260.0 ], [ 368519.9, 204286.1 ], [ 368537.1, 204289.6 ], [ 368545.8, 204313.7 ], [ 368563.5, 204325.0 ], [ 368588.7, 204324.8 ], [ 368591.4, 204349.1 ], [ 368611.8, 204361.0 ], [ 368649.9, 204400.9 ], [ 368664.3, 204403.1 ], [ 368734.5, 204448.9 ], [ 368758.4, 204486.9 ], [ 368784.2, 204502.8 ], [ 368823.5, 204538.0 ], [ 368907.5, 204591.3 ], [ 368920.2, 204607.4 ], [ 368954.4, 204617.0 ], [ 369031.0, 204647.3 ], [ 369062.0, 204663.6 ], [ 369140.0, 204683.5 ], [ 369192.1, 204641.1 ], [ 369259.9, 204594.9 ], [ 369298.4, 204572.3 ], [ 369365.0, 204551.3 ], [ 369410.8, 204530.5 ], [ 369478.4, 204510.4 ], [ 369530.0, 204486.3 ], [ 369565.4, 204478.4 ], [ 369626.8, 204457.8 ], [ 369650.9, 204442.2 ], [ 369737.6, 204408.1 ], [ 369786.5, 204384.5 ], [ 369905.7, 204332.8 ], [ 369978.3, 204311.8 ], [ 370026.3, 204308.5 ], [ 370095.5, 204308.2 ], [ 370194.1, 204311.3 ], [ 370204.5, 204303.8 ], [ 370221.9, 204256.6 ], [ 370231.3, 204269.1 ], [ 370235.1, 204303.2 ], [ 370244.2, 204314.5 ], [ 370289.4, 204321.7 ], [ 370357.5, 204346.2 ], [ 370415.7, 204380.3 ], [ 370432.7, 204401.5 ], [ 370449.5, 204436.9 ], [ 370461.2, 204478.5 ], [ 370535.2, 204521.2 ], [ 370567.7, 204533.2 ], [ 370638.9, 204571.8 ], [ 370663.7, 204572.9 ], [ 370658.6, 204586.9 ], [ 370724.7, 204632.7 ], [ 370756.7, 204648.9 ], [ 370810.2, 204686.8 ], [ 370954.4, 204782.2 ], [ 370977.1, 204800.7 ], [ 371033.8, 204837.3 ], [ 371069.1, 204865.6 ], [ 371164.8, 204930.0 ], [ 371179.7, 204920.4 ], [ 371203.7, 204948.3 ], [ 371263.0, 204983.3 ], [ 371378.4, 205067.9 ], [ 371480.5, 205164.9 ], [ 371512.3, 205200.6 ], [ 371587.9, 205303.0 ], [ 371650.9, 205402.5 ], [ 371669.0, 205401.2 ], [ 371668.8, 205435.4 ], [ 371721.6, 205517.3 ], [ 371762.0, 205573.6 ], [ 371814.2, 205631.7 ], [ 371832.3, 205636.4 ], [ 371846.9, 205628.8 ], [ 371838.4, 205652.3 ], [ 371851.6, 205670.2 ], [ 371869.1, 205660.2 ], [ 371942.5, 205653.6 ], [ 372019.5, 205665.6 ], [ 372073.4, 205677.4 ], [ 372099.6, 205687.1 ], [ 372146.1, 205718.2 ], [ 372256.8, 205775.7 ], [ 372383.4, 205829.6 ], [ 372453.8, 205857.2 ], [ 372517.8, 205878.8 ], [ 372637.6, 205962.4 ], [ 372686.2, 206006.3 ], [ 372694.7, 206027.2 ], [ 372749.1, 206076.1 ], [ 372779.2, 206112.1 ], [ 372845.6, 206152.1 ], [ 372914.7, 206205.1 ], [ 372962.5, 206264.8 ], [ 373005.3, 206287.4 ], [ 373028.7, 206305.8 ], [ 373048.5, 206338.7 ], [ 373097.0, 206368.8 ], [ 373140.4, 206423.3 ], [ 373160.0, 206463.3 ], [ 373165.0, 206512.2 ], [ 373170.3, 206519.9 ], [ 373218.4, 206512.4 ], [ 373263.0, 206520.5 ], [ 373324.8, 206547.7 ], [ 373335.4, 206560.9 ], [ 373378.0, 206566.4 ], [ 373407.6, 206576.1 ], [ 373490.7, 206616.3 ], [ 373516.4, 206612.7 ], [ 373529.0, 206630.0 ], [ 373625.5, 206687.7 ], [ 373684.4, 206702.3 ], [ 373703.0, 206732.6 ], [ 373728.6, 206758.1 ], [ 373748.2, 206764.4 ], [ 373728.4, 206789.3 ], [ 373712.0, 206765.6 ], [ 373683.0, 206739.5 ], [ 373662.6, 206712.6 ], [ 373652.2, 206719.5 ], [ 373703.6, 206774.7 ], [ 373749.2, 206840.4 ], [ 373770.1, 206860.5 ], [ 373804.7, 206921.4 ], [ 373853.4, 207040.9 ], [ 373889.0, 207172.6 ], [ 373906.7, 207269.0 ], [ 373914.9, 207347.0 ], [ 373921.7, 207451.4 ], [ 373919.5, 207578.6 ], [ 373909.0, 207672.2 ], [ 373857.4, 207886.5 ], [ 373822.0, 208003.8 ], [ 373782.5, 208106.7 ], [ 373762.7, 208150.8 ], [ 373746.8, 208207.7 ], [ 373720.0, 208262.9 ], [ 373688.7, 208342.0 ], [ 373672.5, 208395.5 ], [ 373651.9, 208447.3 ], [ 373597.9, 208560.6 ], [ 373603.1, 208582.7 ], [ 373619.9, 208599.6 ], [ 373616.7, 208636.4 ], [ 373579.0, 208585.8 ], [ 373557.8, 208595.0 ], [ 373526.4, 208630.6 ], [ 373472.8, 208672.3 ], [ 373342.6, 208751.6 ], [ 373218.9, 208835.0 ], [ 373141.8, 208873.6 ], [ 373023.0, 208941.2 ], [ 372983.8, 208967.9 ], [ 372930.4, 208991.9 ], [ 372849.5, 209041.8 ], [ 372816.9, 209066.8 ], [ 372716.8, 209136.6 ], [ 372592.8, 209207.9 ], [ 372536.8, 209232.8 ], [ 372361.9, 209306.0 ], [ 372298.4, 209346.5 ], [ 372242.0, 209354.5 ], [ 372204.5, 209365.7 ], [ 372160.4, 209371.5 ], [ 372131.3, 209384.7 ], [ 372098.9, 209407.5 ], [ 372064.2, 209443.0 ], [ 372040.9, 209478.8 ], [ 371991.7, 209508.1 ], [ 371933.6, 209563.6 ], [ 371912.7, 209573.8 ], [ 371867.4, 209607.3 ], [ 371792.1, 209642.6 ], [ 371750.3, 209674.2 ], [ 371706.5, 209698.0 ], [ 371623.0, 209724.5 ], [ 371596.6, 209739.5 ], [ 371606.6, 209780.5 ], [ 371599.2, 209789.7 ], [ 371584.3, 209773.3 ], [ 371569.6, 209742.4 ], [ 371551.4, 209742.6 ], [ 371479.5, 209772.5 ], [ 371388.2, 209788.2 ], [ 371285.4, 209819.5 ], [ 371210.1, 209818.7 ], [ 371172.9, 209826.7 ], [ 371104.9, 209828.6 ], [ 371015.6, 209824.7 ], [ 370999.4, 209812.5 ], [ 370973.8, 209819.5 ], [ 370955.6, 209815.5 ], [ 370868.5, 209828.1 ], [ 370789.1, 209828.2 ], [ 370637.6, 209840.9 ], [ 370557.7, 209834.9 ], [ 370511.9, 209841.3 ], [ 370513.5, 209893.4 ], [ 370502.2, 209884.1 ], [ 370486.0, 209849.7 ], [ 370428.2, 209842.2 ], [ 370345.6, 209850.2 ], [ 370331.9, 209857.0 ], [ 370215.2, 209882.5 ], [ 370097.6, 209900.0 ], [ 370021.1, 209922.4 ], [ 369916.6, 209964.4 ], [ 369819.5, 210009.5 ], [ 369710.3, 210042.5 ], [ 369633.4, 210093.3 ], [ 369516.8, 210174.0 ], [ 369471.8, 210207.9 ], [ 369397.6, 210268.9 ], [ 369368.1, 210302.8 ], [ 369343.0, 210339.1 ], [ 369312.0, 210398.0 ], [ 369289.3, 210458.4 ], [ 369273.8, 210509.9 ], [ 369262.5, 210561.6 ], [ 369257.0, 210639.2 ], [ 369254.0, 210762.9 ], [ 369261.5, 210830.0 ], [ 369276.5, 210879.0 ], [ 369311.9, 210958.0 ], [ 369339.2, 211029.2 ], [ 369385.4, 211119.5 ], [ 369429.6, 211223.9 ], [ 369450.1, 211281.9 ], [ 369501.9, 211387.4 ], [ 369555.0, 211484.0 ], [ 369585.7, 211535.3 ], [ 369624.0, 211614.3 ], [ 369690.7, 211738.1 ], [ 369703.3, 211769.8 ], [ 369748.0, 211838.7 ], [ 369814.7, 211957.5 ], [ 369861.2, 212061.8 ], [ 369895.0, 212126.5 ], [ 369919.7, 212165.3 ], [ 370000.0, 212302.1 ], [ 370036.4, 212354.0 ], [ 370116.0, 212457.6 ], [ 370213.9, 212572.2 ], [ 370295.2, 212670.0 ], [ 370325.5, 212701.2 ], [ 370411.6, 212779.3 ], [ 370465.3, 212836.2 ], [ 370555.0, 212927.5 ], [ 370593.6, 212959.7 ], [ 370653.7, 212988.6 ], [ 370715.0, 213008.8 ], [ 370770.9, 213018.5 ], [ 370827.1, 213020.1 ], [ 370868.2, 213003.0 ], [ 370952.1, 212940.7 ], [ 371005.2, 212895.4 ], [ 371043.2, 212851.9 ], [ 371069.5, 212816.0 ], [ 371093.4, 212766.8 ], [ 371142.5, 212696.7 ], [ 371165.3, 212642.5 ], [ 371174.5, 212592.5 ], [ 371192.4, 212521.6 ], [ 371202.8, 212494.0 ], [ 371261.3, 212382.0 ], [ 371306.6, 212313.9 ], [ 371370.9, 212232.9 ], [ 371397.6, 212206.9 ], [ 371413.8, 212201.1 ], [ 371428.6, 212149.9 ], [ 371465.7, 212099.1 ], [ 371538.1, 212025.7 ], [ 371647.4, 211933.0 ], [ 371820.1, 211814.0 ], [ 371893.8, 211778.3 ], [ 371949.7, 211740.8 ], [ 371990.7, 211723.2 ], [ 372041.7, 211710.9 ], [ 372046.5, 211695.7 ], [ 372141.8, 211634.6 ], [ 372200.9, 211591.3 ], [ 372217.4, 211560.5 ], [ 372275.4, 211510.1 ], [ 372373.9, 211478.2 ], [ 372428.2, 211442.4 ], [ 372504.1, 211413.2 ], [ 372581.8, 211395.9 ], [ 372677.8, 211392.1 ], [ 372722.6, 211396.5 ], [ 372744.8, 211384.4 ], [ 372795.1, 211373.3 ], [ 372860.3, 211363.3 ], [ 372915.0, 211346.3 ], [ 372961.0, 211341.8 ], [ 373100.4, 211306.5 ], [ 373146.7, 211290.0 ], [ 373206.4, 211262.7 ], [ 373354.9, 211144.8 ], [ 373429.7, 211069.2 ], [ 373480.4, 211029.0 ], [ 373541.4, 210971.8 ], [ 373624.8, 210902.7 ], [ 373742.4, 210821.1 ], [ 373801.2, 210786.7 ], [ 373829.3, 210763.5 ], [ 373840.3, 210746.7 ], [ 373872.3, 210736.6 ], [ 373935.8, 210692.1 ], [ 374003.4, 210653.2 ], [ 374062.9, 210628.7 ], [ 374132.0, 210590.5 ], [ 374176.3, 210572.5 ], [ 374241.4, 210526.9 ], [ 374296.2, 210506.6 ], [ 374390.8, 210477.9 ], [ 374426.8, 210469.1 ], [ 374527.8, 210450.7 ], [ 374549.9, 210439.6 ], [ 374630.8, 210430.8 ], [ 374672.8, 210420.9 ], [ 374726.0, 210420.8 ], [ 374781.2, 210425.4 ], [ 374893.8, 210442.6 ], [ 374978.7, 210462.4 ], [ 375028.6, 210482.2 ], [ 375064.4, 210509.9 ], [ 375135.6, 210518.3 ], [ 375170.6, 210510.2 ], [ 375178.5, 210481.7 ], [ 375188.2, 210483.9 ], [ 375188.3, 210510.6 ], [ 375223.2, 210521.9 ], [ 375303.0, 210536.9 ], [ 375331.0, 210536.7 ], [ 375526.9, 210592.6 ], [ 375570.9, 210609.5 ], [ 375664.0, 210652.9 ], [ 375754.3, 210698.7 ], [ 375839.8, 210746.9 ], [ 375897.6, 210785.7 ], [ 375970.3, 210849.4 ], [ 376023.3, 210910.9 ], [ 376074.3, 210981.5 ], [ 376101.0, 211013.7 ], [ 376121.2, 211057.3 ], [ 376139.5, 211071.6 ], [ 376156.9, 211061.1 ], [ 376145.7, 211086.4 ], [ 376155.9, 211122.5 ], [ 376214.9, 211204.0 ], [ 376231.9, 211232.6 ], [ 376255.0, 211303.7 ], [ 376271.8, 211345.2 ], [ 376292.1, 211421.6 ], [ 376295.4, 211466.6 ], [ 376277.2, 211598.8 ], [ 376241.4, 211668.8 ], [ 376244.0, 211714.9 ], [ 376252.7, 211753.2 ], [ 376237.5, 211813.3 ], [ 376221.5, 211855.4 ], [ 376201.2, 211895.1 ], [ 376163.3, 211952.2 ], [ 376138.3, 211981.3 ], [ 376113.8, 211996.8 ], [ 376071.3, 212012.4 ], [ 376046.3, 212029.8 ], [ 376029.1, 212071.1 ], [ 376004.2, 212103.6 ], [ 375962.1, 212140.6 ], [ 375874.2, 212189.6 ], [ 375843.0, 212209.4 ], [ 375815.8, 212235.8 ], [ 375776.5, 212262.9 ], [ 375713.8, 212295.2 ], [ 375679.3, 212305.3 ], [ 375638.3, 212330.5 ], [ 375600.1, 212371.8 ], [ 375540.9, 212408.8 ], [ 375459.0, 212450.9 ], [ 375405.3, 212488.7 ], [ 375322.9, 212565.2 ], [ 375314.8, 212593.1 ], [ 375313.0, 212636.8 ], [ 375301.4, 212714.2 ], [ 375299.3, 212774.3 ], [ 375301.7, 212850.7 ], [ 375307.4, 212940.6 ], [ 375309.3, 213085.4 ], [ 375303.5, 213208.8 ], [ 375289.9, 213293.0 ], [ 375277.8, 213346.9 ], [ 375255.0, 213418.6 ], [ 375225.5, 213520.4 ], [ 375214.0, 213549.9 ], [ 375185.0, 213647.4 ], [ 375170.9, 213743.5 ], [ 375168.5, 213793.7 ], [ 375175.8, 213891.7 ], [ 375186.1, 213969.9 ], [ 375197.2, 214017.7 ], [ 375210.5, 214096.5 ], [ 375243.3, 214187.4 ], [ 375275.6, 214249.0 ], [ 375302.7, 214281.4 ], [ 375352.1, 214316.7 ], [ 375407.7, 214340.8 ], [ 375467.2, 214358.5 ], [ 375539.7, 214371.1 ], [ 375633.9, 214393.5 ], [ 375707.1, 214405.5 ], [ 375787.6, 214429.5 ], [ 375874.6, 214445.5 ], [ 375953.3, 214482.7 ], [ 375988.8, 214515.3 ], [ 376025.6, 214562.8 ], [ 376046.4, 214603.2 ], [ 376075.0, 214585.2 ], [ 376049.6, 214614.7 ], [ 376056.5, 214652.7 ], [ 376054.7, 214696.9 ], [ 376035.8, 214751.1 ], [ 376003.3, 214798.7 ], [ 375964.6, 214841.2 ], [ 375884.5, 214902.5 ], [ 375870.1, 214916.3 ], [ 375746.5, 215000.0 ], [ 375700.0, 215020.0 ], [ 375653.3, 215054.5 ], [ 375622.3, 215087.2 ], [ 375601.0, 215130.1 ], [ 375592.3, 215157.8 ], [ 375578.1, 215234.9 ], [ 375578.2, 215320.8 ], [ 375585.6, 215382.3 ], [ 375594.0, 215416.3 ], [ 375599.6, 215492.7 ], [ 375608.4, 215531.9 ], [ 375615.4, 215592.0 ], [ 375624.9, 215705.9 ], [ 375642.6, 215769.9 ], [ 375660.9, 215821.9 ], [ 375680.1, 215938.1 ], [ 375702.8, 216007.7 ], [ 375705.8, 216029.4 ], [ 375729.8, 216129.7 ], [ 375764.5, 216212.9 ], [ 375793.6, 216271.0 ], [ 375873.0, 216422.3 ], [ 375911.2, 216455.3 ], [ 376037.3, 216491.0 ], [ 376333.5, 216551.6 ], [ 376450.7, 216586.9 ], [ 376552.5, 216623.2 ], [ 376578.1, 216636.7 ], [ 376743.3, 216735.9 ], [ 376855.6, 216806.8 ], [ 376895.3, 216827.5 ], [ 376959.5, 216853.2 ], [ 377021.4, 216871.0 ], [ 377106.3, 216884.1 ], [ 377196.7, 216885.4 ], [ 377311.3, 216871.6 ], [ 377391.5, 216845.0 ], [ 377442.9, 216819.2 ], [ 377497.0, 216786.0 ], [ 377616.2, 216695.5 ], [ 377693.4, 216644.5 ], [ 377813.1, 216596.9 ], [ 377863.7, 216581.8 ], [ 377913.1, 216571.6 ], [ 378021.3, 216561.2 ], [ 378088.2, 216563.5 ], [ 378169.6, 216558.2 ], [ 378244.7, 216555.9 ], [ 378282.1, 216558.5 ], [ 378317.7, 216555.4 ], [ 378344.3, 216559.7 ], [ 378398.9, 216558.8 ], [ 378469.4, 216550.9 ], [ 378510.8, 216553.0 ], [ 378575.8, 216548.8 ], [ 378674.5, 216537.2 ], [ 378740.3, 216516.8 ], [ 378789.1, 216509.7 ], [ 378838.5, 216496.3 ], [ 378881.3, 216480.4 ], [ 378988.8, 216430.0 ], [ 379032.7, 216389.1 ], [ 379061.1, 216350.9 ], [ 379109.0, 216253.9 ], [ 379130.3, 216167.3 ], [ 379133.9, 216140.4 ], [ 379137.7, 215973.1 ], [ 379136.2, 215940.1 ], [ 379142.2, 215868.8 ], [ 379151.1, 215823.3 ], [ 379175.7, 215726.1 ], [ 379190.8, 215651.4 ], [ 379204.0, 215572.8 ], [ 379219.2, 215460.4 ], [ 379245.3, 215333.8 ], [ 379267.3, 215256.7 ], [ 379275.8, 215203.0 ], [ 379286.8, 215172.0 ], [ 379335.0, 215083.0 ], [ 379348.8, 215068.7 ], [ 379353.6, 215042.9 ], [ 379362.2, 215044.3 ], [ 379409.7, 215000.0 ], [ 379431.6, 214968.6 ], [ 379495.2, 214925.0 ], [ 379519.6, 214898.4 ], [ 379543.0, 214885.4 ], [ 379624.7, 214857.5 ], [ 379671.5, 214846.9 ], [ 379718.5, 214847.4 ], [ 379762.6, 214853.4 ], [ 379809.1, 214868.2 ], [ 379925.7, 214928.3 ], [ 380010.0, 214992.4 ], [ 380029.9, 215018.3 ], [ 380031.6, 215032.2 ], [ 380074.3, 215093.5 ], [ 380113.5, 215178.3 ], [ 380123.1, 215284.9 ], [ 380115.7, 215320.8 ], [ 380121.6, 215349.1 ], [ 380116.7, 215471.2 ], [ 380122.4, 215514.8 ], [ 380120.8, 215547.2 ], [ 380140.0, 215604.7 ], [ 380177.3, 215663.5 ], [ 380207.2, 215697.4 ], [ 380276.8, 215752.8 ], [ 380351.6, 215807.3 ], [ 380416.6, 215848.4 ], [ 380466.3, 215888.2 ], [ 380530.9, 215930.0 ], [ 380630.8, 215987.8 ], [ 380746.9, 216060.5 ], [ 380790.2, 216061.3 ], [ 380789.6, 216073.7 ], [ 380768.5, 216073.4 ], [ 380803.2, 216096.2 ], [ 380836.5, 216128.7 ], [ 380859.2, 216160.0 ], [ 380901.3, 216269.0 ], [ 380904.9, 216294.3 ], [ 380896.7, 216351.1 ], [ 380890.1, 216431.8 ], [ 380866.3, 216530.2 ], [ 380839.4, 216620.9 ], [ 380719.4, 216869.6 ], [ 380669.6, 216975.5 ], [ 380654.4, 217012.3 ], [ 380608.8, 217100.1 ], [ 380594.0, 217139.7 ], [ 380527.8, 217279.2 ], [ 380478.8, 217369.9 ], [ 380438.5, 217462.3 ], [ 380395.4, 217568.8 ], [ 380370.4, 217615.1 ], [ 380321.4, 217728.9 ], [ 380299.9, 217763.2 ], [ 380280.2, 217823.1 ], [ 380276.9, 217856.1 ], [ 380284.4, 217902.4 ], [ 380298.5, 217930.5 ], [ 380334.4, 217973.2 ], [ 380381.1, 218001.1 ], [ 380442.8, 218024.1 ], [ 380517.6, 218037.5 ], [ 380640.6, 218063.2 ], [ 380747.1, 218082.4 ], [ 380806.1, 218090.4 ], [ 380903.2, 218109.3 ], [ 380964.4, 218124.9 ], [ 381030.4, 218147.8 ], [ 381124.6, 218187.5 ], [ 381176.5, 218224.5 ], [ 381225.8, 218277.8 ], [ 381261.9, 218323.1 ], [ 381318.1, 218409.5 ], [ 381335.3, 218442.4 ], [ 381366.1, 218515.4 ], [ 381381.0, 218561.8 ], [ 381386.3, 218596.0 ], [ 381409.0, 218680.3 ], [ 381429.9, 218720.6 ], [ 381464.0, 218745.8 ], [ 381516.4, 218795.8 ], [ 381569.5, 218855.1 ], [ 381599.3, 218875.6 ], [ 381642.7, 218887.8 ], [ 381690.7, 218890.7 ], [ 381750.8, 218883.5 ], [ 381806.6, 218868.5 ], [ 381858.0, 218838.6 ], [ 381889.7, 218803.2 ], [ 381912.8, 218754.9 ], [ 381950.6, 218641.2 ], [ 382001.4, 218509.8 ], [ 382046.2, 218434.5 ], [ 382092.2, 218368.9 ], [ 382114.3, 218345.0 ], [ 382131.2, 218277.7 ], [ 382137.7, 218237.2 ], [ 382157.6, 218167.1 ], [ 382206.0, 218242.4 ], [ 382178.1, 218254.3 ], [ 382164.8, 218309.5 ], [ 382142.1, 218347.0 ], [ 382071.9, 218440.3 ], [ 382049.1, 218477.5 ], [ 382015.1, 218545.0 ], [ 381998.4, 218588.2 ], [ 381977.5, 218655.8 ], [ 381924.5, 218793.3 ], [ 381895.6, 218838.0 ], [ 381858.4, 218874.9 ], [ 381822.4, 218897.6 ], [ 381759.6, 218919.2 ], [ 381683.3, 218928.0 ], [ 381627.5, 218927.0 ], [ 381593.2, 218916.4 ], [ 381548.5, 218888.9 ], [ 381546.8, 218968.3 ], [ 381532.4, 219036.9 ], [ 381516.4, 219079.8 ], [ 381512.7, 219125.2 ], [ 381518.1, 219201.9 ], [ 381530.6, 219244.7 ], [ 381550.4, 219287.5 ], [ 381611.5, 219386.3 ], [ 381641.3, 219425.6 ], [ 381661.5, 219470.4 ], [ 381670.6, 219506.4 ], [ 381669.1, 219597.0 ], [ 381672.7, 219636.4 ], [ 381694.1, 219732.3 ], [ 381725.7, 219852.2 ], [ 381735.6, 219920.3 ], [ 381736.0, 219979.5 ], [ 381729.1, 219999.2 ], [ 381666.0, 220268.6 ], [ 381662.6, 220290.6 ], [ 381653.5, 220430.8 ], [ 381668.9, 220553.1 ], [ 381684.5, 220627.8 ], [ 381700.0, 220685.3 ], [ 381706.0, 220758.8 ], [ 381702.0, 220846.7 ], [ 381697.1, 220882.8 ], [ 381685.7, 221037.7 ], [ 381685.4, 221062.8 ], [ 381698.5, 221159.8 ], [ 381723.4, 221233.3 ], [ 381684.2, 221245.0 ], [ 381664.8, 221188.2 ], [ 381659.5, 221154.2 ], [ 381642.8, 221129.5 ], [ 381631.6, 221080.3 ], [ 381627.8, 221010.3 ], [ 381629.7, 220944.3 ], [ 381643.7, 220830.8 ], [ 381642.5, 220715.2 ], [ 381622.4, 220614.1 ], [ 381611.4, 220572.1 ], [ 381599.5, 220452.0 ], [ 381595.6, 220340.0 ], [ 381606.3, 220236.2 ], [ 381620.9, 220153.5 ], [ 381671.0, 219978.9 ], [ 381675.7, 219949.3 ], [ 381675.5, 219867.5 ], [ 381669.7, 219808.6 ], [ 381650.4, 219711.8 ], [ 381636.1, 219661.9 ], [ 381624.8, 219573.8 ], [ 381607.7, 219500.3 ], [ 381571.0, 219422.3 ], [ 381504.4, 219317.3 ], [ 381469.7, 219235.4 ], [ 381454.1, 219171.4 ], [ 381448.7, 219123.5 ], [ 381456.6, 219051.1 ], [ 381475.0, 218952.2 ], [ 381477.2, 218918.2 ], [ 381458.6, 218875.5 ], [ 381395.4, 218797.8 ], [ 381367.3, 218769.4 ], [ 381348.0, 218730.9 ], [ 381326.3, 218669.5 ], [ 381294.8, 218533.1 ], [ 381281.5, 218498.8 ], [ 381245.5, 218438.0 ], [ 381176.0, 218342.1 ], [ 381128.5, 218299.0 ], [ 381053.4, 218250.5 ], [ 380982.8, 218219.7 ], [ 380947.3, 218207.4 ], [ 380887.9, 218194.9 ], [ 380744.8, 218171.1 ], [ 380669.9, 218157.1 ], [ 380598.3, 218138.5 ], [ 380517.9, 218128.9 ], [ 380485.1, 218122.0 ], [ 380387.8, 218093.1 ], [ 380305.7, 218049.6 ], [ 380243.7, 218001.3 ], [ 380218.9, 217957.0 ], [ 380196.6, 217896.7 ], [ 380191.3, 217859.6 ], [ 380198.8, 217795.7 ], [ 380228.7, 217723.0 ], [ 380259.4, 217655.4 ], [ 380323.3, 217528.1 ], [ 380335.6, 217493.0 ], [ 380427.8, 217296.1 ], [ 380472.9, 217202.4 ], [ 380500.7, 217129.8 ], [ 380507.1, 217103.6 ], [ 380548.6, 216997.5 ], [ 380574.1, 216949.7 ], [ 380620.0, 216837.8 ], [ 380657.2, 216773.1 ], [ 380698.2, 216660.1 ], [ 380729.9, 216597.2 ], [ 380766.5, 216512.3 ], [ 380793.9, 216435.7 ], [ 380815.0, 216342.9 ], [ 380813.2, 216296.3 ], [ 380805.8, 216261.9 ], [ 380774.6, 216208.8 ], [ 380751.3, 216177.1 ], [ 380708.7, 216139.9 ], [ 380547.0, 216044.1 ], [ 380482.2, 216002.7 ], [ 380416.5, 215956.4 ], [ 380375.8, 215930.9 ], [ 380247.3, 215836.1 ], [ 380203.5, 215796.2 ], [ 380144.6, 215749.7 ], [ 380107.9, 215712.2 ], [ 380063.7, 215653.9 ], [ 380026.4, 215568.4 ], [ 380014.7, 215469.0 ], [ 380019.3, 215418.9 ], [ 380037.4, 215326.7 ], [ 380043.5, 215210.0 ], [ 380032.1, 215156.7 ], [ 379986.4, 215075.9 ], [ 379962.7, 215050.6 ], [ 379859.6, 214965.9 ], [ 379775.9, 214929.2 ], [ 379733.3, 214918.8 ], [ 379675.6, 214917.7 ], [ 379632.4, 214926.5 ], [ 379590.5, 214952.2 ], [ 379511.8, 214992.1 ], [ 379454.9, 215047.8 ], [ 379378.9, 215151.9 ], [ 379350.6, 215211.0 ], [ 379319.3, 215302.8 ], [ 379295.2, 215425.2 ], [ 379284.2, 215468.7 ], [ 379270.1, 215554.1 ], [ 379264.0, 215615.6 ], [ 379247.5, 215685.4 ], [ 379220.9, 215871.2 ], [ 379216.1, 215928.7 ], [ 379204.0, 216029.6 ], [ 379190.5, 216194.8 ], [ 379185.3, 216236.3 ], [ 379153.3, 216320.9 ], [ 379122.2, 216386.2 ], [ 379121.4, 216400.7 ], [ 379069.9, 216464.0 ], [ 379041.2, 216493.9 ], [ 378993.2, 216520.7 ], [ 378904.2, 216566.2 ], [ 378682.4, 216604.9 ], [ 378607.0, 216616.6 ], [ 378525.3, 216625.8 ], [ 378464.7, 216629.9 ], [ 378273.1, 216628.4 ], [ 378196.1, 216622.5 ], [ 378081.7, 216617.7 ], [ 378016.4, 216621.1 ], [ 377858.3, 216652.2 ], [ 377813.8, 216669.3 ], [ 377751.6, 216688.4 ], [ 377655.0, 216745.2 ], [ 377617.1, 216776.4 ], [ 377577.1, 216815.5 ], [ 377489.7, 216869.3 ], [ 377437.3, 216894.0 ], [ 377317.6, 216933.3 ], [ 377272.8, 216952.9 ], [ 377202.9, 216960.0 ], [ 377124.3, 216956.6 ], [ 377076.7, 216946.8 ], [ 376969.8, 216913.9 ], [ 376860.0, 216876.1 ], [ 376797.8, 216846.2 ], [ 376755.6, 216813.0 ], [ 376656.6, 216761.3 ], [ 376590.7, 216718.0 ], [ 376460.2, 216665.0 ], [ 376398.0, 216645.2 ], [ 376243.8, 216604.3 ], [ 376194.9, 216592.8 ], [ 376121.0, 216580.7 ], [ 375999.9, 216548.9 ], [ 375892.6, 216513.8 ], [ 375850.7, 216491.0 ], [ 375839.5, 216513.2 ], [ 375838.3, 216486.3 ], [ 375777.5, 216445.5 ], [ 375744.7, 216410.2 ], [ 375718.4, 216366.1 ], [ 375697.5, 216317.3 ], [ 375678.0, 216254.7 ], [ 375664.7, 216181.4 ], [ 375649.6, 216128.0 ], [ 375632.2, 216090.0 ], [ 375604.9, 216046.5 ], [ 375603.9, 216029.8 ], [ 375581.7, 215947.5 ], [ 375562.8, 215852.4 ], [ 375538.4, 215771.1 ], [ 375523.3, 215648.9 ], [ 375516.3, 215519.2 ], [ 375495.2, 215329.8 ], [ 375490.7, 215312.0 ], [ 375493.7, 215233.0 ], [ 375498.7, 215195.5 ], [ 375520.1, 215110.8 ], [ 375538.7, 215065.4 ], [ 375570.4, 215014.6 ], [ 375625.8, 214952.9 ], [ 375680.5, 214907.2 ], [ 375744.0, 214866.0 ], [ 375842.9, 214806.5 ], [ 375887.5, 214768.5 ], [ 375929.2, 214719.0 ], [ 375947.1, 214668.8 ], [ 375950.6, 214629.1 ], [ 375931.8, 214600.5 ], [ 375897.7, 214578.9 ], [ 375804.4, 214538.0 ], [ 375726.5, 214516.2 ], [ 375635.8, 214502.1 ], [ 375620.3, 214496.1 ], [ 375559.4, 214487.8 ], [ 375521.8, 214486.0 ], [ 375464.4, 214472.5 ], [ 375368.0, 214438.6 ], [ 375313.9, 214411.6 ], [ 375253.0, 214369.7 ], [ 375231.5, 214349.6 ], [ 375191.9, 214301.4 ], [ 375141.1, 214224.4 ], [ 375117.2, 214174.1 ], [ 375097.5, 214120.0 ], [ 375088.3, 214048.8 ], [ 375079.2, 214010.9 ], [ 375066.4, 213929.2 ], [ 375060.6, 213864.1 ], [ 375061.6, 213710.8 ], [ 375074.1, 213604.8 ], [ 375088.4, 213522.3 ], [ 375109.3, 213426.9 ], [ 375120.0, 213344.8 ], [ 375121.7, 213298.6 ], [ 375128.9, 213227.0 ], [ 375128.4, 213165.8 ], [ 375118.9, 213078.7 ], [ 375120.1, 213003.5 ], [ 375117.7, 212903.7 ], [ 375128.9, 212817.1 ], [ 375129.5, 212744.7 ], [ 375135.1, 212715.0 ], [ 375119.1, 212640.4 ], [ 375116.0, 212554.4 ], [ 375136.9, 212431.6 ], [ 375148.2, 212387.7 ], [ 375182.1, 212313.1 ], [ 375218.1, 212223.3 ], [ 375249.4, 212086.1 ], [ 375289.3, 212020.2 ], [ 375339.9, 211967.6 ], [ 375417.1, 211910.4 ], [ 375445.7, 211884.4 ], [ 375480.3, 211861.8 ], [ 375539.6, 211838.5 ], [ 375577.5, 211819.2 ], [ 375609.5, 211789.9 ], [ 375665.4, 211722.7 ], [ 375706.7, 211694.7 ], [ 375733.3, 211685.4 ], [ 375761.3, 211683.4 ], [ 375803.9, 211667.4 ], [ 375895.7, 211678.7 ], [ 375983.6, 211681.4 ], [ 376068.8, 211660.8 ], [ 376100.1, 211633.5 ], [ 376109.4, 211601.5 ], [ 376109.4, 211485.0 ], [ 376074.8, 211348.6 ], [ 376046.2, 211279.3 ], [ 376004.5, 211207.4 ], [ 375951.8, 211132.9 ], [ 375910.5, 211083.9 ], [ 375787.8, 210979.5 ], [ 375767.9, 210965.4 ], [ 375649.7, 210900.9 ], [ 375514.3, 210842.9 ], [ 375452.8, 210813.5 ], [ 375381.1, 210785.8 ], [ 375265.3, 210750.8 ], [ 375216.2, 210730.3 ], [ 375131.9, 210713.0 ], [ 375028.2, 210687.0 ], [ 374907.7, 210672.5 ], [ 374834.9, 210667.5 ], [ 374767.1, 210668.0 ], [ 374700.0, 210682.5 ], [ 374644.9, 210701.3 ], [ 374578.2, 210735.5 ], [ 374436.2, 210827.3 ], [ 374398.3, 210846.1 ], [ 374281.5, 210928.8 ], [ 374209.7, 210974.3 ], [ 374146.7, 211017.5 ], [ 374054.4, 211088.7 ], [ 374008.4, 211119.1 ], [ 373915.0, 211189.2 ], [ 373887.1, 211215.8 ], [ 373823.4, 211260.1 ], [ 373686.5, 211335.8 ], [ 373626.1, 211377.2 ], [ 373547.3, 211416.2 ], [ 373504.4, 211445.1 ], [ 373362.6, 211510.7 ], [ 373197.4, 211564.8 ], [ 373151.3, 211575.9 ], [ 373037.2, 211596.2 ], [ 373014.5, 211602.2 ], [ 372833.8, 211672.8 ], [ 372776.7, 211692.4 ], [ 372703.0, 211724.4 ], [ 372596.4, 211751.3 ], [ 372502.1, 211780.0 ], [ 372462.8, 211795.3 ], [ 372439.6, 211817.2 ], [ 372415.7, 211815.5 ], [ 372410.3, 211805.0 ], [ 372349.8, 211858.8 ], [ 372312.0, 211920.7 ], [ 372275.9, 211990.3 ], [ 372239.0, 212028.3 ], [ 372228.8, 212055.4 ], [ 372199.9, 212094.8 ], [ 372146.3, 212159.4 ], [ 372100.0, 212246.6 ], [ 372035.0, 212363.6 ], [ 372016.7, 212401.1 ], [ 372024.8, 212426.5 ], [ 372004.4, 212427.0 ], [ 371960.7, 212497.2 ], [ 371938.3, 212552.7 ], [ 371914.4, 212602.8 ], [ 371853.7, 212712.7 ], [ 371815.9, 212809.4 ], [ 371781.8, 212873.7 ], [ 371683.2, 213018.8 ], [ 371595.1, 213127.2 ], [ 371559.6, 213177.3 ], [ 371542.5, 213216.0 ], [ 371520.8, 213245.9 ], [ 371480.6, 213281.3 ], [ 371391.5, 213341.5 ], [ 371377.5, 213366.8 ], [ 371337.4, 213372.9 ], [ 371304.5, 213386.4 ], [ 371213.8, 213432.3 ], [ 371153.4, 213455.4 ], [ 371120.4, 213460.6 ], [ 371090.3, 213472.8 ], [ 371022.3, 213486.7 ], [ 370985.2, 213490.7 ], [ 370875.5, 213493.2 ], [ 370869.5, 213485.1 ], [ 370783.0, 213473.7 ], [ 370689.8, 213445.9 ], [ 370614.7, 213410.2 ], [ 370473.8, 213363.3 ], [ 370376.5, 213310.6 ], [ 370286.3, 213244.3 ], [ 370208.9, 213191.3 ], [ 370137.3, 213112.2 ], [ 370102.9, 213083.1 ], [ 370087.6, 213084.7 ], [ 370086.3, 213068.5 ], [ 370016.3, 213021.1 ], [ 369962.1, 212962.8 ], [ 369913.0, 212924.8 ], [ 369866.2, 212882.1 ], [ 369757.0, 212767.4 ], [ 369743.3, 212756.5 ], [ 369725.4, 212760.2 ], [ 369729.9, 212743.2 ], [ 369656.3, 212652.6 ], [ 369617.5, 212599.9 ], [ 369531.9, 212473.0 ], [ 369486.5, 212389.1 ], [ 369479.5, 212366.7 ], [ 369444.2, 212283.4 ], [ 369425.3, 212207.9 ], [ 369414.2, 212176.7 ], [ 369387.6, 212073.7 ], [ 369361.3, 212000.5 ], [ 369359.6, 211987.1 ], [ 369331.3, 211994.3 ], [ 369331.0, 211984.8 ], [ 369353.3, 211975.2 ], [ 369339.8, 211932.3 ], [ 369337.6, 211901.1 ], [ 369322.3, 211849.9 ], [ 369290.2, 211770.9 ], [ 369269.1, 211741.4 ], [ 369255.5, 211695.7 ], [ 369253.5, 211647.6 ], [ 369235.2, 211618.7 ], [ 369232.5, 211567.7 ], [ 369223.6, 211560.4 ], [ 369187.2, 211559.4 ], [ 369153.2, 211539.3 ], [ 369118.4, 211497.9 ], [ 369074.9, 211429.0 ], [ 369053.5, 211407.5 ], [ 369029.7, 211372.5 ], [ 368985.1, 211286.1 ], [ 368982.1, 211256.5 ], [ 368956.6, 211232.0 ], [ 368942.2, 211233.9 ], [ 368953.1, 211215.5 ], [ 368929.2, 211167.6 ], [ 368911.0, 211162.3 ], [ 368921.9, 211152.5 ], [ 368909.4, 211135.1 ], [ 368898.4, 211094.5 ], [ 368890.3, 211045.7 ], [ 368865.8, 210981.6 ], [ 368862.6, 210921.3 ], [ 368869.1, 210839.3 ], [ 368875.2, 210811.8 ], [ 368880.9, 210732.4 ], [ 368897.3, 210646.7 ], [ 368910.1, 210613.8 ], [ 368919.1, 210571.3 ], [ 368929.1, 210427.2 ], [ 368942.4, 210407.6 ], [ 368980.0, 210372.4 ], [ 368993.0, 210346.5 ], [ 369016.2, 210344.6 ], [ 368996.9, 210309.8 ], [ 368993.2, 210273.2 ], [ 369000.4, 210255.2 ], [ 368999.7, 210219.1 ], [ 369010.1, 210180.5 ], [ 369026.8, 210143.5 ], [ 369025.8, 210113.7 ], [ 369032.2, 210045.7 ], [ 369044.6, 210010.7 ], [ 369043.4, 209976.9 ], [ 369050.7, 209899.1 ], [ 369014.8, 209905.4 ], [ 368981.5, 209902.4 ], [ 368987.5, 209896.0 ], [ 369049.2, 209886.8 ], [ 369064.1, 209839.0 ], [ 369104.7, 209753.4 ], [ 369140.0, 209702.7 ], [ 369174.4, 209666.2 ], [ 369228.0, 209646.0 ], [ 369260.4, 209598.3 ], [ 369260.3, 209570.9 ], [ 369288.2, 209579.4 ], [ 369348.2, 209537.6 ], [ 369402.5, 209513.9 ], [ 369434.6, 209492.8 ], [ 369460.7, 209465.1 ], [ 369487.8, 209458.1 ], [ 369516.5, 209463.6 ], [ 369546.6, 209436.5 ], [ 369560.0, 209412.0 ], [ 369583.2, 209384.9 ], [ 369644.2, 209343.5 ], [ 369651.9, 209321.8 ], [ 369646.4, 209290.7 ], [ 369668.0, 209321.3 ], [ 369683.8, 209327.5 ], [ 369826.0, 209275.4 ], [ 369892.3, 209257.0 ], [ 369968.2, 209243.2 ], [ 370015.3, 209241.1 ], [ 370105.1, 209261.0 ], [ 370194.3, 209292.5 ], [ 370235.1, 209298.8 ], [ 370294.5, 209313.8 ], [ 370332.5, 209333.8 ], [ 370394.4, 209354.3 ], [ 370431.4, 209362.5 ], [ 370456.3, 209351.8 ], [ 370511.3, 209351.8 ], [ 370612.2, 209340.8 ], [ 370640.9, 209333.7 ], [ 370761.4, 209321.3 ], [ 370794.8, 209310.9 ], [ 370869.8, 209304.1 ], [ 370932.4, 209295.1 ], [ 370978.8, 209284.2 ], [ 371075.2, 209268.4 ], [ 371093.0, 209257.7 ], [ 371122.5, 209262.4 ], [ 371189.5, 209240.4 ], [ 371234.8, 209236.7 ], [ 371383.2, 209207.0 ], [ 371462.9, 209182.6 ], [ 371509.1, 209164.4 ], [ 371686.5, 209106.5 ], [ 371797.7, 209054.4 ], [ 371925.9, 208998.4 ], [ 372025.3, 208951.4 ], [ 372069.2, 208923.8 ], [ 372098.0, 208893.6 ], [ 372140.3, 208808.9 ], [ 372165.1, 208742.4 ], [ 372178.5, 208694.7 ], [ 372205.1, 208524.0 ], [ 372180.5, 208325.5 ], [ 372154.3, 208270.9 ], [ 372118.1, 208182.1 ], [ 372060.0, 208093.6 ], [ 372036.7, 208078.5 ], [ 372040.7, 208062.7 ], [ 372013.8, 208059.7 ], [ 371954.6, 208017.6 ], [ 371905.5, 207972.4 ], [ 371836.0, 207918.6 ], [ 371809.3, 207890.9 ], [ 371776.9, 207870.4 ], [ 371735.5, 207828.2 ], [ 371715.5, 207821.2 ], [ 371684.2, 207799.4 ], [ 371666.6, 207799.8 ], [ 371605.3, 207777.2 ], [ 371566.8, 207766.9 ], [ 371506.1, 207734.6 ], [ 371444.8, 207697.9 ], [ 371385.7, 207672.2 ], [ 371355.8, 207651.4 ], [ 371332.8, 207624.4 ], [ 371232.3, 207591.2 ], [ 371210.5, 207572.2 ], [ 371184.2, 207572.2 ], [ 371116.4, 207550.1 ], [ 371086.5, 207531.8 ], [ 371058.7, 207499.8 ], [ 371006.5, 207475.7 ], [ 370974.2, 207484.6 ], [ 370901.4, 207464.7 ], [ 370843.8, 207438.9 ], [ 370824.3, 207437.2 ], [ 370715.1, 207372.9 ], [ 370694.5, 207364.0 ], [ 370646.0, 207319.3 ], [ 370608.5, 207290.8 ], [ 370595.7, 207290.6 ], [ 370542.4, 207234.5 ], [ 370535.4, 207215.4 ], [ 370510.4, 207206.7 ], [ 370494.6, 207181.2 ], [ 370465.2, 207159.8 ], [ 370440.6, 207130.5 ], [ 370411.5, 207084.5 ], [ 370299.1, 207017.9 ], [ 370273.7, 206990.3 ], [ 370254.0, 206984.7 ], [ 370198.6, 206954.4 ], [ 370138.5, 206914.8 ], [ 370028.9, 206866.8 ], [ 369948.2, 206829.5 ], [ 369916.2, 206843.1 ], [ 369842.3, 206852.2 ], [ 369819.8, 206846.4 ], [ 369800.0, 206830.4 ], [ 369773.7, 206789.6 ], [ 369758.9, 206790.8 ], [ 369717.7, 206817.0 ], [ 369700.5, 206846.0 ], [ 369739.7, 206878.2 ], [ 369776.7, 206935.6 ], [ 369767.8, 206950.9 ], [ 369734.2, 206969.4 ], [ 369730.8, 206980.2 ], [ 369730.3, 207063.0 ], [ 369733.3, 207091.3 ], [ 369748.6, 207125.9 ], [ 369726.7, 207100.4 ], [ 369709.3, 207033.2 ], [ 369709.8, 206972.6 ], [ 369737.7, 206943.6 ], [ 369742.7, 206924.1 ], [ 369710.5, 206876.7 ], [ 369686.8, 206862.5 ], [ 369680.6, 206828.7 ], [ 369701.5, 206798.7 ], [ 369745.8, 206759.5 ], [ 369791.9, 206767.9 ], [ 369823.9, 206812.0 ], [ 369832.6, 206817.5 ], [ 369901.2, 206810.6 ], [ 369892.6, 206796.5 ], [ 369814.0, 206746.6 ], [ 369742.9, 206690.8 ], [ 369624.7, 206585.0 ], [ 369522.7, 206483.6 ], [ 369496.4, 206453.7 ], [ 369414.3, 206377.2 ], [ 369270.9, 206235.2 ], [ 369205.3, 206175.5 ], [ 369144.9, 206125.0 ], [ 369121.0, 206120.5 ], [ 369077.7, 206142.2 ], [ 369082.3, 206121.9 ], [ 369100.0, 206099.1 ], [ 369098.2, 206088.0 ], [ 369029.8, 206028.9 ], [ 368936.3, 205959.7 ], [ 368907.1, 205947.6 ], [ 368867.4, 205924.0 ], [ 368812.5, 205882.5 ], [ 368786.7, 205849.4 ], [ 368658.0, 205759.4 ], [ 368581.3, 205717.9 ], [ 368539.2, 205679.6 ], [ 368456.6, 205630.4 ], [ 368436.0, 205625.5 ], [ 368371.6, 205568.4 ], [ 368359.9, 205551.5 ], [ 368296.6, 205532.5 ], [ 368278.8, 205522.0 ], [ 368223.6, 205511.0 ], [ 368139.1, 205482.7 ], [ 368126.5, 205484.9 ], [ 368082.9, 205463.1 ], [ 368030.1, 205443.1 ], [ 368003.7, 205425.9 ], [ 367989.6, 205426.9 ], [ 367956.1, 205408.1 ], [ 367954.3, 205400.8 ], [ 367907.3, 205376.2 ], [ 367882.4, 205352.9 ], [ 367794.6, 205316.9 ], [ 367782.0, 205296.7 ], [ 367731.6, 205279.8 ], [ 367704.6, 205266.0 ], [ 367691.4, 205248.5 ], [ 367665.0, 205235.3 ], [ 367646.3, 205215.0 ], [ 367616.8, 205211.0 ], [ 367576.0, 205184.6 ], [ 367535.4, 205150.5 ], [ 367487.2, 205101.4 ], [ 367453.1, 205080.8 ], [ 367429.5, 205059.6 ], [ 367394.2, 205019.1 ], [ 367378.8, 204983.2 ], [ 367355.8, 204954.0 ], [ 367330.3, 204935.3 ], [ 367301.8, 204898.4 ], [ 367223.2, 204786.6 ], [ 367219.8, 204772.5 ], [ 367198.6, 204748.0 ], [ 367161.8, 204661.8 ], [ 367146.4, 204662.5 ], [ 367124.0, 204704.6 ], [ 367119.1, 204698.5 ], [ 367142.1, 204648.6 ], [ 367125.5, 204614.4 ], [ 367135.3, 204607.3 ], [ 367105.9, 204552.1 ], [ 367110.2, 204517.4 ], [ 367100.3, 204505.1 ], [ 367098.8, 204448.0 ], [ 367101.3, 204404.1 ], [ 367074.5, 204376.4 ], [ 367061.3, 204336.2 ], [ 367066.0, 204323.6 ], [ 367054.3, 204271.4 ], [ 367052.4, 204222.9 ], [ 367028.5, 204168.5 ], [ 367031.6, 204142.8 ], [ 366999.0, 204112.4 ], [ 366973.2, 204096.1 ], [ 366947.1, 204091.2 ], [ 366907.2, 204066.6 ], [ 366879.0, 204056.8 ], [ 366815.1, 204016.6 ], [ 366762.0, 204003.0 ], [ 366712.5, 203981.2 ], [ 366663.7, 203954.5 ], [ 366648.4, 203941.0 ], [ 366581.1, 203902.3 ], [ 366519.7, 203877.5 ], [ 366468.7, 203852.0 ], [ 366358.5, 203791.2 ], [ 366341.3, 203786.3 ], [ 366257.8, 203729.5 ], [ 366226.5, 203705.5 ], [ 366111.0, 203588.2 ], [ 366004.8, 203484.4 ], [ 365966.7, 203444.8 ], [ 365930.2, 203392.9 ], [ 365841.7, 203254.7 ], [ 365797.2, 203168.8 ], [ 365756.1, 203096.6 ], [ 365752.1, 203071.4 ], [ 365728.7, 203022.6 ], [ 365687.3, 202914.8 ], [ 365681.1, 202858.9 ], [ 365686.9, 202819.2 ], [ 365684.6, 202793.7 ], [ 365654.6, 202706.6 ], [ 365636.1, 202674.7 ], [ 365610.8, 202602.1 ], [ 365603.9, 202573.0 ], [ 365560.7, 202462.5 ], [ 365535.8, 202385.5 ], [ 365497.5, 202308.6 ], [ 365475.1, 202158.4 ], [ 365458.6, 202106.1 ], [ 365460.7, 202045.3 ], [ 365431.0, 201988.8 ], [ 365410.0, 201917.1 ], [ 365393.2, 201885.4 ], [ 365338.1, 201799.7 ], [ 365321.5, 201778.9 ], [ 365305.4, 201740.3 ], [ 365264.1, 201680.9 ], [ 365239.4, 201633.4 ], [ 365196.2, 201558.5 ], [ 365189.8, 201521.4 ], [ 365174.1, 201502.3 ], [ 365176.7, 201477.4 ], [ 365159.2, 201431.7 ], [ 365177.8, 201424.6 ], [ 365173.6, 201412.1 ], [ 365119.6, 201409.4 ], [ 365127.9, 201386.6 ], [ 365098.2, 201375.6 ], [ 364995.4, 201346.7 ], [ 364968.2, 201350.2 ], [ 364941.1, 201314.6 ], [ 364817.5, 201244.9 ], [ 364804.6, 201224.8 ], [ 364762.9, 201214.2 ], [ 364705.9, 201220.6 ], [ 364601.2, 201225.6 ], [ 364535.9, 201221.2 ], [ 364469.5, 201211.7 ], [ 364418.6, 201198.2 ], [ 364330.4, 201162.9 ], [ 364217.9, 201109.0 ], [ 364188.6, 201090.6 ], [ 364125.8, 201036.4 ], [ 364109.6, 201018.8 ], [ 363969.1, 200883.6 ], [ 363921.7, 200834.8 ], [ 363889.5, 200808.6 ], [ 363817.4, 200738.9 ], [ 363765.5, 200684.3 ], [ 363717.3, 200628.0 ], [ 363686.0, 200583.6 ], [ 363670.0, 200545.3 ], [ 363611.8, 200545.2 ], [ 363571.6, 200539.8 ], [ 363457.1, 200504.2 ], [ 363346.2, 200455.4 ], [ 363175.4, 200358.8 ], [ 363156.5, 200354.3 ], [ 363092.4, 200363.4 ], [ 362979.0, 200350.7 ], [ 362947.6, 200345.4 ], [ 362882.1, 200324.8 ], [ 362730.0, 200266.0 ], [ 362716.5, 200262.7 ], [ 362571.8, 200206.6 ], [ 362467.4, 200159.4 ], [ 362406.1, 200110.1 ], [ 362323.8, 200024.1 ], [ 362294.9, 199999.3 ], [ 362276.9, 200000.0 ], [ 362278.5, 200025.7 ], [ 362292.8, 200087.1 ], [ 362287.2, 200089.4 ], [ 362259.2, 200000.0 ], [ 362250.1, 199959.6 ], [ 362069.4, 199714.9 ], [ 361983.0, 199596.0 ], [ 361913.1, 199507.2 ], [ 361881.4, 199499.5 ], [ 361848.8, 199485.1 ], [ 361821.0, 199450.6 ], [ 361782.6, 199448.7 ], [ 361740.4, 199473.6 ], [ 361693.4, 199519.7 ], [ 361618.6, 199553.3 ], [ 361631.1, 199609.9 ], [ 361666.6, 199653.0 ], [ 361704.0, 199692.4 ], [ 361789.4, 199760.5 ], [ 361898.7, 199817.1 ], [ 361898.7, 199824.7 ], [ 361803.7, 199784.5 ], [ 361682.9, 199702.9 ], [ 361603.2, 199633.8 ], [ 361573.5, 199595.5 ], [ 361548.6, 199572.4 ], [ 361459.3, 199564.8 ], [ 361421.0, 199547.5 ], [ 361360.5, 199513.9 ], [ 361315.5, 199471.7 ], [ 361279.0, 199402.6 ], [ 361248.3, 199373.9 ], [ 361197.5, 199295.2 ], [ 361141.8, 199221.3 ], [ 361111.1, 199200.2 ], [ 361091.0, 199197.4 ], [ 361023.8, 199210.8 ], [ 360974.9, 199212.7 ], [ 360920.2, 199205.0 ], [ 360824.3, 199195.4 ], [ 360728.3, 199171.4 ], [ 360749.8, 199217.2 ], [ 360760.3, 199221.6 ], [ 360749.5, 199236.4 ], [ 360748.9, 199270.0 ], [ 360782.2, 199292.3 ], [ 360795.1, 199312.6 ], [ 360789.8, 199340.8 ], [ 360767.1, 199365.4 ], [ 360750.9, 199373.7 ], [ 360747.8, 199395.3 ], [ 360792.0, 199457.9 ], [ 360822.0, 199479.6 ], [ 360865.6, 199489.5 ], [ 360909.8, 199513.0 ], [ 360930.9, 199538.5 ], [ 360881.9, 199516.2 ], [ 360861.3, 199500.8 ], [ 360816.9, 199491.3 ], [ 360787.0, 199469.6 ], [ 360739.3, 199407.7 ], [ 360732.4, 199386.6 ], [ 360739.2, 199366.0 ], [ 360770.5, 199336.0 ], [ 360772.5, 199319.0 ], [ 360725.2, 199283.8 ], [ 360706.3, 199258.7 ], [ 360704.4, 199223.3 ], [ 360666.0, 199187.8 ], [ 360650.6, 199148.4 ], [ 360632.4, 199136.0 ], [ 360592.1, 199126.4 ], [ 360518.3, 199085.1 ], [ 360513.5, 199075.5 ], [ 360485.6, 199063.0 ], [ 360470.3, 199029.5 ], [ 360451.1, 199025.6 ], [ 360441.5, 198997.8 ], [ 360423.3, 198981.5 ], [ 360386.8, 198922.0 ], [ 360366.7, 198813.6 ], [ 360370.5, 198760.9 ], [ 360390.5, 198707.0 ], [ 360358.4, 198676.4 ], [ 360328.9, 198659.0 ], [ 360212.8, 198606.2 ], [ 360088.8, 198535.5 ], [ 360045.5, 198498.2 ], [ 360000.0, 198479.3 ], [ 359975.0, 198461.6 ], [ 359958.0, 198458.6 ], [ 359919.5, 198439.9 ], [ 359901.6, 198424.6 ], [ 359859.5, 198412.4 ], [ 359845.0, 198400.8 ], [ 359826.4, 198400.1 ], [ 359774.8, 198387.4 ], [ 359677.5, 198351.0 ], [ 359590.9, 198300.6 ], [ 359572.4, 198297.7 ], [ 359454.5, 198237.3 ], [ 359331.6, 198158.2 ], [ 359304.9, 198155.3 ], [ 359270.1, 198162.1 ], [ 359219.8, 198165.5 ], [ 359192.0, 198180.9 ], [ 359185.7, 198166.5 ], [ 359229.9, 198135.0 ], [ 359233.3, 198115.2 ], [ 359189.8, 198088.5 ], [ 359086.7, 198035.9 ], [ 359020.4, 198005.3 ], [ 358994.9, 198006.7 ], [ 358969.9, 197994.2 ], [ 358825.4, 197908.4 ], [ 358700.7, 197813.4 ], [ 358668.7, 197785.7 ], [ 358581.2, 197721.5 ], [ 358549.8, 197705.6 ], [ 358507.3, 197653.1 ], [ 358457.7, 197628.8 ], [ 358441.9, 197602.8 ], [ 358406.5, 197574.4 ], [ 358372.6, 197565.7 ], [ 358321.4, 197508.5 ], [ 358260.1, 197465.1 ], [ 358230.4, 197437.6 ], [ 358185.4, 197373.8 ], [ 358143.3, 197339.1 ], [ 358114.5, 197324.3 ], [ 358079.9, 197324.8 ], [ 358027.7, 197300.7 ], [ 358020.9, 197288.9 ], [ 357963.7, 197256.6 ], [ 357935.2, 197259.9 ], [ 357920.7, 197275.0 ], [ 357917.5, 197244.5 ], [ 357940.7, 197242.1 ], [ 357961.0, 197231.3 ], [ 358008.3, 197249.2 ], [ 358034.8, 197234.2 ], [ 358038.0, 197221.6 ], [ 358018.0, 197189.7 ], [ 357985.7, 197170.2 ], [ 357973.6, 197148.7 ], [ 357926.2, 197108.8 ], [ 357882.7, 197039.4 ], [ 357863.5, 197026.5 ], [ 357830.5, 196985.8 ], [ 357798.2, 196983.7 ], [ 357789.6, 196971.3 ], [ 357785.9, 196936.7 ], [ 357777.4, 196916.7 ], [ 357714.7, 196834.7 ], [ 357635.2, 196748.2 ], [ 357591.4, 196693.6 ], [ 357552.8, 196662.8 ], [ 357544.0, 196667.3 ], [ 357485.6, 196657.9 ], [ 357496.8, 196623.5 ], [ 357498.0, 196592.1 ], [ 357418.0, 196497.0 ], [ 357401.4, 196497.9 ], [ 357333.4, 196426.9 ], [ 357316.0, 196421.2 ], [ 357274.5, 196386.5 ], [ 357251.0, 196360.1 ], [ 357203.9, 196328.3 ], [ 357121.4, 196263.2 ], [ 357091.9, 196244.0 ], [ 357037.3, 196193.8 ], [ 357009.5, 196161.6 ], [ 356936.3, 196089.9 ], [ 356888.6, 196034.2 ], [ 356876.2, 196010.9 ], [ 356836.2, 195959.5 ], [ 356826.2, 195938.4 ], [ 356798.5, 195942.0 ], [ 356802.6, 195904.1 ], [ 356792.3, 195874.8 ], [ 356802.0, 195861.6 ], [ 356794.3, 195828.1 ], [ 356791.6, 195774.3 ], [ 356796.3, 195719.5 ], [ 356825.6, 195642.5 ], [ 356829.0, 195588.9 ], [ 356835.9, 195544.6 ], [ 356848.5, 195500.7 ], [ 356879.9, 195449.3 ], [ 356882.1, 195421.5 ], [ 356907.7, 195363.2 ], [ 356928.9, 195324.6 ], [ 356941.8, 195288.4 ], [ 356958.0, 195220.9 ], [ 356911.9, 195142.7 ], [ 356871.9, 195093.4 ], [ 356824.8, 195093.1 ], [ 356811.2, 195041.3 ], [ 356749.4, 194981.1 ], [ 356683.7, 194887.2 ], [ 356670.2, 194879.0 ], [ 356589.8, 194757.3 ], [ 356585.6, 194734.0 ], [ 356526.2, 194655.2 ], [ 356460.9, 194574.7 ], [ 356415.5, 194507.3 ], [ 356424.4, 194439.8 ], [ 356401.9, 194376.7 ], [ 356400.0, 194358.5 ], [ 356383.1, 194331.7 ], [ 356354.0, 194245.1 ], [ 356332.0, 194221.2 ], [ 356292.4, 194197.0 ], [ 356253.8, 194123.8 ], [ 356214.0, 194071.6 ], [ 356071.4, 193909.1 ], [ 356031.7, 193849.6 ], [ 355990.2, 193779.1 ], [ 355927.0, 193681.5 ], [ 355905.7, 193634.0 ], [ 355891.5, 193619.0 ], [ 355877.0, 193588.9 ], [ 355871.0, 193556.8 ], [ 355814.7, 193373.1 ], [ 355775.6, 193237.7 ], [ 355757.8, 193195.5 ], [ 355724.1, 193151.7 ], [ 355596.3, 193041.3 ], [ 355436.4, 192928.9 ], [ 355394.2, 192882.4 ], [ 355370.5, 192846.6 ], [ 355348.7, 192824.2 ], [ 355303.6, 192766.5 ], [ 355270.4, 192728.8 ], [ 355244.4, 192677.0 ], [ 355193.5, 192707.3 ], [ 355186.1, 192691.6 ], [ 355221.0, 192663.1 ], [ 355224.5, 192637.9 ], [ 355200.2, 192592.1 ], [ 355189.9, 192556.6 ], [ 355163.5, 192516.8 ], [ 355157.3, 192472.6 ], [ 355122.0, 192361.9 ], [ 355108.3, 192335.4 ], [ 355085.7, 192221.6 ], [ 355073.3, 192196.8 ], [ 355055.6, 192116.5 ], [ 355055.1, 192081.7 ], [ 355043.5, 192023.6 ], [ 355032.3, 191831.2 ], [ 355032.8, 191677.3 ], [ 355036.0, 191618.8 ], [ 355052.0, 191504.1 ], [ 355078.9, 191412.5 ], [ 355096.5, 191387.3 ], [ 355098.4, 191368.1 ], [ 355122.0, 191301.2 ], [ 355138.6, 191266.6 ], [ 355175.7, 191203.4 ], [ 355223.9, 191142.1 ], [ 355286.2, 191071.9 ], [ 355302.9, 191021.2 ], [ 355302.1, 190987.1 ], [ 355295.2, 190947.5 ], [ 355266.3, 190896.9 ], [ 355262.2, 190864.3 ], [ 355250.0, 190842.0 ], [ 355241.7, 190745.4 ], [ 355241.1, 190702.8 ], [ 355247.5, 190689.4 ], [ 355231.3, 190691.5 ], [ 355212.5, 190659.2 ], [ 355191.5, 190599.5 ], [ 355195.1, 190570.9 ], [ 355191.4, 190540.4 ], [ 355167.5, 190479.7 ], [ 355147.3, 190448.8 ], [ 355122.0, 190397.8 ], [ 355099.8, 190372.1 ], [ 355045.6, 190340.3 ], [ 355017.1, 190313.9 ], [ 354977.0, 190292.7 ], [ 354952.1, 190290.0 ], [ 354923.6, 190269.6 ], [ 354903.3, 190265.5 ], [ 354876.4, 190279.1 ], [ 354846.3, 190286.3 ], [ 354778.8, 190337.2 ], [ 354761.5, 190345.5 ], [ 354696.4, 190348.4 ], [ 354661.8, 190357.1 ], [ 354590.0, 190411.0 ], [ 354593.7, 190443.3 ], [ 354591.0, 190474.4 ], [ 354578.1, 190533.7 ], [ 354562.2, 190589.9 ], [ 354534.9, 190649.6 ], [ 354522.4, 190692.4 ], [ 354528.0, 190726.8 ], [ 354518.3, 190747.6 ], [ 354499.2, 190819.6 ], [ 354478.2, 190859.0 ], [ 354468.5, 190901.5 ], [ 354441.8, 190979.9 ], [ 354451.4, 191056.3 ], [ 354446.1, 191066.1 ], [ 354452.5, 191105.2 ], [ 354532.4, 191248.3 ], [ 354557.8, 191332.0 ], [ 354579.7, 191342.7 ], [ 354584.1, 191354.5 ], [ 354625.5, 191366.5 ], [ 354673.7, 191410.4 ], [ 354715.2, 191463.9 ], [ 354712.8, 191472.4 ], [ 354745.5, 191573.3 ], [ 354752.3, 191624.5 ], [ 354745.1, 191720.4 ], [ 354729.2, 191796.1 ], [ 354710.8, 191843.4 ], [ 354679.0, 191902.6 ], [ 354587.9, 192037.9 ], [ 354551.0, 192060.0 ], [ 354556.7, 192079.7 ], [ 354535.2, 192082.4 ], [ 354521.2, 192094.9 ], [ 354452.3, 192176.7 ], [ 354382.5, 192247.6 ], [ 354325.2, 192300.8 ], [ 354238.2, 192389.5 ], [ 354242.7, 192417.2 ], [ 354216.6, 192427.5 ], [ 354156.2, 192505.5 ], [ 354106.7, 192575.8 ], [ 354078.4, 192641.5 ], [ 354070.0, 192652.5 ], [ 354028.4, 192741.7 ], [ 354031.6, 192777.2 ], [ 354001.8, 192783.4 ], [ 353977.6, 192841.6 ], [ 353938.2, 192906.1 ], [ 353936.6, 192923.4 ], [ 353907.9, 192970.5 ], [ 353913.7, 192979.3 ], [ 353935.3, 192963.1 ], [ 353939.8, 193017.6 ], [ 353915.7, 193004.8 ], [ 353905.8, 193009.5 ], [ 353886.6, 193045.9 ], [ 353883.5, 193063.5 ], [ 353890.0, 193091.5 ], [ 353882.3, 193120.6 ], [ 353895.3, 193186.3 ], [ 353904.1, 193208.6 ], [ 353924.0, 193228.1 ], [ 353915.4, 193233.7 ], [ 353930.9, 193288.0 ], [ 353955.6, 193312.0 ], [ 353953.4, 193320.7 ], [ 353972.6, 193344.3 ], [ 353988.0, 193430.4 ], [ 354003.7, 193471.6 ], [ 354010.1, 193515.6 ], [ 354048.1, 193660.2 ], [ 354066.6, 193710.8 ], [ 354060.8, 193779.5 ], [ 354060.0, 193882.9 ], [ 354047.0, 193920.1 ], [ 354048.5, 193941.1 ], [ 354026.5, 194036.5 ], [ 353979.8, 194125.1 ], [ 353904.9, 194229.4 ], [ 353881.3, 194299.7 ], [ 353841.9, 194352.8 ], [ 353817.0, 194391.6 ], [ 353764.7, 194425.5 ], [ 353732.6, 194434.1 ], [ 353634.5, 194451.7 ], [ 353605.7, 194442.7 ], [ 353529.8, 194430.2 ], [ 353506.2, 194440.7 ], [ 353454.9, 194402.7 ], [ 353441.4, 194375.0 ], [ 353393.4, 194352.3 ], [ 353374.3, 194320.3 ], [ 353347.2, 194308.4 ], [ 353315.0, 194283.0 ], [ 353278.4, 194267.7 ], [ 353218.4, 194264.8 ], [ 353184.7, 194289.2 ], [ 353153.9, 194325.7 ], [ 353119.6, 194387.8 ], [ 353101.2, 194447.9 ], [ 353100.6, 194545.3 ], [ 353095.6, 194564.8 ], [ 353108.2, 194606.4 ], [ 353143.3, 194677.5 ], [ 353196.5, 194753.8 ], [ 353261.9, 194822.4 ], [ 353293.7, 194852.3 ], [ 353340.7, 194923.5 ], [ 353403.5, 195000.0 ], [ 353432.5, 195046.7 ], [ 353546.3, 195190.0 ], [ 353598.6, 195275.7 ], [ 353674.5, 195348.9 ], [ 353711.9, 195405.0 ], [ 353769.8, 195483.9 ], [ 353794.5, 195521.6 ], [ 353872.2, 195630.7 ], [ 353891.9, 195663.4 ], [ 353960.7, 195791.9 ], [ 353991.8, 195856.8 ], [ 354023.0, 195938.7 ], [ 354037.1, 195967.7 ], [ 354057.2, 196028.3 ], [ 354066.4, 196075.7 ], [ 354089.7, 196149.9 ], [ 354098.0, 196195.1 ], [ 354105.3, 196259.7 ], [ 354093.9, 196394.5 ], [ 354079.1, 196439.9 ], [ 354039.3, 196490.9 ], [ 354008.5, 196518.1 ], [ 353950.1, 196536.1 ], [ 353914.9, 196542.6 ], [ 353884.9, 196537.8 ], [ 353856.9, 196520.4 ], [ 353823.9, 196524.1 ], [ 353790.1, 196506.5 ], [ 353719.6, 196451.8 ], [ 353669.0, 196387.7 ], [ 353611.4, 196294.6 ], [ 353584.1, 196241.1 ], [ 353511.3, 196148.7 ], [ 353444.8, 196076.5 ], [ 353404.5, 196045.0 ], [ 353369.8, 196026.2 ], [ 353340.8, 196016.3 ], [ 353331.3, 196000.8 ], [ 353283.8, 195980.6 ], [ 353261.9, 195966.2 ], [ 353200.1, 195950.1 ], [ 353165.8, 195945.9 ], [ 353139.0, 195954.4 ], [ 353124.8, 195938.2 ], [ 353090.0, 195937.8 ], [ 353008.7, 195954.4 ], [ 352957.2, 195978.5 ], [ 352936.6, 195978.1 ], [ 352859.3, 196020.0 ], [ 352835.3, 196056.9 ], [ 352786.8, 196066.2 ], [ 352766.5, 196081.3 ], [ 352762.2, 196096.6 ], [ 352736.5, 196109.2 ], [ 352698.2, 196157.7 ], [ 352681.2, 196199.2 ], [ 352675.9, 196247.2 ], [ 352677.5, 196283.4 ], [ 352688.2, 196317.8 ], [ 352710.5, 196343.7 ], [ 352706.9, 196357.7 ], [ 352721.0, 196372.6 ], [ 352748.9, 196365.6 ], [ 352757.1, 196381.4 ], [ 352744.5, 196427.1 ], [ 352730.9, 196447.7 ], [ 352744.0, 196464.2 ], [ 352748.8, 196491.9 ], [ 352775.7, 196570.5 ], [ 352778.3, 196622.3 ], [ 352785.2, 196649.5 ], [ 352779.4, 196703.9 ], [ 352789.5, 196762.8 ], [ 352824.3, 196814.6 ], [ 352850.0, 196835.8 ], [ 352864.0, 196838.8 ], [ 352898.4, 196868.9 ], [ 352950.0, 196890.8 ], [ 353013.5, 196923.3 ], [ 353074.0, 196936.3 ], [ 353181.8, 196941.7 ], [ 353200.9, 196945.5 ], [ 353230.2, 196940.7 ], [ 353294.4, 196943.9 ], [ 353314.5, 196938.5 ], [ 353365.0, 196937.7 ], [ 353446.2, 196928.3 ], [ 353489.9, 196910.8 ], [ 353524.4, 196905.4 ], [ 353594.4, 196882.5 ], [ 353617.6, 196867.2 ], [ 353650.5, 196860.8 ], [ 353705.4, 196864.3 ], [ 353738.7, 196860.2 ], [ 353817.4, 196873.5 ], [ 353867.1, 196876.1 ], [ 353943.8, 196889.3 ], [ 353969.8, 196905.8 ], [ 354038.5, 196935.8 ], [ 354056.3, 196939.1 ], [ 354109.2, 196965.6 ], [ 354154.1, 196981.9 ], [ 354191.6, 196981.2 ], [ 354239.2, 196998.5 ], [ 354300.8, 197029.5 ], [ 354476.0, 197096.5 ], [ 354534.8, 197135.5 ], [ 354568.7, 197163.1 ], [ 354602.6, 197198.8 ], [ 354643.9, 197257.1 ], [ 354677.2, 197314.8 ], [ 354705.0, 197383.6 ], [ 354712.4, 197450.0 ], [ 354711.3, 197492.1 ], [ 354703.4, 197549.3 ], [ 354694.3, 197589.7 ], [ 354671.4, 197649.4 ], [ 354604.6, 197725.8 ], [ 354500.8, 197801.6 ], [ 354469.9, 197811.9 ], [ 354440.3, 197832.5 ], [ 354383.7, 197859.9 ], [ 354376.4, 197868.6 ], [ 354325.2, 197887.6 ], [ 354318.8, 197898.9 ], [ 354302.2, 197894.1 ], [ 354279.6, 197905.5 ], [ 354220.7, 197915.8 ], [ 354147.4, 197932.3 ], [ 354094.0, 197954.8 ], [ 354078.1, 197974.6 ], [ 354047.9, 197964.3 ], [ 354029.9, 197988.4 ], [ 354000.4, 197994.8 ], [ 353971.7, 197990.0 ], [ 353915.6, 198008.1 ], [ 353860.9, 198045.5 ], [ 353799.5, 198098.8 ], [ 353759.4, 198140.6 ], [ 353728.0, 198165.8 ], [ 353720.2, 198185.2 ], [ 353679.6, 198248.5 ], [ 353667.0, 198257.5 ], [ 353665.4, 198279.3 ], [ 353641.9, 198302.6 ], [ 353619.8, 198340.3 ], [ 353618.1, 198381.6 ], [ 353624.2, 198438.0 ], [ 353632.3, 198458.5 ], [ 353623.4, 198474.4 ], [ 353639.5, 198509.8 ], [ 353651.4, 198569.7 ], [ 353694.8, 198665.2 ], [ 353746.0, 198746.3 ], [ 353782.9, 198816.5 ], [ 353839.8, 198910.2 ], [ 353845.2, 198950.0 ], [ 353871.0, 199026.6 ], [ 353886.1, 199055.3 ], [ 353882.3, 199079.9 ], [ 353898.9, 199128.8 ], [ 353888.1, 199155.3 ], [ 353887.5, 199204.3 ], [ 353895.0, 199236.5 ], [ 353885.5, 199291.5 ], [ 353890.8, 199328.1 ], [ 353917.7, 199383.5 ], [ 353918.0, 199419.8 ], [ 353906.0, 199441.0 ], [ 353902.4, 199464.6 ], [ 353881.5, 199518.9 ], [ 353881.2, 199537.5 ], [ 353896.5, 199605.7 ], [ 353889.7, 199638.2 ], [ 353877.9, 199654.3 ], [ 353845.5, 199678.4 ], [ 353836.7, 199702.7 ], [ 353836.6, 199728.6 ], [ 353823.6, 199773.0 ], [ 353801.1, 199795.4 ], [ 353764.2, 199842.7 ], [ 353697.0, 199942.7 ], [ 353641.7, 200005.6 ], [ 353600.0, 200064.0 ], [ 353570.8, 200072.8 ], [ 353565.3, 200086.4 ], [ 353534.6, 200099.4 ], [ 353514.7, 200115.1 ], [ 353407.4, 200167.9 ], [ 353349.5, 200186.2 ], [ 353243.0, 200228.4 ], [ 353196.1, 200255.1 ], [ 353142.0, 200279.2 ], [ 353032.7, 200322.8 ], [ 352995.3, 200355.5 ], [ 352975.3, 200365.5 ], [ 352916.2, 200381.8 ], [ 352886.0, 200409.6 ], [ 352867.5, 200436.4 ], [ 352859.0, 200477.4 ], [ 352855.8, 200519.8 ], [ 352861.6, 200584.0 ], [ 352870.7, 200632.9 ], [ 352883.6, 200663.7 ], [ 352905.4, 200681.7 ], [ 352953.0, 200699.7 ], [ 352999.6, 200702.5 ], [ 353051.5, 200696.6 ], [ 353095.3, 200685.6 ], [ 353129.4, 200666.2 ], [ 353196.4, 200596.0 ], [ 353227.5, 200549.6 ], [ 353232.8, 200533.6 ], [ 353292.4, 200437.0 ], [ 353318.8, 200401.8 ], [ 353373.4, 200363.1 ], [ 353406.6, 200354.2 ], [ 353485.7, 200348.5 ], [ 353553.7, 200355.7 ], [ 353606.8, 200368.3 ], [ 353693.8, 200396.5 ], [ 353747.9, 200417.6 ], [ 353797.5, 200443.3 ], [ 353838.4, 200484.3 ], [ 353861.7, 200516.0 ], [ 353882.1, 200580.0 ], [ 353899.3, 200716.3 ], [ 353899.7, 200748.7 ], [ 353917.8, 200906.7 ], [ 353932.9, 200992.6 ], [ 353923.0, 201010.5 ], [ 353912.6, 201050.2 ], [ 353906.6, 201124.6 ], [ 353871.2, 201161.0 ], [ 353866.9, 201178.1 ], [ 353803.9, 201284.8 ], [ 353722.9, 201397.7 ], [ 353684.4, 201453.9 ], [ 353624.3, 201530.1 ], [ 353601.0, 201551.2 ], [ 353482.9, 201643.7 ], [ 353462.0, 201652.0 ], [ 353432.3, 201677.4 ], [ 353343.1, 201743.1 ], [ 353273.3, 201801.4 ], [ 353244.0, 201832.8 ], [ 353199.4, 201890.5 ], [ 353178.5, 201926.2 ], [ 353158.1, 201991.1 ], [ 353151.0, 202059.6 ], [ 353142.5, 202073.1 ], [ 353145.6, 202117.7 ], [ 353142.5, 202145.1 ], [ 353145.7, 202185.7 ], [ 353135.5, 202259.2 ], [ 353123.4, 202306.8 ], [ 353103.3, 202403.4 ], [ 353090.8, 202448.1 ], [ 353079.7, 202515.0 ], [ 353060.3, 202613.7 ], [ 353031.9, 202716.3 ], [ 353037.0, 202791.0 ], [ 353043.2, 202825.6 ], [ 353070.8, 202896.0 ], [ 353092.4, 202931.8 ], [ 353123.2, 203004.1 ], [ 353127.7, 203023.1 ], [ 353123.0, 203077.8 ], [ 353111.7, 203118.8 ], [ 353086.3, 203160.2 ], [ 353046.3, 203194.8 ], [ 352993.6, 203252.1 ], [ 352910.0, 203318.4 ], [ 352835.8, 203390.8 ], [ 352789.7, 203448.7 ], [ 352758.1, 203479.4 ], [ 352714.4, 203514.6 ], [ 352698.3, 203536.6 ], [ 352672.7, 203596.7 ], [ 352647.5, 203683.1 ], [ 352639.0, 203748.0 ], [ 352644.1, 203784.0 ], [ 352666.5, 203828.4 ], [ 352712.4, 203880.2 ], [ 352744.4, 203902.7 ], [ 352794.7, 203921.0 ], [ 352867.5, 203954.8 ], [ 352976.1, 203994.7 ], [ 353012.8, 204012.7 ], [ 353109.8, 204045.8 ], [ 353124.0, 204046.3 ], [ 353180.7, 204066.4 ], [ 353259.0, 204101.0 ], [ 353318.4, 204131.9 ], [ 353414.0, 204165.6 ], [ 353483.5, 204198.0 ], [ 353532.7, 204232.8 ], [ 353621.9, 204303.3 ], [ 353685.6, 204365.6 ], [ 353755.0, 204449.0 ], [ 353763.7, 204476.0 ], [ 353760.0, 204507.9 ], [ 353743.0, 204539.8 ], [ 353738.8, 204568.2 ], [ 353737.9, 204667.1 ], [ 353745.8, 204788.5 ], [ 353780.4, 204909.5 ], [ 353823.9, 204963.1 ], [ 353883.8, 205074.1 ], [ 353888.6, 205095.7 ], [ 353843.4, 205104.7 ], [ 353826.0, 205069.5 ], [ 353791.6, 205019.8 ], [ 353774.8, 205005.3 ], [ 353769.1, 204984.7 ], [ 353734.3, 204942.1 ], [ 353717.3, 204897.9 ], [ 353699.4, 204744.1 ], [ 353683.3, 204643.9 ], [ 353676.6, 204615.7 ], [ 353680.7, 204565.0 ], [ 353648.6, 204526.3 ], [ 353664.5, 204463.6 ], [ 353659.4, 204418.9 ], [ 353648.3, 204396.9 ], [ 353617.2, 204360.8 ], [ 353536.4, 204294.9 ], [ 353501.1, 204269.5 ], [ 353441.4, 204234.7 ], [ 353308.3, 204185.5 ], [ 353285.4, 204170.0 ], [ 353252.7, 204159.6 ], [ 353225.2, 204138.4 ], [ 353149.8, 204107.5 ], [ 352946.8, 204039.4 ], [ 352785.0, 203980.7 ], [ 352736.6, 203954.4 ], [ 352673.5, 203914.8 ], [ 352605.5, 203842.7 ], [ 352589.9, 203786.9 ], [ 352587.5, 203738.1 ], [ 352590.8, 203701.0 ], [ 352601.5, 203648.7 ], [ 352625.2, 203582.2 ], [ 352660.2, 203516.7 ], [ 352694.5, 203471.0 ], [ 352786.2, 203375.5 ], [ 352828.5, 203334.8 ], [ 352963.5, 203222.4 ], [ 352996.0, 203187.8 ], [ 353056.9, 203114.3 ], [ 353069.4, 203093.5 ], [ 353077.8, 203062.5 ], [ 353066.7, 203011.4 ], [ 353053.5, 202977.8 ], [ 353019.0, 202908.6 ], [ 353000.9, 202851.7 ], [ 352993.7, 202813.5 ], [ 352987.5, 202733.3 ], [ 352992.1, 202695.0 ], [ 353007.8, 202632.2 ], [ 353047.3, 202423.2 ], [ 353076.5, 202295.6 ], [ 353095.1, 202180.3 ], [ 353103.9, 202030.0 ], [ 353116.9, 201958.5 ], [ 353137.1, 201907.0 ], [ 353158.5, 201868.4 ], [ 353185.9, 201829.6 ], [ 353261.6, 201749.0 ], [ 353553.4, 201527.8 ], [ 353595.0, 201488.9 ], [ 353684.8, 201376.9 ], [ 353765.7, 201254.9 ], [ 353830.7, 201137.4 ], [ 353842.6, 201108.7 ], [ 353876.6, 200996.2 ], [ 353861.9, 200886.7 ], [ 353839.5, 200658.6 ], [ 353832.7, 200601.1 ], [ 353812.0, 200546.4 ], [ 353791.3, 200517.0 ], [ 353736.2, 200470.0 ], [ 353704.1, 200453.7 ], [ 353589.5, 200412.4 ], [ 353550.1, 200413.2 ], [ 353500.0, 200425.6 ], [ 353463.6, 200420.5 ], [ 353437.3, 200407.4 ], [ 353415.3, 200404.6 ], [ 353389.5, 200410.8 ], [ 353363.6, 200428.7 ], [ 353338.4, 200459.3 ], [ 353303.7, 200526.5 ], [ 353213.8, 200660.3 ], [ 353172.1, 200705.0 ], [ 353113.8, 200732.4 ], [ 353051.0, 200750.0 ], [ 352975.6, 200757.1 ], [ 352937.6, 200752.0 ], [ 352886.7, 200731.7 ], [ 352862.5, 200712.9 ], [ 352837.5, 200681.1 ], [ 352818.1, 200623.6 ], [ 352808.7, 200573.1 ], [ 352805.5, 200485.8 ], [ 352810.9, 200428.6 ], [ 352841.0, 200372.5 ], [ 352896.3, 200319.1 ], [ 352960.6, 200266.6 ], [ 352997.9, 200252.2 ], [ 353000.8, 200241.3 ], [ 352972.2, 200222.3 ], [ 352969.8, 200207.3 ], [ 353022.0, 200243.5 ], [ 353079.0, 200228.2 ], [ 353119.5, 200205.6 ], [ 353200.8, 200171.7 ], [ 353261.4, 200154.9 ], [ 353329.5, 200127.1 ], [ 353463.4, 200060.1 ], [ 353531.3, 200023.8 ], [ 353546.8, 200019.0 ], [ 353613.7, 199954.5 ], [ 353644.5, 199912.3 ], [ 353657.9, 199874.8 ], [ 353680.4, 199856.7 ], [ 353700.1, 199818.5 ], [ 353734.4, 199762.2 ], [ 353748.6, 199747.9 ], [ 353778.1, 199669.1 ], [ 353789.2, 199621.0 ], [ 353801.7, 199498.6 ], [ 353815.9, 199413.3 ], [ 353826.3, 199367.2 ], [ 353828.2, 199337.9 ], [ 353819.6, 199195.8 ], [ 353819.7, 199163.6 ], [ 353794.2, 199042.0 ], [ 353772.1, 199040.0 ], [ 353762.0, 199019.3 ], [ 353789.8, 199022.3 ], [ 353785.3, 198978.5 ], [ 353765.6, 198931.9 ], [ 353734.8, 198870.5 ], [ 353627.1, 198719.9 ], [ 353619.0, 198693.5 ], [ 353586.2, 198634.0 ], [ 353572.2, 198620.9 ], [ 353525.9, 198529.9 ], [ 353522.0, 198506.3 ], [ 353505.6, 198461.0 ], [ 353504.3, 198411.5 ], [ 353521.6, 198351.5 ], [ 353527.8, 198304.7 ], [ 353584.5, 198221.4 ], [ 353588.5, 198200.2 ], [ 353606.9, 198170.6 ], [ 353621.1, 198160.9 ], [ 353649.9, 198125.3 ], [ 353726.2, 198045.2 ], [ 353744.2, 198038.3 ], [ 353796.9, 197996.0 ], [ 353816.5, 197960.9 ], [ 353863.1, 197936.7 ], [ 353880.3, 197916.3 ], [ 353924.5, 197886.7 ], [ 353944.2, 197879.0 ], [ 354058.2, 197858.0 ], [ 354073.2, 197848.1 ], [ 354181.4, 197832.6 ], [ 354249.2, 197812.5 ], [ 354286.0, 197809.0 ], [ 354349.6, 197792.9 ], [ 354372.6, 197771.3 ], [ 354394.3, 197760.5 ], [ 354423.0, 197756.9 ], [ 354531.5, 197671.1 ], [ 354582.2, 197618.5 ], [ 354604.1, 197587.0 ], [ 354624.0, 197529.6 ], [ 354628.5, 197493.8 ], [ 354627.5, 197457.0 ], [ 354620.8, 197418.4 ], [ 354608.4, 197379.8 ], [ 354577.9, 197319.3 ], [ 354547.7, 197277.0 ], [ 354521.3, 197248.1 ], [ 354459.6, 197193.4 ], [ 354401.6, 197160.7 ], [ 354351.3, 197144.4 ], [ 354281.4, 197135.0 ], [ 354240.0, 197113.0 ], [ 354222.4, 197119.7 ], [ 354208.0, 197109.3 ], [ 354089.6, 197064.8 ], [ 354069.9, 197063.9 ], [ 354032.8, 197051.3 ], [ 353997.8, 197045.4 ], [ 354001.9, 197077.6 ], [ 353991.8, 197085.0 ], [ 353963.4, 197062.6 ], [ 353924.7, 197047.6 ], [ 353928.2, 197024.3 ], [ 353891.4, 196996.6 ], [ 353846.3, 196978.5 ], [ 353760.3, 196965.1 ], [ 353707.2, 196961.0 ], [ 353663.6, 196965.4 ], [ 353665.6, 197014.0 ], [ 353656.0, 197025.0 ], [ 353565.2, 197027.0 ], [ 353543.6, 197022.3 ], [ 353537.1, 197008.6 ], [ 353464.0, 197014.7 ], [ 353429.6, 197027.8 ], [ 353278.1, 197044.1 ], [ 353263.2, 197051.2 ], [ 353238.8, 197044.2 ], [ 353228.6, 197051.4 ], [ 353191.4, 197044.4 ], [ 353164.5, 197030.9 ], [ 353109.9, 197039.4 ], [ 353058.8, 197030.5 ], [ 352987.3, 197000.4 ], [ 352929.2, 196984.0 ], [ 352890.1, 196968.4 ], [ 352867.6, 196945.2 ], [ 352825.4, 196931.7 ], [ 352754.0, 196891.2 ], [ 352741.5, 196869.7 ], [ 352718.2, 196845.7 ], [ 352707.7, 196788.4 ], [ 352694.3, 196757.1 ], [ 352690.3, 196731.2 ], [ 352698.6, 196695.4 ], [ 352690.6, 196637.6 ], [ 352674.0, 196604.9 ], [ 352668.5, 196568.7 ], [ 352639.0, 196524.9 ], [ 352637.8, 196504.8 ], [ 352620.4, 196486.8 ], [ 352605.6, 196451.2 ], [ 352583.5, 196378.1 ], [ 352575.3, 196337.8 ], [ 352569.9, 196263.0 ], [ 352576.0, 196202.5 ], [ 352611.8, 196107.1 ], [ 352651.6, 196036.0 ], [ 352677.3, 196001.7 ], [ 352709.9, 195973.2 ], [ 352734.2, 195965.7 ], [ 352767.4, 195935.6 ], [ 352809.0, 195910.9 ], [ 352854.0, 195892.9 ], [ 352894.6, 195885.0 ], [ 352924.3, 195867.3 ], [ 352959.1, 195856.1 ], [ 353015.3, 195850.2 ], [ 353058.2, 195836.4 ], [ 353171.1, 195838.0 ], [ 353215.1, 195843.4 ], [ 353273.3, 195857.7 ], [ 353312.0, 195871.9 ], [ 353374.4, 195900.3 ], [ 353436.6, 195941.3 ], [ 353513.4, 196010.8 ], [ 353602.4, 196110.5 ], [ 353664.2, 196174.6 ], [ 353672.3, 196211.3 ], [ 353689.1, 196230.5 ], [ 353709.2, 196240.5 ], [ 353759.0, 196314.8 ], [ 353825.2, 196377.6 ], [ 353854.3, 196397.5 ], [ 353887.7, 196411.3 ], [ 353919.6, 196413.4 ], [ 353956.1, 196397.7 ], [ 353975.7, 196374.5 ], [ 353984.3, 196352.4 ], [ 353978.4, 196335.8 ], [ 353958.3, 196355.2 ], [ 353916.3, 196380.6 ], [ 353893.7, 196380.9 ], [ 353868.5, 196366.0 ], [ 353859.7, 196330.0 ], [ 353867.0, 196318.0 ], [ 353896.8, 196299.5 ], [ 353948.8, 196274.4 ], [ 353955.5, 196263.3 ], [ 353950.2, 196234.8 ], [ 353953.8, 196215.8 ], [ 353973.9, 196203.9 ], [ 353933.5, 196080.5 ], [ 353927.3, 196050.7 ], [ 353897.8, 195973.4 ], [ 353860.8, 195899.0 ], [ 353813.5, 195813.4 ], [ 353799.1, 195797.9 ], [ 353764.5, 195728.3 ], [ 353739.6, 195694.1 ], [ 353713.8, 195649.0 ], [ 353698.7, 195612.7 ], [ 353659.6, 195549.5 ], [ 353612.3, 195496.7 ], [ 353577.3, 195446.5 ], [ 353542.5, 195390.5 ], [ 353456.7, 195295.9 ], [ 353448.6, 195273.2 ], [ 353322.1, 195126.8 ], [ 353271.2, 195049.7 ], [ 353242.4, 195000.0 ], [ 353210.0, 194967.1 ], [ 353170.2, 194912.6 ], [ 353130.8, 194877.1 ], [ 353095.3, 194866.5 ], [ 353056.4, 194820.0 ], [ 353057.0, 194807.1 ], [ 353034.6, 194750.1 ], [ 352991.3, 194611.6 ], [ 352976.9, 194524.2 ], [ 352975.7, 194473.5 ], [ 352982.3, 194421.9 ], [ 352991.3, 194391.2 ], [ 353037.5, 194286.6 ], [ 353057.0, 194252.8 ], [ 353096.2, 194197.7 ], [ 353160.7, 194149.0 ], [ 353195.1, 194130.8 ], [ 353246.4, 194116.0 ], [ 353317.7, 194128.0 ], [ 353386.5, 194162.2 ], [ 353396.6, 194178.1 ], [ 353424.0, 194192.6 ], [ 353469.0, 194241.9 ], [ 353512.2, 194269.9 ], [ 353608.8, 194321.4 ], [ 353626.4, 194325.5 ], [ 353693.9, 194317.0 ], [ 353735.3, 194315.2 ], [ 353768.0, 194289.6 ], [ 353815.5, 194234.6 ], [ 353836.6, 194180.8 ], [ 353854.6, 194153.6 ], [ 353884.1, 194084.0 ], [ 353908.0, 194040.3 ], [ 353936.3, 193954.9 ], [ 353934.2, 193934.0 ], [ 353943.3, 193875.2 ], [ 353949.9, 193857.5 ], [ 353953.6, 193777.3 ], [ 353935.9, 193690.1 ], [ 353935.5, 193655.6 ], [ 353925.1, 193586.8 ], [ 353915.4, 193578.9 ], [ 353907.6, 193550.5 ], [ 353894.3, 193534.5 ], [ 353884.6, 193484.1 ], [ 353872.3, 193471.9 ], [ 353856.7, 193427.8 ], [ 353826.0, 193380.4 ], [ 353805.6, 193341.1 ], [ 353774.5, 193294.7 ], [ 353759.9, 193259.2 ], [ 353749.5, 193253.0 ], [ 353754.5, 193179.4 ], [ 353746.3, 193116.2 ], [ 353755.5, 193044.4 ], [ 353756.8, 193007.4 ], [ 353795.6, 192953.0 ], [ 353808.3, 192907.5 ], [ 353847.4, 192831.0 ], [ 353869.4, 192782.6 ], [ 353902.7, 192697.9 ], [ 353936.3, 192644.9 ], [ 353951.1, 192613.3 ], [ 353967.1, 192551.4 ], [ 354005.3, 192472.7 ], [ 354061.7, 192377.2 ], [ 354089.8, 192340.5 ], [ 354189.1, 192224.5 ], [ 354257.9, 192158.2 ], [ 354322.3, 192081.8 ], [ 354347.8, 192057.7 ], [ 354378.3, 192020.5 ], [ 354406.8, 191993.8 ], [ 354478.3, 191893.4 ], [ 354517.0, 191829.1 ], [ 354522.1, 191810.3 ], [ 354513.6, 191794.2 ], [ 354536.5, 191778.8 ], [ 354544.5, 191759.9 ], [ 354550.0, 191695.8 ], [ 354541.0, 191654.5 ], [ 354529.5, 191629.3 ], [ 354477.5, 191551.9 ], [ 354343.8, 191389.5 ], [ 354273.0, 191299.1 ], [ 354240.6, 191271.5 ], [ 354203.9, 191256.8 ], [ 354219.4, 191231.8 ], [ 354221.9, 191211.1 ], [ 354208.7, 191189.3 ], [ 354145.9, 191064.3 ], [ 354104.2, 190952.3 ], [ 354075.8, 190923.9 ], [ 354033.2, 190922.7 ], [ 354054.1, 190892.2 ], [ 354061.8, 190810.8 ], [ 354041.0, 190736.1 ], [ 354017.6, 190665.5 ], [ 353991.1, 190604.5 ], [ 353956.9, 190554.4 ], [ 353939.7, 190519.9 ], [ 353859.3, 190385.9 ], [ 353826.3, 190339.5 ], [ 353796.0, 190312.2 ], [ 353740.3, 190294.0 ], [ 353704.6, 190274.1 ], [ 353658.8, 190285.8 ], [ 353630.9, 190301.6 ], [ 353623.1, 190292.2 ], [ 353635.2, 190278.8 ], [ 353674.3, 190254.1 ], [ 353716.1, 190251.0 ], [ 353742.5, 190262.2 ], [ 353752.5, 190249.1 ], [ 353737.6, 190224.6 ], [ 353716.8, 190205.1 ], [ 353681.0, 190183.7 ], [ 353566.8, 190139.4 ], [ 353454.6, 190092.1 ], [ 353301.0, 190035.4 ], [ 353277.6, 190032.3 ], [ 353216.2, 190039.9 ], [ 353172.8, 190039.0 ], [ 353146.5, 190029.9 ], [ 353142.3, 190043.0 ], [ 353122.9, 190042.1 ], [ 353120.6, 190024.0 ], [ 353140.5, 190005.7 ], [ 353168.4, 190020.8 ], [ 353207.0, 190016.7 ], [ 353191.8, 190000.0 ], [ 353140.4, 189979.3 ], [ 353058.5, 189934.9 ], [ 352981.5, 189883.6 ], [ 352654.1, 189680.1 ], [ 352512.3, 189589.6 ], [ 352403.7, 189501.1 ], [ 352202.9, 189324.1 ], [ 352146.5, 189301.6 ], [ 352134.6, 189318.8 ], [ 352162.5, 189397.2 ], [ 352171.5, 189444.4 ], [ 352186.6, 189473.4 ], [ 352194.2, 189521.6 ], [ 352190.4, 189599.4 ], [ 352171.4, 189597.0 ], [ 352134.9, 189568.6 ], [ 352068.4, 189553.1 ], [ 352055.0, 189559.3 ], [ 352048.0, 189547.2 ], [ 352029.0, 189546.8 ], [ 351952.1, 189608.5 ], [ 351936.2, 189626.2 ], [ 351919.4, 189623.0 ], [ 351927.0, 189603.9 ], [ 351974.8, 189568.1 ], [ 352016.7, 189532.3 ], [ 352018.2, 189490.0 ], [ 352037.1, 189480.9 ], [ 352079.0, 189487.2 ], [ 352094.2, 189467.5 ], [ 352074.1, 189416.4 ], [ 352064.2, 189371.8 ], [ 352065.4, 189314.7 ], [ 352058.0, 189255.9 ], [ 352038.1, 189181.8 ], [ 352023.4, 189146.7 ], [ 351998.0, 189107.5 ], [ 351952.2, 189047.6 ], [ 351899.7, 188992.3 ], [ 351837.2, 188904.7 ], [ 351738.4, 188757.8 ], [ 351678.1, 188672.6 ], [ 351623.8, 188603.1 ], [ 351587.6, 188549.9 ], [ 351558.5, 188537.5 ], [ 351543.5, 188544.1 ], [ 351517.3, 188569.1 ], [ 351481.7, 188562.0 ], [ 351442.2, 188566.5 ], [ 351434.8, 188557.6 ], [ 351479.8, 188552.5 ], [ 351519.0, 188554.8 ], [ 351531.6, 188529.7 ], [ 351537.2, 188492.7 ], [ 351509.9, 188445.1 ], [ 351487.5, 188316.4 ], [ 351469.4, 188289.4 ], [ 351432.5, 188261.1 ], [ 351422.7, 188230.4 ], [ 351389.1, 188185.1 ], [ 351358.9, 188062.6 ], [ 351350.6, 188047.4 ], [ 351313.8, 188019.1 ], [ 351215.9, 187971.3 ], [ 351185.0, 187951.5 ], [ 351094.4, 187877.2 ], [ 351007.2, 187802.3 ], [ 350985.6, 187768.7 ], [ 350877.8, 187571.7 ], [ 350872.3, 187550.2 ], [ 350830.9, 187475.8 ], [ 350878.7, 187447.6 ], [ 350864.5, 187437.5 ], [ 350787.8, 187352.3 ], [ 350733.7, 187306.1 ], [ 350701.2, 187284.9 ], [ 350652.5, 187265.4 ], [ 350614.7, 187257.2 ], [ 350519.9, 187250.6 ], [ 350480.0, 187232.0 ], [ 350443.6, 187220.3 ], [ 350406.2, 187225.0 ], [ 350393.0, 187220.1 ], [ 350118.0, 187229.4 ], [ 349991.4, 187231.5 ], [ 349779.5, 187233.1 ], [ 349555.8, 187223.0 ], [ 349377.7, 187210.8 ], [ 349106.7, 187194.3 ], [ 349040.2, 187188.4 ], [ 349025.1, 187218.4 ], [ 348996.8, 187239.9 ], [ 348985.5, 187261.8 ], [ 348984.0, 187241.4 ], [ 349024.8, 187204.4 ], [ 349029.6, 187189.5 ], [ 349019.5, 187168.2 ], [ 348995.1, 187177.3 ], [ 348925.5, 187176.7 ], [ 348870.2, 187169.3 ], [ 348789.4, 187152.8 ], [ 348702.2, 187144.8 ], [ 348683.1, 187154.4 ], [ 348565.1, 187144.8 ], [ 348535.4, 187123.0 ], [ 348450.3, 187111.4 ], [ 348329.2, 187086.4 ], [ 348235.1, 187074.7 ], [ 348210.7, 187064.6 ], [ 348182.0, 187012.0 ], [ 348159.2, 186983.9 ], [ 348135.8, 186965.3 ], [ 348086.9, 186939.7 ], [ 348021.0, 186918.5 ], [ 347973.2, 186898.8 ], [ 347934.9, 186888.7 ], [ 347904.6, 186886.6 ], [ 347860.0, 186892.4 ], [ 347777.1, 186916.4 ], [ 347725.5, 186920.6 ], [ 347684.1, 186918.5 ], [ 347593.2, 186884.5 ], [ 347550.9, 186858.0 ], [ 347528.4, 186836.1 ], [ 347479.0, 186826.0 ], [ 347479.7, 186803.5 ], [ 347455.7, 186785.4 ], [ 347417.6, 186768.5 ], [ 347401.9, 186742.5 ], [ 347338.9, 186694.0 ], [ 347307.4, 186675.2 ], [ 347205.2, 186604.5 ], [ 347116.5, 186555.3 ], [ 347099.5, 186539.5 ], [ 347099.2, 186521.1 ], [ 347083.5, 186509.6 ], [ 346994.9, 186462.6 ], [ 346952.3, 186454.9 ], [ 346924.0, 186433.3 ], [ 346859.5, 186423.6 ], [ 346822.6, 186394.9 ], [ 346771.6, 186381.9 ], [ 346688.2, 186343.2 ], [ 346667.4, 186338.7 ], [ 346638.4, 186348.2 ], [ 346607.0, 186328.6 ], [ 346563.7, 186362.9 ], [ 346554.8, 186337.2 ], [ 346517.7, 186303.4 ], [ 346376.8, 186234.1 ], [ 346242.6, 186172.1 ], [ 346222.6, 186157.7 ], [ 346142.3, 186115.9 ], [ 346089.0, 186083.3 ], [ 346038.3, 186063.7 ], [ 345990.7, 186033.9 ], [ 345951.7, 186016.3 ], [ 345926.4, 185987.9 ], [ 345895.1, 185979.2 ], [ 345824.3, 185939.5 ], [ 345712.0, 185880.9 ], [ 345595.5, 185795.4 ], [ 345516.7, 185757.6 ], [ 345440.7, 185708.6 ], [ 345409.7, 185693.1 ], [ 345353.4, 185676.6 ], [ 345322.9, 185662.0 ], [ 345296.5, 185633.4 ], [ 345281.2, 185602.6 ], [ 345258.8, 185615.4 ], [ 345249.0, 185674.3 ], [ 345238.7, 185676.5 ], [ 345239.3, 185639.7 ], [ 345245.5, 185605.5 ], [ 345240.2, 185588.4 ], [ 345208.6, 185560.4 ], [ 345167.8, 185530.8 ], [ 345079.0, 185457.3 ], [ 344972.7, 185383.0 ], [ 344892.7, 185340.0 ], [ 344793.5, 185272.6 ], [ 344724.7, 185236.3 ], [ 344653.3, 185193.0 ], [ 344606.0, 185157.8 ], [ 344485.5, 185074.3 ], [ 344375.8, 185000.0 ], [ 344316.2, 184967.0 ], [ 344258.7, 184927.4 ], [ 344211.6, 184900.9 ], [ 344160.2, 184878.6 ], [ 344116.0, 184873.7 ], [ 344084.4, 184856.7 ], [ 343974.6, 184784.1 ], [ 343933.9, 184760.8 ], [ 343855.4, 184707.9 ], [ 343846.0, 184729.9 ], [ 343858.9, 184755.2 ], [ 343873.3, 184764.9 ], [ 343889.2, 184800.6 ], [ 343877.0, 184819.0 ], [ 343868.8, 184860.0 ], [ 343851.5, 184857.4 ], [ 343856.6, 184806.9 ], [ 343868.1, 184798.8 ], [ 343862.4, 184782.8 ], [ 343821.7, 184755.2 ], [ 343812.4, 184732.5 ], [ 343810.4, 184694.1 ], [ 343783.6, 184693.0 ], [ 343770.1, 184668.6 ], [ 343744.5, 184649.5 ], [ 343738.2, 184626.2 ], [ 343709.9, 184611.0 ], [ 343698.5, 184615.9 ], [ 343677.8, 184591.2 ], [ 343660.0, 184580.0 ], [ 343620.0, 184569.5 ], [ 343593.5, 184552.6 ], [ 343591.4, 184542.1 ], [ 343573.4, 184549.4 ], [ 343554.9, 184539.3 ], [ 343502.8, 184495.4 ], [ 343429.8, 184451.5 ], [ 343404.8, 184427.3 ], [ 343280.7, 184362.1 ], [ 343219.8, 184304.9 ], [ 343186.5, 184286.5 ], [ 343136.4, 184231.1 ], [ 343035.2, 184226.7 ], [ 343003.1, 184218.4 ], [ 342894.7, 184147.1 ], [ 342802.2, 184083.0 ], [ 342469.1, 183856.5 ], [ 342380.2, 183794.0 ], [ 342291.7, 183741.8 ], [ 342253.1, 183731.9 ], [ 342159.5, 183728.1 ], [ 342121.0, 183710.5 ], [ 341986.2, 183636.9 ], [ 341955.5, 183617.6 ], [ 341917.4, 183585.1 ], [ 341769.6, 183492.5 ], [ 341738.1, 183476.0 ], [ 341651.0, 183442.4 ], [ 341604.7, 183408.1 ], [ 341534.0, 183331.1 ], [ 341509.2, 183315.7 ], [ 341447.4, 183293.3 ], [ 341348.9, 183262.2 ], [ 341198.3, 183200.5 ], [ 341135.7, 183196.6 ], [ 341038.4, 183175.6 ], [ 341002.0, 183159.5 ], [ 340966.0, 183136.0 ], [ 340917.9, 183133.2 ], [ 340874.2, 183141.9 ], [ 340791.9, 183131.6 ], [ 340730.0, 183110.9 ], [ 340685.0, 183090.5 ], [ 340638.8, 183059.7 ], [ 340578.4, 183050.5 ], [ 340421.8, 183038.4 ], [ 340295.3, 182984.9 ], [ 340270.0, 182978.2 ], [ 340178.5, 182976.7 ], [ 340112.3, 182978.3 ], [ 340011.5, 182972.7 ], [ 339939.2, 182987.7 ], [ 339879.7, 182991.3 ], [ 339800.2, 182978.8 ], [ 339728.8, 182948.7 ], [ 339705.4, 182930.3 ], [ 339665.6, 182907.9 ], [ 339644.4, 182890.6 ], [ 339622.4, 182887.2 ], [ 339542.5, 182839.2 ], [ 339437.6, 182792.1 ], [ 339361.1, 182747.3 ], [ 339290.8, 182710.4 ], [ 339264.2, 182699.7 ], [ 339193.3, 182656.1 ], [ 339143.6, 182638.6 ], [ 339103.4, 182618.6 ], [ 339047.1, 182595.7 ], [ 339021.9, 182589.1 ], [ 338962.4, 182585.8 ], [ 338841.6, 182602.7 ], [ 338759.4, 182597.1 ], [ 338656.9, 182538.2 ], [ 338644.7, 182528.5 ], [ 338583.2, 182436.5 ], [ 338489.4, 182401.6 ], [ 338417.4, 182338.0 ], [ 338381.6, 182316.5 ], [ 338326.8, 182275.0 ], [ 338284.0, 182276.3 ], [ 338229.5, 182295.5 ], [ 338141.0, 182306.8 ], [ 338032.4, 182299.5 ], [ 337975.9, 182290.9 ], [ 337775.7, 182253.8 ], [ 337719.5, 182238.1 ], [ 337562.3, 182176.3 ], [ 337508.3, 182147.9 ], [ 337472.9, 182123.2 ], [ 337397.0, 182028.5 ], [ 337314.1, 181978.9 ], [ 337307.1, 181965.8 ], [ 337332.9, 181924.4 ], [ 337329.4, 181892.8 ], [ 337309.1, 181888.7 ], [ 337228.1, 181896.0 ], [ 337105.3, 181934.4 ], [ 337058.7, 181972.5 ], [ 337008.8, 182008.1 ], [ 336893.8, 182074.2 ], [ 336838.5, 182102.3 ], [ 336742.8, 182143.7 ], [ 336685.3, 182160.9 ], [ 336667.2, 182176.7 ], [ 336615.1, 182204.9 ], [ 336597.6, 182238.0 ], [ 336566.8, 182256.1 ], [ 336537.0, 182238.0 ], [ 336460.5, 182247.6 ], [ 336443.5, 182255.0 ], [ 336396.7, 182251.8 ], [ 336287.3, 182257.1 ], [ 336194.8, 182270.9 ], [ 336120.4, 182270.9 ], [ 336110.8, 182276.3 ], [ 336112.9, 182315.6 ], [ 336123.6, 182322.0 ], [ 336120.4, 182347.5 ], [ 336145.9, 182365.5 ], [ 336143.8, 182377.2 ], [ 336263.8, 182495.6 ], [ 336278.3, 182506.3 ], [ 336289.9, 182529.5 ], [ 336296.9, 182603.1 ], [ 336310.0, 182617.2 ], [ 336338.8, 182604.2 ], [ 336377.7, 182564.5 ], [ 336417.9, 182552.2 ], [ 336467.3, 182577.0 ], [ 336494.9, 182615.5 ], [ 336503.9, 182663.0 ], [ 336521.0, 182686.1 ], [ 336566.2, 182700.4 ], [ 336623.3, 182693.6 ], [ 336645.0, 182705.5 ], [ 336673.7, 182735.6 ], [ 336738.0, 182792.1 ], [ 336764.7, 182828.9 ], [ 336788.3, 182886.7 ], [ 336842.4, 182903.4 ], [ 336855.8, 182920.1 ], [ 336859.8, 182947.4 ], [ 336889.0, 182972.0 ], [ 336876.4, 182980.3 ], [ 336855.1, 182970.3 ], [ 336825.1, 182937.2 ], [ 336800.2, 182928.1 ], [ 336780.3, 182929.2 ], [ 336758.8, 182944.9 ], [ 336735.5, 182975.6 ], [ 336722.2, 183007.4 ], [ 336706.6, 183023.1 ], [ 336707.2, 183004.3 ], [ 336750.9, 182910.8 ], [ 336755.0, 182862.4 ], [ 336734.2, 182827.8 ], [ 336711.6, 182805.5 ], [ 336687.8, 182790.9 ], [ 336626.6, 182736.9 ], [ 336615.3, 182733.6 ], [ 336536.1, 182739.0 ], [ 336510.1, 182732.2 ], [ 336484.6, 182698.1 ], [ 336473.0, 182662.4 ], [ 336464.7, 182610.2 ], [ 336422.9, 182587.0 ], [ 336389.3, 182593.6 ], [ 336390.7, 182607.7 ], [ 336355.0, 182634.9 ], [ 336315.9, 182651.9 ], [ 336295.8, 182650.7 ], [ 336264.9, 182626.8 ], [ 336243.0, 182564.0 ], [ 336251.1, 182536.7 ], [ 336227.7, 182529.2 ], [ 336210.7, 182503.7 ], [ 336219.2, 182485.6 ], [ 336195.9, 182460.1 ], [ 336122.5, 182401.7 ], [ 336114.0, 182386.8 ], [ 336076.8, 182378.3 ], [ 336082.1, 182448.4 ], [ 336098.1, 182478.2 ], [ 336104.4, 182530.3 ], [ 336137.4, 182553.7 ], [ 336155.5, 182546.2 ], [ 336179.9, 182511.1 ], [ 336195.9, 182515.4 ], [ 336210.7, 182543.0 ], [ 336186.7, 182574.9 ], [ 336161.5, 182595.0 ], [ 336113.7, 182599.3 ], [ 336088.1, 182572.0 ], [ 336066.2, 182534.7 ], [ 336059.0, 182506.9 ], [ 336013.0, 182431.4 ], [ 335972.7, 182380.4 ], [ 335940.8, 182346.4 ], [ 335906.8, 182344.3 ], [ 335812.2, 182319.8 ], [ 335789.8, 182303.9 ], [ 335718.6, 182296.5 ], [ 335578.3, 182298.6 ], [ 335475.2, 182301.8 ], [ 335316.9, 182299.6 ], [ 335287.1, 182300.7 ], [ 335183.7, 182292.8 ], [ 335170.6, 182273.2 ], [ 335153.0, 182267.9 ], [ 335057.4, 182264.9 ], [ 335033.3, 182278.5 ], [ 334966.1, 182267.3 ], [ 334806.7, 182255.5 ], [ 334709.8, 182263.4 ], [ 334646.8, 182246.9 ], [ 334613.9, 182244.6 ], [ 334566.1, 182229.1 ], [ 334513.8, 182235.4 ], [ 334416.4, 182224.8 ], [ 334385.4, 182230.3 ], [ 334350.7, 182222.4 ], [ 334260.0, 182224.5 ], [ 334119.4, 182224.8 ], [ 334091.9, 182231.7 ], [ 334014.9, 182268.8 ], [ 333976.6, 182258.9 ], [ 333934.2, 182283.2 ], [ 333906.2, 182257.7 ], [ 333875.0, 182287.0 ], [ 333854.2, 182294.8 ], [ 333828.5, 182289.7 ], [ 333807.6, 182316.0 ], [ 333756.1, 182321.5 ], [ 333723.2, 182318.6 ], [ 333683.1, 182336.1 ], [ 333646.9, 182378.3 ], [ 333637.1, 182383.0 ], [ 333634.5, 182363.1 ], [ 333620.7, 182352.4 ], [ 333575.2, 182370.8 ], [ 333561.9, 182384.4 ], [ 333561.8, 182424.3 ], [ 333543.3, 182417.3 ], [ 333510.8, 182378.5 ], [ 333488.8, 182380.8 ], [ 333435.1, 182415.2 ], [ 333396.6, 182444.4 ], [ 333390.7, 182472.9 ], [ 333372.4, 182520.4 ], [ 333341.1, 182563.0 ], [ 333315.4, 182611.2 ], [ 333275.2, 182637.7 ], [ 333213.8, 182655.7 ], [ 333197.7, 182656.9 ], [ 333189.8, 182671.2 ], [ 333110.9, 182715.9 ], [ 333030.3, 182758.5 ], [ 332973.5, 182760.6 ], [ 332916.6, 182792.2 ], [ 332888.6, 182802.1 ], [ 332830.7, 182798.8 ], [ 332793.8, 182807.9 ], [ 332763.3, 182852.0 ], [ 332735.6, 182884.9 ], [ 332671.3, 182886.8 ], [ 332640.9, 182899.2 ], [ 332634.8, 182939.1 ], [ 332591.7, 182972.9 ], [ 332576.5, 182998.5 ], [ 332548.0, 183033.0 ], [ 332517.3, 183044.3 ], [ 332473.5, 183080.6 ], [ 332453.2, 183082.4 ], [ 332424.7, 183071.6 ], [ 332402.2, 183053.0 ], [ 332399.4, 183027.6 ], [ 332355.8, 183018.1 ], [ 332345.6, 183020.6 ], [ 332257.5, 183080.0 ], [ 332217.9, 183118.1 ], [ 332201.0, 183149.8 ], [ 332174.1, 183161.3 ], [ 332110.0, 183236.0 ], [ 332094.1, 183281.5 ], [ 332103.6, 183308.6 ], [ 332045.2, 183340.4 ], [ 332031.9, 183353.5 ], [ 332021.2, 183386.4 ], [ 332024.1, 183417.1 ], [ 332015.3, 183445.1 ], [ 332018.8, 183482.5 ], [ 332038.0, 183524.8 ], [ 332042.3, 183554.1 ], [ 332063.5, 183601.7 ], [ 332111.2, 183685.1 ], [ 332129.2, 183703.6 ], [ 332265.4, 183783.3 ], [ 332282.3, 183785.9 ], [ 332303.4, 183803.7 ], [ 332302.0, 183836.5 ], [ 332317.1, 183852.4 ], [ 332356.9, 183866.7 ], [ 332374.4, 183837.3 ], [ 332393.9, 183844.3 ], [ 332419.7, 183875.3 ], [ 332598.8, 183961.5 ], [ 332710.6, 184017.8 ], [ 332746.3, 184043.9 ], [ 332809.3, 184067.5 ], [ 332842.8, 184087.3 ], [ 332855.2, 184103.1 ], [ 332875.8, 184104.5 ], [ 332903.4, 184136.6 ], [ 332932.2, 184156.4 ], [ 332945.8, 184176.7 ], [ 332997.3, 184224.0 ], [ 333037.8, 184268.8 ], [ 333064.0, 184276.1 ], [ 333081.7, 184289.6 ], [ 333102.7, 184251.7 ], [ 333117.6, 184236.6 ], [ 333138.6, 184232.0 ], [ 333184.5, 184169.4 ], [ 333209.8, 184139.7 ], [ 333261.6, 184149.8 ], [ 333276.9, 184158.6 ], [ 333315.3, 184202.8 ], [ 333346.4, 184208.0 ], [ 333372.2, 184181.9 ], [ 333389.1, 184173.2 ], [ 333410.2, 184141.9 ], [ 333444.1, 184107.5 ], [ 333452.5, 184116.3 ], [ 333416.5, 184168.4 ], [ 333361.0, 184224.6 ], [ 333330.2, 184234.4 ], [ 333304.2, 184226.5 ], [ 333247.2, 184185.6 ], [ 333237.3, 184188.1 ], [ 333225.6, 184213.8 ], [ 333202.9, 184229.8 ], [ 333182.7, 184255.3 ], [ 333150.8, 184281.8 ], [ 333156.1, 184310.5 ], [ 333143.4, 184335.0 ], [ 333130.6, 184400.9 ], [ 333150.8, 184441.3 ], [ 333161.9, 184476.7 ], [ 333162.5, 184509.3 ], [ 333134.9, 184530.5 ], [ 333143.4, 184678.3 ], [ 333186.7, 184691.9 ], [ 333195.4, 184702.7 ], [ 333188.0, 184779.2 ], [ 333178.4, 184832.4 ], [ 333130.9, 184935.8 ], [ 333082.0, 185019.6 ], [ 333026.7, 185097.5 ], [ 332979.5, 185134.7 ], [ 332981.7, 185181.4 ], [ 332951.9, 185194.6 ], [ 332936.1, 185183.2 ], [ 332910.0, 185196.9 ], [ 332883.9, 185226.6 ], [ 332873.6, 185262.4 ], [ 332844.3, 185266.8 ], [ 332809.1, 185280.8 ], [ 332745.2, 185318.9 ], [ 332740.5, 185336.7 ], [ 332749.7, 185359.0 ], [ 332768.7, 185368.1 ], [ 332825.0, 185357.7 ], [ 332823.3, 185367.4 ], [ 332799.1, 185369.4 ], [ 332742.2, 185389.9 ], [ 332712.0, 185387.5 ], [ 332700.4, 185369.3 ], [ 332679.9, 185359.5 ], [ 332647.4, 185378.0 ], [ 332655.7, 185390.3 ], [ 332614.7, 185392.6 ], [ 332519.4, 185439.9 ], [ 332355.3, 185530.2 ], [ 332304.4, 185560.4 ], [ 332259.7, 185592.7 ], [ 332173.5, 185664.4 ], [ 332099.6, 185729.7 ], [ 332041.7, 185798.3 ], [ 332028.9, 185807.2 ], [ 331983.2, 185865.6 ], [ 331947.4, 185919.8 ], [ 331946.5, 185930.5 ], [ 331922.4, 185958.6 ], [ 331888.4, 186062.3 ], [ 331873.2, 186126.7 ], [ 331873.1, 186147.4 ], [ 331894.5, 186190.2 ], [ 331940.5, 186258.0 ], [ 331986.9, 186304.0 ], [ 332034.1, 186336.1 ], [ 332080.9, 186358.2 ], [ 332126.2, 186374.1 ], [ 332187.3, 186389.7 ], [ 332269.8, 186421.9 ], [ 332363.5, 186454.4 ], [ 332446.5, 186499.4 ], [ 332524.3, 186553.1 ], [ 332581.5, 186623.2 ], [ 332631.5, 186698.3 ], [ 332651.0, 186746.1 ], [ 332663.5, 186817.1 ], [ 332666.2, 186880.6 ], [ 332655.9, 186949.7 ], [ 332638.8, 187006.1 ], [ 332631.2, 187049.8 ], [ 332611.4, 187063.2 ], [ 332589.0, 187095.1 ], [ 332556.7, 187125.4 ], [ 332518.4, 187170.9 ], [ 332530.0, 187196.3 ], [ 332549.8, 187209.7 ], [ 332580.5, 187214.5 ], [ 332607.2, 187202.3 ], [ 332655.2, 187144.6 ], [ 332677.1, 187135.5 ], [ 332721.3, 187129.8 ], [ 332761.2, 187094.5 ], [ 332769.4, 187052.8 ], [ 332768.3, 187032.3 ], [ 332778.0, 187004.3 ], [ 332792.5, 186993.9 ], [ 332824.2, 186986.8 ], [ 332828.5, 186944.5 ], [ 332825.1, 186917.4 ], [ 332840.4, 186915.8 ], [ 332844.9, 186966.4 ], [ 332842.5, 186985.0 ], [ 332852.5, 186994.5 ], [ 332944.0, 187004.9 ], [ 332966.6, 187028.5 ], [ 332928.1, 187012.2 ], [ 332857.6, 187013.0 ], [ 332838.1, 187006.2 ], [ 332811.4, 187007.3 ], [ 332795.5, 187028.5 ], [ 332796.3, 187078.4 ], [ 332786.0, 187108.1 ], [ 332731.0, 187163.9 ], [ 332668.3, 187180.5 ], [ 332647.0, 187191.1 ], [ 332618.3, 187215.5 ], [ 332601.3, 187250.6 ], [ 332588.0, 187263.9 ], [ 332550.8, 187266.6 ], [ 332528.5, 187261.3 ], [ 332486.5, 187241.1 ], [ 332439.0, 187231.4 ], [ 332420.0, 187237.7 ], [ 332409.6, 187252.9 ], [ 332381.2, 187253.0 ], [ 332345.5, 187266.1 ], [ 332304.9, 187287.5 ], [ 332291.6, 187300.0 ], [ 332272.2, 187299.5 ], [ 332217.3, 187348.1 ], [ 332200.5, 187350.2 ], [ 332158.3, 187399.4 ], [ 332139.8, 187437.9 ], [ 332047.4, 187597.0 ], [ 332016.3, 187655.3 ], [ 331997.9, 187682.7 ], [ 331972.0, 187709.2 ], [ 331950.2, 187746.4 ], [ 331922.5, 187777.5 ], [ 331824.8, 187863.4 ], [ 331785.0, 187888.7 ], [ 331747.1, 187902.8 ], [ 331742.6, 187921.8 ], [ 331715.1, 187936.4 ], [ 331694.9, 187957.5 ], [ 331638.4, 187986.4 ], [ 331612.0, 188013.9 ], [ 331595.5, 188022.5 ], [ 331536.4, 188069.4 ], [ 331528.8, 188084.3 ], [ 331489.3, 188132.7 ], [ 331477.4, 188141.4 ], [ 331410.8, 188227.6 ], [ 331379.1, 188284.6 ], [ 331360.7, 188297.1 ], [ 331352.6, 188320.0 ], [ 331338.7, 188334.2 ], [ 331325.0, 188372.1 ], [ 331310.1, 188393.3 ], [ 331294.3, 188455.0 ], [ 331296.8, 188516.2 ], [ 331301.9, 188557.2 ], [ 331314.2, 188595.3 ], [ 331336.9, 188622.6 ], [ 331347.1, 188657.5 ], [ 331375.3, 188675.3 ], [ 331381.5, 188696.1 ], [ 331424.0, 188742.9 ], [ 331555.0, 188952.3 ], [ 331581.7, 189007.3 ], [ 331600.0, 189057.9 ], [ 331621.6, 189151.4 ], [ 331628.8, 189200.2 ], [ 331631.2, 189327.2 ], [ 331620.5, 189422.9 ], [ 331617.5, 189481.1 ], [ 331611.4, 189531.4 ], [ 331594.0, 189602.9 ], [ 331586.3, 189679.9 ], [ 331580.3, 189706.9 ], [ 331571.2, 189873.9 ], [ 331545.6, 190009.7 ], [ 331525.3, 190077.8 ], [ 331469.7, 190223.9 ], [ 331436.2, 190305.2 ], [ 331421.1, 190362.0 ], [ 331427.2, 190400.4 ], [ 331455.4, 190429.1 ], [ 331499.4, 190450.9 ], [ 331566.5, 190462.6 ], [ 331644.6, 190470.1 ], [ 331823.8, 190466.0 ], [ 331883.7, 190443.3 ], [ 331918.6, 190420.6 ], [ 331949.9, 190388.4 ], [ 331985.7, 190338.9 ], [ 332037.3, 190254.3 ], [ 332107.1, 190165.0 ], [ 332119.4, 190136.0 ], [ 332143.0, 190111.7 ], [ 332216.1, 190053.0 ], [ 332217.3, 190013.7 ], [ 332225.4, 190003.6 ], [ 332244.0, 190040.5 ], [ 332257.4, 190045.1 ], [ 332358.1, 190022.6 ], [ 332394.5, 190024.8 ], [ 332452.8, 190066.2 ], [ 332470.5, 190083.7 ], [ 332506.6, 190050.3 ], [ 332520.8, 190050.7 ], [ 332504.6, 190077.7 ], [ 332499.5, 190110.4 ], [ 332517.6, 190177.2 ], [ 332524.9, 190228.5 ], [ 332533.8, 190344.6 ], [ 332550.1, 190403.3 ], [ 332566.0, 190429.6 ], [ 332588.8, 190450.4 ], [ 332614.7, 190461.1 ], [ 332644.0, 190463.5 ], [ 332687.0, 190452.7 ], [ 332722.4, 190431.4 ], [ 332768.5, 190384.9 ], [ 332796.5, 190339.5 ], [ 332886.8, 190162.5 ], [ 332899.8, 190149.8 ], [ 332927.9, 190101.0 ], [ 332972.7, 190057.4 ], [ 332985.5, 190035.6 ], [ 333013.0, 190009.5 ], [ 333011.5, 190000.0 ], [ 333048.3, 189983.6 ], [ 333091.1, 189951.8 ], [ 333127.0, 189915.0 ], [ 333190.0, 189870.9 ], [ 333241.4, 189825.9 ], [ 333320.6, 189779.6 ], [ 333387.6, 189744.0 ], [ 333450.2, 189692.9 ], [ 333504.3, 189668.2 ], [ 333512.5, 189657.9 ], [ 333546.9, 189646.8 ], [ 333562.8, 189633.8 ], [ 333588.2, 189637.5 ], [ 333639.6, 189629.5 ], [ 333694.5, 189606.5 ], [ 333716.7, 189587.1 ], [ 333724.2, 189566.2 ], [ 333738.4, 189565.1 ], [ 333741.1, 189593.7 ], [ 333782.3, 189612.9 ], [ 333831.3, 189614.5 ], [ 333851.4, 189619.7 ], [ 333865.8, 189635.2 ], [ 333913.7, 189649.1 ], [ 333955.5, 189666.1 ], [ 333938.0, 189678.5 ], [ 333962.6, 189721.4 ], [ 333974.6, 189758.6 ], [ 333987.8, 189839.4 ], [ 333994.7, 189948.8 ], [ 334014.9, 190025.8 ], [ 334035.6, 190064.4 ], [ 334065.3, 190057.7 ], [ 334071.7, 190069.0 ], [ 334049.6, 190089.5 ], [ 334103.9, 190173.7 ], [ 334129.7, 190217.9 ], [ 334164.4, 190264.9 ], [ 334193.4, 190289.0 ], [ 334238.7, 190308.4 ], [ 334273.2, 190310.6 ], [ 334287.8, 190302.9 ], [ 334341.2, 190251.1 ], [ 334390.7, 190213.3 ], [ 334499.8, 190151.3 ], [ 334555.6, 190138.7 ], [ 334602.3, 190137.3 ], [ 334629.3, 190177.4 ], [ 334694.9, 190233.1 ], [ 334724.9, 190269.9 ], [ 334789.6, 190423.8 ], [ 334795.9, 190459.5 ], [ 334796.0, 190521.1 ], [ 334783.5, 190578.6 ], [ 334782.6, 190610.1 ], [ 334790.8, 190631.3 ], [ 334820.8, 190672.4 ], [ 334854.9, 190705.3 ], [ 334948.9, 190781.5 ], [ 334996.8, 190809.0 ], [ 335029.0, 190833.5 ], [ 335075.3, 190858.1 ], [ 335092.4, 190872.2 ], [ 335175.5, 190920.7 ], [ 335214.0, 190960.2 ], [ 335295.3, 191009.8 ], [ 335352.5, 191057.3 ], [ 335390.8, 191112.9 ], [ 335399.2, 191158.6 ], [ 335393.9, 191194.9 ], [ 335370.6, 191223.6 ], [ 335316.2, 191248.7 ], [ 335226.2, 191254.1 ], [ 335000.0, 191294.5 ], [ 334969.9, 191311.2 ], [ 334958.0, 191340.2 ], [ 334961.4, 191360.6 ], [ 334985.5, 191385.7 ], [ 335077.2, 191455.5 ], [ 335109.9, 191470.5 ], [ 335181.5, 191480.5 ], [ 335212.8, 191478.5 ], [ 335286.3, 191493.1 ], [ 335370.4, 191495.6 ], [ 335422.0, 191489.2 ], [ 335462.2, 191490.9 ], [ 335533.7, 191499.4 ], [ 335573.4, 191511.4 ], [ 335600.8, 191525.0 ], [ 335665.0, 191565.2 ], [ 335719.8, 191628.3 ], [ 335762.0, 191690.5 ], [ 335795.2, 191751.9 ], [ 335872.5, 191878.7 ], [ 335916.5, 191940.8 ], [ 335970.2, 191997.8 ], [ 335995.0, 192031.2 ], [ 336033.0, 192074.2 ], [ 336054.1, 192069.1 ], [ 336079.1, 192045.8 ], [ 336099.9, 192038.7 ], [ 336102.5, 192050.0 ], [ 336083.1, 192059.4 ], [ 336063.6, 192081.5 ], [ 336069.9, 192104.5 ], [ 336107.3, 192139.6 ], [ 336150.0, 192195.7 ], [ 336231.7, 192285.1 ], [ 336308.5, 192350.8 ], [ 336354.5, 192380.0 ], [ 336377.0, 192383.1 ], [ 336451.2, 192367.2 ], [ 336490.7, 192336.5 ], [ 336506.1, 192316.0 ], [ 336533.0, 192237.0 ], [ 336556.2, 192205.1 ], [ 336575.3, 192187.8 ], [ 336624.4, 192154.3 ], [ 336658.4, 192136.9 ], [ 336741.4, 192106.7 ], [ 336778.5, 192073.4 ], [ 336864.2, 191960.9 ], [ 336912.6, 191929.7 ], [ 336986.2, 191929.8 ], [ 337067.2, 191947.4 ], [ 337126.0, 191967.3 ], [ 337247.6, 192040.7 ], [ 337266.0, 192056.4 ], [ 337284.6, 192099.2 ], [ 337281.4, 192136.1 ], [ 337265.6, 192146.9 ], [ 337212.2, 192164.4 ], [ 337165.3, 192172.3 ], [ 337127.8, 192184.6 ], [ 337107.7, 192197.1 ], [ 337088.6, 192227.8 ], [ 337086.5, 192271.5 ], [ 337095.2, 192312.8 ], [ 337114.9, 192356.6 ], [ 337191.7, 192487.0 ], [ 337210.9, 192532.2 ], [ 337238.3, 192607.6 ], [ 337263.1, 192647.0 ], [ 337336.8, 192682.7 ], [ 337370.6, 192685.6 ], [ 337405.2, 192668.3 ], [ 337422.7, 192648.1 ], [ 337450.2, 192575.4 ], [ 337461.4, 192516.7 ], [ 337488.4, 192446.2 ], [ 337507.6, 192425.7 ], [ 337542.5, 192400.0 ], [ 337615.1, 192376.3 ], [ 337657.3, 192388.8 ], [ 337712.0, 192414.5 ], [ 337774.7, 192459.4 ], [ 337821.4, 192519.1 ], [ 337870.4, 192557.2 ], [ 337905.0, 192597.5 ], [ 337927.7, 192618.0 ], [ 337954.0, 192651.0 ], [ 338024.7, 192705.0 ], [ 338068.9, 192728.8 ], [ 338089.2, 192746.5 ], [ 338111.3, 192781.3 ], [ 338122.8, 192815.1 ], [ 338109.6, 192856.7 ], [ 338086.0, 192882.5 ], [ 338056.6, 192896.3 ], [ 337952.9, 192907.9 ], [ 337903.0, 192920.4 ], [ 337853.6, 192952.4 ], [ 337820.2, 192990.3 ], [ 337819.3, 193023.2 ], [ 337841.1, 193067.3 ], [ 337910.9, 193126.7 ], [ 337968.4, 193198.5 ], [ 338007.6, 193202.9 ], [ 338094.9, 193080.9 ], [ 338110.9, 193069.3 ], [ 338193.0, 193033.8 ], [ 338225.0, 193027.9 ], [ 338255.6, 193033.8 ], [ 338300.6, 193055.8 ], [ 338335.0, 193084.4 ], [ 338366.3, 193146.5 ], [ 338373.6, 193172.6 ], [ 338372.3, 193217.5 ], [ 338360.9, 193248.2 ], [ 338328.2, 193268.0 ], [ 338286.4, 193282.6 ], [ 338211.8, 193288.9 ], [ 338177.6, 193300.8 ], [ 338141.3, 193325.2 ], [ 338108.5, 193371.9 ], [ 338105.7, 193397.7 ], [ 338132.9, 193445.8 ], [ 338165.3, 193468.5 ], [ 338195.7, 193472.3 ], [ 338333.8, 193457.0 ], [ 338388.9, 193454.9 ], [ 338426.6, 193461.2 ], [ 338483.1, 193491.2 ], [ 338554.8, 193542.4 ], [ 338573.7, 193551.0 ], [ 338596.6, 193579.7 ], [ 338621.9, 193633.9 ], [ 338697.2, 193692.2 ], [ 338749.8, 193707.2 ], [ 338781.8, 193735.4 ], [ 338782.3, 193748.1 ], [ 338764.3, 193793.5 ], [ 338736.3, 193819.2 ], [ 338716.2, 193814.1 ], [ 338679.5, 193817.7 ], [ 338670.3, 193835.3 ], [ 338649.6, 193909.0 ], [ 338652.7, 193933.8 ], [ 338670.0, 193983.0 ], [ 338696.4, 194045.2 ], [ 338724.9, 194134.8 ], [ 338738.7, 194217.7 ], [ 338735.0, 194235.5 ], [ 338736.4, 194294.3 ], [ 338757.1, 194377.5 ], [ 338761.7, 194422.7 ], [ 338756.4, 194478.9 ], [ 338734.0, 194535.0 ], [ 338791.4, 194498.1 ], [ 338795.9, 194510.1 ], [ 338757.2, 194533.9 ], [ 338741.5, 194549.1 ], [ 338735.0, 194571.6 ], [ 338712.6, 194574.2 ], [ 338661.7, 194645.3 ], [ 338612.5, 194696.4 ], [ 338603.7, 194712.9 ], [ 338580.8, 194729.4 ], [ 338555.1, 194709.7 ], [ 338572.8, 194684.7 ], [ 338604.6, 194653.4 ], [ 338670.7, 194574.3 ], [ 338696.5, 194536.0 ], [ 338718.7, 194485.4 ], [ 338718.8, 194440.8 ], [ 338710.6, 194344.4 ], [ 338700.8, 194281.7 ], [ 338704.8, 194195.9 ], [ 338694.1, 194146.2 ], [ 338663.7, 194155.4 ], [ 338636.9, 194156.8 ], [ 338600.7, 194185.8 ], [ 338614.8, 194156.5 ], [ 338655.9, 194145.8 ], [ 338686.1, 194125.3 ], [ 338687.3, 194104.4 ], [ 338617.0, 193945.5 ], [ 338614.2, 193916.4 ], [ 338618.3, 193879.6 ], [ 338642.5, 193823.7 ], [ 338691.0, 193759.0 ], [ 338653.1, 193738.5 ], [ 338627.6, 193736.7 ], [ 338600.8, 193725.5 ], [ 338576.0, 193687.6 ], [ 338577.2, 193657.7 ], [ 338571.0, 193621.7 ], [ 338544.9, 193591.2 ], [ 338528.8, 193560.8 ], [ 338452.9, 193511.0 ], [ 338376.5, 193485.6 ], [ 338317.1, 193490.4 ], [ 338229.2, 193502.9 ], [ 338181.8, 193501.5 ], [ 338135.7, 193479.9 ], [ 338109.9, 193460.4 ], [ 338089.0, 193436.7 ], [ 338074.4, 193379.5 ], [ 338080.6, 193350.9 ], [ 338097.4, 193320.2 ], [ 338157.4, 193270.0 ], [ 338204.8, 193251.9 ], [ 338285.0, 193245.6 ], [ 338325.4, 193231.6 ], [ 338334.1, 193221.9 ], [ 338340.2, 193184.7 ], [ 338335.9, 193161.0 ], [ 338317.1, 193122.4 ], [ 338280.5, 193086.0 ], [ 338237.5, 193065.9 ], [ 338200.3, 193070.0 ], [ 338142.0, 193089.5 ], [ 338113.4, 193113.2 ], [ 338094.6, 193154.4 ], [ 338058.0, 193219.6 ], [ 338043.0, 193236.3 ], [ 337994.2, 193250.6 ], [ 337960.0, 193240.9 ], [ 337883.8, 193152.3 ], [ 337836.4, 193113.6 ], [ 337793.5, 193050.4 ], [ 337779.0, 192989.7 ], [ 337806.0, 192946.3 ], [ 337846.0, 192917.4 ], [ 337891.3, 192892.3 ], [ 337951.6, 192874.0 ], [ 338043.1, 192857.1 ], [ 338068.2, 192835.5 ], [ 338076.5, 192813.4 ], [ 338062.4, 192776.2 ], [ 338018.7, 192737.5 ], [ 337967.8, 192720.3 ], [ 337873.1, 192603.7 ], [ 337828.1, 192556.4 ], [ 337800.3, 192535.6 ], [ 337766.0, 192499.5 ], [ 337724.0, 192463.4 ], [ 337659.4, 192435.6 ], [ 337607.3, 192420.8 ], [ 337561.8, 192430.9 ], [ 337532.2, 192461.7 ], [ 337512.0, 192494.8 ], [ 337497.3, 192548.7 ], [ 337483.6, 192577.7 ], [ 337458.0, 192695.4 ], [ 337409.5, 192721.8 ], [ 337366.6, 192729.3 ], [ 337297.2, 192704.5 ], [ 337260.1, 192696.0 ], [ 337228.0, 192681.8 ], [ 337211.1, 192647.7 ], [ 337192.0, 192630.0 ], [ 337197.4, 192619.0 ], [ 337185.2, 192590.4 ], [ 337169.5, 192531.3 ], [ 337149.2, 192489.3 ], [ 337094.0, 192397.0 ], [ 337053.7, 192309.9 ], [ 337039.8, 192241.5 ], [ 337044.5, 192217.9 ], [ 337058.4, 192191.5 ], [ 337107.3, 192147.1 ], [ 337186.3, 192105.0 ], [ 337205.2, 192078.5 ], [ 337193.8, 192051.1 ], [ 337179.2, 192043.6 ], [ 337113.1, 192026.7 ], [ 337055.1, 191998.4 ], [ 336976.9, 191975.4 ], [ 336949.3, 191972.9 ], [ 336920.1, 191982.2 ], [ 336871.0, 192031.8 ], [ 336822.0, 192105.9 ], [ 336790.2, 192136.0 ], [ 336769.5, 192147.5 ], [ 336694.5, 192177.9 ], [ 336667.0, 192198.3 ], [ 336636.8, 192211.4 ], [ 336598.7, 192241.8 ], [ 336571.0, 192282.9 ], [ 336561.7, 192318.6 ], [ 336547.4, 192348.7 ], [ 336519.9, 192389.3 ], [ 336476.2, 192419.4 ], [ 336429.4, 192436.1 ], [ 336392.0, 192438.4 ], [ 336349.6, 192432.0 ], [ 336325.1, 192420.7 ], [ 336263.6, 192374.2 ], [ 336204.1, 192351.3 ], [ 336192.3, 192351.0 ], [ 336162.0, 192389.8 ], [ 336134.9, 192400.0 ], [ 336114.3, 192382.8 ], [ 336151.0, 192378.7 ], [ 336175.1, 192339.8 ], [ 336173.0, 192321.6 ], [ 336148.2, 192271.9 ], [ 336108.6, 192230.2 ], [ 336078.4, 192224.2 ], [ 336075.8, 192198.9 ], [ 336020.0, 192134.3 ], [ 335948.1, 192063.5 ], [ 335905.4, 192017.6 ], [ 335847.0, 191948.7 ], [ 335803.7, 191885.0 ], [ 335731.2, 191765.3 ], [ 335709.4, 191724.0 ], [ 335685.6, 191691.3 ], [ 335648.8, 191698.4 ], [ 335668.3, 191672.2 ], [ 335640.2, 191625.7 ], [ 335607.2, 191591.6 ], [ 335581.9, 191577.1 ], [ 335520.9, 191556.6 ], [ 335428.0, 191550.0 ], [ 335365.7, 191553.1 ], [ 335304.7, 191547.4 ], [ 335210.9, 191547.5 ], [ 335192.2, 191551.2 ], [ 335168.6, 191540.4 ], [ 335143.6, 191539.8 ], [ 335087.9, 191527.4 ], [ 335036.1, 191501.9 ], [ 335027.0, 191491.1 ], [ 334903.3, 191397.6 ], [ 334892.3, 191382.0 ], [ 334831.0, 191387.7 ], [ 334831.5, 191410.8 ], [ 334845.2, 191439.8 ], [ 334838.5, 191456.3 ], [ 334809.9, 191491.2 ], [ 334787.2, 191493.9 ], [ 334791.3, 191507.2 ], [ 334784.6, 191540.1 ], [ 334738.5, 191573.3 ], [ 334745.1, 191589.7 ], [ 334783.9, 191641.1 ], [ 334837.8, 191672.6 ], [ 334865.8, 191703.1 ], [ 334864.3, 191720.4 ], [ 334848.1, 191743.1 ], [ 334824.9, 191760.8 ], [ 334786.3, 191770.9 ], [ 334761.7, 191755.5 ], [ 334728.2, 191743.7 ], [ 334718.0, 191747.8 ], [ 334698.3, 191803.3 ], [ 334680.7, 191786.5 ], [ 334698.9, 191737.2 ], [ 334710.9, 191727.4 ], [ 334737.9, 191725.9 ], [ 334805.3, 191748.0 ], [ 334841.3, 191725.2 ], [ 334842.1, 191706.2 ], [ 334827.8, 191695.8 ], [ 334786.9, 191681.7 ], [ 334768.4, 191669.4 ], [ 334721.1, 191591.3 ], [ 334719.4, 191563.0 ], [ 334766.3, 191517.7 ], [ 334760.1, 191498.9 ], [ 334721.8, 191487.5 ], [ 334714.7, 191459.6 ], [ 334717.4, 191440.2 ], [ 334737.1, 191417.2 ], [ 334761.0, 191415.1 ], [ 334795.4, 191455.8 ], [ 334810.1, 191434.5 ], [ 334793.2, 191390.9 ], [ 334821.5, 191357.5 ], [ 334845.4, 191345.2 ], [ 334881.0, 191349.9 ], [ 334888.3, 191282.4 ], [ 334911.0, 191258.4 ], [ 334961.4, 191237.8 ], [ 335144.2, 191204.4 ], [ 335201.5, 191198.1 ], [ 335279.6, 191177.6 ], [ 335302.3, 191159.1 ], [ 335309.7, 191131.8 ], [ 335304.3, 191117.5 ], [ 335270.8, 191082.9 ], [ 335226.1, 191045.5 ], [ 335175.3, 191014.3 ], [ 335130.5, 190978.2 ], [ 335058.4, 190929.9 ], [ 334948.7, 190867.6 ], [ 334781.5, 190731.1 ], [ 334717.9, 190652.9 ], [ 334653.6, 190700.5 ], [ 334639.1, 190721.6 ], [ 334663.3, 190741.7 ], [ 334690.8, 190740.2 ], [ 334741.7, 190752.3 ], [ 334777.7, 190786.1 ], [ 334778.2, 190800.9 ], [ 334761.0, 190827.5 ], [ 334764.7, 190844.8 ], [ 334782.8, 190851.3 ], [ 334875.4, 190870.4 ], [ 334918.7, 190895.6 ], [ 334931.6, 190922.5 ], [ 334921.3, 190942.1 ], [ 334889.3, 190968.8 ], [ 334865.5, 190978.8 ], [ 334824.4, 190970.8 ], [ 334785.9, 190971.7 ], [ 334758.9, 190967.0 ], [ 334725.9, 190989.9 ], [ 334692.4, 191039.8 ], [ 334680.4, 191064.3 ], [ 334642.7, 191112.5 ], [ 334583.3, 191103.7 ], [ 334564.3, 191096.4 ], [ 334535.0, 191054.6 ], [ 334547.4, 191025.8 ], [ 334550.7, 190989.9 ], [ 334564.3, 190981.3 ], [ 334592.8, 190918.5 ], [ 334600.0, 190862.4 ], [ 334585.5, 190821.0 ], [ 334571.5, 190806.1 ], [ 334548.0, 190812.8 ], [ 334539.4, 190830.3 ], [ 334514.0, 190926.0 ], [ 334503.3, 190989.8 ], [ 334486.6, 191036.7 ], [ 334457.2, 191158.1 ], [ 334439.0, 191181.4 ], [ 334409.5, 191189.8 ], [ 334362.6, 191184.3 ], [ 334336.2, 191162.5 ], [ 334368.8, 191094.8 ], [ 334378.5, 191094.4 ], [ 334376.8, 191121.7 ], [ 334362.2, 191148.5 ], [ 334365.0, 191161.3 ], [ 334385.0, 191168.8 ], [ 334433.8, 191159.0 ], [ 334444.7, 191138.5 ], [ 334455.4, 191083.1 ], [ 334492.0, 190946.9 ], [ 334495.2, 190916.2 ], [ 334485.1, 190915.9 ], [ 334452.4, 190875.6 ], [ 334413.2, 190842.1 ], [ 334345.6, 190812.4 ], [ 334347.8, 190801.3 ], [ 334404.1, 190817.6 ], [ 334431.7, 190832.6 ], [ 334458.4, 190856.1 ], [ 334487.0, 190889.0 ], [ 334502.0, 190878.2 ], [ 334510.4, 190846.5 ], [ 334479.7, 190830.9 ], [ 334459.8, 190805.9 ], [ 334478.8, 190800.5 ], [ 334511.1, 190826.3 ], [ 334523.4, 190791.4 ], [ 334534.2, 190784.1 ], [ 334573.3, 190779.7 ], [ 334597.8, 190799.4 ], [ 334618.7, 190842.7 ], [ 334622.9, 190893.0 ], [ 334617.0, 190922.6 ], [ 334593.9, 190991.0 ], [ 334588.6, 191038.5 ], [ 334580.8, 191063.1 ], [ 334621.8, 191081.9 ], [ 334657.1, 191033.8 ], [ 334684.1, 190988.3 ], [ 334721.1, 190945.9 ], [ 334765.2, 190937.2 ], [ 334872.7, 190942.3 ], [ 334893.2, 190920.0 ], [ 334887.5, 190912.8 ], [ 334861.6, 190919.4 ], [ 334817.5, 190895.9 ], [ 334768.8, 190885.9 ], [ 334744.1, 190873.8 ], [ 334724.7, 190841.1 ], [ 334727.6, 190786.1 ], [ 334655.3, 190773.2 ], [ 334616.3, 190748.4 ], [ 334603.7, 190714.0 ], [ 334619.5, 190693.1 ], [ 334656.5, 190657.0 ], [ 334694.1, 190626.6 ], [ 334703.2, 190610.2 ], [ 334694.8, 190573.9 ], [ 334661.8, 190521.5 ], [ 334653.4, 190484.4 ], [ 334664.2, 190415.2 ], [ 334673.0, 190385.8 ], [ 334652.7, 190315.2 ], [ 334614.3, 190251.9 ], [ 334584.8, 190227.6 ], [ 334544.3, 190208.9 ], [ 334507.7, 190216.0 ], [ 334386.9, 190318.6 ], [ 334346.2, 190345.6 ], [ 334283.1, 190374.3 ], [ 334205.9, 190370.1 ], [ 334162.6, 190351.3 ], [ 334129.6, 190325.9 ], [ 334074.1, 190273.9 ], [ 334066.2, 190256.4 ], [ 334030.4, 190225.3 ], [ 334025.9, 190209.4 ], [ 333978.4, 190162.4 ], [ 333975.7, 190138.5 ], [ 333934.6, 190058.2 ], [ 333922.4, 190046.5 ], [ 333913.7, 190000.0 ], [ 333903.2, 189994.2 ], [ 333908.6, 189966.6 ], [ 333906.6, 189881.5 ], [ 333898.0, 189784.0 ], [ 333878.1, 189735.9 ], [ 333828.0, 189698.9 ], [ 333724.8, 189698.6 ], [ 333611.1, 189721.1 ], [ 333572.7, 189737.0 ], [ 333513.4, 189755.2 ], [ 333521.9, 189797.2 ], [ 333505.1, 189796.5 ], [ 333500.6, 189776.6 ], [ 333484.1, 189769.2 ], [ 333413.6, 189811.3 ], [ 333254.8, 189933.0 ], [ 333253.7, 189966.6 ], [ 333222.5, 189962.0 ], [ 333148.9, 190012.6 ], [ 333099.2, 190051.5 ], [ 333056.4, 190094.3 ], [ 332985.1, 190179.0 ], [ 332957.4, 190231.5 ], [ 332935.8, 190264.3 ], [ 332871.9, 190374.8 ], [ 332845.9, 190430.2 ], [ 332810.7, 190468.5 ], [ 332830.4, 190514.0 ], [ 332828.8, 190545.5 ], [ 332861.2, 190568.4 ], [ 332898.1, 190570.1 ], [ 332903.5, 190586.0 ], [ 332890.4, 190593.4 ], [ 332838.8, 190587.7 ], [ 332823.9, 190607.1 ], [ 332792.0, 190620.8 ], [ 332778.3, 190601.8 ], [ 332812.4, 190572.6 ], [ 332792.2, 190507.2 ], [ 332773.0, 190504.1 ], [ 332708.3, 190530.7 ], [ 332686.9, 190545.9 ], [ 332606.5, 190544.5 ], [ 332556.4, 190536.7 ], [ 332531.5, 190527.9 ], [ 332506.2, 190544.9 ], [ 332508.5, 190517.9 ], [ 332450.3, 190461.1 ], [ 332437.1, 190408.8 ], [ 332426.1, 190310.7 ], [ 332403.4, 190177.5 ], [ 332382.8, 190139.7 ], [ 332365.2, 190126.6 ], [ 332328.9, 190122.1 ], [ 332289.0, 190140.0 ], [ 332247.7, 190163.6 ], [ 332206.9, 190195.2 ], [ 332112.8, 190333.0 ], [ 332099.0, 190393.3 ], [ 332081.6, 190390.6 ], [ 332019.5, 190473.4 ], [ 331951.1, 190534.6 ], [ 331942.7, 190557.1 ], [ 331926.5, 190563.4 ], [ 331914.2, 190555.6 ], [ 331879.4, 190550.9 ], [ 331846.0, 190560.3 ], [ 331813.7, 190560.3 ], [ 331788.6, 190575.1 ], [ 331673.8, 190566.6 ], [ 331650.4, 190559.4 ], [ 331607.3, 190556.0 ], [ 331524.5, 190556.0 ], [ 331483.9, 190553.3 ], [ 331451.0, 190544.2 ], [ 331428.8, 190529.6 ], [ 331385.4, 190511.2 ], [ 331374.8, 190537.0 ], [ 331328.0, 190555.5 ], [ 331308.0, 190544.3 ], [ 331308.1, 190508.3 ], [ 331325.3, 190493.1 ], [ 331317.8, 190449.7 ], [ 331312.7, 190376.4 ], [ 331321.8, 190337.7 ], [ 331340.8, 190286.1 ], [ 331335.8, 190239.3 ], [ 331357.8, 190149.8 ], [ 331370.5, 190132.9 ], [ 331402.8, 190043.3 ], [ 331433.3, 189929.4 ], [ 331436.3, 189873.6 ], [ 331457.5, 189767.2 ], [ 331448.7, 189755.7 ], [ 331437.9, 189709.7 ], [ 331402.0, 189686.3 ], [ 331373.6, 189659.7 ], [ 331343.0, 189606.5 ], [ 331343.7, 189572.5 ], [ 331363.3, 189545.1 ], [ 331420.5, 189500.5 ], [ 331432.9, 189449.8 ], [ 331430.3, 189399.4 ], [ 331403.9, 189326.8 ], [ 331374.2, 189290.4 ], [ 331361.6, 189291.6 ], [ 331330.6, 189317.7 ], [ 331307.4, 189328.6 ], [ 331255.2, 189329.8 ], [ 331243.4, 189306.3 ], [ 331244.9, 189274.6 ], [ 331252.3, 189257.7 ], [ 331275.6, 189234.3 ], [ 331296.9, 189106.3 ], [ 331275.4, 189079.4 ], [ 331256.6, 189077.1 ], [ 331220.8, 189083.6 ], [ 331119.5, 189089.6 ], [ 331110.2, 189095.5 ], [ 331104.6, 189122.9 ], [ 331113.1, 189163.4 ], [ 331095.5, 189178.2 ], [ 331065.6, 189178.8 ], [ 330966.3, 189146.4 ], [ 330885.9, 189166.0 ], [ 330858.0, 189179.0 ], [ 330822.3, 189181.9 ], [ 330791.2, 189196.1 ], [ 330765.1, 189229.6 ], [ 330684.3, 189258.8 ], [ 330598.1, 189312.6 ], [ 330601.8, 189304.3 ], [ 330664.7, 189262.4 ], [ 330757.0, 189228.9 ], [ 330789.7, 189190.7 ], [ 330828.5, 189174.7 ], [ 330854.8, 189174.4 ], [ 330887.6, 189160.1 ], [ 330977.9, 189139.5 ], [ 331008.9, 189154.3 ], [ 331064.2, 189173.3 ], [ 331095.3, 189171.6 ], [ 331108.4, 189157.0 ], [ 331095.7, 189109.9 ], [ 331102.4, 189087.7 ], [ 331118.3, 189079.2 ], [ 331214.5, 189073.7 ], [ 331276.8, 189065.0 ], [ 331312.1, 189100.5 ], [ 331316.7, 189115.3 ], [ 331305.2, 189199.0 ], [ 331287.2, 189252.4 ], [ 331263.6, 189292.6 ], [ 331276.9, 189308.1 ], [ 331320.7, 189291.9 ], [ 331342.3, 189266.8 ], [ 331381.4, 189263.2 ], [ 331399.3, 189274.0 ], [ 331423.7, 189315.2 ], [ 331449.0, 189373.9 ], [ 331458.7, 189411.2 ], [ 331439.5, 189531.5 ], [ 331417.7, 189563.8 ], [ 331379.1, 189591.6 ], [ 331378.3, 189605.1 ], [ 331406.2, 189639.5 ], [ 331465.3, 189677.1 ], [ 331472.0, 189655.3 ], [ 331483.5, 189553.4 ], [ 331508.4, 189378.2 ], [ 331514.5, 189326.6 ], [ 331521.2, 189312.5 ], [ 331520.0, 189230.9 ], [ 331514.7, 189204.2 ], [ 331518.9, 189186.5 ], [ 331508.0, 189175.1 ], [ 331505.8, 189117.5 ], [ 331487.9, 189094.3 ], [ 331487.3, 189070.4 ], [ 331456.1, 189003.9 ], [ 331425.6, 188946.3 ], [ 331385.6, 188893.6 ], [ 331357.4, 188868.1 ], [ 331341.4, 188836.2 ], [ 331326.7, 188823.0 ], [ 331310.8, 188789.5 ], [ 331277.6, 188760.1 ], [ 331256.4, 188733.5 ], [ 331243.8, 188708.0 ], [ 331229.7, 188699.5 ], [ 331195.4, 188617.9 ], [ 331169.1, 188569.8 ], [ 331174.2, 188507.7 ], [ 331165.2, 188473.1 ], [ 331195.4, 188388.7 ], [ 331189.7, 188381.5 ], [ 331215.1, 188317.2 ], [ 331222.2, 188315.9 ], [ 331231.3, 188280.1 ], [ 331226.7, 188270.8 ], [ 331239.8, 188241.8 ], [ 331271.7, 188242.1 ], [ 331313.3, 188156.7 ], [ 331366.8, 188073.6 ], [ 331429.3, 187996.9 ], [ 331436.4, 187997.8 ], [ 331510.8, 187935.3 ], [ 331585.7, 187881.6 ], [ 331580.4, 187868.8 ], [ 331611.8, 187844.6 ], [ 331690.6, 187791.1 ], [ 331698.9, 187799.4 ], [ 331740.4, 187768.4 ], [ 331763.7, 187738.3 ], [ 331804.6, 187696.7 ], [ 331839.2, 187656.0 ], [ 331847.5, 187663.6 ], [ 331876.2, 187616.0 ], [ 331894.3, 187594.9 ], [ 331907.1, 187558.7 ], [ 331906.5, 187534.0 ], [ 331884.1, 187512.1 ], [ 331873.1, 187490.0 ], [ 331846.1, 187463.8 ], [ 331860.3, 187450.2 ], [ 331928.5, 187496.8 ], [ 331929.6, 187483.6 ], [ 331949.3, 187465.4 ], [ 331956.4, 187437.6 ], [ 331973.3, 187432.7 ], [ 331968.9, 187420.7 ], [ 331986.0, 187413.2 ], [ 332024.4, 187350.4 ], [ 332034.1, 187306.7 ], [ 332068.3, 187278.5 ], [ 332135.2, 187198.7 ], [ 332170.3, 187177.5 ], [ 332179.0, 187182.5 ], [ 332216.4, 187158.0 ], [ 332210.4, 187144.5 ], [ 332257.6, 187122.8 ], [ 332281.1, 187120.8 ], [ 332345.0, 187077.6 ], [ 332408.1, 187031.0 ], [ 332450.5, 186990.3 ], [ 332480.6, 186953.8 ], [ 332490.6, 186928.7 ], [ 332494.6, 186875.9 ], [ 332481.8, 186821.3 ], [ 332449.7, 186772.2 ], [ 332401.1, 186733.8 ], [ 332372.3, 186719.4 ], [ 332318.3, 186705.9 ], [ 332269.3, 186705.6 ], [ 332248.2, 186681.7 ], [ 332169.7, 186660.4 ], [ 332060.3, 186633.5 ], [ 331994.0, 186612.3 ], [ 331972.3, 186617.3 ], [ 331978.7, 186588.8 ], [ 331934.5, 186568.1 ], [ 331928.3, 186593.8 ], [ 331892.8, 186606.7 ], [ 331845.3, 186614.8 ], [ 331839.6, 186598.8 ], [ 331891.4, 186543.5 ], [ 331860.0, 186564.2 ], [ 331832.9, 186506.0 ], [ 331794.3, 186448.9 ], [ 331725.5, 186341.6 ], [ 331705.5, 186273.4 ], [ 331697.0, 186232.8 ], [ 331680.1, 186228.1 ], [ 331680.1, 186213.9 ], [ 331697.7, 186209.9 ], [ 331690.9, 186116.1 ], [ 331677.7, 186118.1 ], [ 331685.9, 186053.8 ], [ 331701.7, 185978.4 ], [ 331722.6, 185983.8 ], [ 331731.4, 185957.5 ], [ 331709.1, 185950.1 ], [ 331748.2, 185866.4 ], [ 331785.4, 185815.8 ], [ 331816.8, 185762.0 ], [ 331835.3, 185748.6 ], [ 331903.9, 185652.1 ], [ 331925.2, 185584.0 ], [ 331953.1, 185543.6 ], [ 331978.4, 185543.9 ], [ 332001.9, 185516.8 ], [ 332113.1, 185413.8 ], [ 332193.8, 185345.5 ], [ 332250.5, 185294.9 ], [ 332291.1, 185270.6 ], [ 332293.5, 185243.3 ], [ 332301.6, 185237.0 ], [ 332360.7, 185229.5 ], [ 332376.2, 185223.8 ], [ 332478.7, 185151.3 ], [ 332586.1, 185087.0 ], [ 332670.6, 185023.5 ], [ 332707.5, 185000.0 ], [ 332750.1, 184965.3 ], [ 332797.2, 184911.9 ], [ 332836.9, 184857.0 ], [ 332872.8, 184790.1 ], [ 332885.1, 184758.2 ], [ 332891.9, 184700.1 ], [ 332881.3, 184622.3 ], [ 332848.3, 184552.6 ], [ 332831.4, 184524.3 ], [ 332789.5, 184477.0 ], [ 332691.1, 184413.9 ], [ 332647.8, 184392.6 ], [ 332577.6, 184393.2 ], [ 332575.5, 184381.3 ], [ 332602.2, 184371.4 ], [ 332570.4, 184359.5 ], [ 332562.0, 184364.1 ], [ 332524.1, 184358.4 ], [ 332545.9, 184348.2 ], [ 332499.2, 184327.8 ], [ 332478.0, 184330.5 ], [ 332469.8, 184308.7 ], [ 332436.1, 184315.8 ], [ 332360.8, 184297.3 ], [ 332332.4, 184304.5 ], [ 332308.5, 184321.7 ], [ 332292.0, 184317.5 ], [ 332327.6, 184281.9 ], [ 332370.7, 184271.0 ], [ 332343.5, 184258.6 ], [ 332268.0, 184237.4 ], [ 332232.6, 184222.6 ], [ 332184.7, 184229.2 ], [ 332155.2, 184212.5 ], [ 332116.9, 184228.5 ], [ 332105.6, 184220.7 ], [ 332102.8, 184190.6 ], [ 332091.5, 184167.7 ], [ 331999.3, 184143.7 ], [ 331978.5, 184145.3 ], [ 331966.2, 184123.5 ], [ 331972.6, 184099.6 ], [ 331917.5, 184082.4 ], [ 331926.9, 184057.6 ], [ 331864.9, 184018.1 ], [ 331847.0, 184012.2 ], [ 331820.0, 184019.5 ], [ 331803.2, 184016.4 ], [ 331777.6, 183993.2 ], [ 331732.5, 183942.8 ], [ 331684.4, 183923.2 ], [ 331669.0, 183923.4 ], [ 331660.5, 183957.2 ], [ 331635.2, 183951.9 ], [ 331642.5, 183918.2 ], [ 331630.9, 183909.5 ], [ 331601.9, 183905.1 ], [ 331582.4, 183872.0 ], [ 331569.6, 183865.3 ], [ 331541.0, 183867.4 ], [ 331464.0, 183912.8 ], [ 331464.6, 183945.6 ], [ 331414.9, 183975.6 ], [ 331361.1, 184018.5 ], [ 331247.9, 184134.5 ], [ 331200.5, 184204.4 ], [ 331152.1, 184283.1 ], [ 331121.5, 184356.9 ], [ 331063.0, 184448.1 ], [ 331040.4, 184498.8 ], [ 331008.0, 184620.5 ], [ 330985.4, 184654.1 ], [ 330962.0, 184674.7 ], [ 330921.0, 184698.6 ], [ 330872.4, 184740.2 ], [ 330837.3, 184752.6 ], [ 330787.7, 184759.1 ], [ 330712.1, 184776.9 ], [ 330670.5, 184777.7 ], [ 330659.0, 184789.3 ], [ 330607.6, 184810.5 ], [ 330578.1, 184846.8 ], [ 330575.0, 184864.4 ], [ 330557.2, 184886.0 ], [ 330544.0, 184922.6 ], [ 330546.8, 184959.2 ], [ 330560.3, 184967.0 ], [ 330680.7, 185000.0 ], [ 330734.1, 185030.6 ], [ 330790.0, 185085.6 ], [ 330802.0, 185112.1 ], [ 330810.0, 185159.0 ], [ 330806.9, 185197.4 ], [ 330797.0, 185207.5 ], [ 330779.1, 185257.8 ], [ 330769.6, 185266.3 ], [ 330708.5, 185279.5 ], [ 330695.9, 185290.5 ], [ 330642.1, 185366.8 ], [ 330617.1, 185409.9 ], [ 330530.5, 185581.8 ], [ 330505.3, 185616.1 ], [ 330463.2, 185690.4 ], [ 330449.4, 185681.6 ], [ 330470.0, 185633.8 ], [ 330503.9, 185565.9 ], [ 330503.3, 185550.7 ], [ 330553.8, 185452.4 ], [ 330603.7, 185347.4 ], [ 330611.0, 185326.5 ], [ 330601.1, 185301.6 ], [ 330618.9, 185294.9 ], [ 330650.8, 185257.1 ], [ 330701.5, 185239.6 ], [ 330715.7, 185224.4 ], [ 330756.0, 185208.2 ], [ 330761.9, 185194.2 ], [ 330765.5, 185151.6 ], [ 330738.5, 185092.0 ], [ 330703.7, 185062.1 ], [ 330677.5, 185047.2 ], [ 330626.8, 185029.4 ], [ 330587.3, 185025.0 ], [ 330541.6, 185006.5 ], [ 330499.6, 184982.9 ], [ 330446.4, 184990.6 ], [ 330457.0, 184965.1 ], [ 330487.5, 184952.0 ], [ 330486.7, 184933.8 ], [ 330501.0, 184874.3 ], [ 330535.9, 184804.7 ], [ 330539.0, 184790.4 ], [ 330577.3, 184771.1 ], [ 330623.2, 184754.5 ], [ 330665.7, 184731.3 ], [ 330720.8, 184729.1 ], [ 330754.5, 184723.0 ], [ 330833.2, 184696.1 ], [ 330863.6, 184680.1 ], [ 330903.0, 184651.4 ], [ 330946.0, 184607.8 ], [ 330974.8, 184509.4 ], [ 330992.0, 184479.6 ], [ 330995.6, 184449.4 ], [ 331019.2, 184405.8 ], [ 331045.5, 184345.2 ], [ 331063.7, 184284.8 ], [ 331140.2, 184151.7 ], [ 331170.5, 184116.6 ], [ 331208.6, 184064.0 ], [ 331239.2, 184012.5 ], [ 331217.0, 184016.6 ], [ 331148.1, 183997.3 ], [ 331134.5, 184005.7 ], [ 331122.6, 183983.9 ], [ 331139.8, 183966.0 ], [ 331099.8, 183949.3 ], [ 331058.5, 183910.3 ], [ 331087.0, 183877.9 ], [ 331102.3, 183884.8 ], [ 331103.2, 183901.9 ], [ 331164.4, 183925.2 ], [ 331172.3, 183907.3 ], [ 331183.3, 183909.1 ], [ 331190.1, 183944.7 ], [ 331212.1, 183949.2 ], [ 331237.8, 183933.6 ], [ 331270.1, 183921.8 ], [ 331271.3, 183904.1 ], [ 331285.2, 183918.5 ], [ 331306.6, 183926.1 ], [ 331324.6, 183918.7 ], [ 331368.2, 183883.6 ], [ 331396.6, 183842.3 ], [ 331422.6, 183795.1 ], [ 331448.2, 183738.8 ], [ 331437.1, 183716.8 ], [ 331446.4, 183688.6 ], [ 331444.1, 183629.1 ], [ 331447.0, 183595.8 ], [ 331442.8, 183570.2 ], [ 331446.0, 183535.5 ], [ 331428.3, 183402.1 ], [ 331400.5, 183342.5 ], [ 331369.4, 183301.2 ], [ 331341.7, 183282.4 ], [ 331280.5, 183249.4 ], [ 331237.1, 183214.3 ], [ 331218.5, 183185.1 ], [ 331231.1, 183164.5 ], [ 331235.2, 183114.2 ], [ 331223.7, 183055.8 ], [ 331201.1, 182977.2 ], [ 331179.6, 182923.6 ], [ 331150.5, 182874.4 ], [ 331106.6, 182773.0 ], [ 331078.5, 182700.9 ], [ 331062.6, 182603.3 ], [ 331061.8, 182572.1 ], [ 331077.3, 182520.6 ], [ 331079.7, 182478.4 ], [ 331069.3, 182422.9 ], [ 330995.5, 182341.4 ], [ 330944.7, 182293.2 ], [ 330928.6, 182287.5 ], [ 330915.2, 182247.8 ], [ 330905.9, 182235.6 ], [ 330818.0, 182161.3 ], [ 330731.3, 182085.3 ], [ 330649.9, 182016.8 ], [ 330522.5, 181898.5 ], [ 330478.7, 181844.6 ], [ 330425.0, 181795.4 ], [ 330413.3, 181757.8 ], [ 330397.3, 181757.3 ], [ 330347.4, 181728.2 ], [ 330330.0, 181723.8 ], [ 330165.0, 181612.1 ], [ 330095.7, 181566.6 ], [ 330000.0, 181512.2 ], [ 329957.1, 181466.4 ], [ 329936.2, 181449.3 ], [ 329792.1, 181359.5 ], [ 329690.2, 181303.9 ], [ 329631.9, 181268.3 ], [ 329580.8, 181232.0 ], [ 329521.8, 181186.1 ], [ 329410.6, 181161.9 ], [ 329337.0, 181143.0 ], [ 329317.4, 181129.2 ], [ 329270.1, 181073.5 ], [ 329237.6, 181028.4 ], [ 329209.3, 180976.4 ], [ 329168.1, 180931.3 ], [ 329144.0, 180912.4 ], [ 329102.0, 180894.8 ], [ 329004.0, 180892.8 ], [ 328949.1, 180897.2 ], [ 328911.1, 180845.8 ], [ 328875.7, 180757.6 ], [ 328826.0, 180703.4 ], [ 328728.8, 180642.7 ], [ 328595.1, 180574.6 ], [ 328475.3, 180515.6 ], [ 328446.2, 180503.5 ], [ 328416.8, 180510.7 ], [ 328270.8, 180533.9 ], [ 328155.9, 180555.3 ], [ 328012.3, 180532.4 ], [ 327904.7, 180511.7 ], [ 327881.1, 180521.7 ], [ 327871.3, 180569.3 ], [ 327878.2, 180620.4 ], [ 327833.8, 180612.9 ], [ 327832.1, 180634.8 ], [ 327789.9, 180676.8 ], [ 327773.5, 180684.9 ], [ 327739.5, 180648.1 ], [ 327769.2, 180603.7 ], [ 327770.6, 180583.6 ], [ 327726.8, 180531.2 ], [ 327710.5, 180447.3 ], [ 327715.1, 180370.9 ], [ 327687.1, 180307.2 ], [ 327601.8, 180136.9 ], [ 327592.3, 180127.9 ], [ 327502.8, 180086.4 ], [ 327437.5, 180065.4 ], [ 327425.4, 180051.8 ], [ 327448.5, 180041.3 ], [ 327435.7, 180033.3 ], [ 327428.0, 180010.3 ], [ 327444.7, 180006.2 ], [ 327435.0, 179988.7 ], [ 327438.0, 179952.1 ], [ 327423.3, 179917.3 ], [ 327374.4, 179892.7 ], [ 327307.2, 179870.0 ], [ 327291.2, 179850.8 ], [ 327237.6, 179839.7 ], [ 327220.1, 179820.7 ], [ 327183.2, 179807.4 ], [ 327158.0, 179813.7 ], [ 327134.4, 179810.8 ], [ 327103.0, 179771.1 ], [ 327048.5, 179762.2 ], [ 327019.7, 179743.7 ], [ 326978.5, 179744.3 ], [ 326958.8, 179722.0 ], [ 326957.2, 179700.6 ], [ 326923.6, 179701.7 ], [ 326903.3, 179683.0 ], [ 326873.7, 179670.4 ], [ 326847.7, 179625.8 ], [ 326834.7, 179585.3 ], [ 326813.2, 179570.0 ], [ 326791.5, 179569.1 ], [ 326786.7, 179525.0 ], [ 326774.6, 179513.7 ], [ 326732.8, 179511.9 ], [ 326721.1, 179501.4 ], [ 326740.8, 179471.6 ], [ 326733.5, 179435.6 ], [ 326646.4, 179380.5 ], [ 326614.7, 179381.4 ], [ 326591.3, 179391.7 ], [ 326579.8, 179354.9 ], [ 326554.2, 179334.4 ], [ 326503.5, 179352.3 ], [ 326510.3, 179313.7 ], [ 326482.8, 179291.3 ], [ 326452.0, 179294.3 ], [ 326439.0, 179286.3 ], [ 326440.8, 179251.3 ], [ 326396.4, 179223.5 ], [ 326366.0, 179225.6 ], [ 326357.1, 179198.0 ], [ 326327.7, 179189.8 ], [ 326304.1, 179172.6 ], [ 326273.3, 179182.1 ], [ 326269.8, 179154.8 ], [ 326241.3, 179165.9 ], [ 326227.9, 179158.8 ], [ 326226.5, 179142.3 ], [ 326192.9, 179133.0 ], [ 326194.3, 179112.0 ], [ 326176.5, 179092.4 ], [ 326143.8, 179088.3 ], [ 326144.4, 179061.7 ], [ 326076.2, 179075.0 ], [ 326038.5, 179047.0 ], [ 326006.4, 179045.8 ], [ 326014.9, 179018.0 ], [ 325975.9, 179008.7 ], [ 325991.5, 178991.1 ], [ 325990.8, 178977.7 ], [ 325954.3, 178964.2 ], [ 325933.8, 178967.5 ], [ 325925.7, 178958.6 ], [ 325885.1, 178944.6 ], [ 325841.3, 178975.4 ], [ 325820.3, 178966.0 ], [ 325826.3, 178929.9 ], [ 325803.0, 178918.2 ], [ 325774.3, 178926.1 ], [ 325751.4, 178914.6 ], [ 325750.1, 178868.8 ], [ 325740.4, 178859.2 ], [ 325717.3, 178865.7 ], [ 325700.2, 178850.0 ], [ 325705.4, 178824.2 ], [ 325685.6, 178804.7 ], [ 325656.2, 178808.9 ], [ 325582.7, 178875.6 ], [ 325547.5, 178932.2 ], [ 325535.5, 178939.7 ], [ 325495.2, 179010.0 ], [ 325466.4, 179036.1 ], [ 325436.3, 179031.0 ], [ 325424.8, 178991.3 ], [ 325397.0, 178974.1 ], [ 325398.6, 178946.1 ], [ 325386.4, 178918.2 ], [ 325361.2, 178900.1 ], [ 325343.0, 178896.5 ], [ 325306.0, 178873.7 ], [ 325285.1, 178854.2 ], [ 325238.8, 178845.6 ], [ 325208.1, 178852.6 ], [ 325184.6, 178845.5 ], [ 325132.4, 178788.9 ], [ 325116.6, 178785.3 ], [ 325110.8, 178763.4 ], [ 325067.6, 178759.2 ], [ 325082.4, 178739.5 ], [ 325079.8, 178728.8 ], [ 325057.8, 178720.1 ], [ 325043.9, 178701.0 ], [ 324994.1, 178675.9 ], [ 324976.1, 178686.8 ], [ 324952.5, 178668.6 ], [ 324945.5, 178649.5 ], [ 324935.3, 178662.2 ], [ 324911.0, 178656.5 ], [ 324928.5, 178627.5 ], [ 324924.0, 178611.4 ], [ 324894.1, 178600.5 ], [ 324890.4, 178584.7 ], [ 324857.4, 178595.5 ], [ 324840.5, 178589.5 ], [ 324799.9, 178556.8 ], [ 324783.3, 178558.0 ], [ 324776.6, 178523.0 ], [ 324763.0, 178507.7 ], [ 324769.0, 178491.3 ], [ 324730.2, 178498.9 ], [ 324701.0, 178487.6 ], [ 324696.8, 178475.6 ], [ 324659.1, 178466.0 ], [ 324621.9, 178490.4 ], [ 324668.6, 178438.9 ], [ 324660.6, 178407.9 ], [ 324627.5, 178406.6 ], [ 324607.4, 178392.0 ], [ 324592.3, 178397.4 ], [ 324597.8, 178374.9 ], [ 324577.5, 178375.9 ], [ 324572.1, 178349.1 ], [ 324551.7, 178348.8 ], [ 324533.0, 178337.8 ], [ 324515.8, 178340.0 ], [ 324516.8, 178311.4 ], [ 324481.4, 178320.2 ], [ 324462.4, 178316.4 ], [ 324456.3, 178291.1 ], [ 324429.2, 178285.4 ], [ 324415.4, 178294.1 ], [ 324430.4, 178268.0 ], [ 324430.5, 178250.4 ], [ 324396.8, 178250.8 ], [ 324359.4, 178218.5 ], [ 324336.3, 178213.8 ], [ 324324.9, 178185.7 ], [ 324323.8, 178165.2 ], [ 324310.4, 178164.8 ], [ 324261.3, 178138.7 ], [ 324234.9, 178117.2 ], [ 324232.3, 178101.9 ], [ 324207.2, 178077.0 ], [ 324161.9, 178070.4 ], [ 324135.5, 178056.7 ], [ 324092.7, 178020.7 ], [ 323999.0, 177980.5 ], [ 323975.8, 177988.5 ], [ 323972.6, 178003.3 ], [ 323948.4, 177962.2 ], [ 323930.4, 177959.6 ], [ 323931.8, 177941.9 ], [ 323919.9, 177945.0 ], [ 323914.7, 177926.2 ], [ 323874.3, 177901.6 ], [ 323855.2, 177900.3 ], [ 323841.0, 177887.8 ], [ 323825.5, 177898.7 ], [ 323798.3, 177891.8 ], [ 323755.3, 177869.1 ], [ 323719.6, 177864.3 ], [ 323684.6, 177852.2 ], [ 323669.5, 177840.8 ], [ 323631.7, 177835.2 ], [ 323586.0, 177805.5 ], [ 323524.5, 177796.3 ], [ 323478.4, 177780.2 ], [ 323455.6, 177750.3 ], [ 323407.8, 177739.2 ], [ 323342.2, 177718.7 ], [ 323297.0, 177692.7 ], [ 323281.2, 177673.9 ], [ 323283.4, 177651.1 ], [ 323303.2, 177596.9 ], [ 323287.5, 177587.8 ], [ 323248.7, 177630.1 ], [ 323210.2, 177650.5 ], [ 323185.4, 177645.2 ], [ 323065.2, 177583.0 ], [ 322995.6, 177543.3 ], [ 322975.2, 177542.1 ], [ 322926.5, 177567.5 ], [ 322888.4, 177571.2 ], [ 322810.2, 177628.9 ], [ 322763.7, 177670.0 ], [ 322754.3, 177711.3 ], [ 322731.1, 177741.8 ], [ 322692.2, 177746.1 ], [ 322536.3, 177667.5 ], [ 322514.0, 177610.9 ], [ 322466.9, 177563.3 ], [ 322424.3, 177568.8 ], [ 322391.1, 177556.4 ], [ 322285.4, 177552.1 ], [ 322280.8, 177567.6 ], [ 322264.0, 177556.6 ], [ 322238.2, 177561.0 ], [ 322243.4, 177588.2 ], [ 322199.5, 177609.4 ], [ 322150.2, 177560.0 ], [ 322141.0, 177569.8 ], [ 322144.1, 177530.1 ], [ 322130.3, 177490.2 ], [ 322108.8, 177447.7 ], [ 322097.5, 177450.6 ], [ 322092.4, 177413.6 ], [ 322077.6, 177400.9 ], [ 322063.7, 177373.2 ], [ 322025.9, 177341.7 ], [ 321997.9, 177326.4 ], [ 321945.1, 177333.6 ], [ 321919.4, 177363.9 ], [ 321925.9, 177390.1 ], [ 321961.8, 177432.5 ], [ 322022.3, 177473.7 ], [ 322042.1, 177500.1 ], [ 322056.0, 177550.2 ], [ 322045.3, 177592.6 ], [ 322008.0, 177633.3 ], [ 321958.5, 177657.7 ], [ 321904.4, 177625.8 ], [ 321880.3, 177637.1 ], [ 321858.0, 177633.0 ], [ 321852.0, 177601.9 ], [ 321836.6, 177588.2 ], [ 321795.4, 177584.1 ], [ 321785.1, 177575.4 ], [ 321731.4, 177570.7 ], [ 321640.1, 177591.8 ], [ 321586.7, 177586.5 ], [ 321567.6, 177589.4 ], [ 321534.1, 177611.7 ], [ 321519.7, 177629.7 ], [ 321513.0, 177665.8 ], [ 321513.5, 177698.1 ], [ 321534.0, 177781.3 ], [ 321562.9, 177843.1 ], [ 321577.6, 177857.6 ], [ 321604.0, 177861.5 ], [ 321620.7, 177852.2 ], [ 321611.2, 177876.2 ], [ 321626.7, 177885.0 ], [ 321653.6, 177917.0 ], [ 321758.5, 177979.4 ], [ 321789.2, 178003.3 ], [ 321750.5, 178040.2 ], [ 321715.7, 178038.7 ], [ 321696.0, 178019.7 ], [ 321672.7, 178060.5 ], [ 321658.3, 178074.0 ], [ 321671.8, 178105.7 ], [ 321665.3, 178126.0 ], [ 321644.7, 178147.0 ], [ 321628.9, 178142.3 ], [ 321586.6, 178167.3 ], [ 321569.5, 178169.9 ], [ 321539.5, 178190.6 ], [ 321513.8, 178201.3 ], [ 321453.7, 178202.7 ], [ 321373.3, 178182.7 ], [ 321344.0, 178180.9 ], [ 321300.4, 178189.7 ], [ 321305.4, 178214.2 ], [ 321294.1, 178272.4 ], [ 321283.2, 178286.1 ], [ 321288.6, 178223.7 ], [ 321277.6, 178220.2 ], [ 321266.7, 178262.8 ], [ 321254.5, 178273.1 ], [ 321244.3, 178309.0 ], [ 321247.4, 178329.7 ], [ 321242.7, 178366.2 ], [ 321224.8, 178413.6 ], [ 321207.4, 178446.0 ], [ 321183.7, 178473.3 ], [ 321137.7, 178514.1 ], [ 321124.0, 178539.5 ], [ 321078.3, 178567.6 ], [ 321050.0, 178603.7 ], [ 321025.8, 178627.0 ], [ 320997.3, 178642.0 ], [ 320929.6, 178697.4 ], [ 320913.9, 178730.3 ], [ 320904.2, 178771.8 ], [ 320910.2, 178794.7 ], [ 320928.1, 178817.6 ], [ 320928.8, 178847.0 ], [ 320950.0, 178898.9 ], [ 320972.5, 178933.2 ], [ 320980.1, 178953.7 ], [ 321031.6, 179001.9 ], [ 321029.1, 179063.6 ], [ 321018.5, 179097.4 ], [ 321035.5, 179148.8 ], [ 321050.8, 179178.3 ], [ 321044.4, 179182.7 ], [ 321025.9, 179155.0 ], [ 321014.9, 179116.0 ], [ 320981.9, 179112.4 ], [ 320927.3, 179121.6 ], [ 320992.6, 179202.5 ], [ 321054.4, 179271.4 ], [ 321066.5, 179308.4 ], [ 321061.6, 179328.0 ], [ 321037.6, 179345.8 ], [ 321004.1, 179382.2 ], [ 320963.1, 179391.7 ], [ 320940.9, 179386.3 ], [ 320922.0, 179366.4 ], [ 320911.0, 179334.5 ], [ 320889.8, 179303.4 ], [ 320866.2, 179297.5 ], [ 320849.7, 179307.7 ], [ 320803.5, 179317.0 ], [ 320770.1, 179348.7 ], [ 320756.7, 179402.0 ], [ 320755.4, 179437.1 ], [ 320759.6, 179484.8 ], [ 320756.9, 179509.8 ], [ 320759.4, 179572.6 ], [ 320769.9, 179641.7 ], [ 320780.5, 179660.3 ], [ 320836.0, 179716.6 ], [ 320869.5, 179779.6 ], [ 320874.0, 179795.2 ], [ 320882.1, 179880.1 ], [ 320863.3, 179879.5 ], [ 320863.6, 179856.7 ], [ 320854.1, 179803.0 ], [ 320836.5, 179757.1 ], [ 320780.2, 179689.8 ], [ 320756.9, 179658.2 ], [ 320744.8, 179622.6 ], [ 320735.7, 179534.9 ], [ 320738.0, 179487.5 ], [ 320734.5, 179405.7 ], [ 320751.9, 179350.0 ], [ 320779.2, 179308.1 ], [ 320828.5, 179271.2 ], [ 320856.6, 179265.8 ], [ 320896.3, 179277.7 ], [ 320910.7, 179290.0 ], [ 320946.6, 179349.6 ], [ 320971.3, 179365.2 ], [ 321003.3, 179345.9 ], [ 321007.0, 179307.7 ], [ 320996.8, 179252.1 ], [ 320966.5, 179196.8 ], [ 320939.1, 179169.9 ], [ 320891.5, 179154.0 ], [ 320808.9, 179138.2 ], [ 320790.0, 179113.3 ], [ 320792.0, 179085.6 ], [ 320823.3, 179066.3 ], [ 320855.1, 179059.0 ], [ 320885.9, 179063.2 ], [ 320926.1, 179046.3 ], [ 320957.0, 179061.0 ], [ 321005.5, 179057.7 ], [ 321010.1, 179045.1 ], [ 321000.3, 179006.7 ], [ 320973.6, 178989.4 ], [ 320910.0, 178868.6 ], [ 320894.9, 178847.2 ], [ 320878.8, 178805.7 ], [ 320876.3, 178756.4 ], [ 320888.9, 178706.0 ], [ 320913.7, 178669.2 ], [ 320945.0, 178644.8 ], [ 320953.3, 178644.8 ], [ 320998.3, 178617.2 ], [ 321050.6, 178559.1 ], [ 321074.3, 178524.7 ], [ 321111.4, 178497.1 ], [ 321177.8, 178435.0 ], [ 321211.1, 178363.4 ], [ 321217.3, 178303.9 ], [ 321224.1, 178282.0 ], [ 321226.3, 178231.0 ], [ 321236.5, 178196.1 ], [ 321269.1, 178152.1 ], [ 321307.8, 178139.5 ], [ 321359.2, 178135.4 ], [ 321430.4, 178141.1 ], [ 321474.5, 178156.3 ], [ 321490.0, 178152.3 ], [ 321504.3, 178129.7 ], [ 321515.9, 178130.1 ], [ 321578.2, 178075.7 ], [ 321607.6, 178063.3 ], [ 321640.0, 178033.3 ], [ 321656.2, 178007.6 ], [ 321650.1, 177984.2 ], [ 321561.0, 177928.9 ], [ 321525.6, 177894.5 ], [ 321474.9, 177819.8 ], [ 321450.2, 177750.3 ], [ 321447.2, 177728.3 ], [ 321450.7, 177638.8 ], [ 321471.3, 177595.1 ], [ 321504.4, 177557.3 ], [ 321530.9, 177539.6 ], [ 321566.7, 177533.1 ], [ 321618.1, 177532.2 ], [ 321629.2, 177527.5 ], [ 321621.7, 177494.8 ], [ 321633.0, 177482.7 ], [ 321648.8, 177501.0 ], [ 321672.8, 177502.9 ], [ 321667.0, 177519.0 ], [ 321720.3, 177501.4 ], [ 321751.8, 177509.9 ], [ 321784.2, 177505.9 ], [ 321847.2, 177512.4 ], [ 321867.9, 177518.4 ], [ 321909.9, 177548.6 ], [ 321945.3, 177565.0 ], [ 321963.7, 177565.6 ], [ 321981.5, 177544.3 ], [ 321971.3, 177525.8 ], [ 321900.4, 177475.3 ], [ 321848.1, 177421.4 ], [ 321851.9, 177357.0 ], [ 321863.7, 177314.4 ], [ 321888.5, 177280.1 ], [ 321928.5, 177262.7 ], [ 322001.8, 177255.6 ], [ 322044.2, 177263.6 ], [ 322079.0, 177289.1 ], [ 322164.4, 177379.8 ], [ 322176.6, 177406.7 ], [ 322201.2, 177432.2 ], [ 322227.5, 177446.4 ], [ 322246.6, 177436.5 ], [ 322236.3, 177387.5 ], [ 322224.4, 177377.5 ], [ 322231.0, 177352.6 ], [ 322212.8, 177336.4 ], [ 322216.6, 177328.1 ], [ 322184.4, 177283.0 ], [ 322180.4, 177261.3 ], [ 322177.8, 177190.1 ], [ 322169.2, 177172.0 ], [ 322143.3, 177143.5 ], [ 322119.6, 177095.0 ], [ 322123.9, 177071.0 ], [ 322100.2, 177056.0 ], [ 322099.3, 177041.0 ], [ 322124.3, 177029.4 ], [ 322117.8, 176994.8 ], [ 322101.4, 176956.2 ], [ 322073.0, 176903.8 ], [ 322048.8, 176870.6 ], [ 322042.9, 176852.3 ], [ 321993.3, 176783.6 ], [ 321950.2, 176694.7 ], [ 321933.2, 176681.0 ], [ 321866.4, 176642.8 ], [ 321848.5, 176627.9 ], [ 321832.8, 176587.4 ], [ 321850.3, 176542.3 ], [ 321856.8, 176493.5 ], [ 321871.1, 176434.7 ], [ 321898.8, 176392.6 ], [ 321904.5, 176368.0 ], [ 321892.7, 176320.2 ], [ 321834.8, 176263.1 ], [ 321822.8, 176239.2 ], [ 321810.3, 176184.9 ], [ 321746.8, 176102.2 ], [ 321673.8, 176051.5 ], [ 321625.3, 175997.8 ], [ 321601.9, 175962.0 ], [ 321552.2, 175834.5 ], [ 321519.7, 175719.9 ], [ 321498.7, 175655.6 ], [ 321475.9, 175619.8 ], [ 321399.0, 175547.4 ], [ 321328.9, 175506.4 ], [ 321284.6, 175487.0 ], [ 321254.4, 175465.4 ], [ 321218.3, 175449.7 ], [ 321181.0, 175440.6 ], [ 321146.5, 175441.7 ], [ 321110.9, 175452.5 ], [ 321080.7, 175470.8 ], [ 320987.4, 175496.8 ], [ 320924.2, 175494.5 ], [ 320896.1, 175509.1 ], [ 320893.4, 175496.8 ], [ 320939.3, 175447.1 ], [ 320957.7, 175417.9 ], [ 320990.0, 175353.2 ], [ 321042.9, 175273.3 ], [ 321088.1, 175170.0 ], [ 321107.3, 175109.1 ], [ 321159.8, 175057.4 ], [ 321186.7, 175015.6 ], [ 321210.9, 174956.7 ], [ 321214.3, 174920.1 ], [ 321210.5, 174879.4 ], [ 321200.2, 174856.3 ], [ 321170.1, 174811.9 ], [ 321076.6, 174718.2 ], [ 321007.1, 174622.1 ], [ 320978.5, 174586.7 ], [ 320942.7, 174527.2 ], [ 320921.5, 174509.9 ], [ 320869.8, 174442.3 ], [ 320856.5, 174400.0 ], [ 320833.4, 174369.1 ], [ 320799.7, 174336.9 ], [ 320733.6, 174292.5 ], [ 320664.7, 174235.6 ], [ 320613.8, 174153.2 ], [ 320597.1, 174130.7 ], [ 320556.8, 174092.1 ], [ 320538.5, 174080.6 ], [ 320504.3, 174036.1 ], [ 320467.5, 174004.4 ], [ 320333.5, 173870.3 ], [ 320268.0, 173801.6 ], [ 320159.2, 173681.6 ], [ 320095.9, 173606.5 ], [ 320000.0, 173496.9 ], [ 319941.0, 173409.0 ], [ 319851.1, 173305.9 ], [ 319758.6, 173182.6 ], [ 319724.9, 173148.9 ], [ 319687.6, 173124.6 ], [ 319651.0, 173108.0 ], [ 319590.5, 173095.0 ], [ 319556.2, 173107.5 ], [ 319530.2, 173134.3 ], [ 319519.3, 173132.5 ], [ 319540.9, 173259.9 ], [ 319512.9, 173280.0 ], [ 319520.6, 173301.6 ], [ 319497.7, 173315.2 ], [ 319484.5, 173298.3 ], [ 319462.7, 173307.3 ], [ 319409.6, 173258.0 ], [ 319412.9, 173271.0 ], [ 319383.6, 173302.5 ], [ 319373.2, 173305.5 ], [ 319343.0, 173269.7 ], [ 319270.4, 173223.5 ], [ 319233.4, 173203.0 ], [ 319189.5, 173164.0 ], [ 319168.3, 173115.8 ], [ 319167.0, 173086.2 ], [ 319180.7, 172921.0 ], [ 319183.9, 172865.4 ], [ 319181.6, 172817.2 ], [ 319158.5, 172751.2 ], [ 319128.6, 172697.2 ], [ 319112.7, 172706.3 ], [ 319076.2, 172652.0 ], [ 319109.7, 172625.9 ], [ 319149.9, 172576.9 ], [ 319189.1, 172516.6 ], [ 319213.5, 172467.2 ], [ 319211.9, 172419.4 ], [ 319200.2, 172420.3 ], [ 319202.8, 172457.8 ], [ 319197.6, 172477.9 ], [ 319157.6, 172543.9 ], [ 319122.9, 172591.3 ], [ 319102.1, 172583.0 ], [ 319108.6, 172569.5 ], [ 319077.1, 172520.4 ], [ 319065.5, 172510.1 ], [ 319045.1, 172523.2 ], [ 318996.8, 172453.3 ], [ 318995.1, 172419.2 ], [ 319041.1, 172357.3 ], [ 319060.0, 172339.5 ], [ 319133.1, 172394.9 ], [ 319153.4, 172421.6 ], [ 319162.7, 172452.3 ], [ 319173.9, 172450.9 ], [ 319162.1, 172412.0 ], [ 319140.4, 172386.1 ], [ 319112.0, 172363.0 ], [ 319107.5, 172345.3 ], [ 319067.2, 172318.5 ], [ 319062.8, 172309.6 ], [ 319077.7, 172269.2 ], [ 319087.1, 172263.1 ], [ 319100.3, 172231.5 ], [ 319118.2, 172210.2 ], [ 319126.2, 172177.4 ], [ 319132.6, 172180.0 ], [ 319143.6, 172137.1 ], [ 319149.7, 172137.9 ], [ 319169.0, 171992.9 ], [ 319142.9, 171897.8 ], [ 319135.5, 171858.9 ], [ 319117.9, 171812.6 ], [ 319095.5, 171769.3 ], [ 319058.1, 171687.2 ], [ 319038.9, 171636.8 ], [ 319035.1, 171607.3 ], [ 319005.8, 171526.0 ], [ 319020.7, 171517.5 ], [ 319003.9, 171458.9 ], [ 318989.8, 171460.5 ], [ 318936.5, 171278.3 ], [ 318860.6, 171013.8 ], [ 318837.0, 170923.5 ], [ 318841.9, 170918.2 ], [ 318820.3, 170851.7 ], [ 318796.4, 170793.1 ], [ 318767.4, 170684.3 ], [ 318751.6, 170632.4 ], [ 318708.6, 170506.0 ], [ 318696.2, 170444.7 ], [ 318692.7, 170346.2 ], [ 318683.7, 170242.2 ], [ 318685.4, 170151.4 ], [ 318674.6, 170079.3 ], [ 318670.7, 170007.9 ], [ 318673.3, 169953.6 ], [ 318667.6, 169833.0 ], [ 318669.1, 169792.7 ], [ 318660.2, 169639.7 ], [ 318647.4, 169481.9 ], [ 318634.2, 169357.3 ], [ 318624.6, 169178.4 ], [ 318616.5, 169131.9 ], [ 318612.9, 169079.6 ], [ 318617.7, 168981.6 ], [ 318623.3, 168928.0 ], [ 318625.8, 168866.7 ], [ 318644.6, 168702.4 ], [ 318647.1, 168580.7 ], [ 318661.5, 168505.6 ], [ 318673.3, 168458.3 ], [ 318697.5, 168397.5 ], [ 318719.1, 168376.1 ], [ 318721.4, 168345.4 ], [ 318746.8, 168249.7 ], [ 318749.7, 168228.7 ], [ 318742.2, 168163.4 ], [ 318743.6, 168116.3 ], [ 318716.8, 168096.4 ], [ 318690.8, 168084.6 ], [ 318621.9, 168072.4 ], [ 318560.6, 168068.2 ], [ 318417.0, 168044.5 ], [ 318379.9, 168033.8 ], [ 318317.2, 168009.5 ], [ 318262.2, 167979.2 ], [ 318162.3, 167908.9 ], [ 318099.2, 167868.2 ], [ 318055.2, 167843.7 ], [ 317908.5, 167770.4 ], [ 317877.2, 167742.2 ], [ 317844.3, 167722.0 ], [ 317824.9, 167719.6 ], [ 317776.9, 167747.6 ], [ 317756.4, 167753.8 ], [ 317693.0, 167748.0 ], [ 317582.5, 167725.9 ], [ 317519.6, 167702.7 ], [ 317481.1, 167673.3 ], [ 317460.4, 167641.4 ], [ 317458.3, 167616.0 ], [ 317438.2, 167591.5 ], [ 317430.2, 167552.8 ], [ 317441.3, 167529.2 ], [ 317477.8, 167504.5 ], [ 317495.2, 167476.1 ], [ 317492.5, 167461.1 ], [ 317466.6, 167446.9 ], [ 317415.9, 167472.6 ], [ 317367.7, 167447.2 ], [ 317310.2, 167430.1 ], [ 317196.7, 167412.8 ], [ 317161.0, 167409.8 ], [ 317121.1, 167416.6 ], [ 317040.9, 167459.6 ], [ 317022.2, 167462.8 ], [ 316987.9, 167457.5 ], [ 316912.4, 167424.7 ], [ 316866.3, 167412.6 ], [ 316777.5, 167420.7 ], [ 316698.3, 167463.0 ], [ 316660.2, 167468.2 ], [ 316648.5, 167453.8 ], [ 316576.3, 167462.9 ], [ 316526.0, 167473.3 ], [ 316455.3, 167492.0 ], [ 316410.3, 167499.2 ], [ 316344.0, 167496.4 ], [ 316333.8, 167490.1 ], [ 316297.8, 167494.2 ], [ 316217.1, 167511.8 ], [ 316181.0, 167513.3 ], [ 316006.8, 167564.1 ], [ 315941.0, 167593.1 ], [ 315862.6, 167616.0 ], [ 315838.3, 167619.4 ], [ 315829.7, 167608.5 ], [ 315731.8, 167648.6 ], [ 315738.0, 167655.7 ], [ 315702.6, 167674.8 ], [ 315640.3, 167697.3 ], [ 315613.2, 167702.1 ], [ 315554.0, 167729.2 ], [ 315490.8, 167754.5 ], [ 315366.2, 167812.3 ], [ 315285.6, 167833.9 ], [ 315252.0, 167850.5 ], [ 315198.1, 167869.1 ], [ 315126.2, 167881.6 ], [ 315061.4, 167879.7 ], [ 315058.1, 167873.4 ], [ 315025.5, 167872.0 ], [ 315000.1, 167887.1 ], [ 314948.3, 167894.2 ], [ 314891.4, 167877.9 ], [ 314868.9, 167862.8 ], [ 314773.4, 167829.1 ], [ 314713.2, 167796.5 ], [ 314626.4, 167745.1 ], [ 314552.5, 167720.4 ], [ 314512.0, 167702.8 ], [ 314487.3, 167682.3 ], [ 314402.9, 167627.1 ], [ 314365.3, 167589.9 ], [ 314326.4, 167561.9 ], [ 314284.5, 167547.3 ], [ 314259.9, 167527.7 ], [ 314250.2, 167507.2 ], [ 314249.3, 167457.4 ], [ 314235.8, 167423.5 ], [ 314188.1, 167380.2 ], [ 314096.1, 167330.0 ], [ 314092.8, 167300.3 ], [ 314065.5, 167284.8 ], [ 314059.5, 167271.2 ], [ 314030.5, 167261.1 ], [ 313995.5, 167256.6 ], [ 313975.3, 167246.8 ], [ 313935.9, 167216.8 ], [ 313833.5, 167156.8 ], [ 313762.4, 167145.8 ], [ 313740.3, 167134.3 ], [ 313685.7, 167135.3 ], [ 313615.9, 167126.3 ], [ 313569.5, 167096.0 ], [ 313534.8, 167086.1 ], [ 313501.7, 167105.8 ], [ 313465.0, 167118.2 ], [ 313443.5, 167111.2 ], [ 313389.3, 167127.8 ], [ 313360.0, 167122.0 ], [ 313323.4, 167094.8 ], [ 313240.6, 167066.4 ], [ 313222.1, 167073.0 ], [ 313210.3, 167103.2 ], [ 313190.3, 167093.8 ], [ 313191.7, 167068.6 ], [ 313166.5, 167077.1 ], [ 313165.3, 167092.7 ], [ 313129.1, 167146.3 ], [ 313120.8, 167149.5 ], [ 313118.1, 167187.2 ], [ 313147.7, 167242.9 ], [ 313139.0, 167247.8 ], [ 313108.2, 167188.6 ], [ 313110.9, 167144.6 ], [ 313092.1, 167148.9 ], [ 313100.1, 167171.0 ], [ 313089.2, 167189.6 ], [ 312950.8, 167011.8 ], [ 312842.7, 166864.6 ], [ 312734.3, 166722.6 ], [ 312668.8, 166639.6 ], [ 312630.1, 166601.3 ], [ 312616.2, 166608.5 ], [ 312627.3, 166634.4 ], [ 312736.8, 166765.8 ], [ 312744.5, 166781.5 ], [ 312589.3, 166886.6 ], [ 312485.0, 166961.4 ], [ 312457.1, 166971.5 ], [ 312449.4, 166960.6 ], [ 312402.9, 166926.3 ], [ 312385.9, 166948.9 ], [ 312370.6, 166946.1 ], [ 312368.9, 166925.8 ], [ 312343.5, 166909.7 ], [ 312378.6, 166856.3 ], [ 312373.4, 166848.2 ], [ 312342.7, 166855.1 ], [ 312304.9, 166897.0 ], [ 312289.8, 166885.5 ], [ 312396.7, 166727.8 ], [ 312230.8, 166791.3 ], [ 312203.1, 166759.4 ], [ 312189.2, 166716.2 ], [ 312191.6, 166694.3 ], [ 312220.9, 166665.7 ], [ 312313.2, 166588.4 ], [ 312340.0, 166572.3 ], [ 312371.3, 166563.1 ], [ 312498.4, 166556.7 ], [ 312529.3, 166550.0 ], [ 312539.6, 166539.2 ], [ 312530.0, 166525.6 ], [ 312383.2, 166525.6 ], [ 312336.0, 166536.6 ], [ 312313.2, 166548.5 ], [ 312264.2, 166587.5 ], [ 312148.6, 166689.6 ], [ 312113.0, 166686.3 ], [ 312056.7, 166651.9 ], [ 312029.4, 166621.3 ], [ 312022.0, 166590.4 ], [ 312037.6, 166580.1 ], [ 312043.9, 166546.2 ], [ 312064.3, 166471.2 ], [ 312071.5, 166425.8 ], [ 312087.4, 166403.6 ], [ 312086.7, 166375.7 ], [ 312097.2, 166329.2 ], [ 312090.9, 166317.5 ], [ 312089.3, 166245.7 ], [ 312098.8, 166227.5 ], [ 312087.8, 166177.1 ], [ 312080.1, 166167.9 ], [ 312026.1, 166145.5 ], [ 311982.7, 166141.3 ], [ 311887.9, 166143.5 ], [ 311872.7, 166149.1 ], [ 311852.9, 166173.9 ], [ 311841.0, 166207.9 ], [ 311827.5, 166224.3 ], [ 311824.8, 166251.4 ], [ 311795.3, 166279.3 ], [ 311783.0, 166312.4 ], [ 311754.3, 166343.4 ], [ 311740.3, 166347.4 ], [ 311704.2, 166389.1 ], [ 311661.0, 166412.7 ], [ 311476.1, 166447.0 ], [ 311423.9, 166449.4 ], [ 311296.9, 166446.8 ], [ 311242.0, 166438.2 ], [ 311175.7, 166420.2 ], [ 311133.5, 166402.4 ], [ 311071.9, 166359.9 ], [ 311047.4, 166335.0 ], [ 311057.9, 166298.9 ], [ 311065.1, 166197.5 ], [ 311057.7, 166142.6 ], [ 311079.1, 166105.8 ], [ 311079.6, 166051.5 ], [ 311101.6, 166011.1 ], [ 311116.9, 165959.3 ], [ 311113.5, 165937.0 ], [ 311101.3, 165925.8 ], [ 311046.0, 165949.9 ], [ 311028.9, 166000.0 ], [ 311023.3, 166030.4 ], [ 310996.8, 166073.3 ], [ 310982.3, 166086.1 ], [ 310975.5, 166107.1 ], [ 310978.3, 166134.5 ], [ 310960.9, 166145.7 ], [ 310938.0, 166177.9 ], [ 310933.7, 166198.7 ], [ 310904.6, 166253.8 ], [ 310879.0, 166289.4 ], [ 310868.1, 166317.4 ], [ 310823.7, 166359.1 ], [ 310771.7, 166374.2 ], [ 310746.0, 166377.2 ], [ 310737.5, 166402.3 ], [ 310699.7, 166420.4 ], [ 310671.8, 166418.7 ], [ 310625.3, 166402.6 ], [ 310629.5, 166420.8 ], [ 310662.7, 166428.9 ], [ 310704.1, 166431.9 ], [ 310750.6, 166455.2 ], [ 310793.3, 166456.6 ], [ 310924.6, 166492.4 ], [ 310978.8, 166518.0 ], [ 311013.6, 166546.9 ], [ 311061.5, 166689.8 ], [ 311080.8, 166732.0 ], [ 311071.0, 166749.6 ], [ 311039.7, 166767.1 ], [ 310876.3, 166826.9 ], [ 310849.9, 166822.0 ], [ 310804.6, 166834.0 ], [ 310788.6, 166823.6 ], [ 310773.8, 166850.0 ], [ 310745.1, 166852.7 ], [ 310690.5, 166825.0 ], [ 310674.8, 166794.8 ], [ 310641.4, 166795.5 ], [ 310571.7, 166748.5 ], [ 310525.3, 166700.2 ], [ 310478.3, 166637.3 ], [ 310450.8, 166612.0 ], [ 310418.1, 166568.8 ], [ 310409.9, 166533.4 ], [ 310417.2, 166496.6 ], [ 310427.3, 166491.9 ], [ 310431.3, 166467.7 ], [ 310450.9, 166455.2 ], [ 310439.5, 166437.4 ], [ 310443.3, 166417.5 ], [ 310435.6, 166366.9 ], [ 310422.5, 166334.8 ], [ 310396.0, 166322.9 ], [ 310387.7, 166311.6 ], [ 310359.9, 166301.2 ], [ 310344.8, 166276.8 ], [ 310337.1, 166217.9 ], [ 310354.5, 166189.6 ], [ 310410.3, 166186.9 ], [ 310398.3, 166131.2 ], [ 310363.1, 166029.6 ], [ 310365.3, 166002.7 ], [ 310351.2, 166011.8 ], [ 310290.8, 166023.2 ], [ 310250.7, 166036.2 ], [ 310221.9, 166085.1 ], [ 310238.0, 166100.7 ], [ 310150.5, 166189.9 ], [ 310093.0, 166241.9 ], [ 310002.8, 166328.6 ], [ 309915.1, 166406.1 ], [ 309818.8, 166485.3 ], [ 309715.3, 166552.1 ], [ 309644.9, 166590.8 ], [ 309516.4, 166657.8 ], [ 309456.2, 166685.5 ], [ 309258.4, 166741.0 ], [ 309203.3, 166735.4 ], [ 309190.2, 166750.8 ], [ 309142.5, 166762.8 ], [ 309071.0, 166769.8 ], [ 309028.7, 166770.1 ], [ 308943.2, 166777.0 ], [ 308906.7, 166774.1 ], [ 308882.8, 166763.6 ], [ 308825.7, 166717.5 ], [ 308763.9, 166656.6 ], [ 308667.1, 166555.2 ], [ 308581.8, 166454.8 ], [ 308504.7, 166378.0 ], [ 308471.8, 166350.4 ], [ 308429.7, 166324.0 ], [ 308277.8, 166246.0 ], [ 308217.1, 166217.8 ], [ 308162.4, 166201.0 ], [ 308114.0, 166198.4 ], [ 308085.7, 166204.4 ], [ 308034.5, 166194.5 ], [ 308006.4, 166200.0 ], [ 307969.2, 166196.4 ], [ 307912.2, 166182.0 ], [ 307833.7, 166132.5 ], [ 307791.5, 166100.3 ], [ 307690.1, 166014.2 ], [ 307535.5, 165919.4 ], [ 307466.8, 165865.0 ], [ 307420.8, 165825.3 ], [ 307312.7, 165757.4 ], [ 307262.5, 165733.2 ], [ 307206.5, 165700.8 ], [ 307097.0, 165665.5 ], [ 306883.2, 165576.9 ], [ 306808.0, 165544.4 ], [ 306779.2, 165536.1 ], [ 306737.9, 165532.5 ], [ 306646.6, 165529.5 ], [ 306565.2, 165553.9 ], [ 306528.4, 165569.5 ], [ 306405.9, 165628.7 ], [ 306333.3, 165669.1 ], [ 306259.7, 165682.6 ], [ 306158.9, 165715.6 ], [ 306100.9, 165730.7 ], [ 306067.2, 165724.7 ], [ 306012.4, 165750.8 ], [ 305968.9, 165762.7 ], [ 305922.7, 165755.2 ], [ 305866.6, 165783.8 ], [ 305823.1, 165800.5 ], [ 305719.8, 165833.9 ], [ 305668.9, 165847.7 ], [ 305600.4, 165862.1 ], [ 305578.7, 165861.3 ], [ 305549.0, 165834.7 ], [ 305525.7, 165825.6 ], [ 305465.9, 165824.8 ], [ 305335.2, 165845.9 ], [ 305274.1, 165846.1 ], [ 305188.6, 165868.2 ], [ 305151.6, 165894.8 ], [ 305108.3, 165896.0 ], [ 305062.3, 165860.4 ], [ 305036.0, 165846.0 ], [ 304948.0, 165851.0 ], [ 304916.7, 165862.0 ], [ 304843.7, 165865.8 ], [ 304813.6, 165876.1 ], [ 304613.7, 165889.2 ], [ 304576.7, 165899.1 ], [ 304512.1, 165888.5 ], [ 304493.2, 165878.7 ], [ 304430.4, 165874.5 ], [ 304310.6, 165862.9 ], [ 304280.4, 165852.7 ], [ 304203.1, 165851.7 ], [ 304126.9, 165831.1 ], [ 304025.2, 165812.3 ], [ 303975.5, 165812.6 ], [ 303963.4, 165832.0 ], [ 303930.5, 165851.9 ], [ 303927.4, 165864.9 ], [ 303938.4, 165885.7 ], [ 303934.1, 165914.7 ], [ 303905.4, 165962.2 ], [ 303962.9, 165997.6 ], [ 303986.0, 166000.2 ], [ 303996.9, 166024.8 ], [ 303992.0, 166034.2 ], [ 303895.0, 165967.7 ], [ 303880.3, 165974.5 ], [ 303852.7, 165942.4 ], [ 303810.4, 165934.2 ], [ 303735.2, 165905.9 ], [ 303746.8, 165877.7 ], [ 303736.1, 165838.5 ], [ 303723.5, 165819.0 ], [ 303714.9, 165825.5 ], [ 303728.7, 165878.7 ], [ 303716.8, 165891.4 ], [ 303689.8, 165884.1 ], [ 303653.4, 165864.7 ], [ 303607.2, 165850.9 ], [ 303554.6, 165848.3 ], [ 303553.2, 165836.5 ], [ 303493.4, 165835.8 ], [ 303490.4, 165827.6 ], [ 303430.8, 165825.7 ], [ 303406.8, 165832.4 ], [ 303310.9, 165825.9 ], [ 303308.3, 165819.6 ], [ 303222.0, 165812.5 ], [ 303191.7, 165806.1 ], [ 303164.9, 165782.4 ], [ 303147.0, 165754.8 ], [ 303140.7, 165762.9 ], [ 303107.7, 165746.1 ], [ 303075.5, 165772.1 ], [ 303039.2, 165766.7 ], [ 303004.2, 165768.6 ], [ 302957.3, 165794.7 ], [ 302945.8, 165840.2 ], [ 302944.8, 165986.1 ], [ 302911.8, 166249.0 ], [ 302878.8, 166531.4 ], [ 302866.2, 166627.1 ], [ 302867.3, 166666.0 ], [ 302852.1, 166696.2 ], [ 302858.3, 166751.4 ], [ 302869.6, 166776.0 ], [ 302887.4, 166843.1 ], [ 302883.7, 166894.7 ], [ 302889.8, 166963.6 ], [ 302914.3, 167002.0 ], [ 302933.4, 167043.9 ], [ 302932.7, 167092.5 ], [ 302908.7, 167141.1 ], [ 302898.1, 167180.3 ], [ 302900.3, 167195.1 ], [ 302917.7, 167216.6 ], [ 302946.9, 167233.4 ], [ 302992.6, 167275.0 ], [ 303015.1, 167306.6 ], [ 303024.4, 167354.7 ], [ 303029.6, 167406.0 ], [ 303045.0, 167441.9 ], [ 303034.4, 167445.8 ], [ 303020.3, 167417.6 ], [ 303007.4, 167318.8 ], [ 302986.7, 167287.0 ], [ 302948.4, 167252.2 ], [ 302908.8, 167227.1 ], [ 302886.7, 167199.5 ], [ 302883.8, 167182.6 ], [ 302896.0, 167136.1 ], [ 302921.8, 167086.0 ], [ 302924.1, 167065.6 ], [ 302917.4, 167031.1 ], [ 302872.2, 166956.6 ], [ 302866.8, 166911.6 ], [ 302873.4, 166839.6 ], [ 302866.6, 166805.5 ], [ 302843.8, 166753.6 ], [ 302832.3, 166697.0 ], [ 302842.5, 166647.6 ], [ 302855.7, 166617.6 ], [ 302878.1, 166442.9 ], [ 302906.5, 166202.8 ], [ 302916.6, 166109.0 ], [ 302931.2, 165999.8 ], [ 302933.6, 165944.9 ], [ 302931.4, 165854.3 ], [ 302926.0, 165794.5 ], [ 302908.7, 165787.1 ], [ 302899.0, 165770.5 ], [ 302909.3, 165741.1 ], [ 302891.2, 165745.9 ], [ 302801.3, 165756.4 ], [ 302773.1, 165743.1 ], [ 302727.1, 165745.9 ], [ 302713.0, 165729.0 ], [ 302668.1, 165725.7 ], [ 302657.6, 165705.4 ], [ 302631.1, 165707.5 ], [ 302599.0, 165688.5 ], [ 302578.7, 165687.9 ], [ 302539.6, 165667.5 ], [ 302507.2, 165664.3 ], [ 302471.0, 165651.3 ], [ 302384.2, 165651.6 ], [ 302325.2, 165636.3 ], [ 302300.4, 165641.2 ], [ 302285.0, 165688.0 ], [ 302262.4, 165723.1 ], [ 302205.8, 165886.3 ], [ 302144.2, 166000.2 ], [ 302115.1, 166096.0 ], [ 302074.5, 166160.1 ], [ 302000.9, 166227.9 ], [ 301959.5, 166252.9 ], [ 301902.4, 166273.8 ], [ 301839.4, 166292.1 ], [ 301803.2, 166306.5 ], [ 301748.1, 166318.6 ], [ 301639.7, 166364.9 ], [ 301477.5, 166394.0 ], [ 301409.4, 166397.2 ], [ 301335.6, 166393.4 ], [ 301245.7, 166399.7 ], [ 301179.4, 166418.2 ], [ 301091.8, 166446.8 ], [ 301055.0, 166449.2 ], [ 300939.9, 166406.9 ], [ 300843.5, 166354.1 ], [ 300783.9, 166348.2 ], [ 300737.2, 166355.9 ], [ 300426.0, 166457.6 ], [ 300380.6, 166468.6 ], [ 300277.7, 166482.3 ], [ 300187.0, 166488.5 ], [ 300097.1, 166485.0 ], [ 300054.4, 166478.5 ], [ 300000.0, 166461.8 ], [ 299949.4, 166429.7 ], [ 299903.2, 166410.4 ], [ 299822.3, 166396.8 ], [ 299756.5, 166397.8 ], [ 299718.5, 166395.0 ], [ 299549.4, 166409.0 ], [ 299429.1, 166407.3 ], [ 299388.1, 166416.0 ], [ 299362.0, 166416.4 ], [ 299294.7, 166442.2 ], [ 299233.5, 166477.7 ], [ 299205.7, 166486.5 ], [ 299171.2, 166482.8 ], [ 299145.9, 166487.6 ], [ 299067.3, 166518.0 ], [ 299014.2, 166526.4 ], [ 298892.1, 166550.1 ], [ 298852.8, 166552.3 ], [ 298797.3, 166564.5 ], [ 298743.7, 166583.4 ], [ 298571.9, 166656.4 ], [ 298537.1, 166666.7 ], [ 298448.8, 166706.7 ], [ 298402.5, 166722.0 ], [ 298343.5, 166746.5 ], [ 298268.0, 166783.8 ], [ 298229.3, 166796.8 ], [ 298190.6, 166822.6 ], [ 298127.0, 166842.8 ], [ 298017.5, 166905.9 ], [ 297974.6, 166925.9 ], [ 297909.0, 166970.8 ], [ 297793.9, 167038.5 ], [ 297729.4, 167067.8 ], [ 297666.5, 167082.7 ], [ 297603.8, 167079.0 ], [ 297572.6, 167067.8 ], [ 297496.3, 167047.3 ], [ 297416.9, 167023.0 ], [ 297349.3, 166996.6 ], [ 297336.7, 166987.5 ], [ 297318.5, 166931.7 ], [ 297276.6, 166932.0 ], [ 297261.9, 166919.9 ], [ 297250.3, 166930.4 ], [ 297243.2, 166958.5 ], [ 297231.0, 166969.8 ], [ 297191.3, 166980.7 ], [ 297087.1, 167048.6 ], [ 297060.6, 167056.3 ], [ 296998.0, 167086.7 ], [ 296954.8, 167086.4 ], [ 296892.8, 167113.0 ], [ 296840.9, 167148.9 ], [ 296802.6, 167159.7 ], [ 296707.9, 167215.0 ], [ 296684.2, 167223.1 ], [ 296648.0, 167248.4 ], [ 296591.4, 167266.6 ], [ 296547.1, 167289.3 ], [ 296485.2, 167314.0 ], [ 296451.9, 167320.7 ], [ 296311.5, 167326.4 ], [ 296270.6, 167331.5 ], [ 296208.8, 167349.4 ], [ 296151.5, 167336.7 ], [ 296110.2, 167323.5 ], [ 296059.4, 167320.5 ], [ 295958.3, 167347.9 ], [ 295921.9, 167349.5 ], [ 295842.3, 167378.2 ], [ 295793.0, 167392.8 ], [ 295705.6, 167409.6 ], [ 295665.0, 167432.9 ], [ 295606.8, 167449.9 ], [ 295527.7, 167485.3 ], [ 295468.5, 167482.1 ], [ 295424.7, 167489.7 ], [ 295379.5, 167507.8 ], [ 295306.1, 167547.8 ], [ 295262.8, 167564.4 ], [ 295202.5, 167603.0 ], [ 295153.7, 167612.9 ], [ 295134.0, 167607.0 ], [ 295115.1, 167613.9 ], [ 295077.0, 167615.7 ], [ 295037.0, 167626.3 ], [ 295014.9, 167644.8 ], [ 294946.7, 167640.0 ], [ 294931.8, 167643.8 ], [ 294876.0, 167642.6 ], [ 294836.6, 167652.0 ], [ 294823.0, 167664.2 ], [ 294806.3, 167697.0 ], [ 294729.8, 167752.4 ], [ 294709.7, 167749.1 ], [ 294691.1, 167731.9 ], [ 294684.0, 167702.4 ], [ 294651.4, 167685.5 ], [ 294633.3, 167688.5 ], [ 294622.4, 167716.8 ], [ 294605.5, 167730.0 ], [ 294569.8, 167718.5 ], [ 294544.8, 167759.0 ], [ 294431.7, 167838.2 ], [ 294359.8, 167876.7 ], [ 294262.1, 167875.9 ], [ 294203.6, 167868.8 ], [ 294170.4, 167874.2 ], [ 294149.8, 167884.4 ], [ 294093.1, 167890.8 ], [ 294024.6, 167877.2 ], [ 293923.6, 167883.9 ], [ 293909.5, 167893.1 ], [ 293863.7, 167877.4 ], [ 293842.2, 167851.9 ], [ 293801.7, 167839.7 ], [ 293783.8, 167825.7 ], [ 293743.8, 167812.4 ], [ 293691.0, 167800.6 ], [ 293665.7, 167800.1 ], [ 293634.2, 167814.7 ], [ 293601.0, 167810.8 ], [ 293525.6, 167766.1 ], [ 293516.5, 167757.3 ], [ 293465.2, 167735.9 ], [ 293440.6, 167721.4 ], [ 293422.9, 167682.7 ], [ 293378.1, 167665.0 ], [ 293338.7, 167659.6 ], [ 293297.2, 167646.8 ], [ 293196.7, 167639.4 ], [ 293112.0, 167636.2 ], [ 293051.0, 167637.9 ], [ 293034.5, 167632.4 ], [ 292966.7, 167635.1 ], [ 292941.2, 167644.1 ], [ 292866.3, 167652.7 ], [ 292826.9, 167652.0 ], [ 292815.3, 167662.1 ], [ 292782.2, 167672.3 ], [ 292762.7, 167685.1 ], [ 292724.3, 167693.6 ], [ 292623.7, 167740.7 ], [ 292570.9, 167778.4 ], [ 292498.3, 167826.1 ], [ 292468.2, 167832.2 ], [ 292448.8, 167843.0 ], [ 292392.6, 167862.1 ], [ 292325.3, 167892.3 ], [ 292284.3, 167900.5 ], [ 292249.9, 167919.7 ], [ 292205.3, 167933.5 ], [ 292181.6, 167950.6 ], [ 292051.9, 167987.6 ], [ 291985.2, 167987.3 ], [ 291941.4, 167998.3 ], [ 291894.8, 168004.1 ], [ 291825.3, 168017.9 ], [ 291741.4, 168056.7 ], [ 291705.2, 168067.0 ], [ 291671.8, 168085.1 ], [ 291652.1, 168075.3 ], [ 291621.7, 168109.2 ], [ 291584.3, 168202.4 ], [ 291566.6, 168214.3 ], [ 291559.1, 168236.0 ], [ 291558.2, 168272.3 ], [ 291535.3, 168317.4 ], [ 291506.5, 168342.9 ], [ 291475.6, 168337.3 ], [ 291462.6, 168342.6 ], [ 291456.7, 168360.4 ], [ 291469.3, 168388.0 ], [ 291470.1, 168425.7 ], [ 291440.2, 168539.7 ], [ 291429.8, 168566.0 ], [ 291389.4, 168705.7 ], [ 291350.3, 168824.3 ], [ 291329.2, 168881.9 ], [ 291267.7, 169021.7 ], [ 291230.5, 169097.9 ], [ 291150.9, 169233.1 ], [ 291087.6, 169348.0 ], [ 290987.8, 169480.1 ], [ 290955.2, 169528.0 ], [ 290861.3, 169629.6 ], [ 290789.5, 169700.9 ], [ 290702.5, 169767.1 ], [ 290663.9, 169799.4 ], [ 290639.4, 169835.2 ], [ 290582.3, 169892.3 ], [ 290560.8, 169903.3 ], [ 290511.3, 169899.2 ], [ 290487.3, 169915.8 ], [ 290474.7, 169975.0 ], [ 290446.3, 170054.0 ], [ 290416.3, 170114.2 ], [ 290397.1, 170163.6 ], [ 290342.5, 170246.3 ], [ 290306.9, 170293.9 ], [ 290304.0, 170338.1 ], [ 290318.5, 170372.9 ], [ 290320.0, 170414.2 ], [ 290270.32138788, 170568.75139021 ], [ 290046.92476302, 241050.38653305 ], [ 437572.73205336, 240393.7434739 ], [ 437572.73205336, 240393.7434739 ] ] ] ] } }
]
}
