{
"type": "FeatureCollection",
"name": "weca_boundary_simple",
"crs": { "type": "name", "properties": { "name": "urn:ogc:def:crs:EPSG::27700" } },
"features": [
{ "type": "Feature", "properties": { "TEXT": "West of England" }, "geometry": { "type": "MultiPolygon", "coordinates": [ [ [ [ 382605.5265159869, 181060.8911142752, 0.0 ], [ 382586.9668834484, 180992.3007480633, 0.0 ], [ 382585.2684008615, 180916.1125567062, 0.0 ], [ 382520.9981495785, 180897.4478994088, 0.0 ], [ 382511.986297795, 180852.9306423411, 0.0 ], [ 382492.2723567022, 180839.6444454754, 0.0 ], [ 382481.9577852648, 180817.0709070835, 0.0 ], [ 382448.0788292004, 180795.5570653566, 0.0 ], [ 382406.9029940615, 180780.6013463867, 0.0 ], [ 382412.9960942152, 180761.2968722349, 0.0 ], [ 382405.7321953851, 180678.7105123345, 0.0 ], [ 382406.4989860675, 180636.5425827788, 0.0 ], [ 382415.4778576066, 180608.670561062, 0.0 ], [ 382368.5139895747, 180534.3418374379, 0.0 ], [ 382341.7422761795, 180472.4195625047, 0.0 ], [ 382327.0330871751, 180414.0162802703, 0.0 ], [ 382342.9707902835, 180381.8254947868, 0.0 ], [ 382158.050559908, 180276.0257796402, 0.0 ], [ 382099.9970846952, 180240.0960644142, 0.0 ], [ 382051.9531136591, 180214.8432929449, 0.0 ], [ 382049.7022119785, 180204.1363577732, 0.0 ], [ 382028.0836617714, 180198.6479288196, 0.0 ], [ 381899.2710721889, 180130.4074624499, 0.0 ], [ 381797.1972157573, 180063.6965582476, 0.0 ], [ 381794.8226381602, 179993.7465812203, 0.0 ], [ 381672.4989116643, 179994.626329395, 0.0 ], [ 381609.7787318682, 179998.9850817151, 0.0 ], [ 381506.9380847542, 179992.6368988635, 0.0 ], [ 381422.2118368793, 179979.7205961167, 0.0 ], [ 381305.6019377264, 179967.9039785883, 0.0 ], [ 381160.8681351577, 179933.1339314108, 0.0 ], [ 381126.6181513438, 179917.8183154603, 0.0 ], [ 381066.3632448169, 179901.6429456117, 0.0 ], [ 380981.2989494369, 179865.0934078081, 0.0 ], [ 380799.8581348461, 179791.0046155043, 0.0 ], [ 380696.4320883938, 179739.0094989515, 0.0 ], [ 380637.7190082929, 179707.1286247569, 0.0 ], [ 380536.3212468716, 179642.9270022801, 0.0 ], [ 380443.2592422235, 179565.9790284085, 0.0 ], [ 380372.5166179761, 179518.9324953386, 0.0 ], [ 380248.0739107772, 179425.509237468, 0.0 ], [ 380194.316112398, 179378.3627330145, 0.0 ], [ 379977.0175270785, 179250.5593163619, 0.0 ], [ 379872.7917096995, 179188.1071930962, 0.0 ], [ 379776.1018781669, 179136.0021080217, 0.0 ], [ 379663.8701064587, 179083.5271288283, 0.0 ], [ 379521.7582333201, 179020.7550971354, 0.0 ], [ 379541.6123404516, 179010.5580160195, 0.0 ], [ 379505.1774154459, 178949.0956094504, 0.0 ], [ 379529.9703141768, 178916.9248182436, 0.0 ], [ 379511.9960809764, 178891.5420839757, 0.0 ], [ 379516.9431176371, 178882.6146394301, 0.0 ], [ 379470.449218088, 178828.5601123775, 0.0 ], [ 379481.4233944135, 178795.2996330907, 0.0 ], [ 379501.4176675837, 178766.2879376021, 0.0 ], [ 379490.7403134578, 178757.4004816099, 0.0 ], [ 379531.3884646862, 178688.3002613423, 0.0 ], [ 379513.7192987466, 178678.0132059812, 0.0 ], [ 379444.2381688476, 178626.118060812, 0.0 ], [ 379409.9139794837, 178603.4045624833, 0.0 ], [ 379311.5998709142, 178547.640524773, 0.0 ], [ 379135.0071522509, 178482.4091970463, 0.0 ], [ 378959.9315248301, 178420.3369650379, 0.0 ], [ 378924.0325287959, 178399.4729373037, 0.0 ], [ 378885.2065360708, 178385.6468949672, 0.0 ], [ 378852.0366552611, 178380.3284173656, 0.0 ], [ 378852.0284102, 178361.6437657915, 0.0 ], [ 378812.7736742977, 178350.1370595518, 0.0 ], [ 378745.6671219958, 178341.3195835281, 0.0 ], [ 378696.4935775888, 178331.8422963733, 0.0 ], [ 378605.9628066987, 178308.9088610009, 0.0 ], [ 378593.4385588862, 178302.3907267974, 0.0 ], [ 378446.7259416532, 178260.1128287199, 0.0 ], [ 378401.4605562082, 178230.7912219425, 0.0 ], [ 378366.4767619562, 178214.1059980382, 0.0 ], [ 378313.7908215202, 178178.5961626228, 0.0 ], [ 378222.2294179925, 178107.8564116659, 0.0 ], [ 378185.2173387096, 178086.5625069827, 0.0 ], [ 378105.0588546848, 178014.3731709652, 0.0 ], [ 378076.8937259634, 177991.9395925102, 0.0 ], [ 377978.4971667829, 177905.7042771125, 0.0 ], [ 377921.0785612748, 177860.3572575618, 0.0 ], [ 377834.5878703243, 177799.0847966213, 0.0 ], [ 377819.3262622261, 177784.8688658891, 0.0 ], [ 377743.5788858903, 177733.2436434554, 0.0 ], [ 377595.1100706428, 177671.3013742455, 0.0 ], [ 377598.4575654499, 177652.176848584, 0.0 ], [ 377723.6505732089, 177544.2077544157, 0.0 ], [ 377810.7019283143, 177467.399740481, 0.0 ], [ 377935.3260268575, 177337.8568217558, 0.0 ], [ 377959.4098503338, 177304.9962280029, 0.0 ], [ 378009.6717428061, 177220.5204089546, 0.0 ], [ 378050.5672458676, 177143.8223635417, 0.0 ], [ 378055.6132232614, 177141.6229931049, 0.0 ], [ 378143.73643631, 177033.0940591891, 0.0 ], [ 378246.2885062855, 176949.3580283786, 0.0 ], [ 378267.3216571544, 176926.2246502392, 0.0 ], [ 378313.4939993205, 176887.8856246711, 0.0 ], [ 378333.0183040079, 176832.8913666137, 0.0 ], [ 378348.5272639391, 176761.6317644627, 0.0 ], [ 378375.8596414893, 176715.7548965795, 0.0 ], [ 378418.3629314654, 176671.847464951, 0.0 ], [ 378452.9427177234, 176617.3030781194, 0.0 ], [ 378466.0523648742, 176552.6515844169, 0.0 ], [ 378465.5823963914, 176524.9295197754, 0.0 ], [ 378489.9960223118, 176566.7275552122, 0.0 ], [ 378540.7278832669, 176625.2807945218, 0.0 ], [ 378587.0321464107, 176626.030579898, 0.0 ], [ 378647.2623177542, 176574.5753088161, 0.0 ], [ 378674.5864502432, 176555.5607516765, 0.0 ], [ 378728.5173949055, 176530.247997377, 0.0 ], [ 378826.6418670697, 176502.455952767, 0.0 ], [ 378833.8480504721, 176478.1529094408, 0.0 ], [ 378878.1405187072, 176470.9249784146, 0.0 ], [ 378912.9594117371, 176442.0132543095, 0.0 ], [ 378960.3932482518, 176416.3705944445, 0.0 ], [ 378950.9114279855, 176394.6967985041, 0.0 ], [ 378970.7820252391, 176384.3297660362, 0.0 ], [ 378964.4992886801, 176367.5645650251, 0.0 ], [ 379011.141599329, 176362.7659386176, 0.0 ], [ 379026.6423141991, 176373.0729882554, 0.0 ], [ 379016.2370470895, 176382.4702983033, 0.0 ], [ 379064.3304884922, 176388.5485584195, 0.0 ], [ 379086.4767226098, 176416.4605686897, 0.0 ], [ 379114.5264204757, 176419.9895585268, 0.0 ], [ 379124.5276795913, 176431.2863248611, 0.0 ], [ 379141.0260468547, 176421.8890148131, 0.0 ], [ 379148.9330604506, 176444.1926304696, 0.0 ], [ 379168.1440528161, 176450.1409277872, 0.0 ], [ 379174.006291259, 176462.3674279879, 0.0 ], [ 379202.303340958, 176476.9032671472, 0.0 ], [ 379199.9040281776, 176507.8344131988, 0.0 ], [ 379231.0786042009, 176527.6787328213, 0.0 ], [ 379257.9904836349, 176535.0666180612, 0.0 ], [ 379286.468924678, 176523.9498002172, 0.0 ], [ 379301.8377185705, 176535.9163748208, 0.0 ], [ 379333.9604766204, 176540.4150870779, 0.0 ], [ 379401.7266338103, 176574.4453460176, 0.0 ], [ 379440.3382549468, 176586.0820150557, 0.0 ], [ 379458.5021245525, 176573.9254948234, 0.0 ], [ 379573.8505293569, 176581.1934144031, 0.0 ], [ 379618.1924679586, 176559.6395841228, 0.0 ], [ 379621.9109905152, 176549.9123685093, 0.0 ], [ 379705.7715069745, 176479.532514533, 0.0 ], [ 379738.9661229675, 176500.3565537138, 0.0 ], [ 379752.619944151, 176499.476805539, 0.0 ], [ 379771.4928890113, 176479.8724172368, 0.0 ], [ 379796.8794321417, 176480.9920967319, 0.0 ], [ 379820.1717297523, 176492.6387629084, 0.0 ], [ 379816.5109226234, 176510.4136748928, 0.0 ], [ 379826.9821502218, 176526.7589960932, 0.0 ], [ 379863.1614783334, 176533.5870415856, 0.0 ], [ 379862.8399209505, 176510.4436663078, 0.0 ], [ 379877.6233155047, 176492.798717122, 0.0 ], [ 379919.6896172425, 176473.4942429702, 0.0 ], [ 379922.4599577725, 176451.110650207, 0.0 ], [ 379902.0039611807, 176461.5376655049, 0.0 ], [ 379865.1402929976, 176454.3997087238, 0.0 ], [ 379915.1713237591, 176310.7008420965, 0.0 ], [ 379898.2689485018, 176301.9633431796, 0.0 ], [ 379922.0559497785, 176222.5260818591, 0.0 ], [ 379939.7993212681, 176106.1094057859, 0.0 ], [ 379916.6966600628, 176100.3310598203, 0.0 ], [ 379949.2069359845, 175958.8315636297, 0.0 ], [ 379950.0314420946, 175915.1640633217, 0.0 ], [ 379966.6699753966, 175813.2232435778, 0.0 ], [ 379964.6334453046, 175782.1621347277, 0.0 ], [ 379968.4591536556, 175722.4092388162, 0.0 ], [ 379966.6782204577, 175672.7334583605, 0.0 ], [ 379979.9692589527, 175586.3781773025, 0.0 ], [ 379989.4180989745, 175552.1179841808, 0.0 ], [ 380034.2794764256, 175504.6515713002, 0.0 ], [ 379977.1824283005, 175445.308558061, 0.0 ], [ 379942.1409186208, 175403.5105226242, 0.0 ], [ 379929.0560066534, 175377.7978827908, 0.0 ], [ 379872.8988954938, 175245.7256880633, 0.0 ], [ 379859.3027897381, 175183.8933873752, 0.0 ], [ 379862.0071697792, 175162.2095942964, 0.0 ], [ 379849.2520602559, 175077.873735185, 0.0 ], [ 379851.2473650423, 175024.5190078168, 0.0 ], [ 379842.5240903973, 174931.3156869899, 0.0 ], [ 379830.9232894281, 174930.8058329341, 0.0 ], [ 379820.5097772574, 174876.1314833039, 0.0 ], [ 379796.4919142699, 174797.1240989324, 0.0 ], [ 379784.2809787792, 174721.0058875438, 0.0 ], [ 379750.7565603421, 174628.7622919983, 0.0 ], [ 379733.3182561133, 174564.9605550556, 0.0 ], [ 379722.4760007653, 174500.7689297172, 0.0 ], [ 379716.1767740841, 174434.8977851362, 0.0 ], [ 379733.4419320298, 174372.7855645744, 0.0 ], [ 379753.1641181836, 174321.5902190896, 0.0 ], [ 379688.7619459229, 174304.984972292, 0.0 ], [ 379644.2715962214, 174271.4145817164, 0.0 ], [ 379630.2302571662, 174249.9907142346, 0.0 ], [ 379633.0418230017, 174200.1649767036, 0.0 ], [ 379632.9511273296, 174043.5997930213, 0.0 ], [ 379631.1537040095, 173939.3796257339, 0.0 ], [ 379609.0981655641, 173748.7142031433, 0.0 ], [ 379595.6504709082, 173647.6531315742, 0.0 ], [ 379580.1827362825, 173559.7882826256, 0.0 ], [ 379576.2415970762, 173516.0607994874, 0.0 ], [ 379586.6386191247, 173510.8422932693, 0.0 ], [ 379579.8694239607, 173467.7246355704, 0.0 ], [ 379548.3980257378, 173331.3536713528, 0.0 ], [ 379568.8705124518, 173321.616458601, 0.0 ], [ 379694.6983899157, 173246.4579724939, 0.0 ], [ 379751.9520942018, 173235.0912261911, 0.0 ], [ 379844.0164464567, 173236.4008513149, 0.0 ], [ 379933.4011538537, 173225.3640105776, 0.0 ], [ 379979.6394565086, 173225.8138818034, 0.0 ], [ 380005.1414304943, 173221.5151123133, 0.0 ], [ 380065.1572302493, 173166.2609286589, 0.0 ], [ 380106.2506147771, 173132.540581008, 0.0 ], [ 380115.946806632, 173144.8370611771, 0.0 ], [ 380142.6525595385, 173139.8384920027, 0.0 ], [ 380186.2112173356, 173168.9401617364, 0.0 ], [ 380197.8120183048, 173196.5422607177, 0.0 ], [ 380231.4683577195, 173219.1357933863, 0.0 ], [ 380232.9359785955, 173228.6230776794, 0.0 ], [ 380277.9210319631, 173256.7350307165, 0.0 ], [ 380288.4169947449, 173250.7367477072, 0.0 ], [ 380263.8384676024, 173226.2637530291, 0.0 ], [ 380226.7109574642, 173172.539131542, 0.0 ], [ 380196.7071801173, 173107.0378810799, 0.0 ], [ 380170.7022574044, 173064.4100831601, 0.0 ], [ 380125.3709114706, 173001.7880085425, 0.0 ], [ 380106.5474369767, 172968.1576351368, 0.0 ], [ 380078.5224742941, 172870.7455190649, 0.0 ], [ 380074.7297461876, 172768.9046707045, 0.0 ], [ 380068.3810491398, 172666.2040684461, 0.0 ], [ 380048.3537957252, 172418.3450173615, 0.0 ], [ 380024.8388814648, 172089.1692429468, 0.0 ], [ 380014.1862625222, 172000.0047660128, 0.0 ], [ 379999.9965123673, 171909.0008156226, 0.0 ], [ 379976.0363648075, 171784.3365004116, 0.0 ], [ 379950.3529994775, 171629.4508359719, 0.0 ], [ 379923.6472465711, 171506.8559283992, 0.0 ], [ 379901.8390599586, 171416.6417519386, 0.0 ], [ 379845.352146355, 171120.5964940121, 0.0 ], [ 379818.4567570433, 171002.2903587911, 0.0 ], [ 379729.1132749517, 170572.2234641591, 0.0 ], [ 379704.6584237259, 170472.5320005437, 0.0 ], [ 379669.2211511133, 170315.6569055725, 0.0 ], [ 379648.723929216, 170186.3039324759, 0.0 ], [ 379609.5928692301, 170008.174921375, 0.0 ], [ 379584.297021772, 169885.3700738969, 0.0 ], [ 379556.6101065945, 169742.0710928036, 0.0 ], [ 379687.2530997414, 169722.256764596, 0.0 ], [ 379739.0568186396, 169709.7503445215, 0.0 ], [ 379845.5088025159, 169661.1642521458, 0.0 ], [ 379926.7721247284, 169612.0383142992, 0.0 ], [ 379973.3237397052, 169591.4642035771, 0.0 ], [ 380027.4195855895, 169557.593898851, 0.0 ], [ 380103.4472940027, 169503.8592802256, 0.0 ], [ 380145.4476352517, 169468.6593560991, 0.0 ], [ 380160.2722551115, 169447.8453140566, 0.0 ], [ 380173.3819022623, 169413.415169583, 0.0 ], [ 380247.9997052272, 169395.6002690452, 0.0 ], [ 380280.7985582874, 169429.0007082689, 0.0 ], [ 380300.9989579851, 169405.9972929281, 0.0 ], [ 380305.7563582404, 169375.16611826, 0.0 ], [ 380337.7884206182, 169338.1267206773, 0.0 ], [ 380357.6260376275, 169323.1809988457, 0.0 ], [ 380373.3988395139, 169288.7608515103, 0.0 ], [ 380406.6923962401, 169255.6103407453, 0.0 ], [ 380428.3686618749, 169223.4595438152, 0.0 ], [ 380440.7774788321, 169221.620070359, 0.0 ], [ 380468.6210501704, 169167.065686389, 0.0 ], [ 380465.0179584693, 169125.5675651027, 0.0 ], [ 380495.0217358162, 169081.5701592291, 0.0 ], [ 380527.7628734487, 169021.0674779415, 0.0 ], [ 380534.9937920343, 168987.4371045357, 0.0 ], [ 380551.1623568536, 168950.5676583049, 0.0 ], [ 380570.53000538, 168919.6465093917, 0.0 ], [ 380574.8174371526, 168874.899318142, 0.0 ], [ 380582.6172649543, 168840.2992223164, 0.0 ], [ 380587.1190683155, 168787.6043060792, 0.0 ], [ 380606.2228748867, 168756.4032372923, 0.0 ], [ 380640.4233883341, 168682.1045050831, 0.0 ], [ 380668.8193787663, 168634.0982467316, 0.0 ], [ 380725.5371540808, 168580.8534878853, 0.0 ], [ 380724.663177604, 168543.7840988876, 0.0 ], [ 380708.5028578459, 168541.8846426012, 0.0 ], [ 380701.0987929771, 168502.8758087638, 0.0 ], [ 380670.0973632369, 168485.5807594201, 0.0 ], [ 380667.6980504565, 168470.8849660472, 0.0 ], [ 380641.2973648108, 168419.6796234241, 0.0 ], [ 380644.001744852, 168396.7761794667, 0.0 ], [ 380662.602602696, 168396.5762366998, 0.0 ], [ 380668.4978213834, 168382.2803288608, 0.0 ], [ 380638.1972218368, 168361.0763984228, 0.0 ], [ 380605.2994280434, 168324.6768176944, 0.0 ], [ 380608.8035790113, 168312.8801944427, 0.0 ], [ 380636.0040355839, 168326.0764170632, 0.0 ], [ 380648.3963624188, 168318.478591918, 0.0 ], [ 380619.703549787, 168300.3837715065, 0.0 ], [ 380599.6020908225, 168299.5840004386, 0.0 ], [ 380582.0978261049, 168288.7770938834, 0.0 ], [ 380564.7996879148, 168259.6754241497, 0.0 ], [ 380566.9021784956, 168243.9799169419, 0.0 ], [ 380530.3023522678, 168245.9793446117, 0.0 ], [ 380501.9970575077, 168222.4760723534, 0.0 ], [ 380480.2960566896, 168220.4766446836, 0.0 ], [ 380457.003759079, 168230.0838946369, 0.0 ], [ 380417.8974342765, 168184.7768636397, 0.0 ], [ 380422.2013561713, 168150.0767964306, 0.0 ], [ 380447.299322163, 168135.1810602907, 0.0 ], [ 380475.4974311288, 168144.1784848047, 0.0 ], [ 380453.903616105, 168101.2807641495, 0.0 ], [ 380460.5326452303, 168080.9565818862, 0.0 ], [ 380455.7505097917, 168056.3736186862, 0.0 ], [ 380471.927319672, 168032.7803721828, 0.0 ], [ 380495.7802814375, 168029.4513251126, 0.0 ], [ 380505.2538566426, 168012.4062042277, 0.0 ], [ 380486.7601845929, 167987.7832524743, 0.0 ], [ 380476.5198187053, 167954.3228304205, 0.0 ], [ 380454.3818296489, 167939.2871343437, 0.0 ], [ 380439.5736999113, 167915.8938306072, 0.0 ], [ 380424.8974911514, 167935.4082446643, 0.0 ], [ 380383.6969208291, 167911.0052299546, 0.0 ], [ 380383.1032764299, 167885.0126702474, 0.0 ], [ 380343.1971807005, 167867.3077382315, 0.0 ], [ 380334.3997005057, 167856.3108860477, 0.0 ], [ 380351.1124393576, 167842.2849009442, 0.0 ], [ 380352.6460207224, 167828.2589158406, 0.0 ], [ 380338.0275273902, 167808.8644674438, 0.0 ], [ 380294.0731066602, 167787.8604797727, 0.0 ], [ 380295.1696997866, 167768.3560628539, 0.0 ], [ 380282.3733649577, 167739.0644474916, 0.0 ], [ 380261.9668387325, 167725.3583708153, 0.0 ], [ 380251.6687574172, 167702.0550413239, 0.0 ], [ 380215.9676428495, 167699.5757510134, 0.0 ], [ 380205.7685022674, 167667.5849082969, 0.0 ], [ 380169.5726840336, 167657.3778300426, 0.0 ], [ 380148.4735726758, 167672.1835919374, 0.0 ], [ 380073.1714296395, 167663.3561187753, 0.0 ], [ 380051.3714880882, 167648.8602681694, 0.0 ], [ 380046.6718032606, 167619.2587415182, 0.0 ], [ 380026.2735220965, 167604.5629481453, 0.0 ], [ 380013.0731792736, 167573.4618507418, 0.0 ], [ 380009.7669097721, 167549.3087644909, 0.0 ], [ 379998.4299507581, 167538.3319065838, 0.0 ], [ 379962.5062195405, 167534.0531313704, 0.0 ], [ 379948.3082243244, 167513.0291494227, 0.0 ], [ 379928.7509393927, 167511.7695099907, 0.0 ], [ 379912.5329042068, 167485.0671534608, 0.0 ], [ 379868.7268945766, 167450.4670576352, 0.0 ], [ 379920.703759758, 167382.4765197242, 0.0 ], [ 379921.520020807, 167369.7301683293, 0.0 ], [ 379953.0986048242, 167321.5039729342, 0.0 ], [ 379966.8018963742, 167308.3977245587, 0.0 ], [ 379991.9493327326, 167261.5811256708, 0.0 ], [ 380019.8011491321, 167219.4931732218, 0.0 ], [ 380046.869684727, 167197.4594803008, 0.0 ], [ 380093.8995132477, 167142.6951564255, 0.0 ], [ 380111.6016594318, 167101.6968920566, 0.0 ], [ 380118.0987675794, 167074.204761597, 0.0 ], [ 380112.4014303585, 167055.6000871297, 0.0 ], [ 380115.6005140658, 167004.3047702614, 0.0 ], [ 380151.5984508332, 166946.531307743, 0.0 ], [ 380154.2863407522, 166893.9563571661, 0.0 ], [ 380181.7176590355, 166839.8718386985, 0.0 ], [ 380212.5624326147, 166767.3026114237, 0.0 ], [ 380228.2692740123, 166755.1760826065, 0.0 ], [ 380228.739242495, 166725.9444500742, 0.0 ], [ 380239.0290787492, 166691.3043656953, 0.0 ], [ 380264.9515508511, 166662.672561464, 0.0 ], [ 380286.0259270255, 166604.0293479092, 0.0 ], [ 380313.4819804922, 166568.0096584381, 0.0 ], [ 380359.8439590636, 166555.143341383, 0.0 ], [ 380414.9292122801, 166528.0610935958, 0.0 ], [ 380483.6270613745, 166502.0585367503, 0.0 ], [ 380467.8872397325, 166486.8029036298, 0.0 ], [ 380421.7066525052, 166463.2796370948, 0.0 ], [ 380391.3895628364, 166463.1196828813, 0.0 ], [ 380310.1839560517, 166474.9263032713, 0.0 ], [ 380293.6773437273, 166469.8277627134, 0.0 ], [ 380256.302481756, 166434.6978185553, 0.0 ], [ 380236.5802956022, 166423.0911409322, 0.0 ], [ 380179.9119906544, 166409.5750098845, 0.0 ], [ 380108.8065837185, 166376.1845677991, 0.0 ], [ 380001.4311529988, 166359.6592981083, 0.0 ], [ 379969.2506795212, 166361.2388459675, 0.0 ], [ 379916.2514267634, 166371.6358698503, 0.0 ], [ 379855.1472789431, 166363.2382736373, 0.0 ], [ 379819.0504014425, 166325.1391793895, 0.0 ], [ 379818.2506305157, 166309.0437866478, 0.0 ], [ 379784.4211448179, 166312.2128795044, 0.0 ], [ 379750.7235800977, 166308.0140813979, 0.0 ], [ 379711.4111287676, 166309.3137093832, 0.0 ], [ 379662.2128491774, 166323.6096172222, 0.0 ], [ 379637.6425670961, 166318.1111911302, 0.0 ], [ 379600.53154708, 166300.4862362211, 0.0 ], [ 379555.513513468, 166292.7084625857, 0.0 ], [ 379518.7075607128, 166277.2128981448, 0.0 ], [ 379487.3103680398, 166271.314586519, 0.0 ], [ 379456.8118870268, 166251.0103985323, 0.0 ], [ 379452.507965132, 166239.3137466641, 0.0 ], [ 379463.8119439016, 166145.1107120023, 0.0 ], [ 379476.2125157976, 166080.6091753751, 0.0 ], [ 379479.1065322441, 166032.8128569289, 0.0 ], [ 379490.8062739466, 165989.2053394509, 0.0 ], [ 379495.407018041, 165952.3059018051, 0.0 ], [ 379509.1103095911, 165911.7075229702, 0.0 ], [ 379508.9124281246, 165882.0060249355, 0.0 ], [ 379515.5991726776, 165854.2039831872, 0.0 ], [ 379508.2693133588, 165808.0571925686, 0.0 ], [ 379516.9925880037, 165763.3499898723, 0.0 ], [ 379506.3811943666, 165685.8321791148, 0.0 ], [ 379492.8675392219, 165658.3200543786, 0.0 ], [ 379492.1667090283, 165572.6145873133, 0.0 ], [ 379479.2714334662, 165519.999648183, 0.0 ], [ 379483.0724066338, 165476.4021278434, 0.0 ], [ 379478.282026134, 165393.8757507731, 0.0 ], [ 379468.981597212, 165357.2762272777, 0.0 ], [ 379442.2675992444, 165278.5587599183, 0.0 ], [ 379421.7703773471, 165240.5596370541, 0.0 ], [ 379406.2201921105, 165177.9875481282, 0.0 ], [ 379397.290790938, 165155.2440583844, 0.0 ], [ 379399.8714950626, 165109.7870703119, 0.0 ], [ 379408.1577814692, 165093.7116718469, 0.0 ], [ 379438.9201044374, 165066.4794669844, 0.0 ], [ 379502.0607823496, 164978.3346981621, 0.0 ], [ 379528.7335550117, 164914.353012729, 0.0 ], [ 379555.9340115842, 164894.3887274462, 0.0 ], [ 379588.2299159172, 164858.5789778804, 0.0 ], [ 379586.176895703, 164839.2145208986, 0.0 ], [ 379611.1017154116, 164802.2451032843, 0.0 ], [ 379657.1009112947, 164711.3411242776, 0.0 ], [ 379648.1467749389, 164706.1726037512, 0.0 ], [ 379652.392981406, 164682.1794717138, 0.0 ], [ 379672.5274206148, 164655.8869978561, 0.0 ], [ 379703.5783207216, 164580.4086033218, 0.0 ], [ 379705.8786927688, 164526.4440505144, 0.0 ], [ 379697.2131335515, 164517.2966689251, 0.0 ], [ 379721.1897712335, 164476.6483043985, 0.0 ], [ 379725.304056723, 164448.3364085943, 0.0 ], [ 379737.4325416027, 164416.5455086448, 0.0 ], [ 379779.2020211409, 164374.517539026, 0.0 ], [ 379806.5591338743, 164370.3987180262, 0.0 ], [ 379795.6674081598, 164263.8792089185, 0.0 ], [ 379816.6510886621, 164221.5013394574, 0.0 ], [ 379822.6205128993, 164158.4693821675, 0.0 ], [ 379858.9894774162, 164090.6687898852, 0.0 ], [ 379848.9469929951, 164048.2209404557, 0.0 ], [ 379860.9518019583, 164018.9293250934, 0.0 ], [ 379867.0531471731, 163977.6411437124, 0.0 ], [ 379878.9425252809, 163946.7399890759, 0.0 ], [ 379881.9437275217, 163917.7882764174, 0.0 ], [ 379875.933077979, 163881.188752922, 0.0 ], [ 379885.3489377564, 163835.0419623034, 0.0 ], [ 379891.9284965151, 163766.8814730405, 0.0 ], [ 379858.1979515505, 163732.2913743533, 0.0 ], [ 379834.1635984408, 163679.0866040604, 0.0 ], [ 379828.309605059, 163628.4311040464, 0.0 ], [ 379812.6769692114, 163568.8481594869, 0.0 ], [ 379800.5814645761, 163538.4568589062, 0.0 ], [ 379766.5870776562, 163430.3977904927, 0.0 ], [ 379748.8189709833, 163416.8316737533, 0.0 ], [ 379729.7728798398, 163390.4792170655, 0.0 ], [ 379716.2427345729, 163353.8596992935, 0.0 ], [ 379694.3685874717, 163320.9191284338, 0.0 ], [ 379685.9421350263, 163294.0468205519, 0.0 ], [ 379668.7429375694, 163268.3541749952, 0.0 ], [ 379657.9501525881, 163236.7832120893, 0.0 ], [ 379641.3281094083, 163217.2288094788, 0.0 ], [ 379627.7732289581, 163174.8009543261, 0.0 ], [ 379601.5621797177, 163131.763273734, 0.0 ], [ 379619.5529030403, 163119.8566819604, 0.0 ], [ 379610.7801580287, 163102.9515210124, 0.0 ], [ 379559.0011743138, 163027.9329948421, 0.0 ], [ 379535.2636434038, 162977.4374490418, 0.0 ], [ 379495.893476646, 162919.2940924045, 0.0 ], [ 379488.1925895776, 162892.0918789571, 0.0 ], [ 379453.9920761302, 162851.6934428891, 0.0 ], [ 379433.8906171657, 162813.5943486414, 0.0 ], [ 379401.289645572, 162772.8860012846, 0.0 ], [ 379347.2927404208, 162728.4987070154, 0.0 ], [ 379320.4880467812, 162711.1036862883, 0.0 ], [ 379292.6939458094, 162677.5033042976, 0.0 ], [ 379256.8938905084, 162647.5018921125, 0.0 ], [ 379224.1939781815, 162610.8023972337, 0.0 ], [ 379206.0878240034, 162605.0040569913, 0.0 ], [ 379157.037955513, 162614.9312153718, 0.0 ], [ 379085.6934418051, 162653.9000606558, 0.0 ], [ 379002.6904117004, 162686.5007288116, 0.0 ], [ 378987.816321474, 162699.7069485706, 0.0 ], [ 378928.6827432569, 162730.778054559, 0.0 ], [ 378911.7968581219, 162761.2493322465, 0.0 ], [ 378874.372525784, 162788.0016744682, 0.0 ], [ 378809.0963770465, 162828.8999674536, 0.0 ], [ 378777.0560696077, 162868.308686825, 0.0 ], [ 378743.3832400708, 162884.6939965789, 0.0 ], [ 378728.6905411886, 162898.5400331921, 0.0 ], [ 378686.2532117013, 162923.3629277125, 0.0 ], [ 378671.9727658742, 162888.7228433335, 0.0 ], [ 378652.4731963701, 162860.4209446677, 0.0 ], [ 378624.16790161, 162839.1170428462, 0.0 ], [ 378568.0025453893, 162777.5046792018, 0.0 ], [ 378539.5405944683, 162724.4198745691, 0.0 ], [ 378497.0373044921, 162608.1231641562, 0.0 ], [ 378466.7779302511, 162540.2226004903, 0.0 ], [ 378451.0793339146, 162470.0326921426, 0.0 ], [ 378455.76252862, 162380.0884384174, 0.0 ], [ 378461.9133442015, 162323.6545924378, 0.0 ], [ 378472.4670224108, 162263.9916707714, 0.0 ], [ 378490.6721173221, 162130.5798595052, 0.0 ], [ 378492.5932165586, 162097.6192943688, 0.0 ], [ 378432.8907291256, 162063.5990325674, 0.0 ], [ 378387.8726955136, 162032.1780267368, 0.0 ], [ 378366.4932520784, 162041.2454312193, 0.0 ], [ 378338.1714671961, 162089.1517181873, 0.0 ], [ 378302.1900205509, 162092.0308940317, 0.0 ], [ 378286.9696377583, 162069.2174243195, 0.0 ], [ 378254.8468797084, 162067.2379909265, 0.0 ], [ 378195.1526373365, 162044.3245498308, 0.0 ], [ 378179.8498039328, 162029.118902402, 0.0 ], [ 378155.6505496011, 162029.318845169, 0.0 ], [ 378143.7529264322, 162038.8161266005, 0.0 ], [ 378109.9481759177, 162034.9172426444, 0.0 ], [ 378085.6087555473, 162015.0329344684, 0.0 ], [ 378031.677810885, 162032.6778836543, 0.0 ], [ 378011.378470454, 162016.682462296, 0.0 ], [ 377987.4430580775, 162022.2108798029, 0.0 ], [ 377959.8633286944, 161993.4291184964, 0.0 ], [ 377899.888754245, 161979.0132449973, 0.0 ], [ 377874.4609858092, 161980.7227556549, 0.0 ], [ 377849.9566642167, 161997.9178336151, 0.0 ], [ 377816.9599296901, 162002.4165458721, 0.0 ], [ 377769.9960616583, 161980.2029044608, 0.0 ], [ 377746.7779695975, 161994.4588237464, 0.0 ], [ 377754.7674338045, 162027.8992515235, 0.0 ], [ 377718.4561847153, 162051.7224322089, 0.0 ], [ 377688.7327394458, 162045.6441720928, 0.0 ], [ 377596.1407032805, 162002.0666460299, 0.0 ], [ 377587.2030570469, 161953.7804678046, 0.0 ], [ 377558.6669005759, 161885.6799613718, 0.0 ], [ 377532.48883158, 161857.348071291, 0.0 ], [ 377481.8888916025, 161826.4469166545, 0.0 ], [ 377456.4776132889, 161762.7251568185, 0.0 ], [ 377431.0086195476, 161739.9816670747, 0.0 ], [ 377396.6926752448, 161742.3010031717, 0.0 ], [ 377377.8774458121, 161732.8237160169, 0.0 ], [ 377362.6488179584, 161735.7828689682, 0.0 ], [ 377315.8993215152, 161711.6697712706, 0.0 ], [ 377281.1876142795, 161718.9076994352, 0.0 ], [ 377256.3782254263, 161740.9813809096, 0.0 ], [ 377224.0905661544, 161721.0770784569, 0.0 ], [ 377188.743989214, 161691.8654402014, 0.0 ], [ 377142.9261846752, 161664.0633984531, 0.0 ], [ 377117.6633174614, 161630.8429077196, 0.0 ], [ 377059.890174326, 161583.6264232977, 0.0 ], [ 377049.8806701493, 161560.3830766365, 0.0 ], [ 377018.2608608265, 161537.2397013587, 0.0 ], [ 376992.7588868408, 161500.2402923294, 0.0 ], [ 376958.4594326603, 161478.8364191244, 0.0 ], [ 376935.5628979825, 161456.3428578393, 0.0 ], [ 376922.6593773593, 161453.6436304851, 0.0 ], [ 376885.0618987383, 161488.9435259951, 0.0 ], [ 376815.2592114563, 161481.5356464786, 0.0 ], [ 376777.6617328353, 161471.1386225957, 0.0 ], [ 376752.6627075768, 161439.2377541243, 0.0 ], [ 376717.9427552801, 161435.7687471172, 0.0 ], [ 376671.778658175, 161460.3017246255, 0.0 ], [ 376640.1835840356, 161451.2743086964, 0.0 ], [ 376606.288137849, 161431.5899432874, 0.0 ], [ 376590.548316207, 161416.5442500723, 0.0 ], [ 376592.1478580606, 161395.5402624012, 0.0 ], [ 376606.8982723705, 161360.7202295319, 0.0 ], [ 376594.7038270019, 161340.8159270792, 0.0 ], [ 376576.0040284246, 161334.9176154534, 0.0 ], [ 376550.2959279114, 161356.9213169593, 0.0 ], [ 376531.2498367678, 161305.6859829212, 0.0 ], [ 376515.1472324374, 161288.690847728, 0.0 ], [ 376486.9491234717, 161287.6911338931, 0.0 ], [ 376474.4908361479, 161272.6554378163, 0.0 ], [ 376474.5485515756, 161250.6717305871, 0.0 ], [ 376463.0466913396, 161222.2698605378, 0.0 ], [ 376439.7461486679, 161204.7748684272, 0.0 ], [ 376421.2524766181, 161172.6740571889, 0.0 ], [ 376372.8539679546, 161149.670641848, 0.0 ], [ 376378.6502459087, 161118.5695444445, 0.0 ], [ 376371.5512483006, 161104.8734649065, 0.0 ], [ 376318.1479875488, 161119.6692296629, 0.0 ], [ 376295.7461565371, 161116.9700023087, 0.0 ], [ 376255.9472466022, 161084.4693055364, 0.0 ], [ 376261.2488208901, 161046.9700395896, 0.0 ], [ 376252.6492221617, 161034.5735880369, 0.0 ], [ 376224.4511131959, 161026.3659374525, 0.0 ], [ 376232.9187909468, 160987.4670721368, 0.0 ], [ 376226.9163864652, 160962.1843092524, 0.0 ], [ 376215.4227712902, 160955.7761435708, 0.0 ], [ 376177.3223439421, 160952.3771165322, 0.0 ], [ 376161.0218581452, 160943.8795489356, 0.0 ], [ 376159.1172490308, 160926.8844137424, 0.0 ], [ 376176.423632282, 160905.1806263869, 0.0 ], [ 376166.5213138996, 160885.3762953177, 0.0 ], [ 376134.1182237723, 160858.6839359261, 0.0 ], [ 376132.3208004523, 160824.2837828675, 0.0 ], [ 376120.2170507559, 160807.8784788369, 0.0 ], [ 376114.2228913353, 160775.5777248316, 0.0 ], [ 376121.8165926095, 160748.5754541512, 0.0 ], [ 376162.8934870151, 160710.4463684884, 0.0 ], [ 376207.6229434886, 160718.5840391044, 0.0 ], [ 376257.3818872338, 160707.9570810395, 0.0 ], [ 376318.8817979869, 160663.759732399, 0.0 ], [ 376375.9211306843, 160672.2772942722, 0.0 ], [ 376392.9224466747, 160691.4817970405, 0.0 ], [ 376406.5680227971, 160722.812828626, 0.0 ], [ 376443.9428847683, 160765.3706465774, 0.0 ], [ 376465.0337510649, 160775.1378507442, 0.0 ], [ 376495.4003111003, 160836.6002573134, 0.0 ], [ 376518.700853772, 160853.895306657, 0.0 ], [ 376546.8989627378, 160839.3594674977, 0.0 ], [ 376583.1937217048, 160840.4491555777, 0.0 ], [ 376620.3871923318, 160850.1463797762, 0.0 ], [ 376649.6901394852, 160849.4465800917, 0.0 ], [ 376706.7377172437, 160860.6433750425, 0.0 ], [ 376804.4004659862, 160836.6202515901, 0.0 ], [ 376867.8791914036, 160844.1880853202, 0.0 ], [ 376908.7582043429, 160853.7853381351, 0.0 ], [ 376974.8588591904, 160878.708204039, 0.0 ], [ 377017.7084417327, 160905.3305834621, 0.0 ], [ 377062.0503803345, 160909.2194702799, 0.0 ], [ 377115.0084077868, 160932.202891344, 0.0 ], [ 377159.5317377328, 160970.4719369437, 0.0 ], [ 377206.4626255202, 160984.7078619525, 0.0 ], [ 377223.5381470606, 160977.4799309263, 0.0 ], [ 377242.7986097928, 160953.8966815612, 0.0 ], [ 377264.6810019551, 160947.6184786781, 0.0 ], [ 377311.5376841926, 160952.8769734496, 0.0 ], [ 377353.6287211138, 160987.1371665713, 0.0 ], [ 377382.2473281957, 160995.1248801121, 0.0 ], [ 377421.1310363485, 160992.1257386074, 0.0 ], [ 377486.8606634465, 161005.6118782401, 0.0 ], [ 377517.7713975145, 161015.9489192929, 0.0 ], [ 377579.13938729, 161000.1134521482, 0.0 ], [ 377597.3609723234, 160987.8069748407, 0.0 ], [ 377637.0362063419, 160978.9695045403, 0.0 ], [ 377731.7224880269, 160940.5604990037, 0.0 ], [ 377772.2964337054, 160911.6987605904, 0.0 ], [ 377846.5019836153, 160829.5722690541, 0.0 ], [ 377887.1996052104, 160765.6705607278, 0.0 ], [ 377912.0996897357, 160734.7694060913, 0.0 ], [ 377951.0823386217, 160671.0276519786, 0.0 ], [ 377977.4830242674, 160660.0307997948, 0.0 ], [ 378018.9391914838, 160634.5480941435, 0.0 ], [ 378062.7699362972, 160552.3816140537, 0.0 ], [ 378079.3837344159, 160544.1839606076, 0.0 ], [ 378121.8128188422, 160510.843504214, 0.0 ], [ 378192.1514350956, 160445.6521650407, 0.0 ], [ 378203.026670688, 160428.4170985272, 0.0 ], [ 378265.2109215125, 160385.5593664254, 0.0 ], [ 378293.4420107226, 160373.0929349043, 0.0 ], [ 378321.3020721833, 160346.3505898209, 0.0 ], [ 378398.1130614011, 160288.447164504, 0.0 ], [ 378412.4099973504, 160272.1118404419, 0.0 ], [ 378456.3891532637, 160190.4652115463, 0.0 ], [ 378534.0906090804, 160139.4698088285, 0.0 ], [ 378606.3503245705, 160121.0850714048, 0.0 ], [ 378674.3390984102, 160206.0107616789, 0.0 ], [ 378732.6481705172, 160271.142118022, 0.0 ], [ 378746.7224898167, 160262.0647164012, 0.0 ], [ 378765.2079168054, 160273.5814197792, 0.0 ], [ 378785.5567276029, 160325.2466307664, 0.0 ], [ 378931.057320854, 160269.4426045027, 0.0 ], [ 378954.869057314, 160268.7827933717, 0.0 ], [ 378977.8397975417, 160247.8887742225, 0.0 ], [ 379043.0582308514, 160333.2443414455, 0.0 ], [ 379077.5803016817, 160358.6270757134, 0.0 ], [ 379129.1201786246, 160386.9289743792, 0.0 ], [ 379160.9790947193, 160409.0626386837, 0.0 ], [ 379206.1537844922, 160446.7618473974, 0.0 ], [ 379262.8468246234, 160398.355703512, 0.0 ], [ 379311.5504005476, 160453.2199987708, 0.0 ], [ 379341.1006995339, 160497.5573073483, 0.0 ], [ 379449.4985178301, 160439.1640222523, 0.0 ], [ 379473.6977721619, 160415.3608358435, 0.0 ], [ 379492.9829700773, 160355.6779199005, 0.0 ], [ 379506.0184116781, 160287.5074334992, 0.0 ], [ 379538.1329246669, 160196.5434716624, 0.0 ], [ 379544.1518192707, 160161.9533729752, 0.0 ], [ 379539.8314072537, 160127.8031483753, 0.0 ], [ 379512.0290612208, 160096.0722312558, 0.0 ], [ 379456.6799660492, 160072.8788702863, 0.0 ], [ 379432.5796524506, 160048.8757411106, 0.0 ], [ 379418.5465584566, 160023.4830097044, 0.0 ], [ 379417.4334752079, 160000.8494884824, 0.0 ], [ 379438.4583810157, 159965.939481368, 0.0 ], [ 379502.0772724718, 159908.9357985025, 0.0 ], [ 379519.8783593891, 159897.7390035517, 0.0 ], [ 379564.8799028789, 159883.6430384797, 0.0 ], [ 379596.0792140855, 159878.3445551548, 0.0 ], [ 379587.3806746238, 159843.3445737953, 0.0 ], [ 379553.6831099036, 159793.4388591575, 0.0 ], [ 379467.9839448188, 159830.5382395703, 0.0 ], [ 379418.579538701, 159793.138945007, 0.0 ], [ 379291.679803294, 159716.9407565116, 0.0 ], [ 379278.3805197379, 159716.0410140602, 0.0 ], [ 379263.0776863342, 159733.0361492533, 0.0 ], [ 379228.893663009, 159711.1624105459, 0.0 ], [ 379192.0464849483, 159640.2027225453, 0.0 ], [ 379190.6530696222, 159584.3986962817, 0.0 ], [ 379174.9462282246, 159554.897141014, 0.0 ], [ 379171.6482037841, 159533.8031790978, 0.0 ], [ 379126.4487788279, 159476.1996679314, 0.0 ], [ 379120.751441607, 159427.5036070338, 0.0 ], [ 379127.2485497547, 159394.6030247275, 0.0 ], [ 379146.7481192588, 159341.7981399685, 0.0 ], [ 379177.749548999, 159286.9038532946, 0.0 ], [ 379203.3504637179, 159273.9975476862, 0.0 ], [ 379293.3535506974, 159245.8955917874, 0.0 ], [ 379345.0500838014, 159211.6953814958, 0.0 ], [ 379427.3522837125, 159176.6954001362, 0.0 ], [ 379460.4479589724, 159169.1975463745, 0.0 ], [ 379506.8511628493, 159147.7036989244, 0.0 ], [ 379544.1518192707, 159137.7965348206, 0.0 ], [ 379546.4521913179, 159144.7045574197, 0.0 ], [ 379618.4233296695, 159132.4580629423, 0.0 ], [ 379713.6208051427, 159112.6137433197, 0.0 ], [ 379802.2222317352, 159105.8056921041, 0.0 ], [ 379859.2862996159, 159091.0299216244, 0.0 ], [ 379910.6530302757, 159068.0964862519, 0.0 ], [ 379980.2001206635, 159017.1010835341, 0.0 ], [ 379997.69614032, 158999.9959798192, 0.0 ], [ 380055.5187538221, 158921.3584895666, 0.0 ], [ 380062.4116249026, 158890.7972376339, 0.0 ], [ 380077.7227033673, 158875.9314929091, 0.0 ], [ 380081.2680796408, 158854.2576969686, 0.0 ], [ 380071.5059272971, 158835.7729881615, 0.0 ], [ 380034.7411998473, 158808.3108491171, 0.0 ], [ 379997.9022668476, 158695.8030541383, 0.0 ], [ 379982.6983741772, 158673.3994670984, 0.0 ], [ 379981.6017810507, 158655.0047325364, 0.0 ], [ 379992.6006925596, 158608.3980735538, 0.0 ], [ 379996.5006064604, 158568.1995802528, 0.0 ], [ 379990.3992612456, 158548.0953350331, 0.0 ], [ 379961.7311837971, 158495.2704559975, 0.0 ], [ 379947.8794811472, 158501.4986731888, 0.0 ], [ 379857.8021886177, 158401.9071809569, 0.0 ], [ 379799.930104749, 158333.7566888324, 0.0 ], [ 379568.4994847023, 158203.2040591339, 0.0 ], [ 379497.8887814325, 158218.4696893927, 0.0 ], [ 379331.8002706119, 158181.7402030988, 0.0 ], [ 379254.2060005895, 158066.0433209868, 0.0 ], [ 379095.9008274483, 158000.0022250539, 0.0 ], [ 379001.6515340016, 157962.0630850197, 0.0 ], [ 378945.247071009, 157946.4575520571, 0.0 ], [ 378901.2514249735, 157925.0636759904, 0.0 ], [ 378874.9496800611, 157900.6606612807, 0.0 ], [ 378832.1495678853, 157870.1593921782, 0.0 ], [ 378794.0408954759, 157851.8846232764, 0.0 ], [ 378753.3762541253, 157839.4781745854, 0.0 ], [ 378693.7727074255, 157826.401917625, 0.0 ], [ 378667.14940513, 157825.572155142, 0.0 ], [ 378608.0488071573, 157811.3662215482, 0.0 ], [ 378523.8502431929, 157810.2665363298, 0.0 ], [ 378434.4490456737, 157788.1728605787, 0.0 ], [ 378436.5515362545, 157773.6670128344, 0.0 ], [ 378402.6478450067, 157730.0694924948, 0.0 ], [ 378353.2681740723, 157675.7450427068, 0.0 ], [ 378321.6978351161, 157648.1029551721, 0.0 ], [ 378304.80370492, 157639.9952759711, 0.0 ], [ 378281.0002135211, 157616.4020294677, 0.0 ], [ 378175.6283326491, 157563.0473020995, 0.0 ], [ 378119.4217511229, 157552.3003783744, 0.0 ], [ 378089.8384718921, 157535.5951601934, 0.0 ], [ 378051.8040050328, 157522.4189318495, 0.0 ], [ 378011.5681068593, 157484.669737444, 0.0 ], [ 377962.7491000798, 157430.7151817749, 0.0 ], [ 377909.4612701833, 157382.7589091152, 0.0 ], [ 377857.3277488411, 157342.2904930788, 0.0 ], [ 377835.5113171675, 157317.6675413254, 0.0 ], [ 377810.1330190984, 157304.361350183, 0.0 ], [ 377776.8064821278, 157364.474143075, 0.0 ], [ 377743.8839531511, 157345.1696689232, 0.0 ], [ 377717.3266113444, 157341.810630438, 0.0 ], [ 377486.8771535687, 157224.4342290834, 0.0 ], [ 377454.0040949586, 157212.2677117128, 0.0 ], [ 377434.8425729596, 157196.6721758885, 0.0 ], [ 377436.7059567685, 157181.9363939622, 0.0 ], [ 377460.806270367, 157150.0855111825, 0.0 ], [ 377435.4279722978, 157121.4137183978, 0.0 ], [ 377363.6382252905, 157029.989888197, 0.0 ], [ 377337.7982037997, 157010.1155771594, 0.0 ], [ 377287.4126354108, 156982.283543996, 0.0 ], [ 377214.2212280164, 156919.6314779633, 0.0 ], [ 377177.6214017886, 156896.6080683458, 0.0 ], [ 377139.323092974, 156845.7326312881, 0.0 ], [ 377087.4204333426, 156757.3279368687, 0.0 ], [ 377051.7440539581, 156727.3165275452, 0.0 ], [ 376987.3336366363, 156687.6978682685, 0.0 ], [ 376905.0314367251, 156641.5010919582, 0.0 ], [ 376811.4335031054, 156614.4988212778, 0.0 ], [ 376765.5332479556, 156595.7042011818, 0.0 ], [ 376660.7220312384, 156582.1480815806, 0.0 ], [ 376582.3032551059, 156563.4134443148, 0.0 ], [ 376573.3985891167, 156586.9067194347, 0.0 ], [ 376527.3004525005, 156673.0120720339, 0.0 ], [ 376571.0322565807, 156697.7549894475, 0.0 ], [ 376527.2015117672, 156746.3110904082, 0.0 ], [ 376466.1880596191, 156809.1131135161, 0.0 ], [ 376418.3007447439, 156798.2962098226, 0.0 ], [ 376396.7976253922, 156801.0054343151, 0.0 ], [ 376379.3016057357, 156769.8143626665, 0.0 ], [ 376338.7029248739, 156756.3082287571, 0.0 ], [ 376288.1029848965, 156779.311644098, 0.0 ], [ 376273.8967446192, 156739.4130649474, 0.0 ], [ 376250.7033877418, 156740.9126356998, 0.0 ], [ 376188.7994689948, 156715.1100216212, 0.0 ], [ 376160.7003007623, 156706.7124254081, 0.0 ], [ 376109.2016491248, 156678.1106125919, 0.0 ], [ 376082.2980147519, 156676.91095599, 0.0 ], [ 376071.9999334366, 156665.8141324227, 0.0 ], [ 376038.5991909161, 156663.9146761364, 0.0 ], [ 375988.5021996658, 156636.912405456, 0.0 ], [ 375934.9999981807, 156622.8064432457, 0.0 ], [ 375872.0984270404, 156621.2069011099, 0.0 ], [ 375791.1978875165, 156603.6119376158, 0.0 ], [ 375779.8032130747, 156565.3129006011, 0.0 ], [ 375727.0018417833, 156535.511431183, 0.0 ], [ 375696.396174976, 156505.4100476144, 0.0 ], [ 375663.366460205, 156487.005315914, 0.0 ], [ 375609.0809779153, 156494.7431009961, 0.0 ], [ 375543.4915168561, 156469.9102093374, 0.0 ], [ 375481.1918351762, 156458.0136147022, 0.0 ], [ 375426.8898627643, 156454.0147593626, 0.0 ], [ 375404.6859132191, 156476.8082347981, 0.0 ], [ 375387.2888342958, 156472.9093508421, 0.0 ], [ 375372.6868310857, 156452.4052200884, 0.0 ], [ 375337.1918430455, 156422.8136905757, 0.0 ], [ 375317.4861470138, 156421.0142056728, 0.0 ], [ 375292.1902995557, 156375.8071460591, 0.0 ], [ 375273.3915602451, 156372.0082334865, 0.0 ], [ 375256.8931929818, 156353.313584774, 0.0 ], [ 375241.491418845, 156348.61492975, 0.0 ], [ 375224.8941108485, 156321.4127163026, 0.0 ], [ 375204.792651884, 156311.2056380484, 0.0 ], [ 375195.492222962, 156281.0142802346, 0.0 ], [ 375161.3906502478, 156255.811494457, 0.0 ], [ 375117.4939449456, 156235.9071920043, 0.0 ], [ 375095.0921139339, 156220.711541714, 0.0 ], [ 375051.9869344973, 156203.0066096981, 0.0 ], [ 375032.2894835268, 156203.9063521495, 0.0 ], [ 375014.4883966095, 156182.7124188498, 0.0 ], [ 374955.9072374862, 156148.7021541868, 0.0 ], [ 374900.7065534143, 156109.7033174876, 0.0 ], [ 374825.1075881784, 156060.7973166847, 0.0 ], [ 374752.5098251831, 156011.1715219207, 0.0 ], [ 374694.2172431984, 155979.890476027, 0.0 ], [ 374629.2214265384, 155949.9890352254, 0.0 ], [ 374579.520198221, 155934.8933563185, 0.0 ], [ 374556.5164777489, 155931.9941861973, 0.0 ], [ 374451.9196326204, 155866.7928498857, 0.0 ], [ 374390.3207811341, 155840.0904933557, 0.0 ], [ 374309.8160045429, 155821.9856758059, 0.0 ], [ 374236.5174113541, 155820.985961971, 0.0 ], [ 374170.4167565066, 155823.9851034756, 0.0 ], [ 374091.0497983474, 155833.22245931, 0.0 ], [ 374040.0293602538, 155835.3318555017, 0.0 ], [ 374033.5322521061, 155843.7294517148, 0.0 ], [ 374006.0184832118, 155842.4298237294, 0.0 ], [ 373983.1631738395, 155829.4035524607, 0.0 ], [ 373955.0804957292, 155828.9536812351, 0.0 ], [ 373920.327563188, 155821.2258932913, 0.0 ], [ 373835.2715128691, 155810.8688579619, 0.0 ], [ 373762.8716313404, 155781.5672454612, 0.0 ], [ 373699.3681707397, 155792.5740947833, 0.0 ], [ 373625.9706368177, 155790.7746098806, 0.0 ], [ 373568.3706399654, 155771.9699926462, 0.0 ], [ 373508.1734488662, 155739.5692672574, 0.0 ], [ 373479.0683831794, 155718.7652223533, 0.0 ], [ 373481.3687552265, 155711.1673972081, 0.0 ], [ 373427.1739686091, 155670.7689611402, 0.0 ], [ 373370.3737426836, 155600.5690556541, 0.0 ], [ 373333.1637819343, 155542.2757419416, 0.0 ], [ 373316.1872011271, 155488.4111605176, 0.0 ], [ 373291.1881758686, 155446.8130678478, 0.0 ], [ 373237.6365040169, 155389.4094994483, 0.0 ], [ 373270.8393650711, 155360.1078869476, 0.0 ], [ 373314.950441962, 155313.6211936252, 0.0 ], [ 373313.2519593752, 155304.5237977277, 0.0 ], [ 373271.1279422097, 155262.0259626064, 0.0 ], [ 373259.1313783075, 155239.7323440883, 0.0 ], [ 373237.6282589558, 155216.628957364, 0.0 ], [ 373198.3817681146, 155200.7934902193, 0.0 ], [ 373156.3814268656, 155175.9905899757, 0.0 ], [ 373102.5824031809, 155131.1934130342, 0.0 ], [ 373024.0811764374, 155120.386506479, 0.0 ], [ 373001.4814639593, 155139.3910664803, 0.0 ], [ 372971.8899396674, 155138.1914098784, 0.0 ], [ 372932.0662945491, 155128.6041542018, 0.0 ], [ 372893.4629184738, 155135.6721310145, 0.0 ], [ 372845.8806708593, 155158.5755749719, 0.0 ], [ 372801.167704508, 155187.977158856, 0.0 ], [ 372797.2677906072, 155199.5838364791, 0.0 ], [ 372773.3736035362, 155213.2799160171, 0.0 ], [ 372780.9673048104, 155229.8751656763, 0.0 ], [ 372770.5702827618, 155238.4827017947, 0.0 ], [ 372762.8693956934, 155269.1839136643, 0.0 ], [ 372747.9705702837, 155275.5820822075, 0.0 ], [ 372745.5712575033, 155330.4763688814, 0.0 ], [ 372735.5699983877, 155337.0844773301, 0.0 ], [ 372715.1717172235, 155370.8848020878, 0.0 ], [ 372712.4673371824, 155386.1804237616, 0.0 ], [ 372675.9664516878, 155400.576302984, 0.0 ], [ 372660.1689146181, 155452.9813022091, 0.0 ], [ 372640.0674556536, 155478.9838590546, 0.0 ], [ 372642.3678277009, 155488.9809974035, 0.0 ], [ 372623.0661396632, 155511.1846416764, 0.0 ], [ 372622.6703767303, 155531.3788611412, 0.0 ], [ 372605.3722385402, 155552.1829060453, 0.0 ], [ 372584.2731271825, 155606.8772499523, 0.0 ], [ 372571.0727843596, 155623.3825253663, 0.0 ], [ 372574.1729273336, 155649.475056457, 0.0 ], [ 372556.0667731556, 155665.1805608031, 0.0 ], [ 372554.7722985627, 155700.6803990801, 0.0 ], [ 372532.8816613393, 155751.9857130868, 0.0 ], [ 372526.491738986, 155779.3878693011, 0.0 ], [ 372509.2183359792, 155785.6960635993, 0.0 ], [ 372505.0133548176, 155800.6417854309, 0.0 ], [ 372485.2169631139, 155819.2564570366, 0.0 ], [ 372504.4279554794, 155827.9839588152, 0.0 ], [ 372481.4572152518, 155846.5586418675, 0.0 ], [ 372479.7010172373, 155870.5517739049, 0.0 ], [ 372464.9588479885, 155868.3224120531, 0.0 ], [ 372468.7433310339, 155905.7916865848, 0.0 ], [ 372453.7620550132, 155920.8873654917, 0.0 ], [ 372451.5936039436, 155950.2689550991, 0.0 ], [ 372426.668784235, 155988.9578805094, 0.0 ], [ 372415.3235801599, 156029.4262965458, 0.0 ], [ 372380.8179994518, 156078.0323831983, 0.0 ], [ 372368.6235540832, 156071.234329121, 0.0 ], [ 372363.9815846833, 156091.1686229887, 0.0 ], [ 372342.9896591199, 156121.2000265889, 0.0 ], [ 372320.818689819, 156127.9480949744, 0.0 ], [ 372294.4509844178, 156163.5479046349, 0.0 ], [ 372287.3519868097, 156195.1488589558, 0.0 ], [ 372275.0503556468, 156191.0500322327, 0.0 ], [ 372256.8040354301, 156229.0591522353, 0.0 ], [ 372213.8884923989, 156277.645244611, 0.0 ], [ 372171.3109968728, 156259.5904127529, 0.0 ], [ 372146.7901851581, 156266.928312301, 0.0 ], [ 372103.2067921777, 156226.1399878374, 0.0 ], [ 372063.2100007763, 156182.3425247308, 0.0 ], [ 372065.7082542899, 156166.4370776177, 0.0 ], [ 372025.9093443549, 156126.5384984672, 0.0 ], [ 372007.6135537716, 156092.2383167921, 0.0 ], [ 371976.3977524428, 156050.4702727703, 0.0 ], [ 371929.1370622113, 156005.1932331881, 0.0 ], [ 371924.2312508561, 155982.039860772, 0.0 ], [ 371909.3571606298, 155957.1269920065, 0.0 ], [ 371883.7480008497, 155938.1324291436, 0.0 ], [ 371825.2492923375, 155880.8288321276, 0.0 ], [ 371772.6540475735, 155875.2304346522, 0.0 ], [ 371780.4621204362, 155845.3789795423, 0.0 ], [ 371749.4194653906, 155832.2027511984, 0.0 ], [ 371724.0329222603, 155830.9631060432, 0.0 ], [ 371717.238991913, 155802.1413561832, 0.0 ], [ 371701.4496999044, 155810.8988493769, 0.0 ], [ 371697.2199835596, 155836.1616179846, 0.0 ], [ 371684.3576882418, 155840.870270147, 0.0 ], [ 371664.7674230656, 155819.9462595827, 0.0 ], [ 371629.2806800865, 155845.2190253287, 0.0 ], [ 371592.9282056917, 155845.398973819, 0.0 ], [ 371553.9125765613, 155835.4918097152, 0.0 ], [ 371521.270379662, 155844.4692399526, 0.0 ], [ 371498.7696079172, 155827.2741619924, 0.0 ], [ 371470.373617485, 155862.274143352, 0.0 ], [ 371436.2720447708, 155862.7740002694, 0.0 ], [ 371414.430877914, 155880.26899238, 0.0 ], [ 371389.1515205781, 155880.4589380087, 0.0 ], [ 371387.5437336633, 155862.9939373131, 0.0 ], [ 371374.0465686409, 155859.5149331677, 0.0 ], [ 371365.4222347291, 155836.1516208463, 0.0 ], [ 371348.2395273944, 155831.5229457907, 0.0 ], [ 371332.3265594693, 155805.6703460204, 0.0 ], [ 371345.1970998481, 155782.3570193908, 0.0 ], [ 371339.2689009164, 155765.6817926248, 0.0 ], [ 371316.0837891001, 155758.953718516, 0.0 ], [ 371324.4030557511, 155741.2987721918, 0.0 ], [ 371324.6998779508, 155714.3964728948, 0.0 ], [ 371263.7029159248, 155710.2976461718, 0.0 ], [ 371258.3024009036, 155696.1017097163, 0.0 ], [ 371231.0030035978, 155686.2045427509, 0.0 ], [ 371215.4033479946, 155658.90235792, 0.0 ], [ 371193.8012879097, 155638.5981699334, 0.0 ], [ 371188.9037216156, 155604.7978451757, 0.0 ], [ 371168.7363021623, 155607.8569695104, 0.0 ], [ 371138.5016631046, 155596.5102174844, 0.0 ], [ 371147.9010327599, 155570.9075461728, 0.0 ], [ 371117.9961961462, 155557.9112663193, 0.0 ], [ 371105.2988020505, 155589.0123637228, 0.0 ], [ 371072.2031267906, 155594.7007354433, 0.0 ], [ 371038.5962577426, 155566.3988367775, 0.0 ], [ 370993.8008407803, 155550.3034440357, 0.0 ], [ 370989.2990374191, 155541.9958220678, 0.0 ], [ 371003.5959733684, 155522.7013450544, 0.0 ], [ 370993.0010698535, 155514.9035771422, 0.0 ], [ 370975.1999829362, 155523.3011733553, 0.0 ], [ 370946.8781980539, 155480.2634927632, 0.0 ], [ 370918.8532353713, 155487.4514352361, 0.0 ], [ 370908.2995571619, 155481.2931980132, 0.0 ], [ 370931.2125819618, 155459.0095766335, 0.0 ], [ 370921.1618524796, 155447.9927301729, 0.0 ], [ 370857.9139887731, 155436.9958779891, 0.0 ], [ 370841.6135029762, 155428.1983962421, 0.0 ], [ 370861.6077761464, 155381.8016771648, 0.0 ], [ 370834.2094381074, 155370.604882214, 0.0 ], [ 370816.3094104569, 155392.1987010477, 0.0 ], [ 370798.1125606068, 155363.6968596149, 0.0 ], [ 370826.5827565889, 155319.9293879233, 0.0 ], [ 370842.7760565915, 155283.5697957483, 0.0 ], [ 370867.9564731942, 155196.3847522075, 0.0 ], [ 370877.1662064441, 155176.8803352887, 0.0 ], [ 370904.2182519169, 155144.7795240504, 0.0 ], [ 370937.3304172989, 155081.047767076, 0.0 ], [ 370960.499038993, 155045.8378458112, 0.0 ], [ 370989.8514565129, 154963.3314630176, 0.0 ], [ 370992.1600736212, 154879.4654694085, 0.0 ], [ 370980.4438417965, 154861.0207491548, 0.0 ], [ 370844.7218910113, 154822.6317378949, 0.0 ], [ 370757.7529865169, 154786.2521514432, 0.0 ], [ 370717.9870568263, 154755.0010969645, 0.0 ], [ 370705.5535046859, 154736.8862822763, 0.0 ], [ 370718.1931833538, 154705.0353994966, 0.0 ], [ 370737.536096697, 154542.6618784335, 0.0 ], [ 370733.5702223074, 154494.4456801767, 0.0 ], [ 370724.4099594241, 154464.0843710111, 0.0 ], [ 370694.5793283603, 154403.9515838424, 0.0 ], [ 370684.4791285114, 154375.6496851766, 0.0 ], [ 370659.2822217864, 154339.8499327491, 0.0 ], [ 370500.7791671789, 154314.947061122, 0.0 ], [ 370440.6974069352, 154306.9993361346, 0.0 ], [ 370407.7666328974, 154296.2224209945, 0.0 ], [ 370366.2280150701, 154291.3438174802, 0.0 ], [ 370320.0968982094, 154291.7936887059, 0.0 ], [ 370275.2602559417, 154301.2909701373, 0.0 ], [ 370266.9409892907, 154259.7028746059, 0.0 ], [ 370112.346093645, 154269.650027263, 0.0 ], [ 370059.4787618648, 154229.9813822945, 0.0 ], [ 370098.4366755675, 154233.3004322264, 0.0 ], [ 370093.8194413508, 154193.0019675419, 0.0 ], [ 370093.8359314731, 154115.9440251485, 0.0 ], [ 370105.5604083588, 154028.7489844692, 0.0 ], [ 370047.2925615573, 154075.3256520368, 0.0 ], [ 369974.4474467291, 154125.6512464853, 0.0 ], [ 369947.2964605232, 154155.8026157456, 0.0 ], [ 369926.8322188702, 154186.4338476467, 0.0 ], [ 369863.6997860191, 154153.1033883914, 0.0 ], [ 369787.0536980233, 154122.8020620558, 0.0 ], [ 369736.3960426181, 154112.5549952482, 0.0 ], [ 369719.097904428, 154153.0534026996, 0.0 ], [ 369643.498939192, 154126.8509030871, 0.0 ], [ 369628.1466354218, 154138.0976837297, 0.0 ], [ 369566.6961950353, 154124.9014611091, 0.0 ], [ 369534.5487018021, 154109.1959567629, 0.0 ], [ 369480.5270614677, 154097.219385021, 0.0 ], [ 369483.247931631, 154067.3679299111, 0.0 ], [ 369474.837969308, 154025.8298200713, 0.0 ], [ 369491.6166686487, 154019.9814941372, 0.0 ], [ 369500.7192161043, 153979.1331868436, 0.0 ], [ 369483.8415760304, 153945.6727647897, 0.0 ], [ 369404.4416376267, 153914.1317932989, 0.0 ], [ 369319.723634813, 153875.0129909396, 0.0 ], [ 369230.338927416, 153819.2489532294, 0.0 ], [ 369240.4968426925, 153751.418369532, 0.0 ], [ 369156.9826187994, 153708.4906574617, 0.0 ], [ 369141.1521014853, 153707.2810037215, 0.0 ], [ 368990.2015228464, 153614.747491164, 0.0 ], [ 369018.9108256004, 153490.9329327127, 0.0 ], [ 369041.8898108892, 153401.8384357471, 0.0 ], [ 369054.4470389461, 153366.0786718731, 0.0 ], [ 369089.0433153264, 153297.2583714791, 0.0 ], [ 369104.7831369684, 153237.7354097497, 0.0 ], [ 368962.8938804796, 153210.1433079067, 0.0 ], [ 368910.1419795547, 153205.2946958074, 0.0 ], [ 368793.2105230189, 153219.2606980809, 0.0 ], [ 368793.4331396687, 153231.957063784, 0.0 ], [ 368710.6115009081, 153243.2338358416, 0.0 ], [ 368661.347260829, 153231.757121017, 0.0 ], [ 368579.0120806734, 153193.7979867062, 0.0 ], [ 368570.2723159062, 153205.7845555865, 0.0 ], [ 368538.3227041395, 153204.9747873803, 0.0 ], [ 368530.9268843318, 153157.3084317326, 0.0 ], [ 368538.932838661, 153075.1119602279, 0.0 ], [ 368556.470083623, 153000.0034598125, 0.0 ], [ 368585.8637264484, 152885.5362257174, 0.0 ], [ 368475.7921607488, 152840.369154657, 0.0 ], [ 368468.1407440469, 152854.0752313334, 0.0 ], [ 368324.6189654601, 152832.5014067764, 0.0 ], [ 368295.332508429, 152826.4831294904, 0.0 ], [ 368263.9518058782, 152837.0601018635, 0.0 ], [ 368211.826529597, 152835.9304252301, 0.0 ], [ 368167.9215792337, 152845.8775778873, 0.0 ], [ 368122.7221542774, 152863.2026186459, 0.0 ], [ 368056.1185507028, 152872.9498285361, 0.0 ], [ 368000.027400032, 152876.1089242544, 0.0 ], [ 367908.8287791927, 152875.9189786257, 0.0 ], [ 367888.4964585174, 152892.4242540398, 0.0 ], [ 367821.9917956759, 152928.3439721274, 0.0 ], [ 367705.2417304844, 152975.8403764231, 0.0 ], [ 367663.8267885735, 152989.1865561189, 0.0 ], [ 367577.9462321445, 153025.7560881993, 0.0 ], [ 367520.1895791313, 153061.505854935, 0.0 ], [ 367430.9038124675, 153107.4027170949, 0.0 ], [ 367221.8502882491, 153181.2015923866, 0.0 ], [ 367130.099248316, 153226.798540396, 0.0 ], [ 367102.0495504501, 153250.9016409552, 0.0 ], [ 367052.3977924993, 153312.0541362355, 0.0 ], [ 367044.1527313982, 153300.4474586124, 0.0 ], [ 366952.146094571, 153129.496392846, 0.0 ], [ 366878.7980310156, 153000.0034598125, 0.0 ], [ 366822.6079396116, 152893.2440193844, 0.0 ], [ 366753.967805945, 152771.4188914645, 0.0 ], [ 366637.6959542973, 152822.5142655658, 0.0 ], [ 366478.1292868077, 152872.030091808, 0.0 ], [ 366429.1536238671, 152885.7361684844, 0.0 ], [ 366419.3832264623, 152856.2046218017, 0.0 ], [ 366287.0335056675, 152891.3245688214, 0.0 ], [ 366270.9968618258, 152890.7447347972, 0.0 ], [ 366259.8577842782, 152936.4316570517, 0.0 ], [ 366250.8871578003, 152944.8392504032, 0.0 ], [ 366178.446050966, 152971.2416927826, 0.0 ], [ 366115.6021952534, 153004.602143453, 0.0 ], [ 366064.3673855711, 152886.8558479795, 0.0 ], [ 366000.1218694714, 152915.9375234364, 0.0 ], [ 365929.1566285742, 152963.5938819457, 0.0 ], [ 365875.7533678224, 152912.7284420264, 0.0 ], [ 365674.4419559779, 153034.7535127133, 0.0 ], [ 365714.9994115342, 153087.7083545475, 0.0 ], [ 365725.8086866378, 153110.3618700462, 0.0 ], [ 365710.8026754338, 153118.6494977374, 0.0 ], [ 365672.1003586252, 153153.7994361722, 0.0 ], [ 365633.2991010834, 153175.4032521442, 0.0 ], [ 365621.6488297476, 153157.6483344365, 0.0 ], [ 365580.4482594254, 153169.6049119018, 0.0 ], [ 365574.0500920109, 153146.1516253353, 0.0 ], [ 365558.5988475075, 153142.5526555297, 0.0 ], [ 365557.2961278535, 153105.6532178838, 0.0 ], [ 365531.2499798351, 153103.5538188306, 0.0 ], [ 365515.4029723988, 153093.1967835011, 0.0 ], [ 365497.9399329867, 153094.7163485301, 0.0 ], [ 365273.7567216477, 153189.7691399516, 0.0 ], [ 365262.1724108007, 153177.7925682096, 0.0 ], [ 365231.7069100321, 153190.9388051384, 0.0 ], [ 365111.2795475895, 153264.4677576947, 0.0 ], [ 365100.8660354188, 153264.0978635758, 0.0 ], [ 364997.5224395776, 153337.366890535, 0.0 ], [ 364924.1991112055, 153363.2994674121, 0.0 ], [ 364897.9385915985, 153387.6125078766, 0.0 ], [ 364786.3829149007, 153435.6087690897, 0.0 ], [ 364791.5937935166, 153448.6550346351, 0.0 ], [ 364846.5636158776, 153481.2057170992, 0.0 ], [ 364893.3213573819, 153528.1022930939, 0.0 ], [ 364961.7306293377, 153614.1876514164, 0.0 ], [ 365023.5026271072, 153669.3518608257, 0.0 ], [ 365042.6971293506, 153691.7954364191, 0.0 ], [ 365086.2970124531, 153729.3046995042, 0.0 ], [ 365110.3973260517, 153758.3463864078, 0.0 ], [ 365154.4012171482, 153797.0952946482, 0.0 ], [ 365202.7997258117, 153832.1952473912, 0.0 ], [ 365228.2522294308, 153864.8459012388, 0.0 ], [ 365219.050741242, 153918.7004855244, 0.0 ], [ 365233.0508549917, 153961.3982634126, 0.0 ], [ 365237.0991799923, 153993.1991605005, 0.0 ], [ 365213.6502262208, 154003.3462559246, 0.0 ], [ 365196.5499694971, 154058.6004395791, 0.0 ], [ 365240.9990938931, 154101.6481173095, 0.0 ], [ 365299.4978024054, 154172.1479369461, 0.0 ], [ 365319.9537989972, 154173.1476507809, 0.0 ], [ 365342.5040411088, 154258.2532895453, 0.0 ], [ 365439.2515880691, 154245.2470125533, 0.0 ], [ 365443.7533914302, 154273.6488826026, 0.0 ], [ 365472.2483225957, 154314.6971326632, 0.0 ], [ 365466.6004557414, 154360.104135044, 0.0 ], [ 365475.3319754475, 154399.8927456727, 0.0 ], [ 365471.3496109356, 154436.3523092312, 0.0 ], [ 365475.298995203, 154468.6030775448, 0.0 ], [ 365471.0610337971, 154519.868402998, 0.0 ], [ 365457.8689360353, 154607.5233120413, 0.0 ], [ 365442.1538495767, 154685.8908795585, 0.0 ], [ 365466.9220131243, 154702.7660490914, 0.0 ], [ 365447.6038349645, 154724.2798908183, 0.0 ], [ 365421.6566276793, 154712.7731845787, 0.0 ], [ 365431.2291436177, 154746.2835923242, 0.0 ], [ 365395.7094203942, 154754.9811026878, 0.0 ], [ 365391.2735775217, 154721.3707235588, 0.0 ], [ 365365.5572319474, 154728.368720403, 0.0 ], [ 365352.8433477295, 154762.7888677383, 0.0 ], [ 365290.1726383, 154721.3707235588, 0.0 ], [ 365264.7778501087, 154719.401287304, 0.0 ], [ 365263.9203637542, 154744.0642276108, 0.0 ], [ 365251.5362819803, 154756.9605360809, 0.0 ], [ 365220.5266071791, 154762.3289993743, 0.0 ], [ 365197.201329324, 154778.8142805116, 0.0 ], [ 365177.5698388423, 154770.056787318, 0.0 ], [ 365182.0798872646, 154756.2207478431, 0.0 ], [ 365142.3222026351, 154749.9125535449, 0.0 ], [ 365118.988679719, 154739.8454352276, 0.0 ], [ 365110.7930889846, 154719.8411613914, 0.0 ], [ 365077.5819828693, 154706.0950961616, 0.0 ], [ 365047.5369802169, 154716.162214479, 0.0 ], [ 365013.9960716576, 154670.2953437341, 0.0 ], [ 364969.497476895, 154665.5966887102, 0.0 ], [ 364954.3018292856, 154670.8951720351, 0.0 ], [ 364859.401176012, 154651.3007808712, 0.0 ], [ 364791.8658805329, 154664.7669262272, 0.0 ], [ 364801.0673687217, 154688.0202700268, 0.0 ], [ 364785.5006933628, 154723.9999709445, 0.0 ], [ 364795.4030117452, 154743.4044164798, 0.0 ], [ 364796.1038419388, 154776.0950588807, 0.0 ], [ 364785.0307248801, 154795.1396074354, 0.0 ], [ 364761.3838896421, 154788.8714016906, 0.0 ], [ 364724.5037313369, 154807.5960418181, 0.0 ], [ 364706.6037036864, 154808.79569842, 0.0 ], [ 364669.220596654, 154830.9093684478, 0.0 ], [ 364647.2969791862, 154851.9033589805, 0.0 ], [ 364612.1977540788, 154873.2972350472, 0.0 ], [ 364579.2999602854, 154887.2032544906, 0.0 ], [ 364544.1017944448, 154894.1012799513, 0.0 ], [ 364482.296816431, 154895.0010224027, 0.0 ], [ 364439.1998820555, 154909.2969302417, 0.0 ], [ 364402.6989965609, 154915.495156018, 0.0 ], [ 364354.8034366246, 154917.5045808261, 0.0 ], [ 364350.4417993022, 154936.4191665823, 0.0 ], [ 364294.1032967984, 154970.3994398302, 0.0 ], [ 364194.0000099699, 154983.6956338343, 0.0 ], [ 364163.996232623, 154994.202626239, 0.0 ], [ 364085.1981836798, 154993.9027120885, 0.0 ], [ 363942.7565080972, 155009.5082450512, 0.0 ], [ 363847.9877758012, 155022.5145220431, 0.0 ], [ 363766.4935918779, 155043.6084839593, 0.0 ], [ 363719.9584670233, 155059.5739139025, 0.0 ], [ 363642.2899914509, 155061.8332671694, 0.0 ], [ 363614.9576139008, 155066.2520023196, 0.0 ], [ 363601.8314766278, 155013.4671118374, 0.0 ], [ 363536.9593358844, 155000.0009664814, 0.0 ], [ 363486.8211193286, 154995.0223915836, 0.0 ], [ 363448.4073796585, 154996.4619795058, 0.0 ], [ 363407.7427383079, 155004.4296987699, 0.0 ], [ 363361.5621510806, 155007.8287258086, 0.0 ], [ 363272.1691986225, 155023.3042959727, 0.0 ], [ 363161.1576959573, 155074.7095813628, 0.0 ], [ 363123.1397192202, 155088.725569328, 0.0 ], [ 363071.336000322, 155093.9440755461, 0.0 ], [ 363023.9433891128, 155117.2374078991, 0.0 ], [ 362964.2079214354, 155166.5432942359, 0.0 ], [ 362935.6222945979, 155195.7049467997, 0.0 ], [ 362887.4711377674, 155233.074249948, 0.0 ], [ 362867.3861689251, 155260.1564977352, 0.0 ], [ 362833.5237029829, 155277.5915070157, 0.0 ], [ 362784.2924431483, 155292.9171201046, 0.0 ], [ 362753.9423732351, 155295.6663331505, 0.0 ], [ 362639.1463875245, 155325.3778283235, 0.0 ], [ 362598.90224429, 155331.9159568037, 0.0 ], [ 362495.2041108215, 155371.3846590052, 0.0 ], [ 362413.8995633035, 155549.5336643829, 0.0 ], [ 362364.7095287744, 155607.5770496367, 0.0 ], [ 362324.5313460287, 155629.2708398538, 0.0 ], [ 362274.7064417948, 155649.2351251366, 0.0 ], [ 362206.1487587391, 155667.9097795724, 0.0 ], [ 362147.4439236993, 155693.5824308524, 0.0 ], [ 362080.3621065808, 155717.3256344311, 0.0 ], [ 362009.2566996448, 155750.2762024291, 0.0 ], [ 361750.9966507751, 155851.2972854449, 0.0 ], [ 361717.2001453217, 155733.9208840903, 0.0 ], [ 361674.4000331459, 155745.4975702983, 0.0 ], [ 361660.9276033067, 155680.6661281056, 0.0 ], [ 361653.201981055, 155604.0980454913, 0.0 ], [ 361612.2240273825, 155615.4847860707, 0.0 ], [ 361460.9436462995, 155652.3342380248, 0.0 ], [ 361468.2982408017, 155679.1965487683, 0.0 ], [ 361485.9014462525, 155697.3013663182, 0.0 ], [ 361483.7000149385, 155731.5015766098, 0.0 ], [ 361514.2974366847, 155764.6021016831, 0.0 ], [ 361512.6978948311, 155782.8968648616, 0.0 ], [ 361519.9040782335, 155830.8031518296, 0.0 ], [ 361521.7015015535, 155877.4997850574, 0.0 ], [ 361532.7993537956, 155907.1013117085, 0.0 ], [ 361556.1988372005, 155947.6996905435, 0.0 ], [ 361486.2972091854, 155977.6011313451, 0.0 ], [ 361457.1014478264, 155995.2960662227, 0.0 ], [ 361340.1040308018, 156041.0029827539, 0.0 ], [ 361272.2966483063, 156071.6042232399, 0.0 ], [ 361216.2961933077, 156100.0960675343, 0.0 ], [ 361192.7977691695, 156082.6010754237, 0.0 ], [ 361159.397026649, 156031.695646951, 0.0 ], [ 361114.8984318863, 156030.2960475822, 0.0 ], [ 361095.8028703762, 156023.1980793545, 0.0 ], [ 361083.641405252, 155983.729377153, 0.0 ], [ 361057.0098578955, 155961.5857157101, 0.0 ], [ 360977.0987257037, 155869.9019599122, 0.0 ], [ 360971.8960921488, 155845.2990024355, 0.0 ], [ 360944.1267263604, 155809.4092757629, 0.0 ], [ 360936.7968670414, 155775.8988680174, 0.0 ], [ 360926.6966671926, 155777.0985246192, 0.0 ], [ 360920.9003892386, 155757.8040476058, 0.0 ], [ 360882.19807243, 155708.5981326525, 0.0 ], [ 360867.5960692199, 155661.9014994247, 0.0 ], [ 360849.498160103, 155677.5970066325, 0.0 ], [ 360822.5203201802, 155669.1694190043, 0.0 ], [ 360798.6591133536, 155644.2465531005, 0.0 ], [ 360785.6484069361, 155639.6878580134, 0.0 ], [ 360759.4126225124, 155614.9849291532, 0.0 ], [ 360726.9683070796, 155602.0786235448, 0.0 ], [ 360702.2825941429, 155605.8275504256, 0.0 ], [ 360681.9997438342, 155588.3025669, 0.0 ], [ 360671.0008323253, 155592.9012505405, 0.0 ], [ 360618.2984017671, 155579.2951452476, 0.0 ], [ 360605.6010076714, 155565.0992087921, 0.0 ], [ 360569.1001221768, 155548.5039591329, 0.0 ], [ 360547.3001806255, 155544.295163888, 0.0 ], [ 360509.8016427377, 155512.004407021, 0.0 ], [ 360483.4998978252, 155476.8244771712, 0.0 ], [ 360476.7224576001, 155459.99929333, 0.0 ], [ 360455.6233462424, 155460.7290844295, 0.0 ], [ 360418.7019626317, 155393.098443499, 0.0 ], [ 360356.8969846178, 155333.4955046628, 0.0 ], [ 360319.4973874632, 155302.0045188637, 0.0 ], [ 360252.9020289496, 155259.4966866042, 0.0 ], [ 360148.3958794932, 155239.2024957559, 0.0 ], [ 360060.0995201615, 155246.4604181972, 0.0 ], [ 360035.1664553918, 155236.0034114842, 0.0 ], [ 359989.4393465251, 155205.8620393622, 0.0 ], [ 359933.5790575651, 155178.9697372036, 0.0 ], [ 359874.602135509, 155157.3459269549, 0.0 ], [ 359712.2403923061, 155090.6250256143, 0.0 ], [ 359638.2492139848, 155054.74529608, 0.0 ], [ 359566.5336725275, 155001.4105629886, 0.0 ], [ 359550.1589811807, 154984.9652704046, 0.0 ], [ 359517.7394009312, 154937.8587545045, 0.0 ], [ 359494.5213088705, 154923.9627321995, 0.0 ], [ 359492.5012689007, 154959.4025876464, 0.0 ], [ 359517.7971163588, 155017.5959299754, 0.0 ], [ 359500.1032152359, 155018.4956724269, 0.0 ], [ 359505.2976037296, 155054.6953103883, 0.0 ], [ 359491.0996085135, 155064.7024458755, 0.0 ], [ 359472.2019284698, 155063.8027034242, 0.0 ], [ 359456.0003834061, 155075.9992122098, 0.0 ], [ 359385.0021622645, 155070.9006716519, 0.0 ], [ 359354.0007325244, 155076.8989546612, 0.0 ], [ 359305.0992751337, 155075.6992980594, 0.0 ], [ 359244.5970167739, 155067.6016159967, 0.0 ], [ 359206.8016566865, 155104.5010536426, 0.0 ], [ 359183.8968769476, 155120.3965036173, 0.0 ], [ 359140.9978240386, 155137.7015500993, 0.0 ], [ 359138.5985112581, 155159.8951972339, 0.0 ], [ 359109.798512832, 155174.7009591286, 0.0 ], [ 359092.8961375747, 155210.3007687891, 0.0 ], [ 359068.696883243, 155245.3007501487, 0.0 ], [ 359073.8005760646, 155265.8048809023, 0.0 ], [ 359050.6979148593, 155294.7965821142, 0.0 ], [ 358992.1992063471, 155308.1027732566, 0.0 ], [ 358998.2016108286, 155336.1047577719, 0.0 ], [ 358992.0013248806, 155342.4029549317, 0.0 ], [ 358960.0022427472, 155339.5037848105, 0.0 ], [ 358956.4980917792, 155358.4983476734, 0.0 ], [ 358928.7039908075, 155387.6999887906, 0.0 ], [ 358888.7978950781, 155394.4980428679, 0.0 ], [ 358868.0038509812, 155407.4043484764, 0.0 ], [ 358845.5030792363, 155433.496879567, 0.0 ], [ 358806.2978137005, 155426.1989685723, 0.0 ], [ 358786.60036273, 155438.395477358, 0.0 ], [ 358765.3033699059, 155435.7962213873, 0.0 ], [ 358748.0959273879, 155405.0950095177, 0.0 ], [ 358731.0039157253, 155423.9995981356, 0.0 ], [ 358720.9037158765, 155403.1955532315, 0.0 ], [ 358696.2015128175, 155401.5960110956, 0.0 ], [ 358650.1033762013, 155409.5037475296, 0.0 ], [ 358623.6037498224, 155408.2041195443, 0.0 ], [ 358587.4986272606, 155370.804824981, 0.0 ], [ 358618.598997734, 155320.2992820423, 0.0 ], [ 358641.8005996725, 155266.5046805867, 0.0 ], [ 358632.8959336833, 155233.9040124309, 0.0 ], [ 358614.3033209003, 155210.2007974056, 0.0 ], [ 358619.7038359215, 155188.0971245162, 0.0 ], [ 358607.1960782312, 155158.1956837146, 0.0 ], [ 358605.5965363776, 155091.104888255, 0.0 ], [ 358582.8978831662, 155048.297141845, 0.0 ], [ 358591.3985411614, 155000.0009664814, 0.0 ], [ 358607.097137498, 154985.7950328875, 0.0 ], [ 358611.6978815924, 154962.9015860685, 0.0 ], [ 358599.0994282299, 154940.7979131791, 0.0 ], [ 358578.7011470658, 154926.7019481071, 0.0 ], [ 358547.1967685985, 154854.3926464294, 0.0 ], [ 358509.5992899775, 154807.6260332332, 0.0 ], [ 358488.4012378865, 154793.9999336636, 0.0 ], [ 358459.6012394603, 154799.4983597555, 0.0 ], [ 358398.3981509069, 154794.699733348, 0.0 ], [ 358350.5025909706, 154776.504941553, 0.0 ], [ 358333.1962077194, 154747.8031573533, 0.0 ], [ 358309.2030799152, 154740.9951061377, 0.0 ], [ 358296.1016778256, 154680.6023933719, 0.0 ], [ 358273.5019653474, 154646.2022403133, 0.0 ], [ 358233.2990474185, 154601.5950090004, 0.0 ], [ 358194.4977898767, 154584.8997879577, 0.0 ], [ 358116.5489822269, 154531.2651407158, 0.0 ], [ 358102.3262518275, 154530.8652551818, 0.0 ], [ 358062.403665976, 154506.2622977052, 0.0 ], [ 357984.5125737539, 154467.6833408167, 0.0 ], [ 357882.2325907947, 154436.7921833186, 0.0 ], [ 357847.4384329481, 154434.8827298939, 0.0 ], [ 357825.6797167023, 154440.6510787212, 0.0 ], [ 357766.3894823243, 154412.6390970676, 0.0 ], [ 357745.1007345613, 154388.4960079549, 0.0 ], [ 357699.2994201446, 154301.5009100427, 0.0 ], [ 357670.2025995189, 154297.8019688536, 0.0 ], [ 357659.7973324092, 154269.7999843383, 0.0 ], [ 357598.0995401897, 154225.8025784647, 0.0 ], [ 357561.2688522511, 154189.3530120445, 0.0 ], [ 357522.8880928255, 154171.058248866, 0.0 ], [ 357466.6815112993, 154129.9300216986, 0.0 ], [ 357439.4398294213, 154102.7078139745, 0.0 ], [ 357391.6184750349, 154075.2556720684, 0.0 ], [ 357375.5983213155, 154082.9634657354, 0.0 ], [ 357348.5875011482, 154069.7072602847, 0.0 ], [ 357124.701112009, 154183.20477196, 0.0 ], [ 357055.6817055317, 154238.3089985392, 0.0 ], [ 357011.7025496184, 154267.0007856006, 0.0 ], [ 356969.908334897, 154301.910792715, 0.0 ], [ 356942.7161233855, 154266.5609115132, 0.0 ], [ 356786.2990692366, 154091.7909388975, 0.0 ], [ 356538.1227300934, 154203.9388368956, 0.0 ], [ 356532.5738039724, 154118.6832410561, 0.0 ], [ 356516.2733181755, 153914.821595845, 0.0 ], [ 356512.6702264744, 153888.2192106985, 0.0 ], [ 356440.2868350678, 153918.230620022, 0.0 ], [ 356393.8588960075, 153919.3303052403, 0.0 ], [ 356336.8278083712, 153930.2471803174, 0.0 ], [ 356290.5565254718, 153948.7418862629, 0.0 ], [ 356154.0100685765, 154010.0143472034, 0.0 ], [ 356166.8806089553, 154050.4227804097, 0.0 ], [ 356146.6224938299, 154079.5444444201, 0.0 ], [ 356084.8999664271, 154137.5778325355, 0.0 ], [ 356024.7687358168, 154127.0308515774, 0.0 ], [ 356000.000572269, 154166.2596224585, 0.0 ], [ 355983.3537939059, 154203.9988197257, 0.0 ], [ 355972.9402817352, 154211.5466591791, 0.0 ], [ 355918.366222307, 154271.5494835493, 0.0 ], [ 355911.8608690983, 154340.9296236908, 0.0 ], [ 355900.3177835567, 154345.5083130546, 0.0 ], [ 355813.1180173515, 154315.376938071, 0.0 ], [ 355772.8573839949, 154417.807617594, 0.0 ], [ 355753.2836089408, 154439.8013219616, 0.0 ], [ 355666.6609970127, 154493.7958661841, 0.0 ], [ 355590.9630910435, 154535.913810048, 0.0 ], [ 355587.8464579472, 154541.3322590331, 0.0 ], [ 355661.0461104028, 154630.9765986079, 0.0 ], [ 355607.1481459849, 154700.8765899435, 0.0 ], [ 355599.7111008717, 154692.3890194852, 0.0 ], [ 355567.8027144105, 154732.5475242329, 0.0 ], [ 355575.9405897172, 154737.8360104194, 0.0 ], [ 355531.6975918487, 154829.8096832294, 0.0 ], [ 355491.7914961194, 154879.6354207604, 0.0 ], [ 355486.5476372591, 154894.8210739124, 0.0 ], [ 355461.6063274283, 155005.8792838305, 0.0 ], [ 355455.9007451463, 155072.1403168071, 0.0 ], [ 355444.4895805824, 155098.0628965459, 0.0 ], [ 355567.6707934329, 155267.8742885405, 0.0 ], [ 355488.3038352737, 155307.2030308052, 0.0 ], [ 355433.9111671897, 155321.5089357825, 0.0 ], [ 355399.2819105651, 155347.941369577, 0.0 ], [ 355347.6595830111, 155409.7936645417, 0.0 ], [ 355285.6072531642, 155464.8878939826, 0.0 ], [ 355204.3027056463, 155521.8615854331, 0.0 ], [ 355184.0775707653, 155524.3008871902, 0.0 ], [ 355155.6980704553, 155515.6633596568, 0.0 ], [ 355090.4961272678, 155584.9735198298, 0.0 ], [ 355057.3427365803, 155608.3868178429, 0.0 ], [ 355034.8337197743, 155653.1939919228, 0.0 ], [ 354999.9983366221, 155671.9186320503, 0.0 ], [ 354935.0025199621, 155697.611277607, 0.0 ], [ 354905.7737783588, 155705.4190426575, 0.0 ], [ 354838.9722933176, 155737.6998023862, 0.0 ], [ 354783.0707790522, 155778.9879837672, 0.0 ], [ 354727.5073122919, 155828.1839015822, 0.0 ], [ 354720.0620221175, 155821.1559133229, 0.0 ], [ 354673.8731898292, 155813.0882226753, 0.0 ], [ 354635.2863038761, 155823.8851320921, 0.0 ], [ 354610.4934051451, 155836.601492072, 0.0 ], [ 354596.6169673119, 155858.4552365027, 0.0 ], [ 354556.6531561548, 155890.3661021124, 0.0 ], [ 354525.9485486144, 155930.6045839668, 0.0 ], [ 354380.5963664631, 156000.0447069384, 0.0 ], [ 354098.3184546058, 156144.1734505147, 0.0 ], [ 353881.069339653, 156189.2905358833, 0.0 ], [ 353696.3717259272, 156151.1414559439, 0.0 ], [ 353613.0966088061, 156136.1957341123, 0.0 ], [ 353627.7480823827, 156170.5359043408, 0.0 ], [ 353677.8780538774, 156232.3182193371, 0.0 ], [ 353669.7814038761, 156238.6264136352, 0.0 ], [ 353671.5376018907, 156268.018000381, 0.0 ], [ 353696.6932833102, 156336.7083379765, 0.0 ], [ 353708.0219972631, 156378.1064878793, 0.0 ], [ 353748.6619034304, 156456.5540325032, 0.0 ], [ 353763.0495350518, 156456.2241269377, 0.0 ], [ 353789.8212484471, 156482.9464777444, 0.0 ], [ 353897.138963739, 156570.0715384552, 0.0 ], [ 353921.0578859933, 156591.8353086408, 0.0 ], [ 353869.1140010564, 156651.1283361882, 0.0 ], [ 353757.9375971691, 156699.7344228406, 0.0 ], [ 353679.0076272483, 156691.3468237659, 0.0 ], [ 353640.2805752564, 156711.8909430729, 0.0 ], [ 353601.586503509, 156742.9420547846, 0.0 ], [ 353599.467522806, 156761.5267349752, 0.0 ], [ 353608.7432165447, 156820.8197625226, 0.0 ], [ 353620.6161045303, 156836.21535558, 0.0 ], [ 353637.0732464881, 156879.422987524, 0.0 ], [ 353557.4424463736, 156968.4375073827, 0.0 ], [ 353521.2960985064, 156990.7811115925, 0.0 ], [ 353453.0517277726, 157022.5820086804, 0.0 ], [ 353364.4915264857, 157101.6093873286, 0.0 ], [ 353373.6188091246, 157106.4480022895, 0.0 ], [ 353352.9979113108, 157124.0429657836, 0.0 ], [ 353268.931268324, 157166.3408581378, 0.0 ], [ 353220.8872972879, 157167.3105805577, 0.0 ], [ 353190.1332193807, 157181.0366515107, 0.0 ], [ 353082.6588479279, 157028.8002287335, 0.0 ], [ 352951.8014831924, 157086.8536111256, 0.0 ], [ 352945.2713948003, 157093.4517224359, 0.0 ], [ 352939.1700495855, 157130.4111429118, 0.0 ], [ 352949.1795537622, 157154.0043894153, 0.0 ], [ 352880.7125663787, 157201.1508938688, 0.0 ], [ 352832.9077021145, 157249.607023446, 0.0 ], [ 352718.7960564753, 157331.2036666498, 0.0 ], [ 352703.278851483, 157345.1996603383, 0.0 ], [ 352570.6982689773, 157430.2053277191, 0.0 ], [ 352433.7890293936, 157504.7339941103, 0.0 ], [ 352429.9715661037, 157495.5466239676, 0.0 ], [ 352290.3579464788, 157557.158987612, 0.0 ], [ 352327.9636701609, 157647.5731068396, 0.0 ], [ 352324.2698827877, 157662.1089459989, 0.0 ], [ 352282.3190119052, 157658.3400248414, 0.0 ], [ 352247.3022374089, 157666.4277097656, 0.0 ], [ 352216.7872662737, 157686.5919378154, 0.0 ], [ 352215.4103410698, 157702.2474564698, 0.0 ], [ 352177.1697476829, 157723.0015156821, 0.0 ], [ 352104.9430124373, 157746.9246677511, 0.0 ], [ 352100.2598177319, 157757.5716200927, 0.0 ], [ 352066.7601344781, 157755.1023269205, 0.0 ], [ 352011.9964386446, 157767.5487641649, 0.0 ], [ 351986.5934053921, 157791.4819133722, 0.0 ], [ 351936.5706196917, 157824.3625014018, 0.0 ], [ 351910.417285879, 157829.4310505447, 0.0 ], [ 351779.3785297992, 157872.5786996586, 0.0 ], [ 351751.6586343774, 157879.4167422893, 0.0 ], [ 351677.8735825836, 157887.5844043203, 0.0 ], [ 351670.5519683258, 157893.0128504438, 0.0 ], [ 351650.8874975997, 157879.9165992067, 0.0 ], [ 351625.0887014144, 157873.6683877386, 0.0 ], [ 351574.5959472312, 157830.4907472097, 0.0 ], [ 351523.6826949319, 157845.9763145121, 0.0 ], [ 351484.4197139685, 157884.8351912744, 0.0 ], [ 351482.3584486932, 157827.4716114283, 0.0 ], [ 351511.1831823027, 157814.6452829266, 0.0 ], [ 351514.8439894316, 157752.0831911391, 0.0 ], [ 351524.9771695248, 157675.3251628962, 0.0 ], [ 351455.2569328539, 157693.4399775844, 0.0 ], [ 351347.1312015741, 157724.8010005849, 0.0 ], [ 351349.9510124706, 157757.5916143694, 0.0 ], [ 351302.1131679621, 157757.1617374204, 0.0 ], [ 351228.78983959, 157764.7595625656, 0.0 ], [ 351196.4774451348, 157774.026909815, 0.0 ], [ 351095.8134941515, 157785.5336160546, 0.0 ], [ 351003.7408968355, 157788.5727461127, 0.0 ], [ 350914.9003634711, 157784.7338449867, 0.0 ], [ 350813.0738588725, 157790.5721737824, 0.0 ], [ 350696.6865763694, 157801.2691118158, 0.0 ], [ 350569.3828329684, 157792.22170161, 0.0 ], [ 350546.2719267021, 157782.0246204941, 0.0 ], [ 350299.9095010012, 157769.8980916769, 0.0 ], [ 350140.9199877887, 157760.3708188304, 0.0 ], [ 350096.8336460811, 157841.187685243, 0.0 ], [ 350008.0590732055, 158012.0887653177, 0.0 ], [ 349941.8512325637, 158141.9415953318, 0.0 ], [ 349864.4301088243, 158289.9692228642, 0.0 ], [ 349842.539471601, 158288.5096406652, 0.0 ], [ 349845.3098121309, 158188.2583373023, 0.0 ], [ 349843.9163968049, 158136.073275121, 0.0 ], [ 349837.1966720074, 158086.2675318667, 0.0 ], [ 349825.2495784719, 158066.1532895087, 0.0 ], [ 349780.6025726095, 158035.9019488648, 0.0 ], [ 349740.4326349249, 158016.5075004679, 0.0 ], [ 349657.907818364, 157983.5269410548, 0.0 ], [ 349576.9330732901, 157955.0750853138, 0.0 ], [ 349531.5605020507, 157933.7211978006, 0.0 ], [ 349491.3493390607, 157906.8388927803, 0.0 ], [ 349388.5169370078, 157830.2208244742, 0.0 ], [ 349356.1962974914, 157815.71497673, 0.0 ], [ 349299.1981900996, 157858.1528290211, 0.0 ], [ 349230.8631236936, 157914.4067265105, 0.0 ], [ 349013.0368544637, 158007.7500072743, 0.0 ], [ 349014.2983488122, 157956.3447218842, 0.0 ], [ 348977.6325620955, 157950.0765161394, 0.0 ], [ 348979.6938273708, 157935.5306798417, 0.0 ], [ 348955.2884465115, 157933.0313952545, 0.0 ], [ 348952.2872442708, 157969.8308615168, 0.0 ], [ 348868.9379215998, 157988.8454186565, 0.0 ], [ 348869.2512339216, 157995.0536415712, 0.0 ], [ 348788.4991054974, 158048.8982287184, 0.0 ], [ 348811.5028259695, 158069.5023308555, 0.0 ], [ 348807.1989040747, 158091.8959207571, 0.0 ], [ 348742.9039176083, 158098.0041722883, 0.0 ], [ 348659.3979387764, 158101.9030562444, 0.0 ], [ 348562.1969134556, 158112.4900257559, 0.0 ], [ 348560.9519092293, 158101.3432164968, 0.0 ], [ 348495.4696339644, 158106.0118801058, 0.0 ], [ 348440.9697800861, 158102.9127672176, 0.0 ], [ 348417.6115219867, 158095.6648419146, 0.0 ], [ 348356.4166784942, 158094.0752969172, 0.0 ], [ 348344.1232923925, 158071.6317213239, 0.0 ], [ 348217.1905767411, 158057.825673264, 0.0 ], [ 348141.8636985215, 158062.2044198608, 0.0 ], [ 348100.5394522827, 158100.5034568755, 0.0 ], [ 348039.9217630674, 158111.92018887, 0.0 ], [ 347981.5797107161, 158112.7099627995, 0.0 ], [ 347899.2775108049, 158042.9099428474, 0.0 ], [ 347878.7802889075, 158063.3141022176, 0.0 ], [ 347827.0837558036, 158090.6062899101, 0.0 ], [ 347773.7382104796, 158113.0598626418, 0.0 ], [ 347706.0380137784, 158135.643398172, 0.0 ], [ 347622.4990547021, 158153.9381613505, 0.0 ], [ 347605.9017467055, 158148.1398211081, 0.0 ], [ 347557.7011195085, 158116.9387523211, 0.0 ], [ 347548.2028091201, 158141.8416239483, 0.0 ], [ 347526.6007490352, 158166.1446672745, 0.0 ], [ 347490.0998635406, 158197.4357103066, 0.0 ], [ 347481.401324079, 158212.5413863518, 0.0 ], [ 347472.7027846173, 158271.6444682706, 0.0 ], [ 347461.5966873141, 158304.8449647274, 0.0 ], [ 347480.098604425, 158357.439909581, 0.0 ], [ 347500.7030121166, 158456.3415992668, 0.0 ], [ 347506.4992900707, 158500.3390051404, 0.0 ], [ 347500.9998343163, 158618.3352290726, 0.0 ], [ 347497.5039284094, 158647.6368415733, 0.0 ], [ 347442.6990072704, 158645.8373566705, 0.0 ], [ 347398.4477643408, 158657.3240686334, 0.0 ], [ 347393.5419529856, 158604.4592010443, 0.0 ], [ 347380.5559817514, 158587.7539828633, 0.0 ], [ 347261.8271018955, 158517.5340831005, 0.0 ], [ 347115.1309747848, 158427.9197349408, 0.0 ], [ 347042.7970537448, 158390.9203259115, 0.0 ], [ 347015.250304606, 158383.6724006085, 0.0 ], [ 346939.0494499097, 158403.8666200733, 0.0 ], [ 346883.3293269884, 158436.0274141418, 0.0 ], [ 346822.8435587508, 158455.6717909974, 0.0 ], [ 346816.0661185257, 158440.9859947629, 0.0 ], [ 346790.0694408739, 158425.7903444725, 0.0 ], [ 346722.9216632665, 158461.4701312398, 0.0 ], [ 346658.7585977778, 158488.4024219518, 0.0 ], [ 346589.21150739, 158537.318419893, 0.0 ], [ 346576.5141132943, 158564.7205761074, 0.0 ], [ 346537.1109662922, 158570.6188877332, 0.0 ], [ 346471.1092521779, 158573.3181150875, 0.0 ], [ 346401.2488494682, 158571.0287704055, 0.0 ], [ 346366.4134663161, 158566.3900982116, 0.0 ], [ 346297.9299888103, 158549.3049887734, 0.0 ], [ 346238.4336279048, 158540.1376129074, 0.0 ], [ 346163.2634058461, 158545.3761134022, 0.0 ], [ 346101.9036611317, 158545.5760561692, 0.0 ], [ 346000.6790459935, 158556.5029283846, 0.0 ], [ 345909.3732393599, 158555.6531716249, 0.0 ], [ 345846.7932256025, 158559.4920727509, 0.0 ], [ 345745.4779147923, 158578.1267386333, 0.0 ], [ 345744.3730766047, 158573.4280836093, 0.0 ], [ 345654.1473729754, 158590.5231901859, 0.0 ], [ 345595.6816447075, 158605.8488032748, 0.0 ], [ 345537.9909521831, 158617.0455982256, 0.0 ], [ 345453.7923882186, 158625.9630456328, 0.0 ], [ 345407.0428917754, 158625.2632459484, 0.0 ], [ 345369.2640218101, 158632.6211397732, 0.0 ], [ 345344.5618187513, 158666.1315475188, 0.0 ], [ 345336.1271212448, 158661.2229525895, 0.0 ], [ 345311.1116058641, 158695.7830598617, 0.0 ], [ 345270.9581583017, 158698.772204228, 0.0 ], [ 345228.001389965, 158691.8641816289, 0.0 ], [ 345152.0066617962, 158687.2654979884, 0.0 ], [ 345108.8107866875, 158689.4848627019, 0.0 ], [ 345076.308755827, 158705.9601467008, 0.0 ], [ 345025.8077565827, 158721.8555966756, 0.0 ], [ 344973.6082747517, 158743.4594126476, 0.0 ], [ 344955.0074169076, 158733.9621312162, 0.0 ], [ 344929.2086207222, 158741.7598991283, 0.0 ], [ 344817.5787384745, 158751.8470117224, 0.0 ], [ 344762.089477264, 158748.6479274507, 0.0 ], [ 344731.58275119, 158751.837014584, 0.0 ], [ 344685.0806065798, 158766.5228108186, 0.0 ], [ 344656.0497464428, 158721.3557397582, 0.0 ], [ 344596.4626898651, 158769.4819637699, 0.0 ], [ 344550.3233279434, 158824.1863048151, 0.0 ], [ 344532.761347798, 158855.9172219346, 0.0 ], [ 344519.7671315027, 158923.8777684305, 0.0 ], [ 344461.152992135, 158951.3299103366, 0.0 ], [ 344429.0714593906, 158945.5315700943, 0.0 ], [ 344408.9782454873, 158911.8911995502, 0.0 ], [ 344368.9814540858, 158863.6550070166, 0.0 ], [ 344339.3569495496, 158865.2845405675, 0.0 ], [ 344315.2401458288, 158882.0097530253, 0.0 ], [ 344252.132448161, 158903.0537292497, 0.0 ], [ 344211.9212851709, 158908.792086662, 0.0 ], [ 344168.8820662232, 158902.1539867983, 0.0 ], [ 344132.2904850565, 158901.5341642207, 0.0 ], [ 344092.5740257325, 158893.4864678498, 0.0 ], [ 344088.5092106097, 158886.8083794327, 0.0 ], [ 343972.2785842675, 158877.2711094479, 0.0 ], [ 343935.6870031008, 158866.6041628296, 0.0 ], [ 343873.6923886816, 158863.5650327715, 0.0 ], [ 343801.5398589859, 158873.8820795476, 0.0 ], [ 343756.9010981845, 158893.0565909008, 0.0 ], [ 343700.7027617195, 158906.1528421379, 0.0 ], [ 343649.7482841146, 158925.267370661, 0.0 ], [ 343596.7325412346, 158933.7749353959, 0.0 ], [ 343513.0369259973, 158983.7906185556, 0.0 ], [ 343490.3959882137, 158986.2899031428, 0.0 ], [ 343433.0186080111, 158972.4338693912, 0.0 ], [ 343365.2029804546, 158980.9314369878, 0.0 ], [ 343308.6171261178, 158967.9051657191, 0.0 ], [ 343279.2399734145, 158940.5929837499, 0.0 ], [ 343156.8337963076, 158918.5592908289, 0.0 ], [ 343107.5365759841, 158896.8854948884, 0.0 ], [ 343060.9684708851, 158905.4930310069, 0.0 ], [ 343034.1472871232, 158650.9958800585, 0.0 ], [ 343041.2380396702, 158625.5731572372, 0.0 ], [ 343060.5891980744, 158503.6880464873, 0.0 ], [ 343023.7997354413, 158496.6000753979, 0.0 ], [ 343053.7375522995, 158398.7480852387, 0.0 ], [ 343065.9484877902, 158340.7446885383, 0.0 ], [ 343043.5796370229, 158344.8935009531, 0.0 ], [ 343031.4099268377, 158337.5056157132, 0.0 ], [ 343045.8882541312, 158279.0023620954, 0.0 ], [ 343033.4876822351, 158276.7929945203, 0.0 ], [ 343041.5101266865, 158231.2760236177, 0.0 ], [ 343080.5010206336, 158232.7855915083, 0.0 ], [ 343095.5812373875, 158086.8473658909, 0.0 ], [ 343101.2703295473, 158079.9493404301, 0.0 ], [ 343140.2612234944, 158074.2409744329, 0.0 ], [ 343198.1662876074, 158053.7368436793, 0.0 ], [ 343252.6001809969, 158052.2572672036, 0.0 ], [ 343298.7972583463, 158055.2963972617, 0.0 ], [ 343312.1377672079, 158039.26098735, 0.0 ], [ 343344.27701538, 158036.9616455298, 0.0 ], [ 343346.5279170606, 158007.5200730923, 0.0 ], [ 343412.8759237411, 157998.0827744909, 0.0 ], [ 343436.3908380015, 158013.558344655, 0.0 ], [ 343457.5888900924, 158002.1616069372, 0.0 ], [ 343471.3004267035, 157974.9993820432, 0.0 ], [ 343505.7070666784, 157924.5838133497, 0.0 ], [ 343508.9968460578, 157887.1145388179, 0.0 ], [ 343598.7196009599, 157876.9874376705, 0.0 ], [ 343610.2791766237, 157871.9488799426, 0.0 ], [ 343611.5489160332, 157781.1648665961, 0.0 ], [ 343618.3923167472, 157743.6056178192, 0.0 ], [ 343630.1827541217, 157721.2320221944, 0.0 ], [ 343635.6409845707, 157691.1906214559, 0.0 ], [ 343677.7732467973, 157688.5913654852, 0.0 ], [ 343712.5096892162, 157676.7047679883, 0.0 ], [ 343776.3264621387, 157639.1855077648, 0.0 ], [ 343795.8672569483, 157613.202945196, 0.0 ], [ 343809.4798528263, 157538.6942730815, 0.0 ], [ 343806.280769119, 157499.7254277975, 0.0 ], [ 343811.8874106678, 157498.795693931, 0.0 ], [ 343803.2218514505, 157440.7423115389, 0.0 ], [ 343803.9391717663, 157391.3664452336, 0.0 ], [ 343814.1630475317, 157349.4784355516, 0.0 ], [ 343842.8393700413, 157290.3953479095, 0.0 ], [ 343819.3491909642, 157249.9469261498, 0.0 ], [ 343804.8131482431, 157258.5244708532, 0.0 ], [ 343759.053059132, 157264.592733831, 0.0 ], [ 343651.4220315182, 157221.585044654, 0.0 ], [ 343630.5867621157, 157216.0466300087, 0.0 ], [ 343616.8587353824, 157223.5144923553, 0.0 ], [ 343590.0210614983, 157210.6681695769, 0.0 ], [ 343494.2134515035, 157156.3537169273, 0.0 ], [ 343499.5232708526, 157108.7973298015, 0.0 ], [ 343485.5726274695, 157086.1038257495, 0.0 ], [ 343491.8718541508, 157057.1021273993, 0.0 ], [ 343478.6715113279, 157006.896498611, 0.0 ], [ 343481.3594012469, 156966.5680425115, 0.0 ], [ 343501.3619194782, 156904.3458534278, 0.0 ], [ 343517.9592274746, 156865.1870625151, 0.0 ], [ 343573.8112713735, 156791.2382301482, 0.0 ], [ 343605.1260134355, 156706.3425312892, 0.0 ], [ 343634.7999883384, 156587.1066622017, 0.0 ], [ 343631.8070311586, 156497.2523827217, 0.0 ], [ 343621.5831553933, 156298.0094154278, 0.0 ], [ 343611.6973271331, 156125.2388704818, 0.0 ], [ 343538.3162833333, 156120.8401296083, 0.0 ], [ 343468.6125367846, 156112.7424475457, 0.0 ], [ 343391.2985988396, 156116.1414745843, 0.0 ], [ 343321.4959115576, 156110.0432201915, 0.0 ], [ 343185.5266089394, 156103.2351689759, 0.0 ], [ 343143.2376905518, 156096.2271749933, 0.0 ], [ 343065.1404718023, 156088.9792496903, 0.0 ], [ 342989.7393880327, 156074.7733160965, 0.0 ], [ 342950.7237589023, 156085.7701682803, 0.0 ], [ 342893.5195249828, 156068.6750617037, 0.0 ], [ 342876.1801614873, 156069.48482991, 0.0 ], [ 342822.4718334747, 156093.2780191804, 0.0 ], [ 342802.0982874939, 156096.7670204641, 0.0 ], [ 342760.6668554608, 156080.5716563389, 0.0 ], [ 342640.4621096679, 156078.2723145186, 0.0 ], [ 342261.2799946894, 156075.073230247, 0.0 ], [ 342261.1315835896, 156058.3880063427, 0.0 ], [ 342147.729013205, 156065.8658658276, 0.0 ], [ 341983.9408744317, 156053.4094314449, 0.0 ], [ 341841.6970803156, 156045.0918123386, 0.0 ], [ 341574.9693536949, 156021.7185028788, 0.0 ], [ 341363.9205246901, 156006.2429327147, 0.0 ], [ 341288.5194409205, 155998.5951218778, 0.0 ], [ 341170.714007908, 155989.3377717667, 0.0 ], [ 341088.1067407361, 155980.1104130707, 0.0 ], [ 341000.0000178097, 155974.0821386462, 0.0 ], [ 340851.753819212, 155961.4457557732, 0.0 ], [ 340615.2689767102, 155938.5523089542, 0.0 ], [ 340384.613392407, 156012.411167076, 0.0 ], [ 340271.5488695275, 156016.3300453088, 0.0 ], [ 339929.8488023147, 156020.0989664663, 0.0 ], [ 339837.7762049987, 156023.7079334103, 0.0 ], [ 339664.5722064479, 156203.8763607344, 0.0 ], [ 339589.880197933, 156257.73094502, 0.0 ], [ 339338.2161979441, 156169.7561275496, 0.0 ], [ 339174.7990869203, 156113.6921756888, 0.0 ], [ 338941.6782293478, 156030.3860218273, 0.0 ], [ 338813.9374977085, 156348.5549469199, 0.0 ], [ 338786.0691911867, 156385.3644103206, 0.0 ], [ 338724.9732884276, 156450.0358982997, 0.0 ], [ 338647.7088208492, 156410.5671960982, 0.0 ], [ 338615.9570905489, 156487.4651842781, 0.0 ], [ 338574.5503936991, 156562.5536904168, 0.0 ], [ 338540.6384573903, 156611.1297856542, 0.0 ], [ 338474.7933994369, 156691.3868123193, 0.0 ], [ 338409.5090056384, 156766.9851725138, 0.0 ], [ 338381.9127861331, 156755.588434796, 0.0 ], [ 338395.2120696891, 156739.1931279038, 0.0 ], [ 338386.9092931603, 156730.4856204019, 0.0 ], [ 338366.6099527294, 156736.2939577826, 0.0 ], [ 338358.1917453452, 156714.2102791698, 0.0 ], [ 338330.1667826626, 156693.6361684478, 0.0 ], [ 338316.9664398397, 156675.9412335702, 0.0 ], [ 338307.047631335, 156637.142339638, 0.0 ], [ 338291.6705923815, 156619.5073875905, 0.0 ], [ 338280.0697914123, 156587.1066622017, 0.0 ], [ 338266.4736856566, 156581.0084078089, 0.0 ], [ 338227.8703095812, 156581.2083505758, 0.0 ], [ 338183.2727740853, 156571.1112408435, 0.0 ], [ 338152.7660480113, 156481.2069756717, 0.0 ], [ 338121.0720331387, 156401.6097601376, 0.0 ], [ 338072.2695164813, 156243.9848797903, 0.0 ], [ 338024.9428657609, 156104.8047196967, 0.0 ], [ 338001.7577539446, 156030.9658558516, 0.0 ], [ 337955.3133247622, 155896.4643565053, 0.0 ], [ 337913.0986119245, 155789.155073468, 0.0 ], [ 337897.7710433375, 155741.4887178204, 0.0 ], [ 337843.5680116589, 155609.6864458283, 0.0 ], [ 337811.1319412872, 155535.9375562283, 0.0 ], [ 337799.3002786071, 155529.5293905467, 0.0 ], [ 337787.3696751939, 155500.8076120703, 0.0 ], [ 337791.3685298279, 155486.731641275, 0.0 ], [ 337717.4433119954, 155321.3989672606, 0.0 ], [ 337646.7666482368, 155185.9277454945, 0.0 ], [ 337548.9307532111, 155002.0403827046, 0.0 ], [ 337536.3075646653, 154997.011822115, 0.0 ], [ 337424.0840380182, 155032.3617033168, 0.0 ], [ 337141.0640706619, 155118.2471188723, 0.0 ], [ 336998.7708061791, 155163.2942242725, 0.0 ], [ 336404.4997822563, 155347.0016385722, 0.0 ], [ 336376.2934282293, 155361.0876065058, 0.0 ], [ 336349.9422129503, 155390.3092418997, 0.0 ], [ 336319.4437319373, 155408.5140308331, 0.0 ], [ 336263.5422176718, 155418.711111949, 0.0 ], [ 336173.036181965, 155421.1104251527, 0.0 ], [ 336146.1078124089, 155426.1189914655, 0.0 ], [ 336092.8282275735, 155456.4103206627, 0.0 ], [ 336051.8585189622, 155500.6176664416, 0.0 ], [ 336028.9537392233, 155549.1737674023, 0.0 ], [ 336001.4399703289, 155580.7647245849, 0.0 ], [ 335970.8425485828, 155605.6575990737, 0.0 ], [ 335874.4000688832, 155670.0991528708, 0.0 ], [ 335830.8001857806, 155716.2959291811, 0.0 ], [ 335786.4994724844, 155768.0011287217, 0.0 ], [ 335690.2713643734, 155866.34297866, 0.0 ], [ 335666.4678729746, 155881.6386003338, 0.0 ], [ 335608.7029749003, 155897.803973044, 0.0 ], [ 335580.1997986737, 155896.6043164422, 0.0 ], [ 335556.3963072749, 155888.1967230907, 0.0 ], [ 335498.6973696894, 155849.3578406052, 0.0 ], [ 335453.1021818003, 155833.4623906304, 0.0 ], [ 335387.0592423805, 155839.9405362805, 0.0 ], [ 335336.4015869753, 155857.0956256872, 0.0 ], [ 335268.0005600806, 155902.902513602, 0.0 ], [ 335220.3028816108, 155930.9044981173, 0.0 ], [ 335148.9995932084, 155960.1961134796, 0.0 ], [ 335128.2715096003, 155975.8816235491, 0.0 ], [ 335112.836755219, 156000.004718385, 0.0 ], [ 335038.5982250647, 156172.8752347144, 0.0 ], [ 335017.7959359066, 156249.6832486491, 0.0 ], [ 335000.0030940505, 156283.6835161738, 0.0 ], [ 334868.3789386325, 156373.1778986733, 0.0 ], [ 334806.0462767082, 156410.0973305958, 0.0 ], [ 334751.6865888686, 156410.9070988021, 0.0 ], [ 334702.7933765391, 156396.4112481961, 0.0 ], [ 334661.0898574897, 156370.7086055011, 0.0 ], [ 334637.6903740848, 156361.7111809871, 0.0 ], [ 334535.9875454027, 156367.209607079, 0.0 ], [ 334451.2860327112, 156364.8102938753, 0.0 ], [ 334361.7858944587, 156371.4084051855, 0.0 ], [ 334228.9909403644, 156373.3078614718, 0.0 ], [ 334161.2330282356, 156372.2681590835, 0.0 ], [ 334122.4894861215, 156376.2870086998, 0.0 ], [ 334057.3287682395, 156377.6166281002, 0.0 ], [ 333997.3871740345, 156375.1073463746, 0.0 ], [ 333917.6904134313, 156387.0139381482, 0.0 ], [ 333853.0326442764, 156385.0145104784, 0.0 ], [ 333801.4268068447, 156392.3124214731, 0.0 ], [ 333765.2969490996, 156413.1764492073, 0.0 ], [ 333728.4497710388, 156442.4580674313, 0.0 ], [ 333707.0538374815, 156465.4614827721, 0.0 ], [ 333675.7473404806, 156547.1580973594, 0.0 ], [ 333662.9510056517, 156564.6630866084, 0.0 ], [ 333630.2510933247, 156583.9575636218, 0.0 ], [ 333550.2492654608, 156591.6553601505, 0.0 ], [ 333446.3532505258, 156587.8564475779, 0.0 ], [ 333400.947699042, 156588.2563331118, 0.0 ], [ 333375.2478435899, 156593.0649566577, 0.0 ], [ 333301.1494794743, 156616.2583176272, 0.0 ], [ 333266.4460172998, 156612.2594622876, 0.0 ], [ 333097.5459406438, 156630.064365687, 0.0 ], [ 333046.9460006663, 156627.055227044, 0.0 ], [ 333011.2531311596, 156615.2586037923, 0.0 ], [ 332987.9525884879, 156595.7641840119, 0.0 ], [ 332977.4483806451, 156578.1592233795, 0.0 ], [ 332973.0702532004, 156499.3417846366, 0.0 ], [ 332967.0925839021, 156450.5757437706, 0.0 ], [ 332966.6061252972, 156355.5229523491, 0.0 ], [ 332969.4671614993, 156325.9314228363, 0.0 ], [ 332981.9419389452, 156269.4175997499, 0.0 ], [ 333005.4898334499, 156189.080595978, 0.0 ], [ 333013.8338352843, 156110.143191575, 0.0 ], [ 333004.3685051402, 156057.108372634, 0.0 ], [ 332939.9415976962, 155936.2229757189, 0.0 ], [ 332891.8316661713, 155878.6194645525, 0.0 ], [ 332846.4508498709, 155844.2892914623, 0.0 ], [ 332808.7379403944, 155823.6152093567, 0.0 ], [ 332767.0426664061, 155806.6400684403, 0.0 ], [ 332616.3889099669, 155736.1302516654, 0.0 ], [ 332493.6694205381, 155680.3862082318, 0.0 ], [ 332442.4098756725, 155660.2519715971, 0.0 ], [ 332385.3375627307, 155652.6441493136, 0.0 ], [ 332341.3419166952, 155636.7387022005, 0.0 ], [ 332287.6665689271, 155626.0117727521, 0.0 ], [ 332229.1266351093, 155624.1223136041, 0.0 ], [ 332197.4161301145, 155629.9906338149, 0.0 ], [ 332153.0989266961, 155650.1548618647, 0.0 ], [ 332090.2385808612, 155703.6695434464, 0.0 ], [ 332029.7115873181, 155783.1867818737, 0.0 ], [ 332000.0870827818, 155805.830300234, 0.0 ], [ 331955.7863694856, 155820.4261222234, 0.0 ], [ 331872.8575449308, 155830.1433406986, 0.0 ], [ 331778.0970576958, 155844.9790940084, 0.0 ], [ 331704.5016423074, 155834.682041509, 0.0 ], [ 331674.8029322212, 155839.9805248339, 0.0 ], [ 331601.2075168328, 155879.3892442053, 0.0 ], [ 331544.2011643798, 155919.3977918777, 0.0 ], [ 331521.9972148346, 155924.6962752026, 0.0 ], [ 331481.7036012335, 155922.7968189163, 0.0 ], [ 331415.602946386, 155914.2992513197, 0.0 ], [ 331287.5983727914, 155928.8950733092, 0.0 ], [ 331221.8027852046, 155948.9993185288, 0.0 ], [ 331102.3978103385, 156000.004718385, 0.0 ], [ 331056.0028515226, 156027.9967057619, 0.0 ], [ 330934.8993940696, 156111.6027737739, 0.0 ], [ 330918.4999675395, 156130.7972794038, 0.0 ], [ 330880.696362391, 156191.399932075, 0.0 ], [ 330861.2462632535, 156236.2071061548, 0.0 ], [ 330881.6033191121, 156252.40247028, 0.0 ], [ 330864.8988253213, 156284.5032815184, 0.0 ], [ 330861.6008008808, 156310.1959270751, 0.0 ], [ 330846.5040940047, 156335.0987987023, 0.0 ], [ 330818.3966807111, 156406.2984180232, 0.0 ], [ 330797.5036958809, 156433.9005170046, 0.0 ], [ 330793.0018925197, 156467.2009848448, 0.0 ], [ 330798.5013482741, 156494.0033127583, 0.0 ], [ 330791.5012913993, 156512.5979900873, 0.0 ], [ 330793.9995449129, 156550.7970557185, 0.0 ], [ 330787.7992589649, 156586.9966936799, 0.0 ], [ 330783.5035821312, 156729.0960181713, 0.0 ], [ 330779.8015496968, 156782.2008170808, 0.0 ], [ 330784.4022937912, 156808.2033739263, 0.0 ], [ 330819.6994003651, 156856.9994062074, 0.0 ], [ 330852.399312692, 156920.9011145336, 0.0 ], [ 330889.4031469137, 156942.1950192168, 0.0 ], [ 330907.4021152974, 156960.9996364511, 0.0 ], [ 330951.1998798665, 156968.7974043633, 0.0 ], [ 330990.8998490683, 156982.4035096562, 0.0 ], [ 331051.0970401674, 156986.2024222288, 0.0 ], [ 331077.5966665464, 156991.9007910876, 0.0 ], [ 331105.5968940457, 157006.5965844606, 0.0 ], [ 331176.8012417148, 156979.104454001, 0.0 ], [ 331209.6990355082, 156977.9047973992, 0.0 ], [ 331232.0019257867, 156987.5020502141, 0.0 ], [ 331277.8032402032, 157030.4997422528, 0.0 ], [ 331292.8999470794, 157026.6008582967, 0.0 ], [ 331303.6020363886, 157001.0981583686, 0.0 ], [ 331360.6083888416, 156979.0544683093, 0.0 ], [ 331364.9865162863, 156987.3920816923, 0.0 ], [ 331311.4018641902, 157019.103004535, 0.0 ], [ 331295.4971413263, 157050.2041019385, 0.0 ], [ 331271.9987171881, 157055.7025280304, 0.0 ], [ 331218.7026422306, 157024.1015737095, 0.0 ], [ 331157.4006129439, 157034.7985117428, 0.0 ], [ 331159.2969769972, 157048.8045025697, 0.0 ], [ 331218.900523697, 157095.201221647, 0.0 ], [ 331290.096626305, 157177.2977217683, 0.0 ], [ 331322.2028942327, 157226.2037225712, 0.0 ], [ 331341.3973964761, 157270.8009567457, 0.0 ], [ 331390.1009724002, 157360.5952533956, 0.0 ], [ 331402.6994257628, 157408.9014258976, 0.0 ], [ 331429.6030601356, 157412.2004815527, 0.0 ], [ 331489.1983617744, 157434.0042402917, 0.0 ], [ 331453.1014842737, 157428.6957598284, 0.0 ], [ 331420.7973348796, 157432.6046409229, 0.0 ], [ 331433.8327764805, 157511.4420739424, 0.0 ], [ 331432.6867129874, 157547.8616489475, 0.0 ], [ 331420.3521015802, 157588.190105047, 0.0 ], [ 331415.1906933309, 157639.1955049032, 0.0 ], [ 331398.6923260676, 157704.9966695157, 0.0 ], [ 331385.2941017783, 157738.297137356, 0.0 ], [ 331421.5888607454, 157763.4999231336, 0.0 ], [ 331428.6878583534, 157807.4973290072, 0.0 ], [ 331407.5887469957, 157869.7994951976, 0.0 ], [ 331397.991495874, 157884.395317187, 0.0 ], [ 331369.8923276414, 157897.3016227955, 0.0 ], [ 331349.9640149601, 157927.1330836286, 0.0 ], [ 331325.7565155672, 157948.2670340982, 0.0 ], [ 331313.5290899543, 157977.4486809387, 0.0 ], [ 331314.7988293639, 158008.6497497257, 0.0 ], [ 331347.5976824241, 158053.8468122011, 0.0 ], [ 331371.7969367558, 158075.6005852484, 0.0 ], [ 331384.049097552, 158114.699393331, 0.0 ], [ 331382.6474371649, 158155.9475861586, 0.0 ], [ 331388.9466638461, 158197.1957789862, 0.0 ], [ 331401.248295009, 158237.6042121925, 0.0 ], [ 331380.3470651176, 158272.7541506273, 0.0 ], [ 331386.6462917989, 158287.7498581507, 0.0 ], [ 331409.246004277, 158289.249428903, 0.0 ], [ 331420.4015719468, 158280.451947156, 0.0 ], [ 331420.50051268, 158261.197458696, 0.0 ], [ 331436.7515281103, 158251.7001772645, 0.0 ], [ 331427.7231862046, 158314.7521288311, 0.0 ], [ 331410.6971350308, 158348.5024678971, 0.0 ], [ 331415.7513574858, 158353.5010370715, 0.0 ], [ 331398.0986816683, 158383.8523490988, 0.0 ], [ 331383.2493266253, 158397.5484286368, 0.0 ], [ 331396.6475509145, 158457.751195774, 0.0 ], [ 331442.4488653311, 158489.6920527988, 0.0 ], [ 331411.2165738802, 158483.0839443501, 0.0 ], [ 331382.5484964316, 158461.6000940383, 0.0 ], [ 331374.3529056971, 158436.147379802, 0.0 ], [ 331369.0018610425, 158392.2499453119, 0.0 ], [ 331374.097308803, 158370.4461865729, 0.0 ], [ 331391.7005142539, 158344.00375564, 0.0 ], [ 331360.1961357865, 158287.2000155415, 0.0 ], [ 331373.6026051369, 158237.5542265008, 0.0 ], [ 331373.8004866033, 158217.7998811233, 0.0 ], [ 331357.5989415397, 158188.9481398484, 0.0 ], [ 331358.8521908271, 158110.7005379914, 0.0 ], [ 331351.5470666915, 158099.1538431984, 0.0 ], [ 331304.5996887818, 158056.795968014, 0.0 ], [ 331285.8009494713, 158028.9039520206, 0.0 ], [ 331278.5700308857, 158000.0022250539, 0.0 ], [ 331285.5371075161, 157953.475543178, 0.0 ], [ 331294.5324691774, 157932.0316814196, 0.0 ], [ 331331.5363033991, 157886.8246218058, 0.0 ], [ 331352.9899523842, 157834.4995996876, 0.0 ], [ 331354.3916127714, 157807.9971859246, 0.0 ], [ 331326.391385272, 157803.6984164346, 0.0 ], [ 331273.9940219746, 157844.0968525026, 0.0 ], [ 331215.0913054683, 157902.2801976932, 0.0 ], [ 331216.2868393279, 157936.57038223, 0.0 ], [ 331173.7093438019, 157968.631204915, 0.0 ], [ 331136.8539206799, 157970.4506840945, 0.0 ], [ 331100.4519759186, 158014.3481185846, 0.0 ], [ 331072.1961515251, 158027.3044098848, 0.0 ], [ 331069.3021350786, 158043.899659544, 0.0 ], [ 331049.3985575806, 158051.2975419222, 0.0 ], [ 331046.5540115007, 158067.9527744114, 0.0 ], [ 331028.2499758563, 158084.7979525294, 0.0 ], [ 331035.3489734643, 158094.84507657, 0.0 ], [ 331014.5961546729, 158112.150123052, 0.0 ], [ 330974.7972447379, 158172.8027614149, 0.0 ], [ 330963.963234451, 158215.8004534536, 0.0 ], [ 330954.3577382682, 158230.5862210716, 0.0 ], [ 330957.358940509, 158253.9995190848, 0.0 ], [ 330935.6579396909, 158397.3984715616, 0.0 ], [ 330950.7628916281, 158441.2959060517, 0.0 ], [ 331000.0023965239, 158510.2661635208, 0.0 ], [ 331030.8966404697, 158568.0996088693, 0.0 ], [ 331024.5974137885, 158577.5968903008, 0.0 ], [ 330977.7984469786, 158531.7000281409, 0.0 ], [ 330988.0965282939, 158576.5971764659, 0.0 ], [ 331030.0968695429, 158683.4465911391, 0.0 ], [ 331081.3976397139, 158836.2528508023, 0.0 ], [ 331202.5505675335, 159184.3532081115, 0.0 ], [ 331258.9467854651, 159360.7527142781, 0.0 ], [ 331302.901206195, 159543.8503031385, 0.0 ], [ 331411.2990244912, 159989.9526076821, 0.0 ], [ 331480.5492926793, 160384.8995552943, 0.0 ], [ 331547.2023666206, 160718.3541049224, 0.0 ], [ 331602.2463945316, 161029.4950417557, 0.0 ], [ 331615.4467373544, 161109.8020541125, 0.0 ], [ 331642.6966642935, 161316.2029724642, 0.0 ], [ 331645.1536925017, 161399.8990147213, 0.0 ], [ 331652.4505715761, 161500.000361009, 0.0 ], [ 331652.4011012095, 161626.5541353679, 0.0 ], [ 331634.5340538035, 161704.7417543948, 0.0 ], [ 331613.5998436678, 161744.8002877589, 0.0 ], [ 331620.7483116424, 161750.0987710838, 0.0 ], [ 331549.8572762951, 161820.6585735505, 0.0 ], [ 331478.8837903369, 161869.6545485985, 0.0 ], [ 331416.419207435, 161885.9098955538, 0.0 ], [ 331351.2419994308, 161887.9393146387, 0.0 ], [ 331333.0698847639, 161862.9164773513, 0.0 ], [ 331321.1969967784, 161871.4040478095, 0.0 ], [ 331299.7021224878, 161851.5997167403, 0.0 ], [ 331252.8536853113, 161824.0975891425, 0.0 ], [ 331237.9466148405, 161799.8045429546, 0.0 ], [ 331240.4531134153, 161771.6526013641, 0.0 ], [ 331154.9518297969, 161797.5951753795, 0.0 ], [ 331157.647964777, 161822.3980756232, 0.0 ], [ 331145.6019305082, 161849.900203221, 0.0 ], [ 331151.6702954787, 161876.3126427389, 0.0 ], [ 331162.3971199712, 161874.483166421, 0.0 ], [ 331222.9570937587, 161882.9007569108, 0.0 ], [ 331238.960757356, 161872.0238703872, 0.0 ], [ 331253.9997488044, 161898.0464215094, 0.0 ], [ 331260.9998056792, 161951.0512490354, 0.0 ], [ 331255.2529980917, 161999.9972383917, 0.0 ], [ 331240.0985757879, 162039.2959892412, 0.0 ], [ 331217.3009818434, 162055.2014363544, 0.0 ], [ 331165.3488518454, 162035.6470337439, 0.0 ], [ 331150.400556069, 162041.3953882945, 0.0 ], [ 331128.8974367174, 162063.1991470335, 0.0 ], [ 331064.2973829903, 162082.2536927265, 0.0 ], [ 331008.651465619, 162077.7549804695, 0.0 ], [ 330934.5036311368, 162120.202829899, 0.0 ], [ 330892.7506417208, 162130.8497822406, 0.0 ], [ 330878.8989390709, 162140.547006439, 0.0 ], [ 330895.949725428, 162186.6038228125, 0.0 ], [ 330872.946004956, 162192.8020485888, 0.0 ], [ 330841.7466937494, 162218.4547055921, 0.0 ], [ 330833.7984548479, 162237.1993399964, 0.0 ], [ 330834.9527634021, 162267.3007235649, 0.0 ], [ 330824.0527926264, 162276.6980336129, 0.0 ], [ 330818.6522776052, 162307.0493456402, 0.0 ], [ 330828.7030070875, 162332.7020026435, 0.0 ], [ 330842.9504726701, 162409.1901081511, 0.0 ], [ 330863.4971649341, 162445.0498434086, 0.0 ], [ 330868.0484386619, 162464.9541458613, 0.0 ], [ 330886.5008854062, 162484.2486228747, 0.0 ], [ 330923.7520714609, 162498.754470619, 0.0 ], [ 330952.5025995205, 162502.6033688833, 0.0 ], [ 330992.8539285493, 162529.8955565759, 0.0 ], [ 330994.1978735087, 162552.3491293075, 0.0 ], [ 331011.5537271266, 162557.4476698655, 0.0 ], [ 331012.1968418924, 162591.3979516984, 0.0 ], [ 331081.8511180745, 162629.2471174874, 0.0 ], [ 331110.8984683337, 162633.4959012857, 0.0 ], [ 331113.2977811141, 162644.0028936904, 0.0 ], [ 331146.4511718017, 162651.2508189934, 0.0 ], [ 331181.0474481818, 162647.4519064208, 0.0 ], [ 331192.9533164118, 162656.799230777, 0.0 ], [ 331245.7959130088, 162668.0959971113, 0.0 ], [ 331295.8516789536, 162691.0994124521, 0.0 ], [ 331308.202780483, 162713.1031139581, 0.0 ], [ 331348.9993428112, 162734.2970472578, 0.0 ], [ 331362.1996856341, 162726.1493795034, 0.0 ], [ 331379.2504719912, 162731.9977054376, 0.0 ], [ 331387.9490114528, 162747.4032956332, 0.0 ], [ 331405.7500983701, 162728.398735632, 0.0 ], [ 331434.8963893625, 162730.2981919182, 0.0 ], [ 331451.6998238866, 162749.202780536, 0.0 ], [ 331483.6494356534, 162760.2996041033, 0.0 ], [ 331488.7531284749, 162782.9031339102, 0.0 ], [ 331508.252697979, 162785.6523469562, 0.0 ], [ 331517.5036565344, 162797.4989558996, 0.0 ], [ 331537.4979297046, 162800.8479972465, 0.0 ], [ 331544.1022236466, 162814.7040309981, 0.0 ], [ 331568.8538970721, 162818.7528720294, 0.0 ], [ 331577.4040254339, 162810.6951785202, 0.0 ], [ 331647.2974083879, 162841.146461931, 0.0 ], [ 331671.9006707136, 162838.8971058025, 0.0 ], [ 331729.2533157329, 162850.2038692751, 0.0 ], [ 331748.8518259702, 162879.7953987879, 0.0 ], [ 331769.3490478675, 162885.9536360108, 0.0 ], [ 331842.2024077569, 162888.9527775155, 0.0 ], [ 331875.5536799108, 162928.851356666, 0.0 ], [ 331901.3030057296, 162926.8019433045, 0.0 ], [ 331913.250099265, 162908.7471114464, 0.0 ], [ 331950.0478069593, 162903.7485422719, 0.0 ], [ 332125.4862170685, 162967.3703307244, 0.0 ], [ 332212.7436987014, 163001.7204980913, 0.0 ], [ 332284.7395722362, 163019.5154043523, 0.0 ], [ 332348.6223056475, 163038.5399586303, 0.0 ], [ 332471.5066962983, 163045.1580642173, 0.0 ], [ 332541.2186879081, 163073.4999514365, 0.0 ], [ 332595.1001622038, 163147.8486693374, 0.0 ], [ 332604.5984725923, 163143.3499570804, 0.0 ], [ 332607.8964970327, 163115.347972565, 0.0 ], [ 332620.8000176559, 163104.2511489977, 0.0 ], [ 332661.2997577845, 163131.6533052121, 0.0 ], [ 332689.1021038175, 163143.0500429299, 0.0 ], [ 332735.9010706273, 163175.4507683187, 0.0 ], [ 332781.2406616223, 163216.8489182216, 0.0 ], [ 332839.5662238514, 163291.4375674428, 0.0 ], [ 332880.6678534404, 163357.2387320554, 0.0 ], [ 332916.1710865417, 163426.2389809396, 0.0 ], [ 332924.4738630705, 163448.542596596, 0.0 ], [ 332959.498882628, 163575.0463852632, 0.0 ], [ 332992.198794955, 163683.4453563805, 0.0 ], [ 333025.8468893086, 163811.7986156422, 0.0 ], [ 333040.2015406856, 163875.2504527428, 0.0 ], [ 333061.0038298437, 164000.0047421989, 0.0 ], [ 333096.5565333116, 164236.6669983327, 0.0 ], [ 333103.5236099421, 164272.1468423331, 0.0 ], [ 333123.8229503729, 164407.6480555142, 0.0 ], [ 333133.7170236942, 164941.3452862711, 0.0 ], [ 333136.0338858637, 165009.5257698107, 0.0 ], [ 333130.6581060258, 165061.3209435964, 0.0 ], [ 333117.8205458914, 165247.8975366022, 0.0 ], [ 333111.7192006765, 165263.6030409483, 0.0 ], [ 333078.6235254167, 165313.8986439817, 0.0 ], [ 333060.138098428, 165334.822654546, 0.0 ], [ 333031.5359814683, 165353.8971945157, 0.0 ], [ 333006.3390747434, 165363.704387236, 0.0 ], [ 332964.6767809995, 165369.7426587988, 0.0 ], [ 332920.0215300759, 165368.802927794, 0.0 ], [ 332833.0196453371, 165382.099121798, 0.0 ], [ 332814.7238547538, 165392.5961170644, 0.0 ], [ 332794.4162692618, 165432.7046361202, 0.0 ], [ 332779.5174438521, 165477.3018702948, 0.0 ], [ 332777.9179019985, 165534.8953843229, 0.0 ], [ 332788.8178727741, 165555.7994006104, 0.0 ], [ 332819.5224803147, 165572.6045901749, 0.0 ], [ 332772.1216240444, 165565.3966534254, 0.0 ], [ 332738.5807154851, 165578.1430048202, 0.0 ], [ 332684.1385770346, 165581.6120118273, 0.0 ], [ 332607.8635167883, 165636.7362326832, 0.0 ], [ 332566.7618871993, 165658.7399341892, 0.0 ], [ 332471.2593444653, 165691.6405164955, 0.0 ], [ 332456.962408516, 165725.9406981706, 0.0 ], [ 332411.1610940993, 165901.3404905023, 0.0 ], [ 332397.2599210829, 165911.8374857687, 0.0 ], [ 332362.6636447027, 165896.1419785609, 0.0 ], [ 332336.6587219898, 165910.7378005503, 0.0 ], [ 332249.3600150514, 165922.8443350908, 0.0 ], [ 332219.158356238, 165920.5449932706, 0.0 ], [ 332183.8612496642, 165902.3402043372, 0.0 ], [ 332148.6630838236, 165903.3399181721, 0.0 ], [ 332089.5624858509, 165899.0411486821, 0.0 ], [ 332073.657762987, 165908.0385731961, 0.0 ], [ 332041.1639771875, 165905.4393172254, 0.0 ], [ 331964.9631224911, 165907.5387162787, 0.0 ], [ 331929.8638973837, 165925.4435910616, 0.0 ], [ 331858.4616682482, 165925.2436482946, 0.0 ], [ 331846.2589778186, 165941.9388693373, 0.0 ], [ 331870.5571728835, 165943.5384114731, 0.0 ], [ 331882.3641003803, 165934.0411300416, 0.0 ], [ 331915.4597756402, 165954.5352636569, 0.0 ], [ 331925.7578569554, 165949.1368089485, 0.0 ], [ 331974.0574248856, 165965.2421988286, 0.0 ], [ 332017.2615450554, 165951.7360649192, 0.0 ], [ 332064.0605118652, 165953.735492589, 0.0 ], [ 332085.6625719501, 165967.8414547993, 0.0 ], [ 332117.5627133503, 165975.9391368619, 0.0 ], [ 332153.263827918, 165994.4438399458, 0.0 ], [ 332182.7564114767, 165998.7426094358, 0.0 ], [ 332209.7589865828, 166012.758597401, 0.0 ], [ 332252.1303555814, 166017.4372581483, 0.0 ], [ 332278.7371677546, 166034.2524448512, 0.0 ], [ 332289.7690595079, 166014.5380880271, 0.0 ], [ 332324.0932488717, 166035.422110038, 0.0 ], [ 332340.0474421024, 166028.1941790117, 0.0 ], [ 332468.6126798518, 166069.1924433806, 0.0 ], [ 332480.2217258822, 166079.1295988994, 0.0 ], [ 332478.6304290897, 166121.2875313168, 0.0 ], [ 332457.5725430375, 166123.0470276662, 0.0 ], [ 332496.9591999174, 166138.1327094347, 0.0 ], [ 332547.163376962, 166165.9347511831, 0.0 ], [ 332602.6608832335, 166182.3300580753, 0.0 ], [ 332616.158048256, 166190.9275970554, 0.0 ], [ 332651.8591628238, 166196.0261376133, 0.0 ], [ 332671.5566137943, 166192.3271964242, 0.0 ], [ 332734.7632521953, 166240.3334547757, 0.0 ], [ 332758.2616763335, 166251.430278343, 0.0 ], [ 332789.5599282733, 166257.3285899688, 0.0 ], [ 332791.7613595873, 166269.0252418371, 0.0 ], [ 332812.1596407514, 166283.0312326639, 0.0 ], [ 332874.5582631645, 166309.5336464269, 0.0 ], [ 332883.0589211597, 166318.8309850914, 0.0 ], [ 332909.1627846058, 166321.4302410621, 0.0 ], [ 332907.9590056851, 166331.227436644, 0.0 ], [ 332933.2630982043, 166331.827264945, 0.0 ], [ 332936.0581739176, 166350.0320538783, 0.0 ], [ 332999.0586857911, 166366.1274466201, 0.0 ], [ 333038.9565364593, 166371.225987178, 0.0 ], [ 333074.3608288274, 166357.6298790235, 0.0 ], [ 333128.2587932454, 166345.0334847039, 0.0 ], [ 333174.7609378555, 166356.1303082712, 0.0 ], [ 333210.9567560893, 166351.7315673977, 0.0 ], [ 333253.4600460656, 166353.23113815, 0.0 ], [ 333306.0635358905, 166370.7261302606, 0.0 ], [ 333335.3582379828, 166372.3256723964, 0.0 ], [ 333398.3587498563, 166395.0291735868, 0.0 ], [ 333417.8583193604, 166369.3265308917, 0.0 ], [ 333437.2589481313, 166365.8275324696, 0.0 ], [ 333441.0599212989, 166330.3276941926, 0.0 ], [ 333450.5582316873, 166321.6301838291, 0.0 ], [ 333482.9778119369, 166316.3117062275, 0.0 ], [ 333529.1996244696, 166331.4973593795, 0.0 ], [ 333556.0290532926, 166345.7232872499, 0.0 ], [ 333560.5968171426, 166357.3899477031, 0.0 ], [ 333592.0022548767, 166382.5927334808, 0.0 ], [ 333646.502108755, 166383.8923614661, 0.0 ], [ 333705.1986987337, 166412.8940598163, 0.0 ], [ 333715.0020763829, 166434.287935883, 0.0 ], [ 333706.1139005159, 166445.4947279721, 0.0 ], [ 333722.7029634513, 166452.7526504134, 0.0 ], [ 333729.9173919148, 166469.5178514246, 0.0 ], [ 333745.2861858073, 166465.3890332865, 0.0 ], [ 333787.7977208445, 166499.9791319737, 0.0 ], [ 333847.211631139, 166526.6814885037, 0.0 ], [ 333866.2164969771, 166527.1013683143, 0.0 ], [ 333888.2637903614, 166516.9242814751, 0.0 ], [ 333898.9493895484, 166525.2319034431, 0.0 ], [ 333912.8423175038, 166556.4729607834, 0.0 ], [ 333898.1825988661, 166585.2747163667, 0.0 ], [ 333905.677359407, 166593.7922782399, 0.0 ], [ 333953.309077388, 166611.617175916, 0.0 ], [ 333976.2880626768, 166631.4215069852, 0.0 ], [ 334017.8926409929, 166655.85451311, 0.0 ], [ 334026.1459471551, 166672.7096883663, 0.0 ], [ 334074.2888589245, 166705.3003593837, 0.0 ], [ 334105.3892293978, 166721.1958093585, 0.0 ], [ 334126.8923487494, 166740.9001690442, 0.0 ], [ 334161.6865065961, 166756.0958193346, 0.0 ], [ 334168.4886820045, 166751.3971643106, 0.0 ], [ 334189.9918013562, 166770.6216613555, 0.0 ], [ 334300.7724423106, 166830.574500034, 0.0 ], [ 334421.7769590303, 166888.0380512635, 0.0 ], [ 334466.1766130597, 166901.80411077, 0.0 ], [ 334505.8023767116, 166905.443069129, 0.0 ], [ 334537.1995693846, 166919.0891629753, 0.0 ], [ 334589.1764345659, 166954.9688925095, 0.0 ], [ 334643.5938378332, 166972.3839075133, 0.0 ], [ 334673.2925479194, 166977.9823049887, 0.0 ], [ 334685.3880525547, 166987.0797008862, 0.0 ], [ 334727.907832653, 166989.3490512914, 0.0 ], [ 334772.9506014484, 166971.5641421687, 0.0 ], [ 334786.7528337316, 166978.4621676295, 0.0 ], [ 334833.0488518143, 166983.06085127, 0.0 ], [ 334884.4485627185, 166977.962310712, 0.0 ], [ 334896.0493636878, 166958.0580082593, 0.0 ], [ 334883.5498510585, 166936.1642752752, 0.0 ], [ 334886.2459860386, 166902.463921901, 0.0 ], [ 334899.5535146557, 166890.9572156614, 0.0 ], [ 334909.3486472439, 166864.4647990368, 0.0 ], [ 334890.6488486666, 166845.560210419, 0.0 ], [ 334898.0116882299, 166821.9469696389, 0.0 ], [ 334927.388840933, 166796.1843441137, 0.0 ], [ 334909.9422916431, 166750.8673159781, 0.0 ], [ 334882.939716537, 166741.5499830369, 0.0 ], [ 334869.0880138872, 166722.1755289167, 0.0 ], [ 334878.0916206096, 166701.6813953014, 0.0 ], [ 334897.5499648082, 166696.3129320081, 0.0 ], [ 334879.5015260579, 166642.6083047977, 0.0 ], [ 334876.6982052835, 166596.0116429534, 0.0 ], [ 334869.0962589483, 166577.4069684861, 0.0 ], [ 334833.1972629141, 166569.2093150399, 0.0 ], [ 334844.7980638833, 166553.6137792156, 0.0 ], [ 334836.2974058881, 166530.2104783408, 0.0 ], [ 334841.5000394429, 166484.0137020305, 0.0 ], [ 334826.1972060393, 166444.1051257416, 0.0 ], [ 334827.2937991657, 166391.4202066429, 0.0 ], [ 334796.0532626536, 166362.3885168776, 0.0 ], [ 334767.5830666716, 166323.4596601469, 0.0 ], [ 334754.1765973212, 166292.3585627434, 0.0 ], [ 334743.6806345395, 166246.5616719671, 0.0 ], [ 334745.8820658535, 166222.2586286408, 0.0 ], [ 334734.9820950778, 166197.6556711642, 0.0 ], [ 334766.6761099504, 166196.6559573293, 0.0 ], [ 334779.77751204, 166227.7570547328, 0.0 ], [ 334793.5797443233, 166277.0629410696, 0.0 ], [ 334806.9779686126, 166288.7595929378, 0.0 ], [ 334837.2538329759, 166334.6464579593, 0.0 ], [ 334856.3658846082, 166353.4510751937, 0.0 ], [ 334870.5968600687, 166390.0106101357, 0.0 ], [ 334903.2967723957, 166371.4059356683, 0.0 ], [ 334928.196856921, 166373.2054205711, 0.0 ], [ 334962.8013783623, 166391.6101522715, 0.0 ], [ 334976.0017211852, 166421.5115930731, 0.0 ], [ 334989.3999454745, 166410.2148267388, 0.0 ], [ 334996.5978838157, 166381.3130997721, 0.0 ], [ 335029.1988554095, 166351.11174482, 0.0 ], [ 335048.7973656468, 166346.81297533, 0.0 ], [ 335082.1981081673, 166350.911802053, 0.0 ], [ 335113.001656441, 166376.5144733646, 0.0 ], [ 335127.6036596511, 166373.8052488721, 0.0 ], [ 335131.099565558, 166356.8101136789, 0.0 ], [ 335108.6977345463, 166278.5125261302, 0.0 ], [ 335112.102944781, 166257.3085956922, 0.0 ], [ 335137.2009107728, 166240.313460499, 0.0 ], [ 335162.9007662249, 166238.6139469797, 0.0 ], [ 335196.103627279, 166244.412287222, 0.0 ], [ 335206.8634320159, 166233.3254607931, 0.0 ], [ 335198.3215487152, 166190.8176285335, 0.0 ], [ 335208.6031399083, 166159.2966513194, 0.0 ], [ 335242.9025940889, 166116.0990165137, 0.0 ], [ 335290.5013318255, 166064.6037568785, 0.0 ], [ 335298.5979818268, 166027.4044050821, 0.0 ], [ 335313.8760800471, 166021.2561649976, 0.0 ], [ 335331.2566688483, 166066.2332904293, 0.0 ], [ 335263.8038239802, 166136.1032903499, 0.0 ], [ 335240.9979849745, 166179.1009823886, 0.0 ], [ 335241.286562113, 166253.7196230249, 0.0 ], [ 335227.7316816628, 166270.4048469292, 0.0 ], [ 335207.3004202543, 166278.8124402807, 0.0 ], [ 335169.4968151058, 166274.8135849411, 0.0 ], [ 335152.8582818037, 166290.3791293504, 0.0 ], [ 335164.7723950949, 166308.0640670896, 0.0 ], [ 335171.8878828251, 166351.6915788442, 0.0 ], [ 335160.7982756441, 166405.9060601104, 0.0 ], [ 335143.8711652036, 166422.6412697065, 0.0 ], [ 335126.6472325634, 166425.1705457088, 0.0 ], [ 335076.7975931461, 166399.6078629506, 0.0 ], [ 335052.3015166147, 166398.7081204992, 0.0 ], [ 335018.801833361, 166431.708674189, 0.0 ], [ 335002.1962803034, 166475.0062803781, 0.0 ], [ 334988.7980560141, 166488.7123570545, 0.0 ], [ 334958.0027528015, 166493.0111265445, 0.0 ], [ 334928.0979161878, 166486.0131297003, 0.0 ], [ 334920.4959698525, 166460.0105728547, 0.0 ], [ 334891.49808996, 166461.3102008401, 0.0 ], [ 334896.9975457144, 166504.1079501118, 0.0 ], [ 334944.9013507118, 166535.5089616658, 0.0 ], [ 334980.5035245463, 166582.705451811, 0.0 ], [ 335004.6038381449, 166632.0113381478, 0.0 ], [ 335032.0021761838, 166620.1147435126, 0.0 ], [ 335054.4040071955, 166646.9070742877, 0.0 ], [ 335069.8964770045, 166651.3058151612, 0.0 ], [ 335100.601084545, 166644.707703851, 0.0 ], [ 335087.796504655, 166626.4129406724, 0.0 ], [ 335111.5010553206, 166624.3135416192, 0.0 ], [ 335135.098420192, 166595.0119291185, 0.0 ], [ 335169.1999929061, 166602.5097828802, 0.0 ], [ 335172.1022544137, 166587.5140753568, 0.0 ], [ 335196.7962124115, 166583.2053087284, 0.0 ], [ 335208.8999621079, 166571.0087999428, 0.0 ], [ 335244.5186260647, 166561.991381152, 0.0 ], [ 335334.9999265881, 166564.0008059602, 0.0 ], [ 335355.8022157462, 166571.1987455714, 0.0 ], [ 335464.0763581259, 166576.747157355, 0.0 ], [ 335575.9371020845, 166595.6617431112, 0.0 ], [ 335628.0871135489, 166600.8202664992, 0.0 ], [ 335900.6935687346, 166658.9236345831, 0.0 ], [ 336053.6971675878, 166685.8559252951, 0.0 ], [ 336100.7022609251, 166706.0601418983, 0.0 ], [ 336134.6966478449, 166711.4585966067, 0.0 ], [ 336218.9034568705, 166715.4574519462, 0.0 ], [ 336279.70253743, 166714.1578239609, 0.0 ], [ 336327.5980973663, 166700.6616871898, 0.0 ], [ 336400.401986889, 166669.4606184029, 0.0 ], [ 336429.3009260484, 166669.2606756359, 0.0 ], [ 336469.8996069102, 166657.8639379181, 0.0 ], [ 336477.6004939786, 166664.9619061459, 0.0 ], [ 336505.0977727508, 166652.3555146879, 0.0 ], [ 336514.2003202063, 166637.8596640819, 0.0 ], [ 336504.2980018239, 166609.3578226492, 0.0 ], [ 336536.3960246905, 166608.4580801978, 0.0 ], [ 336598.0938169101, 166569.5392206055, 0.0 ], [ 336689.4408488491, 166542.2270386362, 0.0 ], [ 336710.1359522129, 166523.7323326907, 0.0 ], [ 336740.5602276759, 166506.9671316796, 0.0 ], [ 336763.6793790035, 166514.7648995918, 0.0 ], [ 336787.9198586407, 166487.4127290691, 0.0 ], [ 336806.1167084908, 166488.8823084064, 0.0 ], [ 336811.6408994286, 166470.2876310774, 0.0 ], [ 336837.8437036079, 166451.4330281514, 0.0 ], [ 336838.2394665407, 166439.1265508439, 0.0 ], [ 336862.7437881331, 166409.7349640981, 0.0 ], [ 336867.5259235718, 166391.3202352594, 0.0 ], [ 336894.2976369671, 166362.0486141737, 0.0 ], [ 336954.2639663554, 166326.2888502997, 0.0 ], [ 336999.9993202832, 166338.5253476387, 0.0 ], [ 337041.0020091389, 166312.2628651961, 0.0 ], [ 337075.7796768634, 166253.8895743768, 0.0 ], [ 337097.0766696875, 166239.7036350597, 0.0 ], [ 337159.8628099724, 166219.2894785512, 0.0 ], [ 337228.7502954721, 166224.4579990776, 0.0 ], [ 337268.1122171687, 166222.9384340486, 0.0 ], [ 337375.4794028273, 166181.8202040195, 0.0 ], [ 337398.8459059878, 166180.1106933618, 0.0 ], [ 337448.9593873603, 166203.723934142, 0.0 ], [ 337483.1434106854, 166200.3249071033, 0.0 ], [ 337492.0315865524, 166179.8707620414, 0.0 ], [ 337525.7126611504, 166144.7408178834, 0.0 ], [ 337560.9025819299, 166082.898520057, 0.0 ], [ 337583.1972271473, 166063.6040430436, 0.0 ], [ 337577.4586646209, 166010.179335707, 0.0 ], [ 337589.859236517, 165963.1827883287, 0.0 ], [ 337627.7617823987, 165932.3816050757, 0.0 ], [ 337669.3581156538, 165886.6846856828, 0.0 ], [ 337698.0591733467, 165860.8820716043, 0.0 ], [ 337801.4604846156, 165820.3836641528, 0.0 ], [ 337806.9599403701, 165807.6773013113, 0.0 ], [ 337824.5631458209, 165814.3753840051, 0.0 ], [ 337856.3561014267, 165802.5787607534, 0.0 ], [ 337912.8595051526, 165789.3825381328, 0.0 ], [ 337990.0167869367, 165775.1066245706, 0.0 ], [ 338015.9310139774, 165750.5436556473, 0.0 ], [ 338021.6283511983, 165769.5382185102, 0.0 ], [ 338055.6886986069, 165774.4768048546, 0.0 ], [ 338079.7560319611, 165765.3594146804, 0.0 ], [ 338133.8601229065, 165760.3608455059, 0.0 ], [ 338134.4620123669, 165778.8555514514, 0.0 ], [ 338092.3627303846, 165795.5607696325, 0.0 ], [ 338109.0589791143, 165810.1565916219, 0.0 ], [ 338136.9602658805, 165817.064614221, 0.0 ], [ 338128.1627856856, 165841.6575745593, 0.0 ], [ 338100.962329113, 165838.2585475207, 0.0 ], [ 338055.8618448901, 165817.6644425219, 0.0 ], [ 338016.3762472769, 165807.6573070346, 0.0 ], [ 337972.0590438585, 165821.4833493712, 0.0 ], [ 337974.7634238997, 165847.6758518454, 0.0 ], [ 337961.1590730828, 165829.3810886669, 0.0 ], [ 337926.5627967026, 165839.1782842488, 0.0 ], [ 337901.151518389, 165858.1028671433, 0.0 ], [ 337886.9122978674, 165855.5935854177, 0.0 ], [ 337852.8601955199, 165864.0811558759, 0.0 ], [ 337831.6621434289, 165878.5770064818, 0.0 ], [ 337798.962231102, 165870.6792671862, 0.0 ], [ 337741.057166989, 165898.0814234006, 0.0 ], [ 337697.2594024199, 165940.1793729879, 0.0 ], [ 337667.2638701341, 165962.2830458773, 0.0 ], [ 337646.2636995096, 165999.1924806615, 0.0 ], [ 337653.2060409567, 166014.5080966121, 0.0 ], [ 337643.6665052628, 166030.1436209898, 0.0 ], [ 337643.0069003747, 166070.7819883781, 0.0 ], [ 337618.9972824483, 166131.2046925589, 0.0 ], [ 337570.2030108519, 166187.4985786017, 0.0 ], [ 337525.3911037675, 166284.0309464988, 0.0 ], [ 337528.4665115582, 166301.8458470366, 0.0 ], [ 337544.0002066726, 166317.3614057541, 0.0 ], [ 337551.9237103908, 166339.4750757819, 0.0 ], [ 337544.4701751554, 166354.2608433999, 0.0 ], [ 337569.7330423692, 166380.6432915027, 0.0 ], [ 337605.5330976702, 166393.6395713563, 0.0 ], [ 337622.0314649335, 166388.2411166479, 0.0 ], [ 337639.8325518508, 166369.936356331, 0.0 ], [ 337673.2332943713, 166347.5427664295, 0.0 ], [ 337719.4303717208, 166329.4379488796, 0.0 ], [ 337766.9301687242, 166330.337691331, 0.0 ], [ 337767.8288803842, 166340.0449126678, 0.0 ], [ 337702.1899489583, 166349.9620739099, 0.0 ], [ 337663.3722012944, 166372.1757153212, 0.0 ], [ 337624.3483271029, 166408.5153132195, 0.0 ], [ 337597.6260840742, 166412.1342773018, 0.0 ], [ 337557.5963124284, 166401.337367885, 0.0 ], [ 337523.1814273924, 166373.8552345638, 0.0 ], [ 337519.9163831964, 166339.5250614736, 0.0 ], [ 337492.1222822245, 166323.4696572853, 0.0 ], [ 337476.0279229552, 166299.0166568838, 0.0 ], [ 337473.1833768753, 166269.9549757035, 0.0 ], [ 337441.9263502411, 166278.4825347151, 0.0 ], [ 337394.3605927488, 166277.7827350307, 0.0 ], [ 337323.5025376459, 166285.6604800497, 0.0 ], [ 337279.9438798488, 166295.8575611656, 0.0 ], [ 337248.068473632, 166292.3685598818, 0.0 ], [ 337200.1069532069, 166308.2740069949, 0.0 ], [ 337152.9287135864, 166346.4030926577, 0.0 ], [ 337143.9663321695, 166365.4676354891, 0.0 ], [ 337112.2228469303, 166390.8203783419, 0.0 ], [ 337113.7811634784, 166409.2850928724, 0.0 ], [ 337055.2000043551, 166415.7632385225, 0.0 ], [ 337005.8780488482, 166416.0531555346, 0.0 ], [ 336953.6373417117, 166443.4253203339, 0.0 ], [ 336894.2399215394, 166505.0276868399, 0.0 ], [ 336867.3362871665, 166539.527811282, 0.0 ], [ 336826.3418433718, 166577.2270199958, 0.0 ], [ 336781.0434776824, 166602.9296626908, 0.0 ], [ 336721.4399309825, 166625.9330780317, 0.0 ], [ 336687.7423662623, 166621.9342226921, 0.0 ], [ 336668.2427967582, 166632.2312751915, 0.0 ], [ 336623.7359569345, 166643.7279842928, 0.0 ], [ 336585.8416561138, 166676.3286524486, 0.0 ], [ 336580.5400818258, 166718.7265161863, 0.0 ], [ 336595.4389072355, 166755.5259824487, 0.0 ], [ 336610.1398511787, 166764.8333182515, 0.0 ], [ 336619.7371023005, 166795.8344442715, 0.0 ], [ 336635.443943698, 166795.734472888, 0.0 ], [ 336638.5440866721, 166819.9275476924, 0.0 ], [ 336666.6432549046, 166831.9341108494, 0.0 ], [ 336726.4364380098, 166901.5341880346, 0.0 ], [ 336744.7404736542, 166903.5336157044, 0.0 ], [ 336759.9361212635, 166941.8326527191, 0.0 ], [ 336778.9409871016, 166959.2276734462, 0.0 ], [ 336786.2378661761, 166989.1291142478, 0.0 ], [ 336826.2593927608, 167041.0342565553, 0.0 ], [ 336936.77619176, 167105.1858933403, 0.0 ], [ 336975.8165560737, 167119.2518669972, 0.0 ], [ 337000.2219369329, 167138.2464298602, 0.0 ], [ 337120.0226747319, 167255.7128054599, 0.0 ], [ 337130.4196967804, 167263.0107164546, 0.0 ], [ 337241.4229543845, 167372.6093441738, 0.0 ], [ 337378.2167631129, 167509.6101281073, 0.0 ], [ 337438.7684918393, 167568.5432586742, 0.0 ], [ 337566.9627018392, 167696.8665265209, 0.0 ], [ 337595.2597515382, 167698.5660400402, 0.0 ], [ 337624.2576314308, 167713.0718877845, 0.0 ], [ 337786.6605999391, 167892.8704209897, 0.0 ], [ 337881.1407550966, 168027.5018831345, 0.0 ], [ 337928.0881330063, 168110.6580799208, 0.0 ], [ 337922.7041081073, 168217.6574516692, 0.0 ], [ 337999.8036744636, 168339.0926911935, 0.0 ], [ 338027.391648908, 168377.5716766985, 0.0 ], [ 338083.8703174505, 168441.6033478233, 0.0 ], [ 338096.2708893465, 168473.7041590617, 0.0 ], [ 338142.6740932235, 168543.3042362468, 0.0 ], [ 338192.5567128852, 168583.392761026, 0.0 ], [ 338203.9019169603, 168580.6235537033, 0.0 ], [ 338242.0270794918, 168594.8194901588, 0.0 ], [ 338248.2026302565, 168609.6152549151, 0.0 ], [ 338235.6206670163, 168616.4732918225, 0.0 ], [ 338278.0992218091, 168676.2461820107, 0.0 ], [ 338293.8967588788, 168707.2972937224, 0.0 ], [ 338330.6202610231, 168751.3746767028, 0.0 ], [ 338344.3235525732, 168787.4643461423, 0.0 ], [ 338393.002393314, 168722.0430727871, 0.0 ], [ 338385.3839568566, 168668.1484999481, 0.0 ], [ 338395.8881646994, 168657.9214274171, 0.0 ], [ 338390.1990725396, 168636.3076143067, 0.0 ], [ 338342.4024533366, 168648.2142060803, 0.0 ], [ 338286.1793816882, 168641.6660804618, 0.0 ], [ 338328.7403870921, 168642.7057828501, 0.0 ], [ 338375.3991878632, 168629.3096174625, 0.0 ], [ 338393.2992155137, 168633.3084728021, 0.0 ], [ 338405.6997874097, 168648.2142060803, 0.0 ], [ 338429.7918559471, 168728.8811154177, 0.0 ], [ 338426.6092623621, 168766.8602440052, 0.0 ], [ 338401.0578180098, 168839.1295571295, 0.0 ], [ 338393.3734210636, 168875.0992609089, 0.0 ], [ 338404.3311072669, 168938.2711781357, 0.0 ], [ 338394.626670351, 168988.8666953196, 0.0 ], [ 338411.7269270746, 169058.1668583543, 0.0 ], [ 338424.9272698975, 169081.2702450786, 0.0 ], [ 338454.9310472444, 169115.5704267538, 0.0 ], [ 338481.0266656294, 169180.3718775314, 0.0 ], [ 338508.6311301959, 169295.9687882599, 0.0 ], [ 338539.8304414024, 169413.4651552747, 0.0 ], [ 338574.4267177826, 169513.2665874119, 0.0 ], [ 338587.7260013387, 169571.6698696463, 0.0 ], [ 338598.3291499147, 169602.9709098167, 0.0 ], [ 338618.0266008853, 169640.37020438, 0.0 ], [ 338643.4378791988, 169643.1794002561, 0.0 ], [ 338660.7607525723, 169750.0188177909, 0.0 ], [ 338675.6018625542, 169794.8259918708, 0.0 ], [ 338714.5267960125, 169986.0712484855, 0.0 ], [ 338721.2300306877, 169995.9684154509, 0.0 ], [ 338789.3672156272, 170048.8232859017, 0.0 ], [ 338831.8210352368, 170144.0760200901, 0.0 ], [ 338856.1687006683, 170182.1451229228, 0.0 ], [ 338893.2632305622, 170212.3864664283, 0.0 ], [ 338937.3907975752, 170229.6515243568, 0.0 ], [ 339000.003791577, 170239.9485768562, 0.0 ], [ 339057.4718674517, 170230.5312725315, 0.0 ], [ 339112.7302669513, 170255.644084064, 0.0 ], [ 339153.650505196, 170255.8240325543, 0.0 ], [ 339189.1290031141, 170230.4612925631, 0.0 ], [ 339215.3482974155, 170217.3850356027, 0.0 ], [ 339224.7971374374, 170227.8920280074, 0.0 ], [ 339214.7876332607, 170254.6443702291, 0.0 ], [ 339218.7122823448, 170267.8605871264, 0.0 ], [ 339245.5664463511, 170292.8434358603, 0.0 ], [ 339255.6913813832, 170315.5969227424, 0.0 ], [ 339277.4006272624, 170332.5020836905, 0.0 ], [ 339295.9520147399, 170326.2538722224, 0.0 ], [ 339312.9038603638, 170341.399536821, 0.0 ], [ 339296.0509554731, 170357.6048980846, 0.0 ], [ 339281.8034898904, 170388.046184357, 0.0 ], [ 339265.6019448267, 170381.9979156559, 0.0 ], [ 339233.6028626934, 170392.7548365194, 0.0 ], [ 339212.3965655413, 170406.2009875987, 0.0 ], [ 339237.1977093334, 170417.3977825494, 0.0 ], [ 339247.9492690093, 170432.9033441286, 0.0 ], [ 339215.1504159491, 170464.8042126, 0.0 ], [ 339211.4978538813, 170486.3980314337, 0.0 ], [ 339222.5462357568, 170506.3023338864, 0.0 ], [ 339204.8275994505, 170521.677932667, 0.0 ], [ 339199.0478116187, 170478.1503922958, 0.0 ], [ 339206.3034653876, 170430.0041740074, 0.0 ], [ 339189.203208664, 170417.7476823917, 0.0 ], [ 339186.3009471564, 170390.795397403, 0.0 ], [ 339208.9913553066, 170355.3555419561, 0.0 ], [ 339229.2577154931, 170345.7382948644, 0.0 ], [ 339190.2008610572, 170302.1007859714, 0.0 ], [ 339160.6505620708, 170324.5443615647, 0.0 ], [ 339137.0037268329, 170352.9962173057, 0.0 ], [ 339102.597086858, 170369.5514784115, 0.0 ], [ 339121.1979447021, 170399.3029621379, 0.0 ], [ 339140.0461543792, 170410.7996712392, 0.0 ], [ 339151.9520226092, 170435.8025142498, 0.0 ], [ 339142.2970560598, 170448.7488084116, 0.0 ], [ 339141.2004629333, 170493.0961141274, 0.0 ], [ 339149.899002395, 170507.9518617139, 0.0 ], [ 339135.8988886453, 170524.2971829144, 0.0 ], [ 339065.5025569642, 170569.2043283777, 0.0 ], [ 339020.8967764072, 170571.4536845062, 0.0 ], [ 338963.6018468157, 170624.798414736, 0.0 ], [ 338959.800873648, 170644.5027744217, 0.0 ], [ 338967.0977527225, 170664.1971369691, 0.0 ], [ 339000.003791577, 170709.1042824324, 0.0 ], [ 339049.3504822671, 170744.7040920929, 0.0 ], [ 339137.8034977597, 170798.2487650897, 0.0 ], [ 339257.9505281249, 170851.8034352249, 0.0 ], [ 339319.9533876052, 170881.8048474099, 0.0 ], [ 339366.752354415, 170912.5960335246, 0.0 ], [ 339423.6020507071, 170956.7533936118, 0.0 ], [ 339463.796723575, 170975.8979135499, 0.0 ], [ 339534.9516008775, 171037.1503802137, 0.0 ], [ 339544.2520297995, 171057.5545395839, 0.0 ], [ 339558.5984361154, 171062.9529942923, 0.0 ], [ 339588.0003240019, 171098.6527753363, 0.0 ], [ 339615.5965435074, 171118.2971521919, 0.0 ], [ 339791.801744299, 171181.9989177512, 0.0 ], [ 339842.5006250096, 171202.3031057378, 0.0 ], [ 339876.5527273571, 171237.2531014056, 0.0 ], [ 339904.2973579624, 171284.7994913931, 0.0 ], [ 339918.6025389727, 171335.9548483244, 0.0 ], [ 339919.1467130054, 171377.3529982273, 0.0 ], [ 339909.0959835232, 171375.9533988585, 0.0 ], [ 339918.8004204392, 171399.3966882867, 0.0 ], [ 339972.9539817512, 171427.2987014185, 0.0 ], [ 339977.8020776787, 171453.0513298053, 0.0 ], [ 339967.3473402025, 171473.7454061875, 0.0 ], [ 339986.5995578736, 171498.8982062734, 0.0 ], [ 340015.2016748333, 171519.802222561, 0.0 ], [ 340039.1535773319, 171551.7530767241, 0.0 ], [ 340072.7027309523, 171570.0978255944, 0.0 ], [ 340104.5039316193, 171577.6456650478, 0.0 ], [ 340165.5008936452, 171607.9969770751, 0.0 ], [ 340194.9522518984, 171655.0035215917, 0.0 ], [ 340204.3516215536, 171687.3042755971, 0.0 ], [ 340205.8027523074, 171717.0457621851, 0.0 ], [ 340196.8980863182, 171750.4961871006, 0.0 ], [ 340217.8487865761, 171861.2544828682, 0.0 ], [ 340187.0040129969, 171881.4986880248, 0.0 ], [ 340183.104099096, 171891.3458692984, 0.0 ], [ 340204.5000326534, 171933.7037444828, 0.0 ], [ 340181.9497905419, 171946.8999671034, 0.0 ], [ 340215.0537108628, 171978.95079265, 0.0 ], [ 340210.7003186014, 171995.7959707679, 0.0 ], [ 340222.2021788374, 172023.048169907, 0.0 ], [ 340233.2010903463, 172028.1966961567, 0.0 ], [ 340256.9468663175, 172068.6451179164, 0.0 ], [ 340280.799828083, 172096.8470451987, 0.0 ], [ 340282.8033779305, 172118.000989945, 0.0 ], [ 340304.7517305817, 172133.9964113033, 0.0 ], [ 340301.1981092471, 172168.3465786702, 0.0 ], [ 340321.3985089448, 172205.64590185, 0.0 ], [ 340341.9534462699, 172229.2991311835, 0.0 ], [ 340374.6533585968, 172255.8515306382, 0.0 ], [ 340394.2023984675, 172289.3519412454, 0.0 ], [ 340415.9528696522, 172309.9460462442, 0.0 ], [ 340423.1508079935, 172331.199962374, 0.0 ], [ 340459.000333661, 172365.9500152748, 0.0 ], [ 340483.70253672, 172403.6992096803, 0.0 ], [ 340499.7474256227, 172443.3978460639, 0.0 ], [ 340529.8996140694, 172478.2978560399, 0.0 ], [ 340642.7497653601, 172598.4534618555, 0.0 ], [ 340692.2036418446, 172640.6013971346, 0.0 ], [ 340751.7000027501, 172699.8544361286, 0.0 ], [ 340767.7036663474, 172694.795884124, 0.0 ], [ 340764.9498159396, 172709.7016174023, 0.0 ], [ 340836.5004561749, 172793.6475881181, 0.0 ], [ 340862.7032603542, 172845.4027733504, 0.0 ], [ 340888.7494083726, 172872.1451184338, 0.0 ], [ 340893.0533302674, 172901.4467309345, 0.0 ], [ 340886.5479770586, 172936.846597828, 0.0 ], [ 340858.7538760868, 172944.6543628785, 0.0 ], [ 340844.8527030703, 172974.295878083, 0.0 ], [ 340831.8007713473, 172979.2044730123, 0.0 ], [ 340846.0977072966, 173002.5977767488, 0.0 ], [ 340873.5784959466, 173005.7068867753, 0.0 ], [ 340886.498506692, 173030.539778434, 0.0 ], [ 340941.7321710082, 173081.6651439503, 0.0 ], [ 340962.7323416328, 173119.074435652, 0.0 ], [ 340979.1317681628, 173128.071860166, 0.0 ], [ 340973.030422948, 173148.6659651648, 0.0 ], [ 340981.1270729493, 173163.77164121, 0.0 ], [ 341045.0262964828, 173224.5742366481, 0.0 ], [ 341059.5293589597, 173231.7721762593, 0.0 ], [ 341082.228012171, 173260.7738746095, 0.0 ], [ 341133.528782342, 173304.4713663326, 0.0 ], [ 341192.3325581151, 173338.9714907747, 0.0 ], [ 341281.62656984, 173411.2707953141, 0.0 ], [ 341305.1332390392, 173411.3707666976, 0.0 ], [ 341343.8273107867, 173450.3696033967, 0.0 ], [ 341371.5307160864, 173465.1653681531, 0.0 ], [ 341432.1319151795, 173517.1704818441, 0.0 ], [ 341455.4324578512, 173532.8659890519, 0.0 ], [ 341460.8329728724, 173550.4709496844, 0.0 ], [ 341507.9287618819, 173589.0699008495, 0.0 ], [ 341541.2305636692, 173605.3652363583, 0.0 ], [ 341549.0303914709, 173621.8705117723, 0.0 ], [ 341583.3298456515, 173644.7739557297, 0.0 ], [ 341606.7293290564, 173640.4651891013, 0.0 ], [ 341619.6328496796, 173650.5722959721, 0.0 ], [ 341628.232448408, 173674.7653707764, 0.0 ], [ 341660.932360735, 173690.97073204, 0.0 ], [ 341667.3305281494, 173711.5748341771, 0.0 ], [ 341721.929322761, 173747.4745579881, 0.0 ], [ 341762.0332999567, 173781.7747396632, 0.0 ], [ 341778.3337857536, 173803.4685298804, 0.0 ], [ 341803.9264554114, 173812.2660116274, 0.0 ], [ 341819.2292888151, 173832.970085148, 0.0 ], [ 341837.2282571988, 173836.4690835701, 0.0 ], [ 341868.5924696273, 173879.4767727471, 0.0 ], [ 341872.3604625505, 173916.4161989464, 0.0 ], [ 341922.6965605727, 173970.5706973825, 0.0 ], [ 341962.4212649578, 173985.0065651583, 0.0 ], [ 342013.9528968397, 174036.1219335363, 0.0 ], [ 342048.3512917535, 174063.1242042167, 0.0 ], [ 342097.9865595821, 174094.9950812731, 0.0 ], [ 342162.8834355089, 174158.3069584367, 0.0 ], [ 342182.7210525181, 174155.907645233, 0.0 ], [ 342225.6613307326, 174188.7382475708, 0.0 ], [ 342319.2592643523, 174250.3406140768, 0.0 ], [ 342319.9600945459, 174263.236922547, 0.0 ], [ 342352.5610661397, 174296.3374476202, 0.0 ], [ 342391.2633829482, 174310.543381214, 0.0 ], [ 342425.2577698681, 174342.9441066029, 0.0 ], [ 342444.2626357061, 174384.2422851222, 0.0 ], [ 342467.662119111, 174385.8418272581, 0.0 ], [ 342485.4632060283, 174402.5370483007, 0.0 ], [ 342553.1634027294, 174424.7406925737, 0.0 ], [ 342556.2635457034, 174443.4353412862, 0.0 ], [ 342607.5560708134, 174450.1434211183, 0.0 ], [ 342712.8619911966, 174492.541284856, 0.0 ], [ 342757.8635346864, 174528.9408655844, 0.0 ], [ 342796.4586657007, 174544.0365444913, 0.0 ], [ 342854.5616112801, 174550.9445670904, 0.0 ], [ 342862.9633285422, 174548.0353998308, 0.0 ], [ 342886.8575156131, 174568.7394733515, 0.0 ], [ 342877.6560274243, 174582.0356673555, 0.0 ], [ 342896.059003802, 174623.7437285472, 0.0 ], [ 342922.8636974416, 174646.4372325992, 0.0 ], [ 342946.7578845127, 174679.3378149055, 0.0 ], [ 342964.7568528964, 174693.8436626498, 0.0 ], [ 342975.8629501995, 174718.6365657551, 0.0 ], [ 343003.5581104381, 174740.0404389601, 0.0 ], [ 343010.3602858465, 174765.0432819707, 0.0 ], [ 343040.2568773991, 174805.2417752717, 0.0 ], [ 343061.3807239402, 174816.8384557565, 0.0 ], [ 343084.0876222126, 174853.757887679, 0.0 ], [ 343125.0490857628, 174887.8681237255, 0.0 ], [ 343133.6816647357, 174886.3585558348, 0.0 ], [ 343168.4263522158, 174926.9869260848, 0.0 ], [ 343188.2969494694, 174932.9952062325, 0.0 ], [ 343175.0966066465, 174953.3993656026, 0.0 ], [ 343178.5018168813, 174972.6038683709, 0.0 ], [ 343219.9992094031, 175022.6995286373, 0.0 ], [ 343233.2984929592, 175028.8977544137, 0.0 ], [ 343237.3962883264, 175047.0025719635, 0.0 ], [ 343198.298208585, 175081.7026391726, 0.0 ], [ 343211.3006699415, 175093.8991479583, 0.0 ], [ 343225.5976058908, 175077.8037552166, 0.0 ], [ 343234.7990940796, 175089.3004643178, 0.0 ], [ 343228.5988081315, 175104.1962004577, 0.0 ], [ 343275.3977749414, 175191.8011238092, 0.0 ], [ 343286.3966864503, 175193.7005800955, 0.0 ], [ 343301.3037569211, 175226.1013054844, 0.0 ], [ 343358.0710026021, 175256.1327090845, 0.0 ], [ 343361.6988294866, 175285.5043015536, 0.0 ], [ 343374.6023501098, 175293.5020122327, 0.0 ], [ 343371.8979700687, 175315.7956307508, 0.0 ], [ 343400.302205562, 175343.3977297322, 0.0 ], [ 343411.9030065312, 175367.6008016749, 0.0 ], [ 343437.5039212501, 175374.2988843687, 0.0 ], [ 343431.5015167685, 175391.5039594671, 0.0 ], [ 343447.200113105, 175418.9960899267, 0.0 ], [ 343478.0036613788, 175423.6047707055, 0.0 ], [ 343467.5983942691, 175440.6998772822, 0.0 ], [ 343473.8976209504, 175454.1960140532, 0.0 ], [ 343510.2995657118, 175458.9046662155, 0.0 ], [ 343513.0039457529, 175482.098027185, 0.0 ], [ 343527.5977039019, 175476.6995724766, 0.0 ], [ 343536.7002513575, 175503.0020434726, 0.0 ], [ 343555.5979314012, 175498.7032739826, 0.0 ], [ 343575.3036274328, 175505.1014425259, 0.0 ], [ 343579.7971857329, 175523.3962057044, 0.0 ], [ 343599.8986446974, 175537.8020820652, 0.0 ], [ 343593.096469289, 175553.3976178895, 0.0 ], [ 343604.103625859, 175557.8963301465, 0.0 ], [ 343631.8977268307, 175588.397599249, 0.0 ], [ 343655.0003880361, 175604.7029318961, 0.0 ], [ 343660.6977252569, 175621.8980098563, 0.0 ], [ 343679.7025910949, 175631.2953199042, 0.0 ], [ 343708.7004709875, 175661.6966176233, 0.0 ], [ 343721.9008138104, 175693.6974574781, 0.0 ], [ 343768.7987213534, 175699.595769104, 0.0 ], [ 343801.9026416743, 175715.1013306832, 0.0 ], [ 343822.5977450381, 175730.996780658, 0.0 ], [ 343840.8028399493, 175758.1989941054, 0.0 ], [ 343839.2032980957, 175783.8016654169, 0.0 ], [ 343850.1032688714, 175798.8973443238, 0.0 ], [ 343859.6015792598, 175841.595122212, 0.0 ], [ 343884.6995452516, 175897.5990912426, 0.0 ], [ 343886.9009765656, 175910.7953138632, 0.0 ], [ 343924.4984551866, 175929.7998738645, 0.0 ], [ 343972.8969638501, 175939.297155296, 0.0 ], [ 344011.2035177257, 176002.1991497873, 0.0 ], [ 344045.7008533727, 176025.0026223612, 0.0 ], [ 344092.1040572498, 176064.4013445943, 0.0 ], [ 344119.8981582216, 176098.4016121189, 0.0 ], [ 344118.4964978344, 176120.295345103, 0.0 ], [ 344224.8000706109, 176168.3016034545, 0.0 ], [ 344259.2974062579, 176213.8985514639, 0.0 ], [ 344293.1021567724, 176248.998504207, 0.0 ], [ 344317.5982333038, 176259.7954136238, 0.0 ], [ 344351.0979165575, 176288.2972550566, 0.0 ], [ 344377.39966147, 176334.5040285053, 0.0 ], [ 344395.8026378477, 176342.1018536504, 0.0 ], [ 344440.4001733435, 176389.5982579461, 0.0 ], [ 344443.4013755843, 176406.5034188941, 0.0 ], [ 344464.3026054756, 176427.0975238929, 0.0 ], [ 344498.8988818558, 176495.3979730927, 0.0 ], [ 344498.7010003894, 176501.6961702525, 0.0 ], [ 344556.8039459689, 176553.3013984096, 0.0 ], [ 344586.8984189879, 176572.0960185056, 0.0 ], [ 344624.8009648696, 176578.0043272698, 0.0 ], [ 344694.4964663572, 176605.5964291128, 0.0 ], [ 344720.3035076036, 176636.9974406667, 0.0 ], [ 344746.4980667219, 176645.2950654963, 0.0 ], [ 344803.9001821077, 176643.795494744, 0.0 ], [ 344860.197459306, 176612.2045375614, 0.0 ], [ 344874.6015810497, 176609.1953989184, 0.0 ], [ 344903.500520209, 176619.8023627066, 0.0 ], [ 344946.2016916516, 176626.1005598664, 0.0 ], [ 344967.2018622761, 176634.198241929, 0.0 ], [ 345015.3035487399, 176664.8994537985, 0.0 ], [ 345075.987198444, 176652.2530737872, 0.0 ], [ 345127.8981031366, 176672.7971930942, 0.0 ], [ 345157.5968132227, 176696.8003222699, 0.0 ], [ 345181.598186088, 176693.0014096973, 0.0 ], [ 345252.9014744904, 176709.2967452061, 0.0 ], [ 345270.001731214, 176698.0999502553, 0.0 ], [ 345296.097349599, 176695.3007515176, 0.0 ], [ 345320.1976631975, 176710.096516274, 0.0 ], [ 345356.203845026, 176703.1984908132, 0.0 ], [ 345380.7988622906, 176708.3970027547, 0.0 ], [ 345423.3021522668, 176708.0970886042, 0.0 ], [ 345454.3035820069, 176720.3035945282, 0.0 ], [ 345475.6995155643, 176736.7988728039, 0.0 ], [ 345514.8965360389, 176732.7000460809, 0.0 ], [ 345528.0968788617, 176744.7965834831, 0.0 ], [ 345574.9040907327, 176741.097642294, 0.0 ], [ 345593.199881316, 176747.2958680703, 0.0 ], [ 345642.2992201731, 176748.1956105217, 0.0 ], [ 345677.0026823476, 176755.4035472713, 0.0 ], [ 345699.6023948257, 176773.3983962993, 0.0 ], [ 345716.6037108162, 176796.1018974897, 0.0 ], [ 345752.5027068504, 176809.3980914938, 0.0 ], [ 345824.2017581855, 176878.9981686789, 0.0 ], [ 345901.796028208, 176895.7033868599, 0.0 ], [ 345912.6959989836, 176902.4014695537, 0.0 ], [ 345950.7964263319, 176944.499419141, 0.0 ], [ 345975.3996886575, 176961.404580089, 0.0 ], [ 346047.0987399927, 176990.3962813009, 0.0 ], [ 346089.2969627081, 177016.5987809134, 0.0 ], [ 346117.099308741, 177052.1985905739, 0.0 ], [ 346103.8989659182, 177070.8032650412, 0.0 ], [ 346154.3010244292, 177101.4045055272, 0.0 ], [ 346177.9973300337, 177120.2990970067, 0.0 ], [ 346147.9028570147, 177109.3022448229, 0.0 ], [ 346127.8013980503, 177112.0014721771, 0.0 ], [ 346087.5984801213, 177128.1968363023, 0.0 ], [ 346104.0968473846, 177141.7029702117, 0.0 ], [ 346138.0005386323, 177149.4007667404, 0.0 ], [ 346132.8968458108, 177172.3042106977, 0.0 ], [ 346151.4977036548, 177197.5969707205, 0.0 ], [ 346218.0023664963, 177237.3955784875, 0.0 ], [ 346256.2017345777, 177250.0019699455, 0.0 ], [ 346277.9027353958, 177248.1025136592, 0.0 ], [ 346287.4010457842, 177236.3958646526, 0.0 ], [ 346270.5976112602, 177208.5038486592, 0.0 ], [ 346290.0971807643, 177227.9982684396, 0.0 ], [ 346296.7014747063, 177222.4998423476, 0.0 ], [ 346310.0996989956, 177246.3030287564, 0.0 ], [ 346323.2011010852, 177232.0970951626, 0.0 ], [ 346342.2966625954, 177242.8040303343, 0.0 ], [ 346349.5028459977, 177266.9971051387, 0.0 ], [ 346346.097635763, 177294.2992899696, 0.0 ], [ 346354.6972344914, 177308.1953122745, 0.0 ], [ 346384.0001816447, 177328.5994716447, 0.0 ], [ 346389.2028151995, 177349.0036310148, 0.0 ], [ 346404.7035300696, 177359.3006835142, 0.0 ], [ 346409.6010963636, 177385.8030972772, 0.0 ], [ 346422.1006089929, 177396.799949461, 0.0 ], [ 346431.2031564486, 177426.2015333451, 0.0 ], [ 346449.9029550258, 177436.198671694, 0.0 ], [ 346458.7004352207, 177480.0961061841, 0.0 ], [ 346457.2987748335, 177510.8972894371, 0.0 ], [ 346439.4976879162, 177542.1983296076, 0.0 ], [ 346394.29826296, 177550.4959544372, 0.0 ], [ 346384.997834038, 177573.499369778, 0.0 ], [ 346394.29826296, 177587.1954493161, 0.0 ], [ 346420.3031856728, 177585.0960502628, 0.0 ], [ 346438.3021540566, 177601.9012398273, 0.0 ], [ 346485.0021801332, 177601.4013829099, 0.0 ], [ 346632.9020861647, 177591.004359027, 0.0 ], [ 346717.8014803228, 177597.7024417208, 0.0 ], [ 346766.0021075198, 177591.6041873279, 0.0 ], [ 346816.6020474972, 177592.4039583959, 0.0 ], [ 346838.3030483153, 177586.9955065491, 0.0 ], [ 346883.1974060108, 177589.0949056023, 0.0 ], [ 346928.7431235333, 177598.5821898955, 0.0 ], [ 346988.0003776669, 177597.9023844877, 0.0 ], [ 347012.1996319987, 177606.2000093173, 0.0 ], [ 347143.0982220397, 177603.0009250457, 0.0 ], [ 347232.4004788257, 177625.8043976196, 0.0 ], [ 347303.5965814337, 177615.2974052149, 0.0 ], [ 347376.20258949, 177607.4996373027, 0.0 ], [ 347414.0968903106, 177611.4984926423, 0.0 ], [ 347421.7977773791, 177625.8043976196, 0.0 ], [ 347462.0996360413, 177615.8972335158, 0.0 ], [ 347491.7983461274, 177596.3028423519, 0.0 ], [ 347520.5983445536, 177569.9003999724, 0.0 ], [ 347538.3994314708, 177527.4025648512, 0.0 ], [ 347587.4410549002, 177478.9364381357, 0.0 ], [ 347635.8478086247, 177472.328329687, 0.0 ], [ 347552.2263989374, 177370.3175299747, 0.0 ], [ 347547.8812517371, 177345.1447356121, 0.0 ], [ 347563.3737215461, 177332.4983556008, 0.0 ], [ 347576.5987995522, 177343.2252850491, 0.0 ], [ 347607.73215027, 177318.2824248686, 0.0 ], [ 347653.8137967641, 177324.6805934119, 0.0 ], [ 347720.598791683, 177319.8019898976, 0.0 ], [ 347763.3989038587, 177285.201894072, 0.0 ], [ 347785.7017941372, 177273.5952164489, 0.0 ], [ 347817.9399830425, 177269.9262666749, 0.0 ], [ 347853.0969235776, 177303.996514168, 0.0 ], [ 347855.8013036188, 177378.2952463771, 0.0 ], [ 347848.8012467439, 177392.301237204, 0.0 ], [ 347888.196148685, 177383.9036409909, 0.0 ], [ 347988.9013249738, 177374.796247955, 0.0 ], [ 348078.3025224931, 177360.2004259656, 0.0 ], [ 348203.9984789793, 177357.9010841453, 0.0 ], [ 348232.0976472119, 177362.7996819363, 0.0 ], [ 348258.9023408515, 177359.9005118151, 0.0 ], [ 348318.7037690178, 177362.7996819363, 0.0 ], [ 348407.0001283495, 177372.5968775183, 0.0 ], [ 348467.1973194486, 177388.7022673984, 0.0 ], [ 348530.5028985829, 177392.4012085875, 0.0 ], [ 348566.4018946171, 177407.1969733438, 0.0 ], [ 348604.8980848981, 177399.3992054317, 0.0 ], [ 348637.5979972251, 177415.5045953118, 0.0 ], [ 348704.5973637326, 177431.4000452866, 0.0 ], [ 348719.6033749366, 177430.0004459177, 0.0 ], [ 348776.8983045281, 177457.7025162826, 0.0 ], [ 348829.1967270924, 177460.0018581028, 0.0 ], [ 348871.7989578018, 177477.3968788299, 0.0 ], [ 348948.4038204922, 177492.1026693412, 0.0 ], [ 348976.7998109243, 177481.3957341695, 0.0 ], [ 349006.0038173444, 177484.90472973, 0.0 ], [ 349015.098119739, 177464.4005989763, 0.0 ], [ 349041.201983185, 177432.3997591214, 0.0 ], [ 349025.297260321, 177419.6034220349, 0.0 ], [ 349003.5962595029, 177378.1952749936, 0.0 ], [ 349016.5987208593, 177322.6011886353, 0.0 ], [ 349030.0958858819, 177305.2961421534, 0.0 ], [ 349064.197458596, 177331.5986131493, 0.0 ], [ 349092.9974570221, 177324.3007021546, 0.0 ], [ 349116.800948421, 177327.3998150428, 0.0 ], [ 349134.5030946051, 177315.4032490241, 0.0 ], [ 349223.0962761364, 177318.6023332957, 0.0 ], [ 349238.9020582672, 177312.8039930534, 0.0 ], [ 349254.6006546037, 177344.4049473743, 0.0 ], [ 349251.0965036358, 177353.6023146553, 0.0 ], [ 349235.9008560264, 177320.6017609655, 0.0 ], [ 349165.9002872781, 177330.298985164, 0.0 ], [ 349163.5009744976, 177343.2952650176, 0.0 ], [ 349138.1968819784, 177334.6977260375, 0.0 ], [ 349118.7962532075, 177348.9036596313, 0.0 ], [ 349091.9998046289, 177346.7042891945, 0.0 ], [ 349078.0986316124, 177357.0013416939, 0.0 ], [ 349040.0971449975, 177363.4994816207, 0.0 ], [ 349039.1984333374, 177391.0016092186, 0.0 ], [ 349076.5980304921, 177426.6014188791, 0.0 ], [ 349064.8982887896, 177461.5014288551, 0.0 ], [ 349081.0008931201, 177469.8990250682, 0.0 ], [ 349051.9040724942, 177479.9961348006, 0.0 ], [ 349038.9016111378, 177522.2040529097, 0.0 ], [ 349086.0963408806, 177521.2043390749, 0.0 ], [ 349123.8010052958, 177477.5968215969, 0.0 ], [ 349119.8021506618, 177512.8967171069, 0.0 ], [ 349135.5007469983, 177516.0958013786, 0.0 ], [ 349166.7989989381, 177489.20349922, 0.0 ], [ 349184.896908055, 177500.6002369378, 0.0 ], [ 349162.1982548436, 177538.0995028845, 0.0 ], [ 349192.4988543902, 177571.5999134918, 0.0 ], [ 349199.3999705318, 177595.8029854345, 0.0 ], [ 349221.7028608103, 177629.2034246582, 0.0 ], [ 349228.2989096912, 177615.5973193653, 0.0 ], [ 349242.7030314348, 177637.9009350218, 0.0 ], [ 349241.1034895812, 177656.4956123507, 0.0 ], [ 349313.8991340428, 177721.9968628128, 0.0 ], [ 349339.4011080285, 177738.5021382269, 0.0 ], [ 349359.2964404655, 177762.4952702643, 0.0 ], [ 349385.4003039115, 177780.3001736637, 0.0 ], [ 349408.7997873165, 177806.9025588102, 0.0 ], [ 349427.6974673602, 177817.49952546, 0.0 ], [ 349442.2994705702, 177837.5037992962, 0.0 ], [ 349499.9984081557, 177856.1984480087, 0.0 ], [ 349504.6980929834, 177869.0547679254, 0.0 ], [ 349529.8537744028, 177866.895386042, 0.0 ], [ 349546.5500231325, 177878.1521638229, 0.0 ], [ 349596.5480736496, 177939.9544730959, 0.0 ], [ 349617.2019517079, 177992.1495324156, 0.0 ], [ 349616.4516511477, 178008.5548364461, 0.0 ], [ 349569.1497356107, 178049.353158048, 0.0 ], [ 349591.848388822, 178047.40371607, 0.0 ], [ 349612.2466699861, 178031.8981544908, 0.0 ], [ 349631.8534252846, 178043.8047462644, 0.0 ], [ 349637.7981143384, 178065.4485507898, 0.0 ], [ 349565.2003513433, 178121.3025627452, 0.0 ], [ 349529.5981775087, 178151.6538747725, 0.0 ], [ 349482.6013292324, 178201.6995493472, 0.0 ], [ 349382.9020503979, 178333.0019644218, 0.0 ], [ 349373.6016214759, 178370.3012876016, 0.0 ], [ 349387.0987864984, 178397.903386583, 0.0 ], [ 349405.8975258089, 178410.6997236696, 0.0 ], [ 349503.9230572399, 178444.550034119, 0.0 ], [ 349509.4884734831, 178433.2832591998, 0.0 ], [ 349407.2991861961, 178397.303558282, 0.0 ], [ 349390.0010480059, 178379.2987121156, 0.0 ], [ 349387.9974981584, 178350.5969279159, 0.0 ], [ 349395.0964957664, 178337.2007625283, 0.0 ], [ 349472.6000701168, 178236.0997024058, 0.0 ], [ 349525.5993228747, 178174.2973931328, 0.0 ], [ 349600.9509362776, 178110.5056533283, 0.0 ], [ 349634.6814812422, 178166.4196481138, 0.0 ], [ 349659.2764985068, 178198.600436459, 0.0 ], [ 349714.3535066621, 178221.8237888435, 0.0 ], [ 349749.8732298857, 178245.2370868567, 0.0 ], [ 349851.8811258285, 178302.6306581178, 0.0 ], [ 349909.8026800637, 178322.9648375195, 0.0 ], [ 349942.5767979406, 178327.6934839585, 0.0 ], [ 350001.0342811474, 178328.0033952474, 0.0 ], [ 350350.8557335449, 178779.8840457567, 0.0 ], [ 350248.7488968688, 178818.9028767325, 0.0 ], [ 350242.5980812874, 178835.048255166, 0.0 ], [ 350256.2436574097, 178833.4387158918, 0.0 ], [ 350494.7980102479, 178765.6481207478, 0.0 ], [ 350520.3989249668, 178795.7994900081, 0.0 ], [ 350551.2024732405, 178784.8026378243, 0.0 ], [ 350565.0459308292, 178811.5049943543, 0.0 ], [ 350508.9960054639, 178841.0465381753, 0.0 ], [ 350440.7516347301, 178883.5543704349, 0.0 ], [ 350354.6484616513, 178944.2969830429, 0.0 ], [ 350280.649038269, 179003.4500506535, 0.0 ], [ 350262.7984809851, 179023.3043674144, 0.0 ], [ 350253.25070023, 179054.7453675217, 0.0 ], [ 350267.5971065459, 179055.4451672061, 0.0 ], [ 350287.2038618444, 179018.2958011016, 0.0 ], [ 350352.6036864983, 178965.500913481, 0.0 ], [ 350346.7496931165, 178957.7531312605, 0.0 ], [ 350378.9466567163, 178933.7999877766, 0.0 ], [ 350405.8173108448, 178942.7974122906, 0.0 ], [ 350461.8095207824, 178980.0367526403, 0.0 ], [ 350502.4824071941, 179017.8159384608, 0.0 ], [ 350520.5061107611, 179063.4728693003, 0.0 ], [ 350562.3580409103, 179125.895001151, 0.0 ], [ 350595.1321587872, 179156.3662788385, 0.0 ], [ 350647.4470714736, 179234.1840037464, 0.0 ], [ 350685.4320679664, 179241.3819433576, 0.0 ], [ 350705.3274004033, 179262.5758766573, 0.0 ], [ 350715.6337267797, 179313.8012135572, 0.0 ], [ 350717.1508180223, 179350.6506655113, 0.0 ], [ 350729.4359590629, 179376.4632767282, 0.0 ], [ 350745.1428004606, 179392.4686952248, 0.0 ], [ 350759.5881475097, 179443.0442181319, 0.0 ], [ 350795.8087009268, 179493.1698698134, 0.0 ], [ 350813.5520724164, 179527.4100686584, 0.0 ], [ 350852.5099861191, 179554.0224509432, 0.0 ], [ 350900.7188583772, 179595.6805264432, 0.0 ], [ 350953.6026802797, 179646.9158604814, 0.0 ], [ 350993.5335111923, 179694.3622790853, 0.0 ], [ 351015.3581879269, 179727.9826553527, 0.0 ], [ 351049.7318476574, 179757.9440789844, 0.0 ], [ 351097.413036005, 179779.8977947986, 0.0 ], [ 351136.5193608076, 179783.9566329683, 0.0 ], [ 351165.4018098447, 179798.2225493922, 0.0 ], [ 351199.1241097482, 179801.1617080668, 0.0 ], [ 351244.4801908654, 179817.157129425, 0.0 ], [ 351260.2200125074, 179818.2268232284, 0.0 ], [ 351303.4736030438, 179840.6604016833, 0.0 ], [ 351323.5997971916, 179835.2519498366, 0.0 ], [ 351340.8732001983, 179881.4187347319, 0.0 ], [ 351373.5071520365, 179930.9445581124, 0.0 ], [ 351407.1387562679, 179957.7168946108, 0.0 ], [ 351445.3463694104, 180000.0047898267, 0.0 ], [ 351508.3963516505, 180060.9973308934, 0.0 ], [ 351517.5978398393, 180122.9995829334, 0.0 ], [ 351528.2009884153, 180137.9952904567, 0.0 ], [ 351552.9526618408, 180149.6519537716, 0.0 ], [ 351567.5958903564, 180171.6456581392, 0.0 ], [ 351582.7503126602, 180220.8015874008, 0.0 ], [ 351611.599781453, 180267.998077546, 0.0 ], [ 351623.596345355, 180276.8955306766, 0.0 ], [ 351701.1988604386, 180389.9031825727, 0.0 ], [ 351725.0023518375, 180417.2953416487, 0.0 ], [ 351777.399715135, 180500.0016672093, 0.0 ], [ 351855.9504122452, 180607.6008672587, 0.0 ], [ 351894.1497803266, 180680.9498713247, 0.0 ], [ 351929.1995350673, 180724.8972915065, 0.0 ], [ 351961.1986172007, 180779.4016897848, 0.0 ], [ 352026.4005603882, 180856.8995062656, 0.0 ], [ 352250.6992025825, 181207.1992340116, 0.0 ], [ 352371.4975927747, 181393.2959643766, 0.0 ], [ 352384.5989948644, 181395.3453777382, 0.0 ], [ 352408.3530158966, 181378.6001710037, 0.0 ], [ 352435.1989348418, 181388.6472950444, 0.0 ], [ 352429.6005383542, 181402.4033574125, 0.0 ], [ 352436.7490063289, 181420.6481348993, 0.0 ], [ 352430.7960722139, 181455.2982164166, 0.0 ], [ 352446.1483759841, 181464.5455693893, 0.0 ], [ 352445.9999648843, 181485.3995999852, 0.0 ], [ 352491.1499194739, 181586.7006028747, 0.0 ], [ 352499.9968700354, 181620.1010420985, 0.0 ], [ 352522.151349214, 181654.901080691, 0.0 ], [ 352538.1962381168, 181694.7496741498, 0.0 ], [ 352550.5968100128, 181694.7996598415, 0.0 ], [ 352565.5533508502, 181722.8016443569, 0.0 ], [ 352578.2012745793, 181729.5996984341, 0.0 ], [ 352579.0010455061, 181748.0044301345, 0.0 ], [ 352604.5524898584, 181774.7467752178, 0.0 ], [ 352616.4995833939, 181810.996398871, 0.0 ], [ 352647.7483649671, 181849.2454501939, 0.0 ], [ 352650.5022153748, 181863.1514696373, 0.0 ], [ 352674.6025289734, 181889.6538834003, 0.0 ], [ 352689.9960580491, 181928.9026485581, 0.0 ], [ 352717.8973448153, 181961.0534454882, 0.0 ], [ 352713.1976599876, 181967.8015138737, 0.0 ], [ 352750.8033836698, 182019.7966304264, 0.0 ], [ 352748.7998338222, 182030.7035083651, 0.0 ], [ 352768.0025811266, 182044.6995020536, 0.0 ], [ 352787.6010913639, 182075.4007139231, 0.0 ], [ 352788.499803024, 182087.2973085583, 0.0 ], [ 352821.8016048113, 182088.6969079271, 0.0 ], [ 352844.4013172894, 182130.8048546528, 0.0 ], [ 352834.8040661677, 182144.6009055743, 0.0 ], [ 352843.6015463626, 182154.6980153067, 0.0 ], [ 352885.799769078, 182249.7008210364, 0.0 ], [ 352922.2017138394, 182305.1049617661, 0.0 ], [ 352944.1995368571, 182355.0006792655, 0.0 ], [ 352963.600165628, 182372.5956427596, 0.0 ], [ 352989.5968432798, 182426.2002985865, 0.0 ], [ 353020.1530397205, 182463.7995359168, 0.0 ], [ 353031.3993030624, 182491.2016921312, 0.0 ], [ 353052.7540113142, 182514.1451246419, 0.0 ], [ 353060.3971829549, 182537.3984684415, 0.0 ], [ 353107.9959206916, 182608.298173612, 0.0 ], [ 353105.497667178, 182623.7037638077, 0.0 ], [ 353126.3494267027, 182642.7982980541, 0.0 ], [ 353135.9961481909, 182670.9002539529, 0.0 ], [ 353149.6004990077, 182683.796562423, 0.0 ], [ 353165.3980360774, 182716.3972305788, 0.0 ], [ 353188.4017565495, 182744.2992437106, 0.0 ], [ 353197.6032447384, 182778.1495541601, 0.0 ], [ 353207.0026143936, 182781.3986241235, 0.0 ], [ 353234.351482066, 182824.5462732374, 0.0 ], [ 353242.5470728005, 182847.5496885782, 0.0 ], [ 353274.2988031008, 182899.0049596601, 0.0 ], [ 353272.6003205139, 182906.6027848053, 0.0 ], [ 353295.604040986, 182929.3962602408, 0.0 ], [ 353345.3712297922, 183008.8035301463, 0.0 ], [ 353348.7104795382, 183024.898922888, 0.0 ], [ 353383.0099337188, 183068.2965004606, 0.0 ], [ 353389.5070418665, 183089.0005739812, 0.0 ], [ 353405.1066974697, 183102.4967107523, 0.0 ], [ 353442.1105316915, 183158.5006797829, 0.0 ], [ 353446.1588566921, 183170.997102719, 0.0 ], [ 353465.9140230903, 183177.7951567963, 0.0 ], [ 353522.2030552276, 183122.8008987389, 0.0 ], [ 353571.2859039624, 183081.3027774526, 0.0 ], [ 353458.5099582216, 183189.0019488854, 0.0 ], [ 353484.0119322073, 183248.8048304886, 0.0 ], [ 353472.9140799652, 183265.0001946139, 0.0 ], [ 353482.5113310869, 183291.8025225273, 0.0 ], [ 353497.3606861299, 183305.8185104925, 0.0 ], [ 353498.6469156617, 183322.793651409, 0.0 ], [ 353517.8001925996, 183347.9964371866, 0.0 ], [ 353529.3515232022, 183348.2463656453, 0.0 ], [ 353542.0489172979, 183368.6505250154, 0.0 ], [ 353569.4967257035, 183435.7013319216, 0.0 ], [ 353580.8007044731, 183475.2999969216, 0.0 ], [ 353588.8396390466, 183560.2656757491, 0.0 ], [ 353625.1921134414, 183626.8666114295, 0.0 ], [ 353639.0932864579, 183664.2659059929, 0.0 ], [ 353659.491567622, 183735.5654966973, 0.0 ], [ 353665.3867863092, 183783.8716691993, 0.0 ], [ 353690.641408462, 183818.5717364083, 0.0 ], [ 353696.190334583, 183859.9698863112, 0.0 ], [ 353721.8407196685, 183908.2660616748, 0.0 ], [ 353749.288528074, 183983.1946135999, 0.0 ], [ 353762.9918196241, 184056.1937178237, 0.0 ], [ 353778.6904159606, 184114.2870887693, 0.0 ], [ 353781.7905589346, 184150.8866122646, 0.0 ], [ 353800.3914167787, 184247.4889601302, 0.0 ], [ 353807.1935921871, 184297.8945316854, 0.0 ], [ 353820.39393501, 184321.3878068054, 0.0 ], [ 353825.1925605708, 184387.9887424858, 0.0 ], [ 353832.7862618449, 184403.494304065, 0.0 ], [ 353833.7921592992, 184469.9852712236, 0.0 ], [ 353825.5883235036, 184477.8930076576, 0.0 ], [ 353830.3869490645, 184558.6898797936, 0.0 ], [ 353849.589696369, 184588.1914350612, 0.0 ], [ 353836.1914720797, 184658.5912833143, 0.0 ], [ 353824.1866631164, 184675.9863040414, 0.0 ], [ 353838.5907848601, 184694.5909785087, 0.0 ], [ 353839.7863187197, 184758.092801301, 0.0 ], [ 353850.4966530901, 184802.3001470799, 0.0 ], [ 353849.5979414301, 184822.0045067657, 0.0 ], [ 353861.50380966, 185005.50198116, 0.0 ], [ 353852.203380738, 185094.9963636595, 0.0 ], [ 353869.5015189281, 185164.3964980776, 0.0 ], [ 353871.2989422482, 185243.7037965996, 0.0 ], [ 353890.0976815586, 185356.4015372069, 0.0 ], [ 353900.6018894014, 185387.4026632269, 0.0 ], [ 353921.1403366043, 185424.2121266276, 0.0 ], [ 353931.4961333473, 185502.299774271, 0.0 ], [ 353927.2004565136, 185520.7045059713, 0.0 ], [ 353896.7019755006, 185583.0966464069, 0.0 ], [ 353885.7030639917, 185641.6998714082, 0.0 ], [ 353891.4993419458, 185745.700101652, 0.0 ], [ 353894.5005441866, 185760.6958091754, 0.0 ], [ 353916.6962486708, 185778.8006267252, 0.0 ], [ 353977.9982779575, 185773.9020289343, 0.0 ], [ 353972.7296839139, 185817.4695578589, 0.0 ], [ 353977.1572817251, 185867.3452810816, 0.0 ], [ 353994.6120760762, 185878.472096064, 0.0 ], [ 353996.6980765348, 185899.4960780117, 0.0 ], [ 354028.1777198188, 186030.7285131179, 0.0 ], [ 354049.482957704, 186133.3291439928, 0.0 ], [ 354083.8813526178, 186227.9320641886, 0.0 ], [ 354121.981779966, 186298.0319982912, 0.0 ], [ 354138.5790879625, 186309.3287646255, 0.0 ], [ 354209.1815461712, 186330.7326378305, 0.0 ], [ 354276.5766756116, 186368.5318179278, 0.0 ], [ 354298.6816844236, 186395.7340313751, 0.0 ], [ 354308.0810540789, 186426.8251316403, 0.0 ], [ 354324.6783620754, 186422.2264479998, 0.0 ], [ 354399.1230187573, 186470.512626225, 0.0 ], [ 354447.702918765, 186483.4389261102, 0.0 ], [ 354476.8821900017, 186477.0307604285, 0.0 ], [ 354518.57746399, 186492.1264393354, 0.0 ], [ 354526.6823590524, 186501.9336320557, 0.0 ], [ 354553.0830446981, 186502.3335175896, 0.0 ], [ 354572.1786062082, 186472.432076788, 0.0 ], [ 354530.1782649592, 186492.7262676363, 0.0 ], [ 354495.6809293122, 186438.4318092634, 0.0 ], [ 354494.5760911247, 186416.2281649904, 0.0 ], [ 354503.8765200467, 186399.0330870303, 0.0 ], [ 354536.9804403677, 186374.2301867866, 0.0 ], [ 354593.7806662931, 186309.9285929264, 0.0 ], [ 354618.482869352, 186328.3333246268, 0.0 ], [ 354600.1788337076, 186355.6255123193, 0.0 ], [ 354573.8770887951, 186382.6277829997, 0.0 ], [ 354514.3807278895, 186418.3275640437, 0.0 ], [ 354515.2794395495, 186437.9319523459, 0.0 ], [ 354532.5775777397, 186461.3252560824, 0.0 ], [ 354549.8839609909, 186463.834537808, 0.0 ], [ 354567.6768028471, 186448.4289476123, 0.0 ], [ 354586.5827279519, 186459.5257711796, 0.0 ], [ 354588.1822698055, 186475.0313327588, 0.0 ], [ 354577.5791212295, 186504.2329738759, 0.0 ], [ 354586.5827279519, 186538.8330697015, 0.0 ], [ 354587.3824988787, 186564.6256866417, 0.0 ], [ 354618.5818100852, 186594.0272705259, 0.0 ], [ 354635.8799482753, 186600.0255535352, 0.0 ], [ 354675.6788582103, 186645.632498683, 0.0 ], [ 354701.9806031229, 186681.13233696, 0.0 ], [ 354730.0797713554, 186705.1254689974, 0.0 ], [ 354728.983178229, 186727.1291705033, 0.0 ], [ 354773.6878995191, 186787.9617573565, 0.0 ], [ 354776.6478764544, 186806.5164461321, 0.0 ], [ 354814.0722087923, 186861.5606898812, 0.0 ], [ 354858.8676257546, 186937.5089499179, 0.0 ], [ 354898.4686542232, 186971.4092460591, 0.0 ], [ 354939.6197541787, 187033.4414895141, 0.0 ], [ 354967.3973650284, 187066.4920288956, 0.0 ], [ 355093.9095825637, 187185.637923738, 0.0 ], [ 355104.1087231457, 187210.2408812146, 0.0 ], [ 355118.5128448893, 187221.7375903159, 0.0 ], [ 355165.0067444384, 187279.2411300989, 0.0 ], [ 355174.3071733605, 187286.0391841761, 0.0 ], [ 355271.5081986813, 187407.5444036688, 0.0 ], [ 355309.3118038299, 187452.0416664598, 0.0 ], [ 355356.8116008333, 187517.4429455385, 0.0 ], [ 355377.012000531, 187536.4375084014, 0.0 ], [ 355420.2078756397, 187591.0418780632, 0.0 ], [ 355516.4112485673, 187698.0412498116, 0.0 ], [ 355601.0138205257, 187807.7398489143, 0.0 ], [ 355676.9096079613, 187923.8366165602, 0.0 ], [ 355731.9783710556, 188002.1641955239, 0.0 ], [ 355831.9414918453, 188155.4103292745, 0.0 ], [ 355886.63922719, 188262.3097296394, 0.0 ], [ 355910.9374222549, 188305.5073644451, 0.0 ], [ 355989.9415977257, 188467.0111344718, 0.0 ], [ 356029.4436854611, 188530.3130144971, 0.0 ], [ 356034.737014688, 188509.908855127, 0.0 ], [ 356050.0398480916, 188522.8051635971, 0.0 ], [ 356062.0364119937, 188600.5129199832, 0.0 ], [ 356141.0405874645, 188770.814171757, 0.0 ], [ 356167.6391545766, 188791.0083912218, 0.0 ], [ 356193.6440772894, 188818.5105188196, 0.0 ], [ 356207.8420725056, 188872.0052061247, 0.0 ], [ 356197.0410424631, 188914.9129239183, 0.0 ], [ 356217.340382894, 188940.8055122419, 0.0 ], [ 356239.1403244453, 188996.9094526561, 0.0 ], [ 356286.9369436484, 189041.606658214, 0.0 ], [ 356304.4164731827, 189096.3709820894, 0.0 ], [ 356344.5699207451, 189183.4160656934, 0.0 ], [ 356434.4823120526, 189339.8712808539, 0.0 ], [ 356463.6698283505, 189359.0857807605, 0.0 ], [ 356500.8715440386, 189485.3896266607, 0.0 ], [ 356512.9670486739, 189532.4061683157, 0.0 ], [ 356552.7577135478, 189661.6491728904, 0.0 ], [ 356577.3197505681, 189733.6085747259, 0.0 ], [ 356572.1830775021, 189756.1421245644, 0.0 ], [ 356620.128107805, 189832.2103502613, 0.0 ], [ 356651.4263597447, 189839.108375722, 0.0 ], [ 356660.5289072004, 189833.8098923971, 0.0 ], [ 356753.22812916, 189863.0115335143, 0.0 ], [ 356836.0662580428, 189901.1406191771, 0.0 ], [ 356872.377507132, 189923.7641432607, 0.0 ], [ 356920.5781343291, 189944.1583054924, 0.0 ], [ 357028.2503872483, 190000.0023203095, 0.0 ], [ 357109.2168872611, 190044.2496546418, 0.0 ], [ 357174.5177711818, 190075.7506375792, 0.0 ], [ 357339.353032715, 190188.2684296962, 0.0 ], [ 357476.3859482153, 190271.7145434946, 0.0 ], [ 357529.4923867675, 190299.4066167211, 0.0 ], [ 357612.4871718112, 190347.8127606066, 0.0 ], [ 357629.5874285348, 190363.3083250474, 0.0 ], [ 357672.1896592442, 190388.511110825, 0.0 ], [ 357746.790972087, 190445.2548680934, 0.0 ], [ 357765.0867626703, 190452.3528363212, 0.0 ], [ 357784.9903401684, 190478.3453960284, 0.0 ], [ 357831.9706983225, 190502.6984250463, 0.0 ], [ 357852.6822918084, 190545.2862344127, 0.0 ], [ 357906.1927383546, 190587.0142898811, 0.0 ], [ 357948.4899018032, 190612.8069068213, 0.0 ], [ 357983.1933639777, 190656.2144815323, 0.0 ], [ 358017.0970552255, 190680.44754489, 0.0 ], [ 358040.6037244247, 190691.2544514452, 0.0 ], [ 358072.0009170977, 190691.8542797461, 0.0 ], [ 358192.4365246014, 190780.6388654229, 0.0 ], [ 358235.9704472153, 190826.7456674881, 0.0 ], [ 358263.3605401931, 190843.7807912346, 0.0 ], [ 358328.2079457532, 190907.1526512284, 0.0 ], [ 358369.4332512587, 190954.619064109, 0.0 ], [ 358410.633821581, 190967.9152581131, 0.0 ], [ 358492.927776431, 191047.3225280185, 0.0 ], [ 358536.1318966008, 191082.722394912, 0.0 ], [ 358582.4279146835, 191131.5184271931, 0.0 ], [ 358629.9277116869, 191166.7183513196, 0.0 ], [ 358677.6336352178, 191151.2227868788, 0.0 ], [ 358720.7965300821, 191098.2679450446, 0.0 ], [ 358724.6964439829, 191055.6701385399, 0.0 ], [ 358743.297301827, 191048.3722275452, 0.0 ], [ 358797.4013927724, 191043.5736011377, 0.0 ], [ 358793.5014788716, 191056.2699668408, 0.0 ], [ 358739.9992773866, 191061.9683356997, 0.0 ], [ 358744.5010807478, 191106.1656843402, 0.0 ], [ 358737.6329448505, 191123.7206592809, 0.0 ], [ 358747.8320854326, 191140.6158230906, 0.0 ], [ 358725.1334322213, 191136.3170536006, 0.0 ], [ 358719.2299684729, 191166.2184944022, 0.0 ], [ 358687.8327757999, 191199.6189336259, 0.0 ], [ 358686.2332339463, 191214.5246669041, 0.0 ], [ 358718.1168852242, 191266.009929401, 0.0 ], [ 358783.6733660391, 191334.3203757392, 0.0 ], [ 358807.8726203708, 191354.2246781919, 0.0 ], [ 358844.8682095315, 191398.3220554489, 0.0 ], [ 358889.9686937545, 191442.6193754729, 0.0 ], [ 358930.4684338831, 191489.3160087007, 0.0 ], [ 358970.6713518121, 191530.0243560575, 0.0 ], [ 359031.4704323715, 191597.9249197234, 0.0 ], [ 359064.6732934257, 191630.9154762748, 0.0 ], [ 359104.2660768332, 191682.6206758154, 0.0 ], [ 359137.1721156877, 191718.7203423933, 0.0 ], [ 359158.403148023, 191735.0556664554, 0.0 ], [ 359170.8696804079, 191757.4192649419, 0.0 ], [ 359212.4660136629, 191808.3246934146, 0.0 ], [ 359238.1741141761, 191846.6237304293, 0.0 ], [ 359269.5713068491, 191881.7236831723, 0.0 ], [ 359347.5695848655, 191981.4151467877, 0.0 ], [ 359413.6867298353, 192071.9992173672, 0.0 ], [ 359457.8967474594, 192129.3627972133, 0.0 ], [ 359475.7637948655, 192160.6638373838, 0.0 ], [ 359556.2685714566, 192273.0316724256, 0.0 ], [ 359555.7738677905, 192306.2321688823, 0.0 ], [ 359581.6716047091, 192327.0262166481, 0.0 ], [ 359627.2667925982, 192309.7311673044, 0.0 ], [ 359610.9663068013, 192283.128782158, 0.0 ], [ 359592.9673384176, 192240.5309756533, 0.0 ], [ 359603.9662499264, 192231.8334652897, 0.0 ], [ 359619.2690833301, 192247.828886648, 0.0 ], [ 359659.3730605259, 192305.8322833484, 0.0 ], [ 359672.7877749373, 192343.2015864966, 0.0 ], [ 359656.7923564012, 192376.9019398708, 0.0 ], [ 359659.8924993752, 192409.9024935606, 0.0 ], [ 359690.4899211214, 192453.2000997497, 0.0 ], [ 359726.990806616, 192521.5005489495, 0.0 ], [ 359758.1901178225, 192589.6010553823, 0.0 ], [ 359819.4674119259, 192706.3376398826, 0.0 ], [ 359830.4415882514, 192722.2530841341, 0.0 ], [ 359873.6704436045, 192816.9259842983, 0.0 ], [ 359894.670614229, 192856.1347609028, 0.0 ], [ 359929.4730171368, 192859.1139081307, 0.0 ], [ 359949.5662310402, 192844.4081176195, 0.0 ], [ 359970.1706387318, 192810.3078787113, 0.0 ], [ 359984.9705234083, 192772.7086413811, 0.0 ], [ 359984.6737012087, 192747.7057983704, 0.0 ], [ 359999.9682895512, 192719.014011309, 0.0 ], [ 360032.8660833446, 192690.3522156627, 0.0 ], [ 360038.6788514208, 192678.3456525056, 0.0 ], [ 360074.9571202657, 192646.1248756071, 0.0 ], [ 360102.1575768382, 192636.5176256538, 0.0 ], [ 360152.6585760824, 192643.8155366485, 0.0 ], [ 360189.563469571, 192667.5187516738, 0.0 ], [ 360214.5624948295, 192676.1162906538, 0.0 ], [ 360251.1623210573, 192665.519324004, 0.0 ], [ 360273.3580255415, 192670.9177787124, 0.0 ], [ 360269.0623487078, 192685.8235119906, 0.0 ], [ 360233.2622934068, 192700.2193912131, 0.0 ], [ 360203.8604055203, 192704.1182751691, 0.0 ], [ 360202.2608636667, 192719.6238367483, 0.0 ], [ 360136.7620982795, 192676.0163192703, 0.0 ], [ 360114.1623858014, 192672.1174353143, 0.0 ], [ 360083.6886399718, 192707.3773422709, 0.0 ], [ 360055.2266890507, 192728.611264124, 0.0 ], [ 360043.4692319206, 192749.6152517951, 0.0 ], [ 360036.0321868074, 192784.425287526, 0.0 ], [ 360038.5716656265, 192820.5149569656, 0.0 ], [ 360027.5727541177, 192852.8057138326, 0.0 ], [ 359982.7690920943, 192908.8096828632, 0.0 ], [ 359957.8112921413, 192964.8536404472, 0.0 ], [ 359953.5815757964, 192985.2078141256, 0.0 ], [ 359965.5616495763, 193063.6753530262, 0.0 ], [ 360027.7871257063, 193358.7308942561, 0.0 ], [ 360037.3926218891, 193359.330722557, 0.0 ], [ 360046.5941100779, 193400.6289010764, 0.0 ], [ 360037.4915626223, 193409.0264972895, 0.0 ], [ 360037.8873255551, 193436.1287393534, 0.0 ], [ 360061.3939947544, 193466.230122922, 0.0 ], [ 360055.1937088064, 193475.62743297, 0.0 ], [ 360075.0890412433, 193489.6334237968, 0.0 ], [ 360070.2904156825, 193520.5345784333, 0.0 ], [ 360085.8900712857, 193529.8319170978, 0.0 ], [ 360079.4919038713, 193545.2275101551, 0.0 ], [ 360097.9938209822, 193556.0344167103, 0.0 ], [ 360114.6900697119, 193578.5279779953, 0.0 ], [ 360121.0882371264, 193605.5302486758, 0.0 ], [ 360134.3875206824, 193614.3277304228, 0.0 ], [ 360195.3927277694, 193737.0326065174, 0.0 ], [ 360209.1619798083, 193770.4730342945, 0.0 ], [ 360222.3870578145, 193786.9483182935, 0.0 ], [ 360268.8809573636, 193922.9493883922, 0.0 ], [ 360260.3802993683, 193926.5483581978, 0.0 ], [ 360275.1801840448, 193945.5529181991, 0.0 ], [ 360297.2769477958, 194036.1469859169, 0.0 ], [ 360337.5788064579, 194145.4456994856, 0.0 ], [ 360356.6826130291, 194251.0454718652, 0.0 ], [ 360377.4766571262, 194315.8469226429, 0.0 ], [ 360399.078717211, 194339.0502807507, 0.0 ], [ 360380.1810371673, 194350.9468753859, 0.0 ], [ 360378.2764280529, 194365.1528089797, 0.0 ], [ 360406.5487425686, 194509.4415067696, 0.0 ], [ 360367.599073927, 194525.7468394167, 0.0 ], [ 360357.8369215833, 194545.5811619009, 0.0 ], [ 360377.2375503542, 194592.0778523617, 0.0 ], [ 360400.1423300931, 194579.2815152751, 0.0 ], [ 360448.2440165569, 194701.8764228479, 0.0 ], [ 360465.8389769467, 194755.2711387694, 0.0 ], [ 360474.6364571415, 194770.0669035258, 0.0 ], [ 360504.7391752216, 194850.2739444992, 0.0 ], [ 360576.9906456505, 195031.7919855004, 0.0 ], [ 360596.3995194826, 195069.341237139, 0.0 ], [ 360621.8932484072, 195133.7627966593, 0.0 ], [ 360635.0606109856, 195156.0364209007, 0.0 ], [ 360668.5025788117, 195234.0940771291, 0.0 ], [ 360696.3791303945, 195290.537920247, 0.0 ], [ 360730.4477228642, 195350.9306330128, 0.0 ], [ 360755.7518153835, 195374.7338194216, 0.0 ], [ 360847.049376956, 195485.4621237742, 0.0 ], [ 360940.020685932, 195603.6682876117, 0.0 ], [ 360982.6971221913, 195700.6505267346, 0.0 ], [ 361081.5306696102, 195850.1877221577, 0.0 ], [ 361080.8298394166, 195868.4924824745, 0.0 ], [ 361095.0278346327, 195896.9943239073, 0.0 ], [ 361126.128205106, 195930.0948489805, 0.0 ], [ 361202.0734629083, 196036.4544038746, 0.0 ], [ 361259.9373017158, 196144.9033606837, 0.0 ], [ 361288.9434266695, 196186.0015964361, 0.0 ], [ 361292.6372140427, 196201.2972181099, 0.0 ], [ 361331.6363530509, 196266.598525805, 0.0 ], [ 361354.0381840626, 196316.3042976758, 0.0 ], [ 361415.5380948157, 196426.0028967785, 0.0 ], [ 361430.1400980258, 196443.3979175056, 0.0 ], [ 361483.2382915168, 196555.7957439624, 0.0 ], [ 361564.5428390348, 196644.4003811489, 0.0 ], [ 361588.7420933666, 196661.0956021915, 0.0 ], [ 361596.9376841011, 196676.7011351542, 0.0 ], [ 361672.3387678706, 196748.2006686256, 0.0 ], [ 361690.2387955211, 196772.6036833353, 0.0 ], [ 361728.6360450689, 196806.5039794765, 0.0 ], [ 361779.03810358, 196840.3043042342, 0.0 ], [ 361808.9429401936, 196869.895833747, 0.0 ], [ 361833.2411352586, 196886.2011663941, 0.0 ], [ 361871.8362662728, 196895.598476442, 0.0 ], [ 361897.1898291587, 196911.5139206935, 0.0 ], [ 361918.3713911274, 196934.6073102795, 0.0 ], [ 361941.3173961718, 196933.8275334883, 0.0 ], [ 361997.6394085534, 196968.9974661998, 0.0 ], [ 362079.8426677313, 197007.6963887484, 0.0 ], [ 362091.9381723667, 197023.1019789441, 0.0 ], [ 362136.6428936569, 197036.2982015647, 0.0 ], [ 362237.537706351, 197100.9996809588, 0.0 ], [ 362353.7435975099, 197172.2992716633, 0.0 ], [ 362427.3884832649, 197238.1104334142, 0.0 ], [ 362493.1510906073, 197283.4574529649, 0.0 ], [ 362524.7461647467, 197323.316043562, 0.0 ], [ 362554.7499420936, 197348.7187721066, 0.0 ], [ 362575.1482232577, 197356.1166544848, 0.0 ], [ 362603.9482216839, 197273.7202402131, 0.0 ], [ 362691.8488180827, 197202.8205350426, 0.0 ], [ 362716.9467840745, 197202.5206208921, 0.0 ], [ 362696.0537992443, 197228.5231777376, 0.0 ], [ 362643.0463014253, 197264.1229873981, 0.0 ], [ 362622.0461308008, 197270.9210414753, 0.0 ], [ 362596.049453149, 197335.92243502, 0.0 ], [ 362628.6504247428, 197377.5205276898, 0.0 ], [ 362599.553604117, 197366.8235896565, 0.0 ], [ 362646.5999227599, 197407.7718683337, 0.0 ], [ 362673.0665688944, 197413.3502715323, 0.0 ], [ 362685.269259324, 197426.9463796869, 0.0 ], [ 362709.6663951222, 197428.9458073566, 0.0 ], [ 362735.0694283747, 197441.5521988146, 0.0 ], [ 362818.5671621455, 197496.946342406, 0.0 ], [ 362845.4707965184, 197526.2479549066, 0.0 ], [ 362857.5663011537, 197528.7472394939, 0.0 ], [ 362906.9707072715, 197566.2465054406, 0.0 ], [ 362924.5739127223, 197583.9514374566, 0.0 ], [ 362964.4717633906, 197609.4541373847, 0.0 ], [ 362973.9700737791, 197625.7494728934, 0.0 ], [ 363024.4710730233, 197666.5477944953, 0.0 ], [ 363042.5689821402, 197670.6466212184, 0.0 ], [ 363082.9697815356, 197706.5463450293, 0.0 ], [ 363117.8711251765, 197745.2552647163, 0.0 ], [ 363166.2861239622, 197677.2147411136, 0.0 ], [ 363189.7433227948, 197656.6506275299, 0.0 ], [ 363305.0422572326, 197580.4624361728, 0.0 ], [ 363346.5396497545, 197562.4575900064, 0.0 ], [ 363385.6377294959, 197555.8594786961, 0.0 ], [ 363438.1175434044, 197524.0685787466, 0.0 ], [ 363494.9507495742, 197480.8709439409, 0.0 ], [ 363583.8325082441, 197426.9463796869, 0.0 ], [ 363653.5939702205, 197391.9863868807, 0.0 ], [ 363761.6207607671, 197315.4582928198, 0.0 ], [ 363817.4563145438, 197281.398042465, 0.0 ], [ 363957.6388433847, 197188.994492706, 0.0 ], [ 364070.6209156531, 197124.6329160157, 0.0 ], [ 364132.0960912228, 197096.0910860295, 0.0 ], [ 364155.7676616441, 197065.1199514246, 0.0 ], [ 364188.5994949487, 197049.0645472362, 0.0 ], [ 364301.086863551, 197009.6758221415, 0.0 ], [ 364364.7634704348, 196964.1088655471, 0.0 ], [ 364422.0089296597, 196917.5022065645, 0.0 ], [ 364667.6622801059, 196780.2314998956, 0.0 ], [ 364725.8559213575, 196740.7727948324, 0.0 ], [ 364835.267882169, 196693.2463991217, 0.0 ], [ 364840.396310174, 196641.4212339209, 0.0 ], [ 364853.2338703084, 196590.5058083099, 0.0 ], [ 364883.7570865047, 196492.403889692, 0.0 ], [ 364889.7430008641, 196485.1359701123, 0.0 ], [ 364941.5879450677, 196483.266505241, 0.0 ], [ 364955.2087860068, 196499.6118264415, 0.0 ], [ 364993.1113318885, 196509.508993407, 0.0 ], [ 365112.4421012048, 196513.7777714819, 0.0 ], [ 365149.1820934712, 196503.4707218442, 0.0 ], [ 365420.2961925976, 196406.1285857408, 0.0 ], [ 365431.4022899008, 196385.3345379751, 0.0 ], [ 365398.7023775738, 196336.9283940896, 0.0 ], [ 365459.1963908726, 196300.5288133612, 0.0 ], [ 365501.9965030484, 196346.4256755211, 0.0 ], [ 365511.7998806976, 196352.2340129018, 0.0 ], [ 365562.1936941476, 196354.3534062318, 0.0 ], [ 365616.6028523537, 196364.0906189836, 0.0 ], [ 365638.5017346382, 196358.7921356587, 0.0 ], [ 365676.2393792979, 196327.8409953305, 0.0 ], [ 365772.2696059425, 196297.2197605677, 0.0 ], [ 365787.7703208125, 196308.2166127515, 0.0 ], [ 365839.8708619104, 196322.6224891123, 0.0 ], [ 365896.4732063694, 196314.3248642827, 0.0 ], [ 365978.0333507815, 196282.9538441438, 0.0 ], [ 366000.8309447261, 196284.4534148962, 0.0 ], [ 366032.632145393, 196266.1786459943, 0.0 ], [ 366051.7194618421, 196281.784178957, 0.0 ], [ 366080.4699899016, 196291.6513545074, 0.0 ], [ 366147.3374354315, 196286.8327338232, 0.0 ], [ 366230.1838093754, 196244.9447241412, 0.0 ], [ 366230.2167896198, 196216.5928397837, 0.0 ], [ 366219.2838385997, 196184.2920857784, 0.0 ], [ 366185.8418707736, 196181.8627811596, 0.0 ], [ 366126.5269012123, 196166.2472510586, 0.0 ], [ 366089.5890274794, 196126.6785774736, 0.0 ], [ 366090.537209506, 196077.4126796901, 0.0 ], [ 366088.7892565526, 195923.8266432357, 0.0 ], [ 366054.3661264555, 195696.3217658295, 0.0 ], [ 366035.2705649454, 195611.4160698322, 0.0 ], [ 366010.5683618865, 195560.6206098813, 0.0 ], [ 366032.5909200875, 195472.9457065614, 0.0 ], [ 366050.8372403043, 195433.8968841705, 0.0 ], [ 366079.2579659197, 195352.3502266584, 0.0 ], [ 366105.3288491214, 195143.0101496321, 0.0 ], [ 366086.9093826216, 195048.427223713, 0.0 ], [ 365982.312537493, 194919.8340331309, 0.0 ], [ 366006.9982504297, 194833.3987749662, 0.0 ], [ 366050.1034298663, 194701.6664829426, 0.0 ], [ 366067.3108723842, 194655.4597094939, 0.0 ], [ 366111.5208900084, 194643.4731406135, 0.0 ], [ 366164.9571310045, 194614.6613878919, 0.0 ], [ 366232.9459048443, 194570.4640392514, 0.0 ], [ 366269.7436125384, 194578.0918558116, 0.0 ], [ 366358.3203039475, 194555.8582201236, 0.0 ], [ 366403.6269146981, 194539.3629418479, 0.0 ], [ 366454.8617243803, 194515.1698670435, 0.0 ], [ 366470.247008395, 194512.920510915, 0.0 ], [ 366516.7409079441, 194527.6263014263, 0.0 ], [ 366544.1474910441, 194516.7694091794, 0.0 ], [ 366499.277868532, 194464.0245072505, 0.0 ], [ 366438.1819657728, 194398.0633884243, 0.0 ], [ 366361.1236247219, 194361.3638935455, 0.0 ], [ 366333.6510811331, 194301.1011435782, 0.0 ], [ 366284.2301848931, 194270.2499746335, 0.0 ], [ 366214.3697821834, 194233.3005512959, 0.0 ], [ 366186.8230330447, 194207.5679171858, 0.0 ], [ 366192.4873900212, 194198.4705212883, 0.0 ], [ 366129.9403565082, 194152.6436390968, 0.0 ], [ 366144.3279881296, 194114.6245219559, 0.0 ], [ 366158.4930031013, 194116.6539410407, 0.0 ], [ 366180.6887075854, 194105.2272119079, 0.0 ], [ 366225.912867725, 194105.9070173157, 0.0 ], [ 366262.4219982807, 194111.0055578736, 0.0 ], [ 366292.706107705, 194103.5077041119, 0.0 ], [ 366320.8877265486, 194114.1846478686, 0.0 ], [ 366343.0504507883, 194114.9344332447, 0.0 ], [ 366358.2873237032, 194097.6793724545, 0.0 ], [ 366384.7292346544, 194098.3791721389, 0.0 ], [ 366422.4174089475, 194107.0166996724, 0.0 ], [ 366497.8432279004, 194137.7579000953, 0.0 ], [ 366534.5502399225, 194155.5927949098, 0.0 ], [ 366588.8687024565, 194194.1917460749, 0.0 ], [ 366643.9292204897, 194240.2185710333, 0.0 ], [ 366694.273563573, 194271.6495740023, 0.0 ], [ 366729.422259047, 194286.3653616519, 0.0 ], [ 366758.0573562511, 194291.7438220836, 0.0 ], [ 366799.076535229, 194292.4436217681, 0.0 ], [ 366917.7806799016, 194305.0400160877, 0.0 ], [ 366946.0117691118, 194303.7103966873, 0.0 ], [ 366989.7683083753, 194315.6569770142, 0.0 ], [ 367048.6462896983, 194313.8874835265, 0.0 ], [ 367062.8525299755, 194318.916044116, 0.0 ], [ 367174.7132739341, 194301.5010291122, 0.0 ], [ 367209.9526650802, 194305.0100246726, 0.0 ], [ 367260.6433007297, 194302.1208516898, 0.0 ], [ 367302.5282111233, 194321.8152142372, 0.0 ], [ 367364.3909045649, 194331.6923869259, 0.0 ], [ 367436.8320113992, 194359.774348548, 0.0 ], [ 367505.8184376321, 194411.2596110449, 0.0 ], [ 367556.781160298, 194395.2242011333, 0.0 ], [ 367551.2734594824, 194429.1444915511, 0.0 ], [ 367618.437727212, 194449.9185450402, 0.0 ], [ 367635.0267901474, 194469.6029104492, 0.0 ], [ 367636.782988162, 194490.8468294406, 0.0 ], [ 367651.5581376551, 194508.2818387211, 0.0 ], [ 367693.4512931098, 194543.3218086341, 0.0 ], [ 367701.457247439, 194558.8073759366, 0.0 ], [ 367720.2477416884, 194624.2086550152, 0.0 ], [ 367766.7581313596, 194682.9218485383, 0.0 ], [ 367825.743298477, 194746.3936799156, 0.0 ], [ 367834.3593873276, 194747.1934509835, 0.0 ], [ 367864.2807140635, 194782.5233379086, 0.0 ], [ 367867.0840348378, 194799.8183872522, 0.0 ], [ 367908.7793088261, 194786.2822619278, 0.0 ], [ 367967.4676537437, 194778.1845798651, 0.0 ], [ 367985.4831122496, 194786.5921732166, 0.0 ], [ 368021.0110805343, 194788.5316180563, 0.0 ], [ 368037.3363015145, 194855.282510812, 0.0 ], [ 368077.4485237713, 194895.2710642076, 0.0 ], [ 368141.0591701663, 194916.5149831991, 0.0 ], [ 368164.771965893, 194933.7000640209, 0.0 ], [ 368242.1436192658, 194966.6806234339, 0.0 ], [ 368356.4366562492, 194818.9829014671, 0.0 ], [ 368381.0399185749, 194845.1754039412, 0.0 ], [ 368418.0272626745, 194847.9146198488, 0.0 ], [ 368562.2333813327, 194882.2247986623, 0.0 ], [ 368550.8469519521, 194934.2499066301, 0.0 ], [ 368608.4634389266, 194904.5983942872, 0.0 ], [ 368735.6599965332, 194854.3027912538, 0.0 ], [ 368796.4590770928, 194821.9020658649, 0.0 ], [ 368821.763169612, 194802.6975630967, 0.0 ], [ 368884.5410648358, 194739.0057946758, 0.0 ], [ 368883.4527167705, 194732.8675517295, 0.0 ], [ 368952.4638781867, 194680.3125954293, 0.0 ], [ 368981.9069913787, 194662.2877549862, 0.0 ], [ 369042.2773287609, 194634.9555787402, 0.0 ], [ 369084.360120621, 194625.0684089132, 0.0 ], [ 369138.6703380939, 194623.3988868089, 0.0 ], [ 369222.9595977304, 194606.6536800745, 0.0 ], [ 369263.8221205475, 194593.2475175486, 0.0 ], [ 369273.2214902028, 194615.9510187389, 0.0 ], [ 369306.7211734565, 194650.1512290306, 0.0 ], [ 369293.4218899005, 194668.8458777431, 0.0 ], [ 369311.1240360845, 194745.0540633769, 0.0 ], [ 369333.921630029, 194764.7484259242, 0.0 ], [ 369326.2207429606, 194800.0483214342, 0.0 ], [ 369364.420111042, 194823.3516509256, 0.0 ], [ 369370.1174482629, 194856.8520615328, 0.0 ], [ 369411.8209673123, 194879.3456228178, 0.0 ], [ 369431.2215960831, 194899.4498680375, 0.0 ], [ 369449.3195052, 194948.1459289351, 0.0 ], [ 369466.8237699177, 194929.0513946886, 0.0 ], [ 369523.8218773096, 194917.6546569708, 0.0 ], [ 369532.1164087773, 194897.2504976007, 0.0 ], [ 369565.121388365, 194842.3462137885, 0.0 ], [ 369617.320870196, 194772.7461366033, 0.0 ], [ 369637.1172618998, 194752.9518026725, 0.0 ], [ 369641.4211837946, 194736.2465844915, 0.0 ], [ 369683.3225843104, 194666.1466503889, 0.0 ], [ 369692.5240724992, 194667.8461639082, 0.0 ], [ 369717.7209792241, 194728.6487593463, 0.0 ], [ 369732.5208639006, 194703.4459735687, 0.0 ], [ 369753.7189159915, 194686.0509528416, 0.0 ], [ 369784.1184562713, 194677.0535283275, 0.0 ], [ 369811.2199721106, 194680.7524695166, 0.0 ], [ 369846.0223750184, 194646.952144759, 0.0 ], [ 369855.0177366797, 194620.6496737629, 0.0 ], [ 369869.6197398897, 194616.5508470399, 0.0 ], [ 369886.9178780798, 194634.0458391505, 0.0 ], [ 369973.4168140914, 194651.050971482, 0.0 ], [ 370001.8210495848, 194626.1480998549, 0.0 ], [ 370038.453856057, 194609.6328273024, 0.0 ], [ 370043.6317544284, 194580.2412405566, 0.0 ], [ 370064.227917059, 194579.9413264062, 0.0 ], [ 370144.2874603507, 194591.997875255, 0.0 ], [ 370188.4892329136, 194578.2018243335, 0.0 ], [ 370203.6931255841, 194567.5048863001, 0.0 ], [ 370231.0667284398, 194533.6245844356, 0.0 ], [ 370235.4860811899, 194517.7791201526, 0.0 ], [ 370215.0300845981, 194472.6620347839, 0.0 ], [ 370223.3328611269, 194417.2578940543, 0.0 ], [ 370204.0311730892, 194347.0579885682, 0.0 ], [ 370218.2291683053, 194318.5561471354, 0.0 ], [ 370298.2309961693, 194278.9574821354, 0.0 ], [ 370360.5306778492, 194300.8612122578, 0.0 ], [ 370384.8288729141, 194313.357635194, 0.0 ], [ 370423.8939724112, 194325.1142698923, 0.0 ], [ 370491.7590703343, 194332.6221207924, 0.0 ], [ 370536.8430644351, 194356.8551841501, 0.0 ], [ 370577.4417452969, 194331.4624527439, 0.0 ], [ 370598.5408566547, 194336.8609074523, 0.0 ], [ 370621.5363320656, 194321.0554317227, 0.0 ], [ 370620.340798206, 194291.6638449768, 0.0 ], [ 370633.2030935237, 194277.5378884898, 0.0 ], [ 370674.7994267787, 194258.3433828599, 0.0 ], [ 370746.4490077473, 194201.2097371959, 0.0 ], [ 370765.429138402, 194197.2708646864, 0.0 ], [ 370789.9334599945, 194226.6724485705, 0.0 ], [ 370809.2269029711, 194212.6664577437, 0.0 ], [ 370838.49686988, 194176.6567654109, 0.0 ], [ 370900.6811207045, 194148.5148209587, 0.0 ], [ 370941.9806317599, 194165.1100706179, 0.0 ], [ 370958.6109200008, 194155.6127891865, 0.0 ], [ 370975.0433267753, 194106.8167569054, 0.0 ], [ 371009.7138087054, 194083.3934617539, 0.0 ], [ 371023.1120329947, 194061.0898460975, 0.0 ], [ 371038.5138071316, 194063.0892737673, 0.0 ], [ 371085.1313825972, 194040.6956838657, 0.0 ], [ 371090.4906723129, 194032.2481019608, 0.0 ], [ 371123.850189528, 194017.0124631171, 0.0 ], [ 371191.0639276241, 193966.4769287634, 0.0 ], [ 371234.7462613378, 193938.674887015, 0.0 ], [ 371258.2611755981, 193918.3806961667, 0.0 ], [ 371288.0588264175, 193936.3755451948, 0.0 ], [ 371300.8634063075, 193935.0759172094, 0.0 ], [ 371335.0639197548, 193969.276127501, 0.0 ], [ 371330.0509226054, 194011.2041257364, 0.0 ], [ 371364.0040842197, 194042.6951115355, 0.0 ], [ 371368.2008203202, 194063.4991564396, 0.0 ], [ 371397.0008187463, 194049.903048285, 0.0 ], [ 371441.9611369306, 194016.4126348162, 0.0 ], [ 371527.8581834818, 193929.4175369039, 0.0 ], [ 371563.4768474386, 193852.3695916488, 0.0 ], [ 371584.7820853238, 193848.1707935423, 0.0 ], [ 371606.4830861419, 193859.0676743426, 0.0 ], [ 371604.6774177608, 193873.4735507034, 0.0 ], [ 371659.7791610995, 193817.5695530562, 0.0 ], [ 371706.1823649764, 193762.0654409431, 0.0 ], [ 371761.5809305147, 193751.5684456767, 0.0 ], [ 371824.482501655, 193718.168006453, 0.0 ], [ 371884.4818112878, 193695.1745882505, 0.0 ], [ 371909.8930896013, 193697.3039787188, 0.0 ], [ 371921.2795189819, 193678.2694273025, 0.0 ], [ 371936.0381783529, 193684.3676816953, 0.0 ], [ 371933.9769130776, 193723.6664325449, 0.0 ], [ 371975.6227166993, 193729.4147870955, 0.0 ], [ 372021.6301576434, 193716.5584671788, 0.0 ], [ 372070.6305557673, 193695.4645052626, 0.0 ], [ 372090.5258882042, 193695.4645052626, 0.0 ], [ 372112.4330155498, 193749.7589636356, 0.0 ], [ 372132.831296714, 193823.5578389273, 0.0 ], [ 372134.7276607672, 193863.6563608448, 0.0 ], [ 372167.2626718722, 193846.2513429793, 0.0 ], [ 372232.5140854263, 193822.9680077647, 0.0 ], [ 372279.0162300364, 193901.6654808473, 0.0 ], [ 372281.5392187334, 193922.859414147, 0.0 ], [ 372298.5240446017, 193952.2310066161, 0.0 ], [ 372325.0896314694, 193983.0921726992, 0.0 ], [ 372331.5207791282, 194005.6457168144, 0.0 ], [ 372322.121409473, 194022.2509636119, 0.0 ], [ 372337.1933811659, 194051.9524616465, 0.0 ], [ 372366.2984468527, 194072.5965523371, 0.0 ], [ 372405.0997043945, 194126.1012367805, 0.0 ], [ 372432.1022795006, 194133.3991477752, 0.0 ], [ 372453.4982130579, 194156.7024772665, 0.0 ], [ 372474.0036800164, 194157.2023341839, 0.0 ], [ 372495.4985543069, 194168.0992149842, 0.0 ], [ 372501.5009587886, 194185.5042328497, 0.0 ], [ 372541.3740742735, 194156.7124744048, 0.0 ], [ 372588.1565509611, 194089.3117676565, 0.0 ], [ 372610.5583819728, 194035.3072262956, 0.0 ], [ 372665.2561173175, 194000.2072735526, 0.0 ], [ 372704.7582050529, 193956.8096959799, 0.0 ], [ 372708.4684825484, 193931.626904479, 0.0 ], [ 372683.2138603957, 193902.3252919783, 0.0 ], [ 372656.0216488843, 193857.8380263257, 0.0 ], [ 372681.119614876, 193838.3436065453, 0.0 ], [ 372690.0160358041, 193822.6381021992, 0.0 ], [ 372716.2188399834, 193803.5435679527, 0.0 ], [ 372780.3159449833, 193779.540438777, 0.0 ], [ 372779.7223005841, 193756.2371092857, 0.0 ], [ 372743.1884348451, 193688.6364597703, 0.0 ], [ 372698.079705561, 193646.7084615349, 0.0 ], [ 372668.6201022468, 193582.5268333349, 0.0 ], [ 372637.4125459791, 193558.6436698193, 0.0 ], [ 372656.8708901777, 193549.1063998345, 0.0 ], [ 372617.673869703, 193495.0118842285, 0.0 ], [ 372706.2917864177, 193402.2984231807, 0.0 ], [ 372721.6440901879, 193394.3207067782, 0.0 ], [ 372767.239278077, 193387.5626412544, 0.0 ], [ 372799.782534243, 193389.8119973829, 0.0 ], [ 372868.8761462703, 193416.0744798255, 0.0 ], [ 372896.3074645536, 193416.0844769638, 0.0 ], [ 372920.3500627244, 193424.8519672958, 0.0 ], [ 372991.6368610045, 193491.1729831025, 0.0 ], [ 373015.6794591753, 193523.363768586, 0.0 ], [ 373051.9659730813, 193562.9624335861, 0.0 ], [ 373087.1888741052, 193611.468548855, 0.0 ], [ 373103.1678025191, 193614.0578076874, 0.0 ], [ 373110.7697488543, 193584.5562524197, 0.0 ], [ 373166.2260298203, 193572.0798237603, 0.0 ], [ 373197.6479576766, 193558.6236755427, 0.0 ], [ 373232.7801630284, 193551.3857473781, 0.0 ], [ 373264.3587470456, 193552.7753496085, 0.0 ], [ 373313.4168605971, 193537.2897823061, 0.0 ], [ 373345.8694210911, 193543.8678993396, 0.0 ], [ 373380.6965591821, 193528.1424007168, 0.0 ], [ 373398.2090689609, 193508.2580925408, 0.0 ], [ 373423.5708769078, 193460.4317826796, 0.0 ], [ 373437.0515518081, 193395.9502403291, 0.0 ], [ 373395.7602858138, 193324.6406524863, 0.0 ], [ 373371.8083833152, 193259.7292331868, 0.0 ], [ 373289.835985848, 193253.1111275998, 0.0 ], [ 373226.9014344633, 193235.5561526591, 0.0 ], [ 373234.0911277435, 193215.1719875657, 0.0 ], [ 373204.0791053355, 193189.6392962226, 0.0 ], [ 373190.9529680625, 193189.10944789, 0.0 ], [ 373137.2116598056, 193160.0977524015, 0.0 ], [ 373094.510488363, 193133.1954531046, 0.0 ], [ 373078.3089432993, 193145.901815946, 0.0 ], [ 373058.4136108623, 193135.2048779127, 0.0 ], [ 373014.4097197658, 193131.5959109688, 0.0 ], [ 372994.5061422677, 193108.2026072323, 0.0 ], [ 372996.7075735817, 193087.9983906291, 0.0 ], [ 372958.0299919564, 193109.3422810041, 0.0 ], [ 372934.4985875739, 193104.4036946597, 0.0 ], [ 372921.2982447511, 193111.1817544603, 0.0 ], [ 372900.6938370594, 193094.2765935122, 0.0 ], [ 372886.957565265, 193109.2922953123, 0.0 ], [ 372860.2270771752, 193110.2320263171, 0.0 ], [ 372817.1961032886, 193099.1152084731, 0.0 ], [ 372790.4985954432, 193103.4539665166, 0.0 ], [ 372772.4089313874, 193093.3068710924, 0.0 ], [ 372748.5477245608, 193101.5445130919, 0.0 ], [ 372725.9315219605, 193097.1657664951, 0.0 ], [ 372666.1218487331, 193097.4856749222, 0.0 ], [ 372636.8518818242, 193059.3265978445, 0.0 ], [ 372605.9411477562, 193065.0649552567, 0.0 ], [ 372597.036481767, 193093.1569140172, 0.0 ], [ 372576.6134654196, 193090.1877639275, 0.0 ], [ 372567.8819457135, 193077.8013095132, 0.0 ], [ 372551.1032463728, 193084.8492920492, 0.0 ], [ 372527.6295574179, 193068.1540710065, 0.0 ], [ 372527.2585296684, 193027.4057350964, 0.0 ], [ 372505.9862720275, 193011.0904053109, 0.0 ], [ 372486.9731611284, 193017.99842791, 0.0 ], [ 372461.578372937, 193038.9624270277, 0.0 ], [ 372435.7301063851, 193020.6576667108, 0.0 ], [ 372427.3201440619, 193002.7228005129, 0.0 ], [ 372391.033630156, 193008.7310806606, 0.0 ], [ 372379.2267026592, 193002.7327976512, 0.0 ], [ 372393.4329429364, 192980.2792249196, 0.0 ], [ 372375.6318560191, 192954.7765249915, 0.0 ], [ 372385.0889411021, 192914.1581518798, 0.0 ], [ 372396.8711334156, 192905.2307073343, 0.0 ], [ 372420.7240951811, 192916.1175909962, 0.0 ], [ 372441.509894217, 192902.8713826839, 0.0 ], [ 372442.2766848993, 192876.368968921, 0.0 ], [ 372456.928158476, 192852.7757224175, 0.0 ], [ 372485.1015322584, 192845.7177427432, 0.0 ], [ 372504.8319634734, 192869.550920567, 0.0 ], [ 372534.0277248324, 192856.8845462789, 0.0 ], [ 372535.8993537023, 192824.3838495066, 0.0 ], [ 372544.6968338972, 192809.5980818885, 0.0 ], [ 372564.9467039615, 192806.8388717042, 0.0 ], [ 372571.8560651643, 192773.9082979829, 0.0 ], [ 372595.4616750967, 192769.1096715755, 0.0 ], [ 372640.7600407861, 192802.9099963331, 0.0 ], [ 372656.8626451166, 192783.4055794144, 0.0 ], [ 372648.0569198606, 192747.8057697539, 0.0 ], [ 372661.1006065225, 192731.390468585, 0.0 ], [ 372691.7474986353, 192711.2162433969, 0.0 ], [ 372730.128258061, 192722.9428866802, 0.0 ], [ 372743.6831385111, 192703.3584926546, 0.0 ], [ 372733.5087331124, 192687.4030598497, 0.0 ], [ 372748.976467738, 192670.7578244988, 0.0 ], [ 372754.68205002, 192632.7587016346, 0.0 ], [ 372766.4807324557, 192623.3613915866, 0.0 ], [ 372797.2760356683, 192628.0600466106, 0.0 ], [ 372818.4823328204, 192613.4642246212, 0.0 ], [ 372842.7393025798, 192623.5013515235, 0.0 ], [ 372855.642823203, 192603.087195015, 0.0 ], [ 372850.5721106258, 192573.8155739294, 0.0 ], [ 372870.0386998855, 192523.6899222479, 0.0 ], [ 372880.5429077283, 192464.8867544796, 0.0 ], [ 372899.5395285052, 192432.3860577073, 0.0 ], [ 372959.0771147163, 192371.063611075, 0.0 ], [ 372962.3833842179, 192356.5577633308, 0.0 ], [ 372982.4765981212, 192346.6605963653, 0.0 ], [ 373006.684097514, 192324.4569520924, 0.0 ], [ 373011.8784860077, 192308.8614162681, 0.0 ], [ 373049.1791424291, 192306.8619885983, 0.0 ], [ 373066.3371145805, 192293.155911922, 0.0 ], [ 373080.2712678413, 192251.1779279949, 0.0 ], [ 373112.8722394351, 192240.381018578, 0.0 ], [ 373136.0738413736, 192215.5781183344, 0.0 ], [ 373133.6662835321, 192200.6823821945, 0.0 ], [ 373164.8491046164, 192179.3684832346, 0.0 ], [ 373176.7797080298, 192146.1579896395, 0.0 ], [ 373135.2823155079, 192116.4564916049, 0.0 ], [ 373160.2813407665, 192043.857272915, 0.0 ], [ 373145.077448096, 192043.5573587646, 0.0 ], [ 373131.9760460064, 192022.6633396154, 0.0 ], [ 373164.1730096061, 192002.2791745219, 0.0 ], [ 373172.4180707072, 191983.0246860619, 0.0 ], [ 373143.60982722, 191961.0209845559, 0.0 ], [ 373142.3978032381, 191946.725076717, 0.0 ], [ 373158.4674273242, 191941.1466735183, 0.0 ], [ 373142.0515106719, 191911.9850209545, 0.0 ], [ 373149.4720656629, 191892.2306755771, 0.0 ], [ 373147.7983182594, 191864.3486567219, 0.0 ], [ 373135.9006950905, 191846.8536646113, 0.0 ], [ 373149.9997495734, 191834.2472731534, 0.0 ], [ 373177.8020956063, 191851.2524054848, 0.0 ], [ 373182.6007211671, 191823.950220654, 0.0 ], [ 373204.7964256513, 191810.6540266499, 0.0 ], [ 373205.2004336452, 191796.8479785901, 0.0 ], [ 373186.2038128683, 191786.8508402412, 0.0 ], [ 373201.9024092048, 191758.8488557258, 0.0 ], [ 373188.4959398544, 191711.2524800466, 0.0 ], [ 373196.8976571164, 191695.24706155, 0.0 ], [ 373184.7032117479, 191686.249637036, 0.0 ], [ 373165.2036422438, 191696.5466895354, 0.0 ], [ 373131.2010102629, 191674.3530424008, 0.0 ], [ 373141.6969730445, 191655.7483679335, 0.0 ], [ 373171.8986318579, 191662.5464220107, 0.0 ], [ 373177.5959690788, 191634.9543201677, 0.0 ], [ 373162.7960844022, 191628.6461258696, 0.0 ], [ 373136.6015252841, 191601.2539667935, 0.0 ], [ 373129.2964011485, 191579.0503225206, 0.0 ], [ 373156.2000355214, 191594.4459155779, 0.0 ], [ 373179.1625306879, 191562.2651272328, 0.0 ], [ 373181.4958829796, 191539.6116117341, 0.0 ], [ 373141.9360798165, 191505.9812383284, 0.0 ], [ 373150.1728958565, 191487.7664522566, 0.0 ], [ 373130.5496504359, 191452.706488067, 0.0 ], [ 373153.2730388305, 191433.4420024687, 0.0 ], [ 373140.7405459568, 191407.1195371959, 0.0 ], [ 373150.7995205002, 191397.2823530606, 0.0 ], [ 373154.946786234, 191354.6045694491, 0.0 ], [ 373136.7911616894, 191337.9193455448, 0.0 ], [ 373141.3919057838, 191313.4163594516, 0.0 ], [ 373132.190417595, 191274.6174655194, 0.0 ], [ 373165.0882113884, 191271.5183526313, 0.0 ], [ 373171.6925053304, 191263.3206991852, 0.0 ], [ 373157.9892137803, 191246.7154523876, 0.0 ], [ 373159.1929927011, 191203.5178175819, 0.0 ], [ 373148.993852119, 191191.4212801798, 0.0 ], [ 373121.3893875526, 191200.7186188443, 0.0 ], [ 373116.7886434582, 191188.4221386751, 0.0 ], [ 373126.0890723802, 191167.0182654701, 0.0 ], [ 373105.4929097496, 191139.7160806392, 0.0 ], [ 373127.0867247734, 191128.1194001544, 0.0 ], [ 373145.3907604179, 191102.2168146924, 0.0 ], [ 373126.888843307, 191068.9163468522, 0.0 ], [ 373142.0927359774, 191056.1200097656, 0.0 ], [ 373141.9937952442, 191038.6150205166, 0.0 ], [ 373111.4870691701, 191058.1194374354, 0.0 ], [ 373099.3420941682, 191053.4507738264, 0.0 ], [ 373088.2112616817, 191031.6970007792, 0.0 ], [ 373106.6801985482, 190979.6718928114, 0.0 ], [ 373093.8838637193, 190976.7727226902, 0.0 ], [ 373063.682204906, 190986.1700327382, 0.0 ], [ 373049.0802016959, 190967.1654727369, 0.0 ], [ 373068.5880162611, 190956.9284030676, 0.0 ], [ 373065.0426399877, 190932.2054799308, 0.0 ], [ 373087.8484789933, 190926.5371024869, 0.0 ], [ 373097.041722121, 190911.4014350267, 0.0 ], [ 373080.3124931469, 190912.0912375727, 0.0 ], [ 373061.0520304147, 190894.8161825058, 0.0 ], [ 373061.398322981, 190872.2926298057, 0.0 ], [ 373037.1990686492, 190865.7944898789, 0.0 ], [ 373029.8032488415, 190837.7925053636, 0.0 ], [ 372995.3718736834, 190811.3100858773, 0.0 ], [ 372983.6473967975, 190793.8050966284, 0.0 ], [ 372982.3694123269, 190772.9210746175, 0.0 ], [ 373011.9939168632, 190752.3769553105, 0.0 ], [ 373004.1693538782, 190738.8508271244, 0.0 ], [ 372989.5426154849, 190740.8902433476, 0.0 ], [ 372972.260967417, 190723.425242652, 0.0 ], [ 373001.3660331038, 190707.4898041238, 0.0 ], [ 373010.0068571378, 190687.3155789357, 0.0 ], [ 372984.0761399748, 190655.1847762823, 0.0 ], [ 372970.2739076916, 190647.6569311056, 0.0 ], [ 372986.7640298938, 190603.3796053582, 0.0 ], [ 372963.4387520388, 190587.814060949, 0.0 ], [ 372970.9912280074, 190570.8089286175, 0.0 ], [ 372997.6310204251, 190570.2990745617, 0.0 ], [ 373038.1225154925, 190541.8772102357, 0.0 ], [ 373042.1873306154, 190500.7189916532, 0.0 ], [ 373021.8385198179, 190473.5267753442, 0.0 ], [ 373050.061363967, 190474.236572167, 0.0 ], [ 373065.2405214541, 190465.4390904199, 0.0 ], [ 373075.4973774638, 190442.8155663363, 0.0 ], [ 373060.8871291927, 190420.7318877236, 0.0 ], [ 373057.7540059743, 190379.3937206508, 0.0 ], [ 373015.7289295419, 190373.0755292143, 0.0 ], [ 373001.5309343259, 190340.9347294225, 0.0 ], [ 372975.3693554521, 190354.8007603125, 0.0 ], [ 372962.3421589123, 190352.8513183344, 0.0 ], [ 372974.5036240364, 190328.8781805737, 0.0 ], [ 372938.8437347742, 190321.2603611519, 0.0 ], [ 372919.0390980094, 190295.6576898403, 0.0 ], [ 372903.6373238725, 190296.4574609082, 0.0 ], [ 372876.5440530943, 190277.8627835792, 0.0 ], [ 372861.3401604238, 190258.05845251, 0.0 ], [ 372856.9372977958, 190223.3583853009, 0.0 ], [ 372832.7380434641, 190204.9636507389, 0.0 ], [ 372799.8402496707, 190159.4566769747, 0.0 ], [ 372816.4375576673, 190143.161341466, 0.0 ], [ 372822.6378436153, 190107.061674888, 0.0 ], [ 372784.9991396888, 190093.0756783379, 0.0 ], [ 372783.0038349023, 190072.5815447226, 0.0 ], [ 372795.1982802709, 190055.9762979251, 0.0 ], [ 372790.9026034371, 190038.181391664, 0.0 ], [ 372771.0979666723, 190023.3756297692, 0.0 ], [ 372768.5997131587, 189981.5975886091, 0.0 ], [ 372773.2993979863, 189950.6964339726, 0.0 ], [ 372728.8008032237, 189930.9021000418, 0.0 ], [ 372725.2966522557, 189910.0980551377, 0.0 ], [ 372736.5016902921, 189898.7013174199, 0.0 ], [ 372756.7020899898, 189901.7004589246, 0.0 ], [ 372764.4029770582, 189871.799018123, 0.0 ], [ 372778.0980235472, 189868.4999624678, 0.0 ], [ 372766.3982818447, 189845.3965757435, 0.0 ], [ 372747.3027203346, 189858.102938585, 0.0 ], [ 372716.4991720608, 189852.5045411096, 0.0 ], [ 372710.0020639132, 189836.8990081469, 0.0 ], [ 372737.4004019521, 189806.8975959618, 0.0 ], [ 372735.5040378988, 189782.1046928565, 0.0 ], [ 372721.5039241492, 189743.895630087, 0.0 ], [ 372708.7982849924, 189738.597146762, 0.0 ], [ 372716.2023498612, 189700.9979094318, 0.0 ], [ 372729.402692684, 189681.8034038019, 0.0 ], [ 372709.4001744528, 189655.7008755728, 0.0 ], [ 372744.7962217598, 189627.1990341401, 0.0 ], [ 372755.8033783298, 189605.5952181681, 0.0 ], [ 372745.4970519534, 189586.8005980721, 0.0 ], [ 372754.5006586758, 189548.9014465914, 0.0 ], [ 372746.601890141, 189521.29934761, 0.0 ], [ 372798.0840516562, 189448.2102691411, 0.0 ], [ 372813.3786399987, 189445.0111848695, 0.0 ], [ 372805.8261640301, 189431.2051368096, 0.0 ], [ 372780.777668405, 189444.8112421025, 0.0 ], [ 372769.9683933015, 189429.0457549263, 0.0 ], [ 372775.3689083227, 189401.2537103163, 0.0 ], [ 372758.268651599, 189390.4468037611, 0.0 ], [ 372769.5726303686, 189370.9523839807, 0.0 ], [ 372750.4688237974, 189362.7547305346, 0.0 ], [ 372751.3675354574, 189336.752173689, 0.0 ], [ 372737.9693111681, 189331.6536331311, 0.0 ], [ 372747.9705702837, 189318.0475278382, 0.0 ], [ 372740.4675646817, 189305.950990436, 0.0 ], [ 372745.9670204362, 189287.7462015027, 0.0 ], [ 372724.7689683452, 189280.248347741, 0.0 ], [ 372719.368453324, 189241.0495682749, 0.0 ], [ 372685.2668806099, 189243.9487383961, 0.0 ], [ 372690.172691965, 189223.7545189313, 0.0 ], [ 372679.6684841222, 189202.0507315758, 0.0 ], [ 372643.1675986276, 189172.6491476916, 0.0 ], [ 372632.1686871188, 189136.5494811137, 0.0 ], [ 372647.1664532617, 189088.2533057501, 0.0 ], [ 372659.5670251577, 189081.145340384, 0.0 ], [ 372660.8037843229, 189060.3013069265, 0.0 ], [ 372688.1031816286, 189060.9011352274, 0.0 ], [ 372725.7996009829, 189049.2044833592, 0.0 ], [ 372774.8, 188980.5041486255, 0.0 ], [ 372778.7988537407, 188918.9017821195, 0.0 ], [ 372762.6962494103, 188898.1977085989, 0.0 ], [ 372760.0990551634, 188867.1965825789, 0.0 ], [ 372749.3969658542, 188846.0026492792, 0.0 ], [ 372752.398168095, 188797.4965340102, 0.0 ], [ 372766.2993411115, 188788.7990236467, 0.0 ], [ 372838.6992226403, 188768.8047469489, 0.0 ], [ 372870.0964153133, 188756.6982124083, 0.0 ], [ 372893.8999067121, 188763.6962092526, 0.0 ], [ 372939.2972131348, 188792.6979076028, 0.0 ], [ 372988.899500719, 188785.599939375, 0.0 ], [ 372999.997352961, 188777.7022000794, 0.0 ], [ 373044.603133518, 188768.3048900314, 0.0 ], [ 373082.2995528723, 188755.0986702725, 0.0 ], [ 373118.7014976336, 188767.4951218251, 0.0 ], [ 373127.6968592949, 188753.0992426027, 0.0 ], [ 373146.6027843997, 188766.5953793737, 0.0 ], [ 373159.8031272226, 188751.2997576999, 0.0 ], [ 373175.8974864919, 188770.9041460021, 0.0 ], [ 373191.8022093559, 188772.2037739875, 0.0 ], [ 373207.7976278921, 188747.3009023603, 0.0 ], [ 373213.503210174, 188760.2971822139, 0.0 ], [ 373238.5764409825, 188773.9132846452, 0.0 ], [ 373250.5400246402, 188765.5456798471, 0.0 ], [ 373270.1302898164, 188774.0632417204, 0.0 ], [ 373297.091639617, 188770.1143720726, 0.0 ], [ 373299.6476085584, 188781.2111956399, 0.0 ], [ 373315.692497461, 188763.7861834977, 0.0 ], [ 373327.1201521472, 188772.5636709681, 0.0 ], [ 373346.8835636065, 188754.6587961851, 0.0 ], [ 373378.3632068905, 188750.1300925131, 0.0 ], [ 373393.3609730334, 188763.3962951021, 0.0 ], [ 373413.957135664, 188730.4857156575, 0.0 ], [ 373423.7110429466, 188726.8867458518, 0.0 ], [ 373428.8559610737, 188746.2811942487, 0.0 ], [ 373453.8632313933, 188732.0952549316, 0.0 ], [ 373479.7197430063, 188741.6925077466, 0.0 ], [ 373498.7081187222, 188732.0852577933, 0.0 ], [ 373492.9200858292, 188716.9795817481, 0.0 ], [ 373518.5210005481, 188730.7756326696, 0.0 ], [ 373544.5176781999, 188729.9758616017, 0.0 ], [ 373564.3305600258, 188721.5282796968, 0.0 ], [ 373586.6581854876, 188725.3671808228, 0.0 ], [ 373634.6609312182, 188698.2349473439, 0.0 ], [ 373655.9002086147, 188700.2843607054, 0.0 ], [ 373668.490416916, 188690.1072738662, 0.0 ], [ 373721.9596381567, 188684.3489221772, 0.0 ], [ 373738.8207881084, 188687.7779406309, 0.0 ], [ 373778.017808583, 188683.5791425243, 0.0 ], [ 373803.618723302, 188700.5842748558, 0.0 ], [ 373829.7803021758, 188699.8644808947, 0.0 ], [ 373865.0774087496, 188715.2600739521, 0.0 ], [ 373880.4626927642, 188748.6905045908, 0.0 ], [ 373905.5276785116, 188769.2846095896, 0.0 ], [ 373935.3912898197, 188779.7016277492, 0.0 ], [ 373951.0569059118, 188774.9729813101, 0.0 ], [ 373975.618942932, 188781.6910582806, 0.0 ], [ 373990.138495531, 188822.2994342539, 0.0 ], [ 374003.6603957369, 188826.6981751274, 0.0 ], [ 374015.0633152397, 188812.102353138, 0.0 ], [ 374053.1637425878, 188834.8958285735, 0.0 ], [ 374067.0978958487, 188859.4987860502, 0.0 ], [ 374084.1981525724, 188848.2020197159, 0.0 ], [ 374093.300700028, 188821.6996059529, 0.0 ], [ 374134.9877289552, 188809.783017041, 0.0 ], [ 374169.4438392967, 188811.902410371, 0.0 ], [ 374179.6594700009, 188823.0092310767, 0.0 ], [ 374195.5724379261, 188811.4625362837, 0.0 ], [ 374231.3972284104, 188799.296018913, 0.0 ], [ 374264.6990301977, 188799.9958185975, 0.0 ], [ 374303.9125407945, 188818.6304844798, 0.0 ], [ 374354.3393344888, 188810.2728768201, 0.0 ], [ 374370.7387610189, 188820.1200580938, 0.0 ], [ 374410.3397894875, 188810.1928997134, 0.0 ], [ 374438.1503805815, 188812.6721900239, 0.0 ], [ 374465.4662680094, 188848.5019338664, 0.0 ], [ 374477.8998201499, 188874.2145736998, 0.0 ], [ 374457.7983611855, 188904.4159286519, 0.0 ], [ 374474.1730525322, 188946.3539240256, 0.0 ], [ 374496.8469705603, 188950.3627765035, 0.0 ], [ 374537.4126711776, 188976.9051788199, 0.0 ], [ 374551.95695896, 188976.3853276257, 0.0 ], [ 374567.0289306528, 189009.6857954659, 0.0 ], [ 374590.040896186, 189042.6163691873, 0.0 ], [ 374612.3767667089, 189049.5843746165, 0.0 ], [ 374641.7374292899, 189122.5934759786, 0.0 ], [ 374641.2179904405, 189139.9085195989, 0.0 ], [ 374671.3866690095, 189159.422933656, 0.0 ], [ 374688.1158979835, 189188.9544803387, 0.0 ], [ 374695.2231406527, 189228.7430909674, 0.0 ], [ 374685.6423796532, 189253.5459912111, 0.0 ], [ 374689.7731552649, 189286.2466307503, 0.0 ], [ 374685.0982056206, 189305.3211707201, 0.0 ], [ 374691.2820014464, 189328.9644029152, 0.0 ], [ 374688.3632498166, 189358.096064064, 0.0 ], [ 374697.1689750726, 189409.7212864978, 0.0 ], [ 374705.1996645851, 189432.5447533484, 0.0 ], [ 374747.6287490113, 189480.8509258503, 0.0 ], [ 374773.7078772741, 189496.1165561091, 0.0 ], [ 374880.3000271891, 189435.1040207657, 0.0 ], [ 374972.9003084156, 189374.1014825606, 0.0 ], [ 375000.8015951817, 189360.9952341852, 0.0 ], [ 374988.9039720128, 189330.703904988, 0.0 ], [ 374970.5009956352, 189306.3008902783, 0.0 ], [ 374954.2994505715, 189245.6982376071, 0.0 ], [ 374955.6021702255, 189217.8961958588, 0.0 ], [ 374983.0994489976, 189211.6979700825, 0.0 ], [ 375016.8959544511, 189196.4023484087, 0.0 ], [ 375040.4026236503, 189198.9016329959, 0.0 ], [ 375110.2960066043, 189197.502033627, 0.0 ], [ 375129.9027619027, 189190.7039795498, 0.0 ], [ 375171.3012136914, 189188.2046949625, 0.0 ], [ 375274.7025249602, 189227.7033885791, 0.0 ], [ 375297.4011781716, 189232.1021294526, 0.0 ], [ 375333.8031229329, 189250.7967781651, 0.0 ], [ 375352.7997437099, 189166.700850374, 0.0 ], [ 375382.1026908631, 189131.600897631, 0.0 ], [ 375402.5999127605, 189126.1024715391, 0.0 ], [ 375417.8038054309, 189109.4972247415, 0.0 ], [ 375498.0035147613, 189088.6032055923, 0.0 ], [ 375512.4983321771, 189005.2970517308, 0.0 ], [ 375520.7021679726, 188930.4984626042, 0.0 ], [ 375570.7002184897, 188951.4024788918, 0.0 ], [ 375574.6990731237, 188993.4004570956, 0.0 ], [ 375596.6968961415, 188929.0988632354, 0.0 ], [ 375612.1976110116, 188915.9026406148, 0.0 ], [ 375601.8005889631, 188890.1000265362, 0.0 ], [ 375622.099929394, 188829.1974597146, 0.0 ], [ 375624.2024199748, 188804.2046138424, 0.0 ], [ 375636.8008733373, 188763.3962951021, 0.0 ], [ 375658.798696355, 188710.4514504062, 0.0 ], [ 375715.8132938691, 188726.0569833689, 0.0 ], [ 375861.7096500531, 188754.5588248016, 0.0 ], [ 375861.4870334033, 188772.6536452132, 0.0 ], [ 375990.3326032302, 188784.0003972392, 0.0 ], [ 376040.0997920365, 188779.15178514, 0.0 ], [ 376081.902251819, 188756.7981837918, 0.0 ], [ 376194.199984016, 188721.7982024323, 0.0 ], [ 376194.6039920099, 188700.8042118995, 0.0 ], [ 376225.6961174222, 188689.0975628929, 0.0 ], [ 376263.4997225708, 188682.9993085001, 0.0 ], [ 376265.2971458908, 188648.5991554415, 0.0 ], [ 376260.5974610632, 188615.8985159022, 0.0 ], [ 376262.7988923772, 188579.4989351738, 0.0 ], [ 376244.8988647267, 188562.4838057039, 0.0 ], [ 376241.6997810194, 188512.8780052166, 0.0 ], [ 376254.6033016426, 188443.9977219926, 0.0 ], [ 376262.5020701775, 188440.398752187, 0.0 ], [ 376309.8039857145, 188538.8005849554, 0.0 ], [ 376332.9973425919, 188507.1996306345, 0.0 ], [ 376359.4969689709, 188495.3030359992, 0.0 ], [ 376362.6960526781, 188527.3038758541, 0.0 ], [ 376489.9997960791, 188468.3007653188, 0.0 ], [ 376576.8037993514, 188422.7038173094, 0.0 ], [ 376613.7993885121, 188484.2961866771, 0.0 ], [ 376654.002306441, 188535.3015865332, 0.0 ], [ 376662.4040237031, 188552.0967789594, 0.0 ], [ 376689.3983537481, 188538.3007280379, 0.0 ], [ 376685.0037361812, 188522.8951378422, 0.0 ], [ 376748.1031887879, 188497.9022919699, 0.0 ], [ 376775.6004675601, 188483.3964442257, 0.0 ], [ 376808.1024984206, 188453.8049147129, 0.0 ], [ 376834.2970575388, 188439.7989238861, 0.0 ], [ 376870.3032393673, 188429.6018427701, 0.0 ], [ 376877.5011777086, 188468.9005936197, 0.0 ], [ 376876.8992882482, 188534.1019299314, 0.0 ], [ 376886.7026658974, 188599.4032376265, 0.0 ], [ 376884.8969975163, 188674.40176952, 0.0 ], [ 376948.4004581169, 188693.0964182325, 0.0 ], [ 376958.0966499718, 188680.4000525294, 0.0 ], [ 377003.9969051217, 188575.4001084507, 0.0 ], [ 377005.002802576, 188566.5026553202, 0.0 ], [ 377147.3537824865, 188567.4023977716, 0.0 ], [ 377161.9228054521, 188526.3441505726, 0.0 ], [ 377174.9170217474, 188445.4073184998, 0.0 ], [ 377179.8723034692, 188376.5770209675, 0.0 ], [ 377186.9465658939, 188353.2936857529, 0.0 ], [ 377207.097495225, 188323.6021848566, 0.0 ], [ 377203.6015893182, 188299.1991701469, 0.0 ], [ 377164.3963237825, 188236.8970039565, 0.0 ], [ 377151.0970402264, 188238.0966605583, 0.0 ], [ 377158.3032236287, 188135.0961441495, 0.0 ], [ 377173.902879232, 188135.5960010669, 0.0 ], [ 377208.1033926794, 188204.2963358007, 0.0 ], [ 377256.6997828092, 188240.7958879126, 0.0 ], [ 377287.998034749, 188270.7973000976, 0.0 ], [ 377296.3997520111, 188258.400848545, 0.0 ], [ 377308.0005529803, 188202.3968795144, 0.0 ], [ 377329.1986050712, 188177.0041481081, 0.0 ], [ 377338.1032710604, 188212.6039577686, 0.0 ], [ 377337.6992630665, 188261.3000186662, 0.0 ], [ 377343.9984897477, 188296.1000572588, 0.0 ], [ 377339.8017536472, 188307.796709127, 0.0 ], [ 377384.1024669434, 188314.7047317261, 0.0 ], [ 377417.6021501972, 188276.795583107, 0.0 ], [ 377436.5987709741, 188286.3028616768, 0.0 ], [ 377455.2985695514, 188268.1980441269, 0.0 ], [ 377471.6979960816, 188269.5976434958, 0.0 ], [ 377507.0033477165, 188287.6024896622, 0.0 ], [ 377521.6960465986, 188286.8027185943, 0.0 ], [ 377580.5987631049, 188313.9049606582, 0.0 ], [ 377617.9983602595, 188307.9966518939, 0.0 ], [ 377655.2000759476, 188311.6955930831, 0.0 ], [ 377715.9991565071, 188350.9043696875, 0.0 ], [ 377747.5859855855, 188362.8809414295, 0.0 ], [ 377809.1023864608, 188368.1994190311, 0.0 ], [ 377938.302493915, 188384.8046658287, 0.0 ], [ 377947.602922837, 188317.4039590803, 0.0 ], [ 377957.2991146919, 188296.6998855597, 0.0 ], [ 377946.2012624498, 188248.6036529631, 0.0 ], [ 378005.3018604225, 188159.8990443931, 0.0 ], [ 378081.1976478582, 188067.0956091002, 0.0 ], [ 378013.2995696906, 188021.7985752412, 0.0 ], [ 378020.5964487651, 188007.7026101692, 0.0 ], [ 378040.5989669964, 188023.4980887605, 0.0 ], [ 378092.600567361, 188031.7957135901, 0.0 ], [ 378161.1994757222, 187931.7043644408, 0.0 ], [ 378207.0007901387, 187958.5966665994, 0.0 ], [ 378244.7961502262, 187969.1036590041, 0.0 ], [ 378272.5984962591, 187984.8991375954, 0.0 ], [ 378333.9005255458, 188032.8953988085, 0.0 ], [ 378377.302527182, 188047.1013324023, 0.0 ], [ 378432.0992032599, 188090.498909975, 0.0 ], [ 378498.496680307, 188121.0001790775, 0.0 ], [ 378526.2000856067, 188149.6019918938, 0.0 ], [ 378572.7022302169, 188182.0027172826, 0.0 ], [ 378594.6011125015, 188188.5008572094, 0.0 ], [ 378694.0035691363, 188236.797032573, 0.0 ], [ 378739.5987570254, 188264.9989598553, 0.0 ], [ 378768.3987554515, 188213.2037860696, 0.0 ], [ 378767.2032215919, 188204.5962499511, 0.0 ], [ 378717.7988154741, 188151.1015626461, 0.0 ], [ 378727.9979560561, 188134.2963730816, 0.0 ], [ 378761.3986985767, 188126.3986337859, 0.0 ], [ 378835.9010706862, 188128.3980614557, 0.0 ], [ 378862.9036457923, 188152.4011906314, 0.0 ], [ 378892.8991780782, 188165.6973846355, 0.0 ], [ 378912.4976883155, 188189.3006282773, 0.0 ], [ 378924.5024972787, 188243.3951438833, 0.0 ], [ 378926.2999205987, 188280.204607284, 0.0 ], [ 378977.4028093033, 188262.499675268, 0.0 ], [ 379030.5010027944, 188259.0006768459, 0.0 ], [ 379064.396448981, 188236.2471899638, 0.0 ], [ 379078.6026892582, 188235.9972615051, 0.0 ], [ 379124.9976480741, 188216.2029275742, 0.0 ], [ 379160.7977033751, 188194.2991974518, 0.0 ], [ 379191.4033701824, 188167.4968695383, 0.0 ], [ 379219.6014791481, 188186.9013150735, 0.0 ], [ 379233.3872213092, 188180.6231121904, 0.0 ], [ 379235.5804075621, 188133.536590567, 0.0 ], [ 379254.2307357728, 188118.2709603083, 0.0 ], [ 379299.1580737127, 188109.3935014544, 0.0 ], [ 379303.6433869516, 188139.4349021929, 0.0 ], [ 379313.9414682669, 188157.2198113156, 0.0 ], [ 379347.2515151154, 188186.8213379668, 0.0 ], [ 379380.660502697, 188197.3683189249, 0.0 ], [ 379425.5713505147, 188201.8270426285, 0.0 ], [ 379455.1298945622, 188214.0935313826, 0.0 ], [ 379479.1724927329, 188231.4585606947, 0.0 ], [ 379523.2670795016, 188275.4559665682, 0.0 ], [ 379538.4709721721, 188304.4576649184, 0.0 ], [ 379555.670169629, 188355.1631506241, 0.0 ], [ 379557.7726602097, 188375.5573128559, 0.0 ], [ 379548.3732905545, 188502.460987057, 0.0 ], [ 379602.2959901557, 188498.0822404602, 0.0 ], [ 379689.7018828884, 188481.0071281603, 0.0 ], [ 379705.1036570253, 188475.698647697, 0.0 ], [ 379843.3980668741, 188404.499028376, 0.0 ], [ 379897.6010985527, 188379.1962712149, 0.0 ], [ 379882.6033324098, 188356.9026526969, 0.0 ], [ 379977.3720647058, 188310.6958792482, 0.0 ], [ 380013.353511351, 188296.3399885791, 0.0 ], [ 379987.6866361433, 188222.8410274379, 0.0 ], [ 380048.7825389025, 188202.1469510556, 0.0 ], [ 379998.7020377744, 188100.3960769404, 0.0 ], [ 379983.9021530979, 188065.7959811148, 0.0 ], [ 379969.3001498879, 188048.3009890042, 0.0 ], [ 379939.7993212681, 188027.0970585661, 0.0 ], [ 379898.202988013, 188010.6017802904, 0.0 ], [ 379903.1994950403, 188006.3030108004, 0.0 ], [ 379858.6019595445, 187977.9011407511, 0.0 ], [ 379810.3023916142, 187932.5041355087, 0.0 ], [ 379766.1995597844, 187873.9009105074, 0.0 ], [ 379748.1511210342, 187844.2993838562, 0.0 ], [ 379721.1320558058, 187787.1957296072, 0.0 ], [ 379792.3034232305, 187757.93410566, 0.0 ], [ 379766.7767140615, 187689.6036650451, 0.0 ], [ 379874.4324768586, 187690.3534504213, 0.0 ], [ 379857.3734454404, 187653.2540700085, 0.0 ], [ 379932.3128057883, 187603.3883439241, 0.0 ], [ 379964.4438088993, 187656.5331313869, 0.0 ], [ 380137.9034043442, 187577.0958700664, 0.0 ], [ 380193.5987920822, 187542.4957742408, 0.0 ], [ 380255.0987028353, 187490.3007149211, 0.0 ], [ 380276.8986443866, 187442.704339242, 0.0 ], [ 380318.7011041692, 187447.8028797999, 0.0 ], [ 380379.5001847287, 187418.7012100662, 0.0 ], [ 380452.4030149846, 187379.7023733671, 0.0 ], [ 380433.2992084133, 187344.9023347745, 0.0 ], [ 380408.5970053545, 187355.6992441914, 0.0 ], [ 380377.6038206754, 187290.8977934137, 0.0 ], [ 380240.9996483524, 187329.2968018119, 0.0 ], [ 380203.6000511978, 187232.7044510847, 0.0 ], [ 380193.7966735486, 187180.7993087771, 0.0 ], [ 380294.0978418435, 187172.1017984136, 0.0 ], [ 380326.3030505044, 187139.8010444082, 0.0 ], [ 380350.7001863025, 187192.9958175628, 0.0 ], [ 380387.7040205243, 187178.2400413598, 0.0 ], [ 380456.599751085, 187135.8021890686, 0.0 ], [ 380541.9031532371, 187087.7959307171, 0.0 ], [ 380569.301491276, 187064.0027414467, 0.0 ], [ 380602.8011745298, 187022.8045343109, 0.0 ], [ 380624.8979382807, 186987.3046960339, 0.0 ], [ 380641.2973648108, 186946.3964059101, 0.0 ], [ 380547.3036682582, 186908.5972258128, 0.0 ], [ 380604.697538583, 186786.802089308, 0.0 ], [ 380501.0983458477, 186663.7972990629, 0.0 ], [ 380534.400147635, 186644.8027362, 0.0 ], [ 380580.4982842513, 186627.697632485, 0.0 ], [ 380635.6000275899, 186602.8047579962, 0.0 ], [ 380678.4001397658, 186593.9972791108, 0.0 ], [ 380784.1018230818, 186584.1001121454, 0.0 ], [ 380837.9008467665, 186679.0029464916, 0.0 ], [ 380915.8991247829, 186768.6972717581, 0.0 ], [ 380911.0015584889, 186784.2028333373, 0.0 ], [ 380928.5965188787, 186815.4039021243, 0.0 ], [ 381083.9994305122, 186735.7966894518, 0.0 ], [ 381074.6000608569, 186708.6044731428, 0.0 ], [ 381131.697108982, 186665.7967267327, 0.0 ], [ 381171.900026911, 186617.7004941361, 0.0 ], [ 381207.5681612344, 186561.5765594453, 0.0 ], [ 381191.3995964151, 186525.2969443771, 0.0 ], [ 381173.1038058317, 186438.5017892318, 0.0 ], [ 381158.7986248214, 186385.7968758563, 0.0 ], [ 381127.5993136148, 186293.0034377017, 0.0 ], [ 381105.9972535299, 186192.702148647, 0.0 ], [ 381103.6968814827, 186154.0032260984, 0.0 ], [ 381106.7970244567, 185977.4037771648, 0.0 ], [ 381338.7965537194, 185996.7982255617, 0.0 ], [ 381439.1719275643, 185987.0110271181, 0.0 ], [ 381476.3076827636, 185979.5331676331, 0.0 ], [ 381556.260040261, 185944.4432120284, 0.0 ], [ 381634.7117966379, 185905.4143839143, 0.0 ], [ 381685.9795865646, 185889.219019789, 0.0 ], [ 381801.4681574077, 185865.8157189142, 0.0 ], [ 381834.8029394394, 185855.5986435216, 0.0 ], [ 381848.7041124559, 185844.4018485709, 0.0 ], [ 381938.8968358408, 185796.0956760689, 0.0 ], [ 382024.70318672, 185741.3013607785, 0.0 ], [ 382051.4006945653, 185718.3979168211, 0.0 ], [ 382056.2982608594, 185699.8032394921, 0.0 ], [ 382018.8986637048, 185669.6018845401, 0.0 ], [ 381928.5987545255, 185618.7964274509, 0.0 ], [ 381870.9987576733, 185562.8024555586, 0.0 ], [ 381850.4025950427, 185536.3000417956, 0.0 ], [ 381817.7026827157, 185509.6976566492, 0.0 ], [ 381788.6965577621, 185493.0424241599, 0.0 ], [ 381760.9931524624, 185427.5711651128, 0.0 ], [ 381757.6703928387, 185403.5480416604, 0.0 ], [ 381768.6610592864, 185362.1898803109, 0.0 ], [ 381731.6984503702, 185328.2995813081, 0.0 ], [ 381706.6004843784, 185290.5004012109, 0.0 ], [ 381699.5014867704, 185265.5975295837, 0.0 ], [ 381667.8569422644, 185218.4810165453, 0.0 ], [ 381615.7564011665, 185109.8021255542, 0.0 ], [ 381627.0933601805, 185093.2268701717, 0.0 ], [ 381653.799113087, 185085.898967762, 0.0 ], [ 381585.3980861923, 184960.604832835, 0.0 ], [ 381558.5026968805, 184919.8964854782, 0.0 ], [ 381556.3012655665, 184882.6971336819, 0.0 ], [ 381569.6994898558, 184836.6003287551, 0.0 ], [ 381564.8019235617, 184777.9971037537, 0.0 ], [ 381546.2010657176, 184715.0951092624, 0.0 ], [ 381548.8972006977, 184697.5001457683, 0.0 ], [ 381517.7968302243, 184598.098599165, 0.0 ], [ 381484.9237716143, 184607.2459807543, 0.0 ], [ 381465.5891033322, 184568.1371755333, 0.0 ], [ 381515.1831458553, 184543.3642667047, 0.0 ], [ 381505.9074521165, 184479.9924067109, 0.0 ], [ 381509.7826308341, 184454.5896781663, 0.0 ], [ 381535.5814270194, 184403.9041867373, 0.0 ], [ 381495.0404615853, 184241.2807372155, 0.0 ], [ 381479.8695491593, 184172.3504682998, 0.0 ], [ 381479.6799127539, 184129.4527476446, 0.0 ], [ 381502.0240283379, 184000.32970873, 0.0 ], [ 381526.1573221809, 183922.0021297662, 0.0 ], [ 381551.4201893946, 183931.1395142171, 0.0 ], [ 381569.5180985116, 183908.3160473666, 0.0 ], [ 381569.8973713222, 183870.8967585266, 0.0 ], [ 381576.7819973416, 183861.4094742335, 0.0 ], [ 381559.3766733572, 183831.8079475823, 0.0 ], [ 381570.4827706604, 183826.3095214904, 0.0 ], [ 381553.8772176027, 183788.8102555436, 0.0 ], [ 381571.5793637868, 183779.3129741122, 0.0 ], [ 381559.5827998847, 183754.210159718, 0.0 ], [ 381542.9772468271, 183737.5149386754, 0.0 ], [ 381572.1812532472, 183718.0105217566, 0.0 ], [ 381567.0775604256, 183700.5055325077, 0.0 ], [ 381587.0800786569, 183690.2084800083, 0.0 ], [ 381590.6584351748, 183639.572974271, 0.0 ], [ 381575.8420603761, 183609.7415134379, 0.0 ], [ 381531.2939952468, 183562.2950948339, 0.0 ], [ 381484.9320166754, 183457.0052337431, 0.0 ], [ 381529.760413882, 183389.2446300142, 0.0 ], [ 381581.5971130247, 183318.0650049699, 0.0 ], [ 381626.1286880317, 183235.8885277418, 0.0 ], [ 381636.0310064141, 183206.5569238261, 0.0 ], [ 381672.968880147, 183164.0490915665, 0.0 ], [ 381686.5320056584, 183137.1467922696, 0.0 ], [ 381760.0779506802, 183022.0797298736, 0.0 ], [ 381790.4939810821, 182981.6812938056, 0.0 ], [ 381810.6201752299, 182963.9863589281, 0.0 ], [ 381856.8419877627, 182937.5239337185, 0.0 ], [ 381913.2382056942, 182912.3911279093, 0.0 ], [ 381942.9204256582, 182904.1234944947, 0.0 ], [ 381939.9522036618, 182866.1043773538, 0.0 ], [ 381944.5611928173, 182832.843898067, 0.0 ], [ 381946.3915963817, 182774.7305328448, 0.0 ], [ 381942.2195954646, 182746.6685654993, 0.0 ], [ 381925.7706985679, 182708.3095456545, 0.0 ], [ 381911.1439601745, 182630.7217549286, 0.0 ], [ 381903.8965514667, 182558.9323044451, 0.0 ], [ 381885.740926922, 182535.548997847, 0.0 ], [ 381861.4427318571, 182441.4759259837, 0.0 ], [ 381846.7830132193, 182406.815847328, 0.0 ], [ 381813.1678991101, 182349.0923705013, 0.0 ], [ 381779.6764609175, 182268.3854726105, 0.0 ], [ 381736.3486648312, 182143.761145953, 0.0 ], [ 381720.0894043398, 182106.111922931, 0.0 ], [ 381673.6119949129, 182037.9914222214, 0.0 ], [ 381612.9695705143, 181970.0308757255, 0.0 ], [ 381610.4465818174, 181963.1828359565, 0.0 ], [ 381638.3973389501, 181906.5090586565, 0.0 ], [ 381663.2974234755, 181873.1985936779, 0.0 ], [ 381694.7770667595, 181861.7418731301, 0.0 ], [ 381764.9425367298, 181868.3899701321, 0.0 ], [ 381777.763606742, 181864.8009974649, 0.0 ], [ 381791.2030563368, 181816.5048221012, 0.0 ], [ 381834.5885678508, 181789.3126057922, 0.0 ], [ 381821.6025966165, 181766.0292705776, 0.0 ], [ 381829.1962978907, 181754.7025128283, 0.0 ], [ 381921.3018754511, 181766.3991646965, 0.0 ], [ 381956.4340808028, 181754.9224498719, 0.0 ], [ 382042.6939100426, 181711.4648894692, 0.0 ], [ 382043.7575229246, 181702.3175078799, 0.0 ], [ 382023.3509966994, 181501.1450928847, 0.0 ], [ 382050.6009236385, 181495.6966524846, 0.0 ], [ 382057.7988619798, 181463.0959843287, 0.0 ], [ 382046.2722665605, 181410.9009250091, 0.0 ], [ 382035.6938531678, 181382.389086438, 0.0 ], [ 382060.9319851982, 181328.6344735358, 0.0 ], [ 382060.6104278152, 181308.87013102, 0.0 ], [ 382091.6201026165, 181283.3074482619, 0.0 ], [ 382120.5025516537, 181249.4471406741, 0.0 ], [ 382127.8818813391, 181219.475719904, 0.0 ], [ 382173.0071007455, 181146.1467101148, 0.0 ], [ 382188.3099341491, 181138.6888449065, 0.0 ], [ 382221.570510631, 181092.8019798849, 0.0 ], [ 382267.4130503531, 181097.0807550983, 0.0 ], [ 382325.5819564213, 181122.3235294293, 0.0 ], [ 382368.6294204302, 181126.3923647373, 0.0 ], [ 382406.2681243567, 181111.4066543523, 0.0 ], [ 382436.8985263472, 181113.6560104808, 0.0 ], [ 382464.6019316469, 181125.8525192665, 0.0 ], [ 382504.0875292601, 181129.421497657, 0.0 ], [ 382549.748677638, 181105.0984600541, 0.0 ], [ 382573.5439239758, 181086.9636510892, 0.0 ], [ 382573.5439239758, 181076.6665985898, 0.0 ], [ 382605.5265159869, 181060.8911142752, 0.0 ], [ 382605.5265159869, 181060.8911142752, 0.0 ] ] ] ] } }
]
}
