{
"type": "FeatureCollection",
"name": "weca_water_simple2",
"crs": { "type": "name", "properties": { "name": "urn:ogc:def:crs:EPSG::27700" } },
"features": [
{ "type": "Feature", "properties": { "osm_id": null, "access": null, "aerialway": null, "aeroway": null, "amenity": null, "area": null, "barrier": null, "bicycle": null, "brand": null, "bridge": null, "boundary": null, "building": null, "covered": null, "culvert": null, "cutting": null, "disused": null, "embankment": null, "foot": null, "harbour": null, "highway": null, "historic": null, "horse": null, "junction": null, "landuse": null, "layer": null, "leisure": null, "lock": null, "man_made": null, "military": null, "motorcar": null, "name": null, "natural": null, "oneway": null, "operator": null, "population": null, "power": null, "place": null, "railway": null, "ref": null, "religion": null, "route": null, "service": null, "shop": null, "sport": null, "surface": null, "toll": null, "tourism": null, "tower_type": null, "tracktype": null, "tunnel": null, "water": null, "waterway": null, "wetland": null, "width": null, "wood": null, "z_order": null, "way_area": null, "tags": null }, "geometry": { "type": "MultiPolygon", "coordinates": [ [ [ [ 350432.11623378, 160245.20752875 ], [ 350449.59155196, 160273.20581164 ], [ 350440.9493073, 160291.38875902 ], [ 350449.31617764, 160311.95101364 ], [ 350504.18242382, 160315.68113636 ], [ 350545.39135835, 160333.28612669 ], [ 350638.24164524, 160466.11013177 ], [ 350705.55720385, 160476.41165042 ], [ 350876.73584053, 160631.0211032 ], [ 350874.68087026, 160717.40834622 ], [ 350896.05311225, 160722.93311348 ], [ 350910.23876923, 160708.42092485 ], [ 350935.49760167, 160707.17879144 ], [ 351014.00476109, 160727.06322967 ], [ 351014.41471887, 160751.0423143 ], [ 351043.2014215, 160791.51385745 ], [ 351042.60501433, 160837.77636898 ], [ 351066.51994094, 160847.16383513 ], [ 351082.51370851, 160827.71957859 ], [ 351084.95745177, 160795.55925498 ], [ 351107.30803547, 160748.69869089 ], [ 351084.33128715, 160621.01900422 ], [ 351134.1764213, 160599.00107139 ], [ 351163.58237244, 160547.41144796 ], [ 351164.15137185, 160526.94559741 ], [ 351134.15353829, 160500.94103158 ], [ 351072.57476708, 160497.13785871 ], [ 351041.69681173, 160440.57491219 ], [ 350998.4699713, 160410.9999304 ], [ 351036.40770789, 160380.8476091 ], [ 351033.51786372, 160359.74817968 ], [ 351013.37120301, 160348.38997622 ], [ 351051.04693467, 160276.93233019 ], [ 351028.5903863, 160235.47035821 ], [ 351036.88200913, 160210.06189282 ], [ 351073.67733367, 160214.87891478 ], [ 351145.64865313, 160147.41051447 ], [ 351220.32186956, 160128.1549162 ], [ 351272.60589452, 160091.89126932 ], [ 351383.11112097, 160062.79876836 ], [ 351421.64852645, 160017.9540347 ], [ 351472.59108592, 160022.87584046 ], [ 351533.6143723, 159988.72760164 ], [ 351552.32216876, 160002.67559794 ], [ 351608.22869735, 160004.31336141 ], [ 351650.95640078, 159997.84737175 ], [ 351671.68715369, 159980.46938387 ], [ 351689.27879215, 159993.97799341 ], [ 351740.89638402, 159993.76642017 ], [ 351783.45230326, 160028.42806791 ], [ 351804.89059355, 160028.45477965 ], [ 351829.16435461, 160017.88686075 ], [ 351829.1751681, 160002.54555969 ], [ 351845.26201037, 159992.92996817 ], [ 351902.00614811, 159905.90660082 ], [ 351929.45134351, 159895.49406261 ], [ 351932.79733272, 159863.12351256 ], [ 351949.8596894, 159839.96804066 ], [ 352046.82393222, 159796.73881952 ], [ 352085.63336301, 159795.34491033 ], [ 352139.00518421, 159819.75087946 ], [ 352204.52895386, 159790.23872586 ], [ 352227.72590324, 159749.59897401 ], [ 352277.54613207, 159699.14420108 ], [ 352285.34549395, 159672.52494495 ], [ 352310.58062597, 159673.11553879 ], [ 352347.6262511, 159650.70832622 ], [ 352418.62092809, 159553.11656373 ], [ 352446.02936732, 159537.28698075 ], [ 352455.724006, 159552.54823723 ], [ 352477.1896613, 159551.32011958 ], [ 352474.13624165, 159490.36501423 ], [ 352512.81571085, 159481.94954122 ], [ 352547.91038422, 159446.64084543 ], [ 352560.68223844, 159414.36494389 ], [ 352556.789629, 159385.7311711 ], [ 352521.90948995, 159353.25966927 ], [ 352526.03214029, 159333.60375062 ], [ 352513.08365996, 159322.14685579 ], [ 352446.29509949, 159318.00443328 ], [ 352451.42385436, 159289.31863497 ], [ 352481.9755789, 159292.74534073 ], [ 352709.26609211, 159242.8651329 ], [ 352773.70554913, 159185.26465862 ], [ 352814.74687101, 159187.22140983 ], [ 352831.54970578, 159175.29576257 ], [ 352830.51520552, 159160.63661685 ], [ 352900.81309854, 159120.36492883 ], [ 352988.45473798, 159118.19061913 ], [ 353006.42907812, 159102.93935897 ], [ 353004.61130713, 159080.71182263 ], [ 352922.61529162, 159034.80477835 ], [ 352955.94502028, 159026.60985457 ], [ 352980.22239012, 159006.34895718 ], [ 352976.16813536, 158968.88872084 ], [ 352832.80327854, 158925.10243668 ], [ 352806.60935216, 158885.21568626 ], [ 352705.65396559, 158847.81318832 ], [ 352692.30594353, 158818.0954489 ], [ 352640.89942945, 158820.62969014 ], [ 352579.17328616, 158775.06758922 ], [ 352574.69684718, 158758.33380628 ], [ 352498.84421269, 158742.80566467 ], [ 352446.99881914, 158695.54038891 ], [ 352428.75838733, 158692.95070641 ], [ 352402.50338516, 158712.18626614 ], [ 352410.16479025, 158749.30825417 ], [ 352338.62873547, 158807.78876373 ], [ 352223.78730026, 158808.37080307 ], [ 352191.71295602, 158798.66744722 ], [ 352157.9734216, 158769.95806483 ], [ 352111.41898598, 158801.10964564 ], [ 352077.7801256, 158803.74840458 ], [ 352060.19683989, 158830.31747831 ], [ 352054.78473618, 158898.97677411 ], [ 352021.91425425, 158895.80175075 ], [ 351991.74307085, 158934.98130198 ], [ 351958.27001623, 158942.77686555 ], [ 351903.65653654, 159033.54770016 ], [ 351892.95284979, 159123.76927455 ], [ 351875.02479487, 159137.09073778 ], [ 351877.56327457, 159158.20355141 ], [ 351845.9824994, 159179.5812369 ], [ 351787.31136625, 159190.22252277 ], [ 351769.34223551, 159203.45810245 ], [ 351710.46115775, 159310.00342946 ], [ 351713.38901471, 159382.52459417 ], [ 351697.73262623, 159411.73932943 ], [ 351674.61449723, 159385.37205587 ], [ 351680.49998323, 159368.44829417 ], [ 351669.27807015, 159338.23547389 ], [ 351621.11271261, 159350.19603838 ], [ 351575.94941267, 159330.31425682 ], [ 351498.94363204, 159334.56461766 ], [ 351433.24406992, 159390.56510315 ], [ 351380.96077578, 159568.80080505 ], [ 351255.33986062, 159588.42614016 ], [ 351215.84928112, 159568.36348078 ], [ 351215.63616808, 159535.81851932 ], [ 351271.87216913, 159317.05980452 ], [ 351270.27616776, 159264.77659748 ], [ 351258.36665213, 159249.11140185 ], [ 351238.97920887, 159249.62689205 ], [ 351155.67504438, 159319.01263445 ], [ 351082.41323577, 159346.04723431 ], [ 351073.56569471, 159373.93440069 ], [ 351097.40476811, 159424.27010031 ], [ 351094.86570697, 159456.88994771 ], [ 351049.49878519, 159447.14360838 ], [ 351022.74398226, 159405.13535323 ], [ 350995.56128496, 159405.41552026 ], [ 351013.62175987, 159377.10841345 ], [ 350997.08280155, 159327.3522153 ], [ 350979.71645228, 159321.80752046 ], [ 350967.01027342, 159338.17066281 ], [ 350974.02298596, 159363.93835028 ], [ 350936.46471894, 159369.65598368 ], [ 350920.45985233, 159402.52068004 ], [ 350898.51755386, 159387.7550631 ], [ 350872.04085387, 159395.39576001 ], [ 350838.83249875, 159436.25809996 ], [ 350859.39007616, 159523.46157046 ], [ 350834.12447888, 159555.17393624 ], [ 350835.54188997, 159574.82531361 ], [ 350814.32686025, 159582.96213947 ], [ 350793.46257294, 159566.74641424 ], [ 350755.41880642, 159560.96447515 ], [ 350736.75391211, 159582.74253372 ], [ 350712.78475944, 159589.51622199 ], [ 350699.38423449, 159590.82964346 ], [ 350683.65759365, 159572.56133102 ], [ 350643.4408877, 159578.21897927 ], [ 350559.44144056, 159653.78933471 ], [ 350553.96280125, 159719.2793606 ], [ 350443.7140417, 159750.86879409 ], [ 350425.3107886, 159770.81265098 ], [ 350432.11623378, 160245.20752875 ] ] ], [ [ [ 338993.35848112, 164880.75084134 ], [ 339004.14590688, 164808.53881825 ], [ 339040.57498425, 164801.29860557 ], [ 339065.01128289, 164825.17123886 ], [ 339129.00944362, 164953.00583975 ], [ 339164.60295414, 164968.65582687 ], [ 339246.65573958, 164960.00096097 ], [ 339279.5765067, 164972.60291042 ], [ 339299.69066915, 164999.61237594 ], [ 339358.43417801, 165155.03323877 ], [ 339393.97789825, 165199.86837886 ], [ 339442.46595096, 165224.19327521 ], [ 339469.54731306, 165216.8224391 ], [ 339494.08781132, 165183.84019706 ], [ 339498.50469489, 165094.23602063 ], [ 339528.12449914, 165075.19418509 ], [ 339620.62893342, 165097.9741564 ], [ 339698.58392986, 165097.31622264 ], [ 339836.46886725, 165129.34708248 ], [ 339878.93082055, 165109.89747417 ], [ 339918.29969186, 165073.57295162 ], [ 339958.67727803, 165065.42019483 ], [ 340011.6758296, 165183.19961876 ], [ 340043.49189876, 165209.03345879 ], [ 340083.10855047, 165218.81096138 ], [ 340112.63599515, 165199.43248043 ], [ 340121.79654914, 165167.9371788 ], [ 340095.61346134, 165057.37971075 ], [ 340117.85080246, 165026.37831771 ], [ 340174.2823395, 165012.30541202 ], [ 340218.54330495, 165062.03326387 ], [ 340191.52281502, 165139.31397812 ], [ 340197.93832387, 165178.89528758 ], [ 340261.66376412, 165236.4779176 ], [ 340309.83431395, 165245.37581504 ], [ 340337.97433768, 165206.94940085 ], [ 340347.65885065, 165111.13550379 ], [ 340362.58078075, 165090.66097322 ], [ 340436.75376849, 165016.865764 ], [ 340496.86540832, 165013.78929055 ], [ 340516.90631145, 165051.54694067 ], [ 340495.94214445, 165080.14988052 ], [ 340480.52199232, 165147.08333634 ], [ 340492.08133891, 165196.31319273 ], [ 340537.34616999, 165208.11402171 ], [ 340583.9068281, 165156.49099472 ], [ 340610.98038936, 165153.02109051 ], [ 340622.80749382, 165157.916799 ], [ 340637.58992021, 165201.93010428 ], [ 340669.51275084, 165217.3769822 ], [ 340708.91188677, 165225.3340321 ], [ 340745.15699792, 165191.85806184 ], [ 340772.00032307, 165188.75868747 ], [ 340816.05913006, 165207.11042065 ], [ 340843.38193897, 165268.38477452 ], [ 340862.86089379, 165286.813679 ], [ 340894.91876826, 165298.67560819 ], [ 340955.9475622, 165299.11133822 ], [ 341065.76330758, 165226.24093838 ], [ 341099.17473112, 165182.43172684 ], [ 341212.84249568, 165099.6932581 ], [ 341289.37363862, 165068.92516003 ], [ 341339.6469271, 165000.21742511 ], [ 341392.02486696, 165009.77325964 ], [ 341410.06162184, 165003.38741831 ], [ 341432.34258424, 164960.09152132 ], [ 341493.12775227, 164940.73239996 ], [ 341517.5227297, 164862.99007589 ], [ 341586.86665372, 164855.97342044 ], [ 341606.31743862, 164885.43345062 ], [ 341630.02558327, 164897.44011367 ], [ 341682.238555, 164885.45174308 ], [ 341694.66919449, 164857.72625566 ], [ 341672.42599179, 164780.63354956 ], [ 341682.63782449, 164767.47034874 ], [ 341737.97532936, 164719.21567717 ], [ 341806.40536953, 164694.75973066 ], [ 342008.22091158, 164502.73667678 ], [ 342058.7402944, 164487.47053756 ], [ 342103.07405236, 164437.06702664 ], [ 342154.47204918, 164426.72783905 ], [ 342280.50711284, 164354.57603486 ], [ 342320.53671374, 164353.85521247 ], [ 342429.93245168, 164309.76375237 ], [ 342506.92386513, 164220.8245066 ], [ 342566.36465253, 164175.45346303 ], [ 342885.60813322, 164021.29535429 ], [ 343091.78919297, 164009.98338865 ], [ 343146.53419096, 164022.99117411 ], [ 343158.88697224, 164017.84322979 ], [ 343166.07312861, 163994.67002081 ], [ 343093.86227635, 163969.65760778 ], [ 342880.37219212, 163978.52147209 ], [ 342568.57038613, 164125.19958214 ], [ 342467.97450995, 164200.48488211 ], [ 342414.12365018, 164271.46796616 ], [ 342317.93195256, 164314.36831137 ], [ 342260.74427261, 164320.88318069 ], [ 342128.97595535, 164396.68156329 ], [ 342081.61095904, 164404.62466971 ], [ 342036.8090146, 164456.90374522 ], [ 341987.09774992, 164473.44139997 ], [ 341782.31941483, 164666.97064519 ], [ 341740.11681971, 164676.45259489 ], [ 341703.74998229, 164699.13727029 ], [ 341636.92601926, 164770.31471129 ], [ 341657.40974903, 164855.84475059 ], [ 341630.36290539, 164857.01683513 ], [ 341599.87276226, 164820.57652512 ], [ 341498.27604968, 164829.35089222 ], [ 341484.65751542, 164844.15903251 ], [ 341462.99533685, 164915.95320103 ], [ 341413.03695572, 164926.87458449 ], [ 341390.6269039, 164969.36064492 ], [ 341321.19081491, 164967.84426794 ], [ 341260.89026329, 165042.35324477 ], [ 341212.88457721, 165058.48061068 ], [ 341152.79620204, 165096.70510269 ], [ 341080.62399625, 165150.9869307 ], [ 341047.81182036, 165193.31750464 ], [ 340945.81465364, 165262.28100773 ], [ 340889.93770649, 165260.11576062 ], [ 340874.22690368, 165247.59496296 ], [ 340841.67713263, 165177.67501243 ], [ 340812.24170429, 165160.66732021 ], [ 340753.81650648, 165150.76179623 ], [ 340727.4916539, 165158.45694557 ], [ 340695.95068295, 165188.17888226 ], [ 340666.97018687, 165174.98170077 ], [ 340649.74334754, 165132.0400001 ], [ 340624.49455232, 165116.54464784 ], [ 340563.76515878, 165123.68388711 ], [ 340526.38293986, 165170.0480325 ], [ 340516.69327484, 165166.44896521 ], [ 340553.42893616, 165039.46986506 ], [ 340532.24748143, 164993.74051977 ], [ 340493.89340694, 164973.5034468 ], [ 340415.72461829, 164984.3788631 ], [ 340330.74732329, 165069.15176091 ], [ 340308.71310453, 165113.10219082 ], [ 340296.7777222, 165210.22113575 ], [ 340229.53137361, 165156.6565792 ], [ 340254.73517386, 165082.72742682 ], [ 340253.62133985, 165041.16251931 ], [ 340202.49656494, 164980.39427995 ], [ 340181.06058452, 164974.39958075 ], [ 340107.33963185, 164988.1095142 ], [ 340069.3079192, 165027.24526552 ], [ 340057.50044589, 165054.974305 ], [ 340083.33084967, 165159.73631622 ], [ 340073.07496173, 165180.65699089 ], [ 340033.8040802, 165146.74064732 ], [ 339990.13443438, 165041.09746678 ], [ 339944.10446638, 165025.66138523 ], [ 339897.57682129, 165040.32768545 ], [ 339835.36378992, 165089.942344 ], [ 339704.39943908, 165059.01612239 ], [ 339623.92767831, 165059.7355833 ], [ 339523.43829379, 165035.63707905 ], [ 339479.0754681, 165056.41728204 ], [ 339462.51097329, 165082.78244904 ], [ 339460.04338893, 165158.48751377 ], [ 339447.02450488, 165183.91232566 ], [ 339388.07903081, 165132.32742006 ], [ 339333.96247734, 164984.31813301 ], [ 339308.23273684, 164946.79636663 ], [ 339269.9129875, 164924.92290245 ], [ 339158.09765955, 164926.88465581 ], [ 339099.03492561, 164807.29576874 ], [ 339053.60285258, 164764.39501059 ], [ 339001.21943036, 164768.34661409 ], [ 338968.07580955, 164792.7835343 ], [ 338964.55458086, 164843.53686417 ], [ 338941.56561923, 164898.33276942 ], [ 338949.85132755, 164917.43311998 ], [ 338969.740391, 164918.49214604 ], [ 338993.35848112, 164880.75084134 ] ] ], [ [ [ 338217.4957046, 165870.78883454 ], [ 338319.25260571, 165832.84241116 ], [ 338417.31483875, 165692.73085335 ], [ 338451.47937256, 165611.54627655 ], [ 338541.7245391, 165594.91636147 ], [ 338613.01075345, 165511.71669534 ], [ 338663.31100316, 165509.24584745 ], [ 338733.14303907, 165569.7800602 ], [ 338757.24249513, 165570.25151658 ], [ 338841.42579524, 165538.88100195 ], [ 338923.20376873, 165554.92100625 ], [ 338962.36702697, 165529.29988576 ], [ 338972.98905072, 165512.36721535 ], [ 338987.10154793, 165364.24497292 ], [ 338971.2285923, 165294.51381031 ], [ 338907.22078511, 165195.55508049 ], [ 338969.15825033, 165083.55102245 ], [ 338964.92524334, 165014.44735962 ], [ 338943.02826644, 164932.13333679 ], [ 338918.95538703, 164943.40679201 ], [ 338913.12536749, 164974.23838368 ], [ 338929.9900678, 165079.75339079 ], [ 338875.56670892, 165155.38015328 ], [ 338866.32588023, 165198.34265898 ], [ 338877.65828139, 165233.87351646 ], [ 338910.34901115, 165269.13872602 ], [ 338937.78462943, 165325.03337615 ], [ 338944.30045009, 165363.15327663 ], [ 338933.37257411, 165500.43999399 ], [ 338904.67772276, 165516.01248146 ], [ 338837.75417311, 165496.6830723 ], [ 338744.29722292, 165530.40262981 ], [ 338672.17847753, 165464.29081869 ], [ 338633.97751694, 165459.77538584 ], [ 338586.98265628, 165476.10782241 ], [ 338523.20782151, 165554.11987826 ], [ 338447.50547934, 165563.33525952 ], [ 338404.0140777, 165599.28063152 ], [ 338376.46005322, 165675.93641741 ], [ 338309.07633956, 165775.94912029 ], [ 338281.48687214, 165799.52866537 ], [ 338252.61780418, 165803.72664913 ], [ 338209.34443223, 165768.56705234 ], [ 338187.12910188, 165776.78176374 ], [ 338185.02750742, 165805.49118101 ], [ 338197.3419298, 165822.25552388 ], [ 338156.08922346, 165820.05639024 ], [ 338145.20188692, 165845.35159909 ], [ 338170.37724106, 165866.54507927 ], [ 338217.4957046, 165870.78883454 ] ] ], [ [ [ 345355.35719744, 167743.65312894 ], [ 345376.2056441, 167717.14987337 ], [ 345390.01276604, 167671.91622765 ], [ 345374.49990775, 167651.68866252 ], [ 345351.2321946, 167644.83060224 ], [ 345329.67337339, 167658.26529852 ], [ 345292.95175081, 167738.95254618 ], [ 345314.42691466, 167758.86719478 ], [ 345355.35719744, 167743.65312894 ] ] ], [ [ [ 345533.18871292, 167846.32433135 ], [ 345552.32227715, 167812.33697129 ], [ 345539.1554773, 167792.44286207 ], [ 345517.34875726, 167791.80090415 ], [ 345489.85940406, 167813.70819297 ], [ 345489.34785703, 167833.59612835 ], [ 345502.26091868, 167847.79624959 ], [ 345533.18871292, 167846.32433135 ] ] ], [ [ [ 347913.55513585, 168197.01312772 ], [ 347914.54675058, 168162.24699516 ], [ 347883.63169064, 168164.36700826 ], [ 347882.38879369, 168193.64221087 ], [ 347903.35719195, 168202.97631311 ], [ 347913.55513585, 168197.01312772 ] ] ], [ [ [ 344301.8433624, 168517.42726609 ], [ 344312.64356181, 168489.77216408 ], [ 344297.28650034, 168464.31635256 ], [ 344271.85064872, 168466.69461663 ], [ 344239.41191057, 168502.53712765 ], [ 344252.73943035, 168530.60193005 ], [ 344267.78528721, 168538.17123481 ], [ 344301.8433624, 168517.42726609 ] ] ], [ [ [ 345031.76303884, 169657.11822296 ], [ 345036.73394712, 169640.77763743 ], [ 345021.66829659, 169617.90817226 ], [ 344978.63630123, 169621.93894679 ], [ 344965.8012391, 169639.00627249 ], [ 344978.4483399, 169662.79325185 ], [ 345031.76303884, 169657.11822296 ] ] ], [ [ [ 339344.54353017, 170134.61741537 ], [ 339505.26620923, 169963.91111014 ], [ 339612.19102394, 169891.28101564 ], [ 339655.74660429, 169881.54033836 ], [ 339762.4243625, 169924.70960425 ], [ 339835.01834752, 169928.02562723 ], [ 339877.15783211, 169921.40592044 ], [ 339928.47234797, 169895.21418015 ], [ 339927.26107279, 169862.09526152 ], [ 339910.36582567, 169853.61895999 ], [ 339853.81414152, 169874.79446971 ], [ 339781.56124131, 169877.13153359 ], [ 339658.80391609, 169831.63300258 ], [ 339565.97690562, 169859.46909425 ], [ 339480.97661063, 169919.29758357 ], [ 339283.52734295, 170115.89880568 ], [ 339214.80188329, 170187.0418888 ], [ 339209.63224754, 170218.48085078 ], [ 339246.25971633, 170229.45930053 ], [ 339344.54353017, 170134.61741537 ] ] ], [ [ [ 339233.91661692, 170645.2952453 ], [ 339257.91815633, 170648.57941738 ], [ 339387.60016354, 170616.52558377 ], [ 339421.35934479, 170596.15894148 ], [ 339480.64608334, 170528.1466968 ], [ 339523.42648556, 170541.37912576 ], [ 339578.64502325, 170540.56965127 ], [ 339765.61161567, 170595.08991641 ], [ 339800.47596286, 170600.1012421 ], [ 339841.12111637, 170589.89665532 ], [ 339874.44473106, 170620.81963976 ], [ 340052.89080151, 170568.30356821 ], [ 340072.80017708, 170578.02109201 ], [ 340089.95331481, 170627.81454283 ], [ 340162.06302999, 170712.93932364 ], [ 340152.47867569, 170742.25063789 ], [ 340161.75786271, 170759.56500588 ], [ 340207.2536171, 170781.96764456 ], [ 340215.84805259, 170817.47836728 ], [ 340245.61807404, 170849.02392557 ], [ 340283.47200275, 170858.1513546 ], [ 340300.78168985, 170905.41012018 ], [ 340345.953401, 170915.68667936 ], [ 340352.65455149, 170944.96031704 ], [ 340370.73193429, 170956.27067003 ], [ 340403.67169706, 170949.30650373 ], [ 340409.45499738, 170983.98757451 ], [ 340393.88266072, 171021.66170992 ], [ 340400.22660223, 171041.20166036 ], [ 340446.97163906, 171049.03840025 ], [ 340470.20214467, 171084.20300784 ], [ 340533.66495071, 171103.13459671 ], [ 340550.56650199, 171094.07217288 ], [ 340545.76750655, 171069.35521663 ], [ 340488.71162464, 171052.86803645 ], [ 340473.68009478, 171021.87561202 ], [ 340435.50877012, 171014.76855904 ], [ 340444.79140636, 170987.57988 ], [ 340438.04497857, 170932.53820714 ], [ 340424.42908376, 170912.22620216 ], [ 340382.6224108, 170919.11204818 ], [ 340375.59653283, 170888.47452809 ], [ 340326.88144901, 170877.14259525 ], [ 340312.40240111, 170834.60064211 ], [ 340297.14996761, 170821.82884149 ], [ 340269.05207363, 170821.46608042 ], [ 340234.79775352, 170756.89361495 ], [ 340191.5685946, 170738.14689049 ], [ 340192.4325966, 170695.0796325 ], [ 340118.65760767, 170606.30412543 ], [ 340101.10786394, 170552.28272379 ], [ 340075.56208303, 170536.57887618 ], [ 340035.63702902, 170533.16401585 ], [ 339879.33785049, 170579.57288467 ], [ 339852.99882207, 170553.5487857 ], [ 339782.08342694, 170561.6379296 ], [ 339569.35976215, 170500.39404844 ], [ 339529.78523169, 170504.76620807 ], [ 339475.31705269, 170491.36288148 ], [ 339448.31163551, 170501.65822905 ], [ 339390.68951126, 170574.88602238 ], [ 339257.83073961, 170608.51735871 ], [ 339246.75800055, 170603.81770287 ], [ 339218.11857075, 170531.43451465 ], [ 339193.48122895, 170534.5111793 ], [ 339188.40900009, 170570.11570218 ], [ 339233.91661692, 170645.2952453 ] ] ], [ [ [ 341531.20413896, 172273.20200401 ], [ 341541.55075087, 172253.15204657 ], [ 341532.98503672, 172236.40970194 ], [ 341517.10655971, 172232.88267373 ], [ 341500.20996983, 172258.56198694 ], [ 341509.62116272, 172274.84016439 ], [ 341531.20413896, 172273.20200401 ] ] ], [ [ [ 347987.78686869, 176824.99140987 ], [ 347979.04817839, 176801.69341564 ], [ 347956.65123282, 176810.32323048 ], [ 347962.43945335, 176832.84746821 ], [ 347987.78686869, 176824.99140987 ] ] ], [ [ [ 349624.38826369, 178107.96315577 ], [ 349681.10094527, 178181.47827374 ], [ 349862.36178973, 178285.7887597 ], [ 349896.94441604, 178290.28613548 ], [ 350113.64379564, 178079.36731416 ], [ 350113.77745918, 178027.7092075 ], [ 350567.63369506, 177587.33990102 ], [ 350569.25271956, 177568.03755872 ], [ 350107.07496465, 177170.04433499 ], [ 350088.94831517, 177169.66554113 ], [ 349858.36225966, 177697.10132111 ], [ 349827.72834136, 177724.0919718 ], [ 349830.34678095, 177757.55980571 ], [ 349889.00291929, 177794.52627723 ], [ 349887.14020715, 177803.71938844 ], [ 349591.33308732, 178025.81403581 ], [ 349589.14236916, 178043.03982275 ], [ 349621.03407038, 178082.08172605 ], [ 349624.38826369, 178107.96315577 ] ], [ [ 349928.51211077, 177868.85306845 ], [ 349948.65390099, 177892.61448887 ], [ 349946.79248876, 177894.66294441 ], [ 349909.99267018, 177873.95164377 ], [ 349929.13985856, 177859.26338967 ], [ 349928.51211077, 177868.85306845 ] ], [ [ 349868.79237662, 177907.06280933 ], [ 349866.72553184, 177908.63338094 ], [ 349865.98552649, 177907.71054852 ], [ 349868.18535767, 177906.02300679 ], [ 349868.79237662, 177907.06280933 ] ] ], [ [ [ 351084.70607203, 178096.16090893 ], [ 351101.58164977, 178099.16836388 ], [ 351060.01229741, 178244.28319393 ], [ 351027.45376962, 178254.81248156 ], [ 350993.26255883, 178399.91664442 ], [ 350803.22313564, 178615.07140988 ], [ 350541.04217, 178771.19211433 ], [ 350535.03780502, 178790.23566816 ], [ 350551.87557533, 178826.74683859 ], [ 350568.65531016, 178832.44340211 ], [ 350826.50920078, 178694.20830166 ], [ 350835.29474278, 178726.27552995 ], [ 350609.88915504, 178832.06154585 ], [ 350603.19726525, 178853.0103026 ], [ 350624.41070935, 178889.2029782 ], [ 350637.88284145, 178893.48243605 ], [ 350852.15223451, 178792.84054537 ], [ 351157.70340678, 179413.1512814 ], [ 351173.04225411, 179421.1722765 ], [ 351295.52400049, 179373.44569322 ], [ 351304.43625315, 179355.87605746 ], [ 351060.65128202, 178818.00231205 ], [ 351123.33467062, 178784.24971818 ], [ 351499.60973358, 179577.1150294 ], [ 351519.44660342, 179584.14562743 ], [ 351624.63205368, 179507.53958703 ], [ 351628.91254262, 179488.22875814 ], [ 351091.26012012, 178508.20408928 ], [ 351177.82464804, 178115.33430873 ], [ 351645.63137436, 177742.4448892 ], [ 351647.96092849, 177721.53247788 ], [ 351598.16334185, 177678.28625038 ], [ 351581.67805191, 177676.49996625 ], [ 351446.77425273, 177791.31369145 ], [ 351386.96708512, 177726.94872076 ], [ 351366.58127821, 177726.18135458 ], [ 351043.38977253, 178004.05764914 ], [ 351039.71213741, 178021.48042453 ], [ 351061.55280854, 178049.65900764 ], [ 350959.38472359, 178134.67879638 ], [ 350956.53655031, 178154.47212914 ], [ 350988.71187669, 178175.30418436 ], [ 351084.70607203, 178096.16090893 ] ] ], [ [ [ 366592.302419, 154283.99031305 ], [ 366597.60488893, 154261.42465186 ], [ 366527.36823822, 154197.00621961 ], [ 366458.67611335, 154151.38856221 ], [ 366440.54841834, 154163.4425197 ], [ 366440.16193653, 154176.91416682 ], [ 366572.31127229, 154283.9043608 ], [ 366592.302419, 154283.99031305 ] ] ], [ [ [ 358597.88639458, 155075.96683251 ], [ 358605.45724639, 155064.94375864 ], [ 358597.99270074, 155035.10240771 ], [ 358580.85149669, 155024.41688183 ], [ 358568.80667693, 155034.26720297 ], [ 358567.78120593, 155054.70597691 ], [ 358581.20589492, 155077.69186063 ], [ 358597.88639458, 155075.96683251 ] ] ], [ [ [ 358606.77374099, 155175.12554656 ], [ 358622.87785049, 155164.43003032 ], [ 358618.66808499, 155134.24053703 ], [ 358598.05490719, 155124.36039938 ], [ 358590.55917895, 155156.75276376 ], [ 358606.77374099, 155175.12554656 ] ] ], [ [ [ 359022.4388833, 155417.49769899 ], [ 359098.81389334, 155337.56302428 ], [ 359133.81863368, 155226.29896943 ], [ 359172.30503611, 155173.98151937 ], [ 359233.41107907, 155133.3128111 ], [ 359284.04993216, 155140.2943546 ], [ 359356.58546988, 155113.38179538 ], [ 359451.33603227, 155126.56145155 ], [ 359507.31604191, 155092.1226741 ], [ 359538.55021568, 155008.03896437 ], [ 359517.10423951, 154933.73391633 ], [ 359494.62097123, 154920.92030695 ], [ 359481.46219449, 154934.84214338 ], [ 359498.80579572, 155001.04717738 ], [ 359487.43763372, 155012.69287199 ], [ 359488.7581776, 155038.35184284 ], [ 359449.35434958, 155057.37655188 ], [ 359250.77131116, 155054.93404729 ], [ 359108.28747383, 155159.44428722 ], [ 359065.65609431, 155225.12084885 ], [ 359053.37999405, 155274.16969516 ], [ 358986.86817066, 155296.97714216 ], [ 358981.94404502, 155325.04269943 ], [ 358954.25919972, 155333.67391342 ], [ 358930.25880429, 155365.14209259 ], [ 358931.7468451, 155381.16944106 ], [ 358978.39879373, 155420.71710707 ], [ 358998.52402535, 155427.35904302 ], [ 359022.4388833, 155417.49769899 ] ] ], [ [ [ 358602.38712068, 155221.81625666 ], [ 358611.42631328, 155229.15547236 ], [ 358627.90794773, 155220.34668427 ], [ 358621.63024961, 155194.70800027 ], [ 358600.22302915, 155201.0556708 ], [ 358602.38712068, 155221.81625666 ] ] ], [ [ [ 356844.61542268, 156122.62992603 ], [ 356866.85099341, 156081.40446329 ], [ 356864.27790057, 156060.26324368 ], [ 356838.32338596, 156035.37520265 ], [ 356813.0913584, 156036.84046363 ], [ 356790.87615645, 156052.13195551 ], [ 356788.17873651, 156095.64815202 ], [ 356811.8690119, 156129.61102765 ], [ 356844.61542268, 156122.62992603 ] ] ], [ [ [ 357429.34820362, 157764.84857925 ], [ 357467.81632839, 157715.11005194 ], [ 357485.63926905, 157723.27620482 ], [ 357505.86887505, 157700.2672998 ], [ 357515.7103946, 157724.20024446 ], [ 357543.89455382, 157727.04042394 ], [ 357570.16179803, 157682.4295724 ], [ 357598.76683571, 157688.36196426 ], [ 357614.10743187, 157677.30717345 ], [ 357637.13673172, 157629.60640815 ], [ 357653.7380483, 157625.82584047 ], [ 357669.52424405, 157604.01077784 ], [ 357659.0565391, 157576.0528689 ], [ 357686.42731154, 157543.9885334 ], [ 357677.20378229, 157517.40436638 ], [ 357727.07605168, 157457.21301289 ], [ 357728.12386486, 157440.0367466 ], [ 357758.17885298, 157425.43227011 ], [ 357771.84879098, 157391.22928702 ], [ 357761.49450468, 157370.25840231 ], [ 357786.1604578, 157345.34714954 ], [ 357782.20449116, 157317.01095067 ], [ 357843.41332384, 157301.82365445 ], [ 357856.85571669, 157286.39811478 ], [ 357843.09107556, 157227.33971063 ], [ 357861.95829629, 157203.44315555 ], [ 357811.40778069, 157149.32757345 ], [ 357849.69947842, 157089.00144928 ], [ 357816.92556476, 156996.71369344 ], [ 357823.55558556, 156972.45675394 ], [ 357800.6413123, 156928.92732797 ], [ 357824.14345683, 156890.02437792 ], [ 357819.97201377, 156872.52971373 ], [ 357859.84667672, 156838.07195395 ], [ 357861.65128892, 156821.94468549 ], [ 357845.20905747, 156801.75896648 ], [ 357855.77126577, 156772.48561931 ], [ 357846.5680694, 156738.21810773 ], [ 357852.52855007, 156707.70941596 ], [ 357835.37885182, 156684.67788291 ], [ 357806.26012723, 156684.54851952 ], [ 357804.7829146, 156670.46080401 ], [ 357827.86967923, 156650.51147341 ], [ 357827.68093575, 156610.18929487 ], [ 357806.1765773, 156571.13303573 ], [ 357787.03840969, 156563.96461541 ], [ 357786.00784374, 156540.42572718 ], [ 357799.66845381, 156519.83891662 ], [ 357799.36409318, 156482.28021355 ], [ 357827.37412082, 156459.47596911 ], [ 357846.0630571, 156423.86002152 ], [ 357873.01466475, 156407.91282929 ], [ 357886.53254313, 156377.6882341 ], [ 357897.31032954, 156280.16906237 ], [ 357929.24719656, 156288.62146805 ], [ 358003.83091028, 156265.97513644 ], [ 358013.97086665, 156250.76744585 ], [ 358008.10409858, 156213.5943555 ], [ 358020.89958608, 156199.92093388 ], [ 358044.91553773, 156206.0212804 ], [ 358069.3336813, 156196.66716911 ], [ 358105.35669493, 156118.14293393 ], [ 358127.87103468, 156129.46525427 ], [ 358145.8063717, 156125.27400736 ], [ 358189.92132194, 156072.77844494 ], [ 358187.14832407, 156041.73883612 ], [ 358219.87540277, 155994.46146855 ], [ 358207.04709533, 155953.00785528 ], [ 358264.48991713, 155857.90760344 ], [ 358332.96718307, 155793.20551117 ], [ 358363.15879637, 155773.95455269 ], [ 358405.99345, 155766.28995146 ], [ 358461.57888477, 155688.58413621 ], [ 358476.85927429, 155704.05892167 ], [ 358501.40638779, 155696.09072981 ], [ 358523.38515434, 155601.84886619 ], [ 358500.56506502, 155555.26926876 ], [ 358535.17271984, 155547.0063842 ], [ 358562.60571132, 155516.79841676 ], [ 358544.50047706, 155500.19985849 ], [ 358522.99269416, 155510.12907146 ], [ 358518.60905322, 155474.29841154 ], [ 358617.02172295, 155532.35419571 ], [ 358699.80555042, 155477.82854317 ], [ 358812.60757584, 155463.13081417 ], [ 358898.04372384, 155431.89117911 ], [ 358918.9775861, 155407.77965088 ], [ 358910.44041718, 155381.1418278 ], [ 358890.18560878, 155380.51585774 ], [ 358840.71838581, 155417.87276142 ], [ 358784.60968848, 155420.66935402 ], [ 358766.82333431, 155402.52833044 ], [ 358732.14363787, 155391.73537575 ], [ 358641.88056141, 155395.33862919 ], [ 358600.85830928, 155383.33126584 ], [ 358653.59475219, 155278.76758016 ], [ 358647.54819381, 155241.92960078 ], [ 358628.92879669, 155240.25303119 ], [ 358544.10707992, 155380.97891988 ], [ 358512.24512832, 155392.05265458 ], [ 358489.72238998, 155419.2139195 ], [ 358479.02270774, 155474.94011437 ], [ 358490.06702594, 155519.17795183 ], [ 358469.50114503, 155531.66074201 ], [ 358368.96813203, 155683.20746898 ], [ 358371.9463551, 155702.91350535 ], [ 358399.08688468, 155723.31095647 ], [ 358393.78408429, 155733.37097375 ], [ 358357.20772104, 155736.24816395 ], [ 358257.04562626, 155821.34828995 ], [ 358205.94286971, 155647.81233036 ], [ 358193.55448342, 155629.90807784 ], [ 358165.43236054, 155632.22651697 ], [ 358162.59313157, 155652.66029182 ], [ 358193.76669021, 155701.06442387 ], [ 358204.3970538, 155769.97495677 ], [ 358233.23300551, 155844.02709896 ], [ 358169.50629284, 155944.29777265 ], [ 358180.20452541, 155987.75238518 ], [ 358150.2198799, 156033.01852038 ], [ 358155.59804672, 156057.43446826 ], [ 358130.27698089, 156090.74308248 ], [ 358096.24458545, 156080.37620021 ], [ 358071.72666311, 156093.37278413 ], [ 358050.69947244, 156168.58706895 ], [ 358034.71863614, 156158.29459875 ], [ 358007.83239647, 156162.89335594 ], [ 357971.64342496, 156203.70352357 ], [ 357977.13467493, 156230.98644046 ], [ 357876.07158577, 156250.15609739 ], [ 357855.66980541, 156310.0173158 ], [ 357859.47083431, 156351.65685307 ], [ 357797.57519739, 156441.21809822 ], [ 357768.12934616, 156462.78292498 ], [ 357766.1659211, 156511.17659955 ], [ 357749.43297434, 156522.88387253 ], [ 357750.01650344, 156576.02199913 ], [ 357794.51747827, 156620.57048256 ], [ 357793.5922388, 156637.27149415 ], [ 357764.49905461, 156641.57422146 ], [ 357756.19123861, 156699.88164034 ], [ 357772.32697193, 156717.49684714 ], [ 357810.03955746, 156725.21614053 ], [ 357808.94436819, 156749.97252847 ], [ 357819.87522674, 156764.73598223 ], [ 357810.32014997, 156783.82467417 ], [ 357820.7219305, 156828.40091775 ], [ 357782.9390418, 156858.50467551 ], [ 357784.00887784, 156882.14543295 ], [ 357764.73832579, 156906.22650286 ], [ 357762.43711692, 156933.78334222 ], [ 357786.39808883, 156978.57307398 ], [ 357773.26311313, 157007.69443963 ], [ 357804.98066915, 157054.05096197 ], [ 357797.96806362, 157075.2233987 ], [ 357809.38028181, 157091.74622556 ], [ 357784.47460126, 157122.64422995 ], [ 357777.61969672, 157152.99109807 ], [ 357816.93885363, 157201.57670199 ], [ 357808.89535219, 157229.41660829 ], [ 357817.95981895, 157273.11065456 ], [ 357773.19624076, 157280.31110705 ], [ 357753.29479183, 157301.95563978 ], [ 357752.60684663, 157335.18247674 ], [ 357722.1072927, 157362.18692613 ], [ 357732.52127915, 157404.99718991 ], [ 357713.34436541, 157393.10087109 ], [ 357683.45856394, 157398.96201409 ], [ 357674.7024961, 157421.13942039 ], [ 357692.46400236, 157444.31785927 ], [ 357662.63418649, 157485.28442595 ], [ 357642.96259402, 157487.53079092 ], [ 357634.45499041, 157501.90834806 ], [ 357649.9504448, 157534.82932323 ], [ 357600.73048666, 157584.98876558 ], [ 357592.76541888, 157617.89087673 ], [ 357565.15155429, 157620.56737988 ], [ 357560.8806272, 157648.62367852 ], [ 357538.25602948, 157665.71598899 ], [ 357524.05722191, 157655.31241652 ], [ 357492.02936444, 157656.17730088 ], [ 357477.0320253, 157678.30324027 ], [ 357444.05915186, 157688.61798602 ], [ 357418.49860466, 157726.39999135 ], [ 357372.94387572, 157714.75334061 ], [ 357347.60743707, 157754.99058369 ], [ 357297.0743911, 157747.08927657 ], [ 357274.69028332, 157756.57947814 ], [ 357240.44170174, 157795.9811857 ], [ 357211.79768717, 157803.55909633 ], [ 357164.35651148, 157848.63088059 ], [ 357146.08753537, 157851.75760365 ], [ 357127.06027372, 157873.19588344 ], [ 357130.27817956, 157893.96080407 ], [ 357147.96731586, 157900.64453772 ], [ 357179.43695832, 157884.63859322 ], [ 357205.42576896, 157853.26485048 ], [ 357262.55736623, 157823.15135234 ], [ 357300.53049054, 157783.58086379 ], [ 357363.08400119, 157789.32414529 ], [ 357388.65129365, 157750.22434319 ], [ 357429.34820362, 157764.84857925 ] ] ], [ [ [ 362851.851174, 163951.1329104 ], [ 362887.88691391, 163913.61472696 ], [ 362855.49465672, 163846.03438661 ], [ 362834.73248711, 163838.42003078 ], [ 362806.64214594, 163862.43658885 ], [ 362796.3528075, 163939.71087713 ], [ 362815.87333514, 163957.14136303 ], [ 362851.851174, 163951.1329104 ] ] ], [ [ [ 355241.60600076, 164250.11023985 ], [ 355257.87008436, 164212.87287044 ], [ 355281.33240819, 164213.20032167 ], [ 355318.52997763, 164188.60370438 ], [ 355319.32820531, 164169.0241087 ], [ 355360.14372819, 164136.17297054 ], [ 355356.52117297, 164109.02521052 ], [ 355391.75217644, 164094.21050405 ], [ 355406.971954, 164027.94291132 ], [ 355451.09956469, 164020.65515649 ], [ 355470.99487348, 163987.2865891 ], [ 355488.80820819, 163990.50414703 ], [ 355531.71903153, 163962.03704204 ], [ 355562.67422236, 163900.77499984 ], [ 355592.01731577, 163887.52974429 ], [ 355606.02650203, 163847.10066209 ], [ 355673.27506818, 163834.89851108 ], [ 355692.56603803, 163823.97201126 ], [ 355698.67632797, 163806.65099245 ], [ 355773.23715093, 163795.4042001 ], [ 355791.42678338, 163765.88800441 ], [ 355795.02793572, 163734.66310654 ], [ 355815.58216421, 163755.73954824 ], [ 355835.89859765, 163759.70787508 ], [ 355844.71454816, 163792.71512045 ], [ 355897.09006136, 163869.80721368 ], [ 355952.51424469, 163923.29111257 ], [ 355993.35002076, 163933.61053997 ], [ 356011.93620519, 163990.60020644 ], [ 356050.34934626, 164038.0603894 ], [ 356063.54259305, 164040.24831447 ], [ 356074.57413166, 164021.05830762 ], [ 356038.81951396, 163968.32067369 ], [ 356019.49030654, 163912.61572345 ], [ 355969.36286536, 163894.73485994 ], [ 355922.53301504, 163850.17557755 ], [ 355873.23540304, 163775.93562083 ], [ 355861.23970265, 163736.13299057 ], [ 355799.55150355, 163698.38652902 ], [ 355861.89702398, 163578.9308327 ], [ 355908.78626867, 163549.92872334 ], [ 355972.00464101, 163534.11387119 ], [ 355992.47355637, 163543.91861699 ], [ 356018.75625224, 163538.38026535 ], [ 356076.48601195, 163493.43336193 ], [ 356138.84021118, 163476.25823561 ], [ 356166.82141824, 163452.8500628 ], [ 356229.42416307, 163431.77828293 ], [ 356389.48737551, 163344.14679612 ], [ 356533.50758795, 163308.25127599 ], [ 356554.60205592, 163290.14325572 ], [ 356606.20599488, 163273.0314457 ], [ 356763.48586547, 163315.62201669 ], [ 356788.44164555, 163288.75126727 ], [ 356788.90181101, 163233.06150622 ], [ 356716.84043666, 163199.06341238 ], [ 356705.04229158, 163178.06195838 ], [ 356662.85179981, 163156.29369979 ], [ 356618.58054635, 163156.11209179 ], [ 356571.71513527, 163175.94251387 ], [ 356554.52814263, 163153.59088215 ], [ 356534.58931469, 163150.02155611 ], [ 356523.2660025, 163163.90875416 ], [ 356520.25555392, 163220.91910106 ], [ 356502.43160728, 163252.65280322 ], [ 356509.4125178, 163274.55585793 ], [ 356376.27564898, 163311.43849743 ], [ 356213.66203704, 163401.16061985 ], [ 356151.76701842, 163420.29602067 ], [ 356127.70849466, 163442.59958807 ], [ 356053.46878996, 163464.85843519 ], [ 356003.83039128, 163504.33910216 ], [ 355969.24923847, 163497.22725928 ], [ 355900.48049119, 163516.51238537 ], [ 355828.49116596, 163555.052648 ], [ 355810.28186834, 163614.00930041 ], [ 355761.33393015, 163695.76984123 ], [ 355752.84459921, 163764.75420622 ], [ 355689.97773066, 163771.82821208 ], [ 355673.93853908, 163779.96393467 ], [ 355667.05921254, 163799.62912312 ], [ 355582.73681437, 163819.53464606 ], [ 355567.16356062, 163838.25263587 ], [ 355565.33496794, 163866.95028702 ], [ 355542.05779083, 163872.46761437 ], [ 355510.48839968, 163931.4088112 ], [ 355454.5515027, 163955.07589893 ], [ 355432.16737187, 163984.49872849 ], [ 355380.78118349, 164002.69980381 ], [ 355367.98985543, 164056.41854428 ], [ 355342.70024628, 164062.57766998 ], [ 355318.38699411, 164095.29532962 ], [ 355324.55649902, 164124.83752756 ], [ 355297.16281261, 164129.22494519 ], [ 355269.2667963, 164084.33670024 ], [ 355231.54097225, 164052.77447864 ], [ 355206.61335086, 164059.0231763 ], [ 355214.93795163, 164087.45357251 ], [ 355247.93379459, 164108.67794151 ], [ 355288.61556875, 164160.46879957 ], [ 355285.3114257, 164172.69270157 ], [ 355236.95551601, 164182.88911023 ], [ 355200.26850956, 164263.10650603 ], [ 355102.32920986, 164313.15723365 ], [ 355096.08430976, 164337.61787166 ], [ 355113.4179842, 164346.95904588 ], [ 355144.09658307, 164330.7837284 ], [ 355172.97000073, 164360.21334456 ], [ 355202.81554008, 164455.78985549 ], [ 355222.70642806, 164478.17116139 ], [ 355223.222064, 164522.6179196 ], [ 355253.13044599, 164554.70357102 ], [ 355268.61775642, 164632.10490206 ], [ 355341.06872038, 164682.50506918 ], [ 355388.74216894, 164763.31535451 ], [ 355435.88841757, 164782.3137673 ], [ 355452.65878246, 164809.54956717 ], [ 355487.11045585, 164819.30246952 ], [ 355537.32032237, 164930.11158443 ], [ 355601.64742538, 164950.54660184 ], [ 355651.05895613, 165004.59530778 ], [ 355675.09241797, 165050.93637845 ], [ 355710.48872767, 165068.234198 ], [ 355728.18394134, 165064.65549278 ], [ 355730.22457523, 165044.24596134 ], [ 355697.57252589, 165021.69888267 ], [ 355663.70963824, 164966.38312119 ], [ 355607.16308644, 164905.69323166 ], [ 355556.20661522, 164901.94521618 ], [ 355557.02011142, 164885.19518248 ], [ 355528.74213746, 164848.83179265 ], [ 355508.86106237, 164790.06212681 ], [ 355478.34023061, 164787.11332066 ], [ 355454.94480757, 164754.57715287 ], [ 355418.09295247, 164746.82840679 ], [ 355366.87164026, 164660.50284711 ], [ 355303.18003568, 164612.76220547 ], [ 355280.95579256, 164537.29163167 ], [ 355252.51453776, 164504.53034004 ], [ 355253.75675572, 164464.25788081 ], [ 355233.76845385, 164443.57603968 ], [ 355210.07905548, 164360.5690947 ], [ 355175.61787842, 164317.67295669 ], [ 355225.16846965, 164288.86471048 ], [ 355241.60600076, 164250.11023985 ] ] ], [ [ [ 354538.2698208, 164904.03696195 ], [ 354580.24880774, 164884.83488714 ], [ 354676.28038197, 164813.31337656 ], [ 354761.22377993, 164705.8493811 ], [ 354848.48903668, 164646.51757731 ], [ 354863.57043769, 164606.68857571 ], [ 354844.76654185, 164565.78908399 ], [ 354843.18906644, 164524.22287815 ], [ 354877.86042738, 164505.40812061 ], [ 354895.73276725, 164479.920563 ], [ 354909.44252915, 164487.24444226 ], [ 354940.6283933, 164476.64925164 ], [ 354985.55285618, 164439.65049377 ], [ 355019.68009082, 164431.61878535 ], [ 355066.99191576, 164395.54970916 ], [ 355069.14751056, 164370.46963472 ], [ 355024.05346851, 164376.88638838 ], [ 355011.73305525, 164356.45456334 ], [ 354993.53035904, 164354.35823286 ], [ 354920.1297735, 164419.45399763 ], [ 354855.20677772, 164444.03020298 ], [ 354850.10621735, 164484.5039927 ], [ 354819.50032468, 164498.46770973 ], [ 354807.7275996, 164530.36895838 ], [ 354826.59717498, 164621.61143914 ], [ 354762.70107577, 164655.35318226 ], [ 354652.995562, 164788.71807322 ], [ 354603.95310281, 164816.37807746 ], [ 354581.8980949, 164843.17537925 ], [ 354546.57927623, 164865.28018799 ], [ 354521.66701031, 164849.52433403 ], [ 354382.33514029, 164890.77062258 ], [ 354345.97086556, 164913.69218941 ], [ 354333.67419016, 164961.99121576 ], [ 354194.09105075, 164996.28700352 ], [ 354173.61339484, 165006.01296014 ], [ 354161.86924284, 165033.19047932 ], [ 354179.21146045, 165047.07699406 ], [ 354257.89436759, 165010.895284 ], [ 354344.237622, 164993.1789775 ], [ 354362.81264055, 164977.98279056 ], [ 354376.66024322, 164929.2130946 ], [ 354419.84421375, 164912.08206991 ], [ 354471.99001544, 164896.34907331 ], [ 354494.3509673, 164935.87267105 ], [ 354518.59618734, 164937.3287085 ], [ 354534.11300315, 164920.77502454 ], [ 354526.69056422, 164899.13354866 ], [ 354505.10808318, 164889.73439341 ], [ 354516.90996973, 164885.90393564 ], [ 354538.2698208, 164904.03696195 ] ] ], [ [ [ 350686.87925478, 177764.4941402 ], [ 350515.93291024, 178017.53627177 ], [ 350245.69458452, 178270.88470214 ], [ 349927.86055362, 178392.38614003 ], [ 349926.5920926, 178408.46486966 ], [ 350266.20004038, 178918.31803624 ], [ 350284.731851, 178917.08576971 ], [ 350657.32749094, 178561.58246385 ], [ 350812.63422235, 178368.5405958 ], [ 350864.41711766, 177929.41895595 ], [ 350878.31540859, 177907.52481388 ], [ 350916.3681751, 177869.38205996 ], [ 350971.08040243, 177839.14290416 ], [ 351343.78982493, 177677.72345178 ], [ 351528.52255809, 177564.70468648 ], [ 351578.20962466, 177514.24944099 ], [ 351625.06999804, 177513.04638115 ], [ 351682.61379012, 177493.98147031 ], [ 351708.73134495, 177412.16317195 ], [ 351698.37107202, 177385.12370493 ], [ 352042.63982393, 177003.62416843 ], [ 352153.6213462, 176853.4831458 ], [ 352202.07976871, 176809.23635758 ], [ 352218.13906044, 176759.96661686 ], [ 352247.35685749, 176738.30718114 ], [ 352294.29095253, 176664.2457673 ], [ 352354.36120054, 176603.99368507 ], [ 352348.9922845, 176581.51243677 ], [ 352378.95164177, 176546.92635475 ], [ 352400.22303415, 176550.23552406 ], [ 352418.95249548, 176527.16262832 ], [ 352414.50908125, 176503.28653502 ], [ 352451.88801147, 176450.33821069 ], [ 352483.86436083, 176439.02166591 ], [ 352680.63917641, 176240.92988333 ], [ 352687.94062124, 176215.70673754 ], [ 352861.0042551, 176068.49374194 ], [ 353016.99340902, 175993.29460778 ], [ 353125.49641886, 175963.32243447 ], [ 353278.05735815, 176001.29222395 ], [ 353378.74699074, 176064.51819275 ], [ 353515.95600131, 176157.36384487 ], [ 353514.06228461, 176184.99543397 ], [ 353559.88515877, 176193.24057269 ], [ 353687.40534696, 176316.06457277 ], [ 353832.83033516, 176659.73114453 ], [ 353939.80807627, 176746.23943647 ], [ 354053.692492, 176773.70197977 ], [ 354132.68362285, 176760.6374584 ], [ 354288.89239292, 176680.9221785 ], [ 354333.81301631, 176645.32014932 ], [ 354427.4293868, 176517.0792139 ], [ 354455.94045468, 176500.61935374 ], [ 354486.46933923, 176447.71234114 ], [ 354536.37177315, 176398.79158728 ], [ 354537.04803085, 176356.36210914 ], [ 354616.54465098, 176259.13360162 ], [ 354750.79585621, 176110.43348589 ], [ 354839.05574334, 176032.06922577 ], [ 354876.48436317, 175942.39181154 ], [ 354994.39448602, 176008.06876336 ], [ 355017.9315876, 176006.70433023 ], [ 355046.54489969, 175985.57537592 ], [ 355082.25899918, 175992.57491004 ], [ 355096.52126575, 175970.774966 ], [ 355081.47246405, 175948.67520397 ], [ 355020.43824327, 175915.91385696 ], [ 355011.3269096, 175897.24430861 ], [ 354978.5830752, 175876.94250471 ], [ 354951.46007792, 175877.59971329 ], [ 354914.43515013, 175841.49785032 ], [ 354925.34793843, 175763.87383802 ], [ 354992.76787265, 175538.37456297 ], [ 354975.70338934, 175442.62055726 ], [ 354987.62286466, 175277.99959622 ], [ 355031.01781377, 175203.54246222 ], [ 355149.92784654, 175072.17931418 ], [ 355354.60678143, 174878.63484074 ], [ 355475.19182743, 174827.69703396 ], [ 355550.36516999, 174782.9790513 ], [ 355837.55802915, 174693.79345105 ], [ 356011.78342641, 174582.45068461 ], [ 356101.02702388, 174503.55663033 ], [ 356164.77362709, 174412.36863168 ], [ 356187.41287283, 174349.24223045 ], [ 356238.67034979, 174061.55100763 ], [ 356342.96567497, 173756.02809941 ], [ 356350.47048253, 173630.85408044 ], [ 356324.51996552, 173506.67806304 ], [ 356344.22675092, 173380.81240963 ], [ 356370.28577744, 173310.09543965 ], [ 356464.58569087, 173207.62955291 ], [ 356512.24307114, 173117.27584222 ], [ 356539.1306927, 173024.4278667 ], [ 356537.57219676, 172943.51078183 ], [ 356555.73299316, 172857.20789116 ], [ 356636.52832619, 172667.48734001 ], [ 356653.02830594, 172613.29771122 ], [ 356645.25932351, 172601.18665267 ], [ 356714.51792116, 172512.32194053 ], [ 356854.63414625, 172392.91325174 ], [ 357032.4549486, 172358.94985794 ], [ 357080.28450395, 172338.53472112 ], [ 357087.24125113, 172326.16029691 ], [ 357197.5900485, 172319.55400363 ], [ 357213.44654985, 172335.35081828 ], [ 357241.56941055, 172323.38600762 ], [ 357267.38366547, 172326.06740405 ], [ 357236.60103646, 172392.11604377 ], [ 357235.32757234, 172423.72969403 ], [ 357251.80459524, 172438.78921555 ], [ 357273.39686184, 172428.21245335 ], [ 357311.12759538, 172350.57335069 ], [ 357549.6940619, 172473.99359555 ], [ 357709.90959142, 172532.28754251 ], [ 357795.82384991, 172538.48809296 ], [ 357885.39090939, 172523.89463785 ], [ 357947.9758315, 172486.8436687 ], [ 357963.83092992, 172503.34171376 ], [ 357991.9324995, 172500.60185798 ], [ 358002.08694893, 172489.89834932 ], [ 358013.16829538, 172420.55039232 ], [ 358073.40430701, 172374.81790115 ], [ 358265.14125528, 172292.18824687 ], [ 358363.10378448, 172281.39989332 ], [ 358414.6044604, 172309.56507175 ], [ 358458.64943467, 172355.26317847 ], [ 358490.43699305, 172520.26806824 ], [ 358503.21315919, 172532.41850577 ], [ 358535.01925959, 172752.02148424 ], [ 358549.28260141, 172765.3712418 ], [ 358584.85304137, 172760.03990388 ], [ 358594.19494684, 172746.54345942 ], [ 358593.78690705, 172608.1761214 ], [ 358568.71791904, 172403.17379008 ], [ 358651.34312573, 172399.8346349 ], [ 358653.21373925, 172421.19895021 ], [ 358667.22047053, 172430.83891228 ], [ 358704.46816598, 172428.88190243 ], [ 358714.86120023, 172397.78648206 ], [ 358748.36330005, 172396.87491799 ], [ 358762.39669112, 172414.9370915 ], [ 358859.75276232, 172402.07657922 ], [ 358896.52952768, 172424.49254213 ], [ 358920.66489472, 172477.06777981 ], [ 358916.59651902, 172730.42397351 ], [ 358935.12703392, 172905.78368544 ], [ 358986.26227455, 172938.38741264 ], [ 359002.80741253, 172964.52375728 ], [ 359109.87936699, 173054.7365097 ], [ 359169.92860401, 173072.17017047 ], [ 359266.25047817, 173063.75770473 ], [ 359277.53372429, 173038.00379392 ], [ 359321.08499179, 173002.20626157 ], [ 359398.03670208, 172908.22067651 ], [ 359862.74946565, 172631.16460319 ], [ 359976.41428047, 172515.57421059 ], [ 360017.1332764, 172441.09056558 ], [ 360018.3586985, 172404.09113883 ], [ 360059.28992103, 172392.38189726 ], [ 360676.25761924, 172593.16250963 ], [ 361337.54857998, 172741.03372284 ], [ 361547.09882924, 172735.15663507 ], [ 361616.45077637, 172723.10384779 ], [ 361722.11481517, 172732.77587812 ], [ 361809.56829313, 172842.39690562 ], [ 361923.85997981, 172949.91359081 ], [ 362094.26621186, 173018.29344733 ], [ 362158.44176456, 173084.42683578 ], [ 362211.58829252, 173115.8272242 ], [ 362266.99012948, 173132.43494394 ], [ 362352.93847121, 173136.19049203 ], [ 362535.06982156, 173100.02608408 ], [ 362621.10389447, 173066.53755481 ], [ 362674.75676963, 173024.8486868 ], [ 362717.01475953, 172973.63680537 ], [ 362736.76078477, 172889.59940464 ], [ 362807.36724214, 172746.20986819 ], [ 362863.19346492, 172594.19499873 ], [ 362904.81246339, 172524.7266003 ], [ 362978.13991303, 172436.47642548 ], [ 362996.99492548, 172388.8129461 ], [ 363001.68423674, 172339.7467828 ], [ 362997.01700536, 172286.93144859 ], [ 362952.015116, 172198.88499228 ], [ 362921.26414583, 172180.02840457 ], [ 362781.16872971, 172148.00377661 ], [ 362716.14629708, 172122.25225576 ], [ 362637.57719645, 172052.5841672 ], [ 362627.07816644, 171990.7346308 ], [ 362701.91370895, 171910.24409865 ], [ 362764.75142118, 171887.22527382 ], [ 362841.96615453, 171895.81729844 ], [ 363126.21236084, 171978.74712599 ], [ 363213.70278315, 171986.8498802 ], [ 363372.37845878, 171919.30363943 ], [ 363479.88987414, 171804.51341715 ], [ 363506.06458885, 171751.18869992 ], [ 363515.46652687, 171683.97566499 ], [ 363508.08299321, 171600.34791009 ], [ 363480.52279852, 171489.79070423 ], [ 363487.66048363, 171355.51932544 ], [ 363483.90809784, 171232.07197434 ], [ 363471.24263323, 171189.80318753 ], [ 363466.23275979, 170962.82624941 ], [ 363513.66438847, 170838.02025424 ], [ 363581.64062357, 170713.87490526 ], [ 363709.6428069, 170538.09665615 ], [ 363788.37720727, 170469.10707109 ], [ 363883.36585537, 170419.62636811 ], [ 364174.59033095, 170329.22263245 ], [ 364429.22263547, 170201.00167198 ], [ 364617.61257451, 170134.287359 ], [ 364635.34141243, 170143.72967497 ], [ 364658.200856, 170138.50262801 ], [ 364715.33680137, 170105.42922116 ], [ 364788.06720399, 170006.05099344 ], [ 364805.50763362, 169871.16441963 ], [ 364794.10431954, 169791.06209327 ], [ 364777.71649823, 169752.15296049 ], [ 364773.20730476, 169683.3270037 ], [ 364786.36889729, 169672.82714853 ], [ 364825.40187213, 169686.99779762 ], [ 364862.97736797, 169733.93256574 ], [ 364911.79476352, 169767.3384277 ], [ 365063.36888205, 169833.58794306 ], [ 365114.44867483, 169915.38123244 ], [ 365154.78817521, 169946.64058883 ], [ 365285.41168734, 170010.46796789 ], [ 365408.15952112, 170102.59444533 ], [ 365473.6251544, 170131.62610092 ], [ 365507.49079907, 170132.10453577 ], [ 365548.99967357, 170109.35867175 ], [ 365600.69502089, 170116.66672227 ], [ 365651.3141107, 170135.45963153 ], [ 365722.48490189, 170188.27104959 ], [ 365751.11800918, 170193.18979636 ], [ 365823.50266372, 170182.52363313 ], [ 365934.57925299, 170143.00394265 ], [ 366031.00132516, 170004.29938879 ], [ 366171.65297823, 169848.12034065 ], [ 366156.33482467, 169704.24662526 ], [ 366140.16618065, 169668.11039991 ], [ 366036.04323038, 169559.17446067 ], [ 365870.25212945, 169261.24050436 ], [ 365865.38750779, 169180.70519234 ], [ 365874.60955967, 169131.30999459 ], [ 365967.95461248, 169002.79019681 ], [ 366031.75935579, 168942.40805807 ], [ 366066.17458015, 168943.33713319 ], [ 366087.87205637, 168965.33578476 ], [ 366193.73615303, 169131.65498246 ], [ 366244.0971701, 169190.2398775 ], [ 366278.98202692, 169212.8916288 ], [ 366367.82632125, 169218.04095932 ], [ 366454.63308777, 169281.84131213 ], [ 366558.55190544, 169312.1949427 ], [ 366654.8877381, 169314.09648246 ], [ 366705.69945131, 169293.9225902 ], [ 366758.97420884, 169191.16008508 ], [ 366877.11111806, 169093.87804216 ], [ 366975.3212917, 168968.21354543 ], [ 367043.08806315, 168921.74581866 ], [ 367131.41209904, 168931.42062172 ], [ 367182.11403205, 168914.62227313 ], [ 367275.53271324, 168792.13887159 ], [ 367353.15664463, 168754.31717405 ], [ 367450.11041012, 168676.41975579 ], [ 367581.39258036, 168752.99113796 ], [ 367715.21050001, 168783.75681673 ], [ 367757.47375195, 168820.598939 ], [ 367793.81884913, 168827.89920154 ], [ 367872.05139167, 168821.6769394 ], [ 367935.89307067, 168782.70193679 ], [ 368027.51603988, 168756.17554878 ], [ 368096.92884689, 168747.28765642 ], [ 368142.43851344, 168753.46973885 ], [ 368205.90237731, 168777.04420954 ], [ 368247.62681851, 168868.31463485 ], [ 368301.1664788, 168921.41459589 ], [ 368384.22367887, 168959.62129457 ], [ 368472.60815108, 168957.5089231 ], [ 368635.47561924, 168860.5225653 ], [ 368756.96634823, 168825.03064718 ], [ 368942.96788441, 168881.32274427 ], [ 368997.48444606, 168977.0127683 ], [ 369023.46896554, 168993.8600857 ], [ 369051.74292253, 168975.84297578 ], [ 369054.93958298, 168953.1856844 ], [ 369020.03196845, 168922.1311979 ], [ 369001.02289952, 168888.2360393 ], [ 369063.5038372, 168920.3602488 ], [ 369057.43663744, 168980.52434644 ], [ 369070.1759118, 168990.03268473 ], [ 369184.138208, 168957.86552521 ], [ 369264.78999059, 168884.52610676 ], [ 369312.48216091, 168796.36928082 ], [ 369391.26093225, 168690.49475101 ], [ 369530.07395332, 168598.36282639 ], [ 369617.86548133, 168496.53563475 ], [ 369642.20958506, 168439.88747558 ], [ 369648.95963945, 168361.50269047 ], [ 369630.03444964, 168297.29181183 ], [ 369570.16437626, 168218.6385974 ], [ 369564.19633951, 168161.76614993 ], [ 369545.92758181, 168124.16321634 ], [ 369471.01018625, 168028.92747563 ], [ 369432.42285775, 167991.24612929 ], [ 369402.98355714, 167980.63290964 ], [ 369359.18564566, 167917.8488615 ], [ 369082.60704406, 167754.1933479 ], [ 368915.28842437, 167591.88166913 ], [ 368890.98446888, 167531.75173237 ], [ 368912.78368186, 167478.45705416 ], [ 368913.79039263, 167444.01243424 ], [ 368880.54034897, 167340.76351337 ], [ 368804.89420307, 167293.56198902 ], [ 368751.13053003, 167192.67622197 ], [ 368750.08361308, 167113.34265286 ], [ 368800.68492491, 167026.60891597 ], [ 368950.11193226, 166895.89732148 ], [ 369033.41476325, 166792.67532465 ], [ 369050.47088134, 166754.95578437 ], [ 369057.9084464, 166643.6941573 ], [ 369121.58358879, 166532.32492493 ], [ 369197.4433623, 166453.14409472 ], [ 369366.51261573, 166349.24149645 ], [ 369855.57168464, 166002.10066658 ], [ 370032.26471919, 165885.23718125 ], [ 370140.97923898, 165842.38585437 ], [ 370215.67388253, 165834.49916136 ], [ 370276.65383147, 165850.8195085 ], [ 370327.49448291, 165887.53183843 ], [ 370363.45386424, 165946.4843249 ], [ 370414.12581364, 165989.38264699 ], [ 370558.18781921, 166002.40887386 ], [ 370688.6593367, 166057.52162604 ], [ 370736.65893807, 166098.36203814 ], [ 370823.45375167, 166130.35393253 ], [ 370874.24311164, 166134.53173043 ], [ 370963.24173354, 166117.38446711 ], [ 371038.80721163, 166145.22757568 ], [ 371120.63390572, 166149.56989802 ], [ 371275.59503298, 166104.57108046 ], [ 371478.57432785, 166071.34704712 ], [ 371577.32598437, 166039.66182238 ], [ 371656.10542947, 165970.51633681 ], [ 371723.76878184, 165753.00051953 ], [ 371736.84336139, 165768.00313264 ], [ 371754.64236027, 165767.49970833 ], [ 371820.53988527, 165732.01541517 ], [ 371823.85167887, 165717.59176827 ], [ 371803.95498814, 165674.10742939 ], [ 371783.14726885, 165671.40449427 ], [ 371848.12919497, 165603.82960581 ], [ 371906.68197041, 165473.7406834 ], [ 372013.51489819, 165309.4304235 ], [ 372182.46036447, 165103.66173494 ], [ 372320.58062266, 164977.84331537 ], [ 372402.94033586, 164944.38372832 ], [ 372998.6403847, 164825.27343272 ], [ 373187.43671156, 164875.90644 ], [ 373327.87070615, 164950.85515017 ], [ 373418.23873243, 164972.4055836 ], [ 373505.22768194, 165070.30941874 ], [ 373662.12929413, 165155.51076146 ], [ 373737.02631079, 165163.53996557 ], [ 373981.95405929, 165120.00342543 ], [ 374046.1265683, 165097.66273041 ], [ 374265.6277776, 164945.78867312 ], [ 374383.32861439, 164808.98526485 ], [ 374399.79977321, 164778.99000184 ], [ 374409.35589885, 164688.08790999 ], [ 374470.95826534, 164613.04429917 ], [ 374559.31295126, 164579.56640026 ], [ 374657.67096073, 164564.78637722 ], [ 374785.63549923, 164463.79599335 ], [ 374951.64807848, 164387.62951512 ], [ 375130.54974462, 164344.22667929 ], [ 375188.54125906, 164317.90032695 ], [ 375315.46867137, 164312.34870949 ], [ 375337.31727029, 164323.07906951 ], [ 375365.58439103, 164365.48481483 ], [ 375353.94432688, 164528.16579967 ], [ 375375.27802426, 164591.00413264 ], [ 375374.17490776, 164618.79334135 ], [ 375291.10579267, 164769.97172993 ], [ 375141.21330467, 164962.82565151 ], [ 375117.06271749, 165078.19699175 ], [ 375163.05836288, 165420.00215906 ], [ 375203.20559979, 165507.0197603 ], [ 375331.75509711, 165694.2674481 ], [ 375409.35843234, 165752.89001354 ], [ 375480.72784436, 165790.13701703 ], [ 375661.1374852, 165823.25346352 ], [ 375808.3165184, 165824.85044259 ], [ 375984.8317207, 165927.30761301 ], [ 376189.92168193, 165983.58529534 ], [ 376203.80668065, 165997.73583133 ], [ 376208.0549306, 166041.45566495 ], [ 376236.23966346, 166115.48293385 ], [ 376262.32815885, 166147.16750854 ], [ 376296.0675208, 166163.22453564 ], [ 376402.56362475, 166151.87992518 ], [ 376438.33656512, 166166.19906492 ], [ 376484.4134601, 166209.63961268 ], [ 376496.92186806, 166277.8152439 ], [ 376525.03653, 166338.46225587 ], [ 376589.53622757, 166449.01788922 ], [ 376616.8175976, 166472.95077449 ], [ 376651.0129342, 166491.62965876 ], [ 376763.45576809, 166510.84073588 ], [ 376850.15713836, 166560.40106798 ], [ 376978.05279217, 166661.46565637 ], [ 377225.56319426, 166747.18894899 ], [ 377304.1580536, 166789.88586852 ], [ 377349.98100633, 166898.0298427 ], [ 377377.76162636, 166935.87770472 ], [ 377373.53972702, 166970.66840408 ], [ 377383.44991878, 166998.61566109 ], [ 377440.37205091, 167038.62005463 ], [ 377458.50841101, 167035.89893756 ], [ 377489.00119463, 167056.08342264 ], [ 377684.93492518, 167211.98571855 ], [ 377732.948237, 167262.68981516 ], [ 377787.11280059, 167347.34670641 ], [ 377848.44501761, 167398.06206342 ], [ 377903.83723729, 167405.47758275 ], [ 378024.80600726, 167374.88905922 ], [ 378284.35954293, 167254.83627447 ], [ 378491.88385492, 167117.24501888 ], [ 378526.26380236, 167048.80375283 ], [ 378579.47871678, 166980.87436969 ], [ 378596.5563326, 166901.95490203 ], [ 378559.07345838, 166748.04428406 ], [ 378498.63756866, 166642.07340157 ], [ 378480.05312872, 166583.52835319 ], [ 378524.88329015, 166373.86985332 ], [ 378514.56166258, 166279.06923501 ], [ 378473.15047013, 166180.3493091 ], [ 378426.30473579, 166013.28350331 ], [ 378321.6886262, 165814.58750119 ], [ 378302.1158246, 165746.01715152 ], [ 378308.6109439, 165655.54751278 ], [ 378330.91052469, 165601.7521363 ], [ 378366.87831945, 165406.35636372 ], [ 378401.41315252, 165341.63951203 ], [ 378540.341138, 165181.90698895 ], [ 378712.13206783, 165078.07392216 ], [ 378939.99318402, 164828.91812642 ], [ 379037.36550117, 164767.28292064 ], [ 379047.00083785, 164747.32413148 ], [ 379040.993121, 164675.32210551 ], [ 379053.27817575, 164620.48924863 ], [ 379074.34482902, 164590.39530567 ], [ 379150.34431502, 164566.11211974 ], [ 379232.31632861, 164496.69656605 ], [ 379260.09871561, 164447.58899881 ], [ 379273.62250636, 164314.57084546 ], [ 379246.43492365, 164197.42994342 ], [ 379247.60737597, 164137.84305116 ], [ 379230.77799858, 164116.84105369 ], [ 379237.44122487, 164049.72322791 ], [ 379280.31999841, 163951.78423769 ], [ 379289.8240143, 163900.43864182 ], [ 379259.53688098, 163700.98657468 ], [ 379189.3114215, 163591.25034062 ], [ 379085.14081235, 163390.58753749 ], [ 378981.97154798, 163293.11344838 ], [ 378907.10576739, 163156.02977905 ], [ 378795.4493711, 163036.845271 ], [ 378709.29415831, 162913.14757573 ], [ 378692.91975773, 162908.96126964 ], [ 378677.59141306, 162871.13036315 ], [ 378620.6445306, 162819.48947235 ], [ 378561.47444981, 162736.77435686 ], [ 378468.71676795, 162487.2833869 ], [ 378474.20595238, 162352.56419238 ], [ 378509.21929729, 162092.60955916 ], [ 378485.28612027, 162075.54580236 ], [ 378467.12253486, 162087.59227812 ], [ 378423.74498093, 162450.20535841 ], [ 378434.82011589, 162524.84737587 ], [ 378421.9141241, 162529.22619285 ], [ 378389.61252001, 162513.94189613 ], [ 378328.41807611, 162276.26063934 ], [ 378258.52499705, 162166.80562095 ], [ 378195.40510462, 162115.76397558 ], [ 378132.35325951, 162111.10181035 ], [ 378118.56302108, 162133.78418234 ], [ 378218.05770403, 162178.78868356 ], [ 378292.20734223, 162288.69713937 ], [ 378315.18154887, 162358.99353385 ], [ 378311.65126397, 162410.84632822 ], [ 378360.32248967, 162530.88815666 ], [ 378380.37538823, 162612.74801833 ], [ 378494.91334703, 162849.85456601 ], [ 378645.03096754, 163084.9265537 ], [ 378713.21323607, 163286.20918554 ], [ 378764.35939036, 163339.26903878 ], [ 378908.09323215, 163443.20083316 ], [ 378971.76223011, 163530.35303724 ], [ 379010.58305629, 163650.39099763 ], [ 379013.6688405, 163790.17455965 ], [ 379036.27897118, 163894.18259036 ], [ 379048.35966263, 164160.75740647 ], [ 379026.63978576, 164356.78544619 ], [ 378989.62594367, 164482.32038257 ], [ 378935.03421717, 164536.6966853 ], [ 378909.35216682, 164586.08948996 ], [ 378869.66978658, 164629.85274754 ], [ 378701.4737206, 164702.07090699 ], [ 378474.07044761, 164835.23559497 ], [ 378326.35696335, 164939.6288348 ], [ 378263.74116778, 165088.71566687 ], [ 378250.31517092, 165172.12020508 ], [ 378248.61462041, 165323.98781528 ], [ 378239.23495378, 165364.85546148 ], [ 378176.65699647, 165469.03846229 ], [ 378152.38146653, 165623.44290972 ], [ 378207.64091898, 165921.81067471 ], [ 378263.15958022, 166122.1878917 ], [ 378227.18454744, 166174.32124324 ], [ 378080.81548636, 166212.58279687 ], [ 378062.17342643, 166227.6228125 ], [ 378028.44508468, 166334.75268058 ], [ 378025.49696915, 166435.26651191 ], [ 378002.95068647, 166482.96988631 ], [ 377965.9968387, 166509.84806823 ], [ 377945.15440602, 166511.4044375 ], [ 377710.84847918, 166416.88130785 ], [ 377623.78629404, 166417.32950228 ], [ 377516.65822605, 166393.03788064 ], [ 377078.0154962, 166240.40006352 ], [ 376845.71913124, 166110.46154167 ], [ 376754.9709847, 166045.28612751 ], [ 376639.53282789, 166018.20271762 ], [ 376354.54685228, 165874.5662303 ], [ 376067.43505742, 165754.7506339 ], [ 375965.92429596, 165631.98955557 ], [ 375928.2065228, 165553.82136506 ], [ 375902.53565597, 165464.04114827 ], [ 375874.26393418, 165467.06089916 ], [ 375870.50918574, 165493.56085809 ], [ 375886.25721421, 165574.71632256 ], [ 375917.46965146, 165637.23344017 ], [ 376050.74727987, 165794.91608978 ], [ 376355.14134263, 165919.06044778 ], [ 376623.05139496, 166056.33255081 ], [ 376725.94846979, 166080.16804262 ], [ 377055.68760716, 166276.77655377 ], [ 377573.5466986, 166450.27944338 ], [ 377710.11858934, 166459.06106872 ], [ 377915.14665124, 166549.47772711 ], [ 377985.28709142, 166549.26354173 ], [ 378033.42064608, 166512.54816519 ], [ 378062.55111558, 166459.00565944 ], [ 378073.93790062, 166332.51448818 ], [ 378096.16053008, 166278.41713064 ], [ 378130.32868423, 166249.43771431 ], [ 378249.62752775, 166211.54404737 ], [ 378294.15980563, 166160.36796148 ], [ 378303.49411625, 166134.58250656 ], [ 378297.04099732, 166070.96099934 ], [ 378260.11671446, 165957.71579221 ], [ 378207.396584, 165710.8936911 ], [ 378194.80160459, 165586.54090284 ], [ 378213.60697059, 165497.43016922 ], [ 378285.88462526, 165349.91855955 ], [ 378295.98312555, 165128.27328097 ], [ 378327.64389193, 165039.02580195 ], [ 378365.99384438, 164965.45347478 ], [ 378462.94368873, 164893.06349614 ], [ 378759.42991452, 164721.17115079 ], [ 378851.21947062, 164690.04173157 ], [ 378922.49293885, 164638.3686309 ], [ 379002.48691765, 164535.74199665 ], [ 379048.80915637, 164445.51406762 ], [ 379077.16189509, 164212.00616595 ], [ 379091.10485109, 164167.64303966 ], [ 379050.45845936, 163639.27730035 ], [ 379012.1554699, 163519.91999651 ], [ 378937.96326858, 163412.91380596 ], [ 378761.94993784, 163280.99262112 ], [ 378733.67351016, 163223.32292078 ], [ 378700.45079262, 163099.99557999 ], [ 378546.31480813, 162856.1846055 ], [ 378420.83434468, 162611.75790462 ], [ 378417.68273172, 162576.01498032 ], [ 378446.89198197, 162557.58891471 ], [ 378535.67414029, 162780.01517375 ], [ 378566.35302327, 162821.56550593 ], [ 378635.36214482, 162882.03616356 ], [ 378740.17275935, 163057.80449113 ], [ 378886.58860935, 163227.94679128 ], [ 378957.17222154, 163357.22510766 ], [ 378987.71620708, 163368.56470389 ], [ 379020.63512223, 163400.01428188 ], [ 379074.57460871, 163478.41842613 ], [ 379207.235875, 163723.97394782 ], [ 379232.95648572, 163861.37337189 ], [ 379231.88336731, 163905.59391271 ], [ 379183.11100499, 164034.21767732 ], [ 379164.09102261, 164156.7276873 ], [ 379139.9065309, 164228.20858217 ], [ 379142.45367441, 164255.8188339 ], [ 379081.63241997, 164413.39905864 ], [ 379076.70972023, 164484.85975457 ], [ 379055.78652668, 164541.05905179 ], [ 379013.66626742, 164581.31231171 ], [ 378991.90203454, 164633.26926289 ], [ 378993.20671186, 164732.27133629 ], [ 378894.52740123, 164792.62992056 ], [ 378743.61206513, 164973.08961376 ], [ 378676.0925486, 165037.22643734 ], [ 378574.18070248, 165095.86274464 ], [ 378490.64282802, 165159.49295568 ], [ 378368.72225, 165296.61070603 ], [ 378316.73751939, 165395.10268833 ], [ 378276.36791382, 165580.75841496 ], [ 378245.50392828, 165668.2636433 ], [ 378249.72870445, 165750.8198988 ], [ 378269.77355172, 165840.89771231 ], [ 378357.1214338, 166005.55352281 ], [ 378456.94730086, 166275.55558566 ], [ 378466.36688546, 166397.34324311 ], [ 378426.53059639, 166517.58486735 ], [ 378423.56256543, 166589.19222737 ], [ 378446.45789508, 166659.52183198 ], [ 378517.31042132, 166801.1210927 ], [ 378538.50421752, 166895.35449703 ], [ 378537.24340087, 166936.85446883 ], [ 378485.60464933, 167002.34120533 ], [ 378447.54899657, 167086.43835586 ], [ 378245.39861453, 167213.27218959 ], [ 378045.78309889, 167305.73195294 ], [ 377954.20449924, 167335.952647 ], [ 377868.46938451, 167346.55862558 ], [ 377829.05449039, 167307.80906838 ], [ 377745.48651309, 167186.01859237 ], [ 377472.77548893, 166964.45242213 ], [ 377445.9597595, 166895.64112359 ], [ 377421.15406928, 166884.68381741 ], [ 377342.5861773, 166743.80794843 ], [ 377306.80508004, 166717.96456597 ], [ 377017.58655584, 166618.56946055 ], [ 376814.39358341, 166472.42523877 ], [ 376658.45125751, 166430.7949276 ], [ 376625.56202528, 166401.7392022 ], [ 376574.42209276, 166321.05724486 ], [ 376535.99048725, 166196.67062617 ], [ 376504.34148777, 166144.21361936 ], [ 376470.21678926, 166116.56121051 ], [ 376403.45479847, 166093.25294276 ], [ 376296.88909558, 166097.75284835 ], [ 376262.70665331, 166026.66311086 ], [ 376257.12114508, 165962.42658642 ], [ 376245.51424167, 165944.93905463 ], [ 376014.89483832, 165871.76913416 ], [ 375958.78047376, 165842.25613174 ], [ 375974.63105702, 165812.93174062 ], [ 375959.44136559, 165795.60337524 ], [ 375939.13568494, 165802.13169728 ], [ 375915.52908257, 165793.61566717 ], [ 375895.37726532, 165808.99569924 ], [ 375793.76749675, 165768.68608602 ], [ 375583.6988847, 165757.7822334 ], [ 375449.47900869, 165709.01009874 ], [ 375346.92879161, 165629.25334157 ], [ 375229.45213424, 165426.41921477 ], [ 375210.80424571, 165372.02076993 ], [ 375179.12837379, 165176.37551897 ], [ 375174.9632274, 165067.06764665 ], [ 375186.16155385, 165012.55614634 ], [ 375221.47043324, 164957.21580066 ], [ 375251.41672137, 164950.1915744 ], [ 375252.98677131, 164935.34053182 ], [ 375303.76109038, 164891.5356763 ], [ 375328.09183397, 164823.22198089 ], [ 375427.10078961, 164652.57558326 ], [ 375434.02473446, 164605.19372763 ], [ 375413.49544479, 164501.27999893 ], [ 375429.41120854, 164421.09037767 ], [ 375422.68003212, 164349.83762568 ], [ 375447.26916414, 164354.73365372 ], [ 375478.65912054, 164343.75782317 ], [ 375480.56130237, 164303.92918534 ], [ 375587.57339302, 164282.46307376 ], [ 375621.37718563, 164296.84635208 ], [ 375713.28999505, 164448.15425568 ], [ 375789.83045473, 164507.33563619 ], [ 375796.51361062, 164564.01228325 ], [ 375778.06950521, 164757.99346745 ], [ 375803.45278498, 164919.47856709 ], [ 375796.5070727, 164938.04797973 ], [ 375806.31866804, 165023.97571413 ], [ 375817.58412875, 165068.86048341 ], [ 375870.05450133, 165143.17057932 ], [ 375876.14916272, 165218.31928779 ], [ 375897.91930609, 165228.71280938 ], [ 375914.74383955, 165205.65628348 ], [ 375914.29541413, 165147.14708131 ], [ 375859.41642318, 165039.54666976 ], [ 375819.60626972, 164758.82408646 ], [ 375826.21975278, 164637.53675365 ], [ 375882.38802468, 164550.45432517 ], [ 375893.86121715, 164504.52810742 ], [ 375842.45890472, 164479.54287862 ], [ 375811.73759266, 164479.92669791 ], [ 375622.64810654, 164234.03719112 ], [ 375569.78339946, 164204.89130601 ], [ 375525.3814965, 164221.60449387 ], [ 375536.47452324, 164255.81282168 ], [ 375466.38624185, 164269.56472329 ], [ 375383.9754739, 164280.76552004 ], [ 375344.24693354, 164260.76514861 ], [ 375244.37988042, 164256.48365588 ], [ 374945.14758087, 164328.98555467 ], [ 374720.06891933, 164430.78182241 ], [ 374642.57802837, 164503.77403497 ], [ 374613.07613844, 164517.36883395 ], [ 374527.28028643, 164523.64295483 ], [ 374450.80570481, 164550.3765889 ], [ 374376.85307334, 164627.19177023 ], [ 374352.09204677, 164675.97938187 ], [ 374336.67637676, 164773.34577375 ], [ 374234.58896493, 164897.8119641 ], [ 374039.38455792, 165033.07192723 ], [ 373975.91308941, 165060.29350939 ], [ 373741.7847206, 165103.07382587 ], [ 373677.27166452, 165098.00364786 ], [ 373562.69088273, 165034.22787428 ], [ 373480.80628128, 164940.6239129 ], [ 373435.7805149, 164914.58438241 ], [ 373366.4147783, 164895.45547648 ], [ 373216.41637972, 164816.75272999 ], [ 372993.64351077, 164755.73429509 ], [ 372874.23037585, 164742.54751499 ], [ 372678.98979852, 164755.21966258 ], [ 372592.61092153, 164767.76773928 ], [ 372454.6645794, 164817.83422633 ], [ 372400.86242054, 164848.82887849 ], [ 372361.87742444, 164896.96996295 ], [ 372284.10277534, 164930.58294377 ], [ 372218.51772245, 164982.28945263 ], [ 372140.22231555, 165053.08420465 ], [ 371991.01841816, 165233.85972034 ], [ 371851.547433, 165456.7707737 ], [ 371822.15113457, 165476.51794609 ], [ 371818.90473183, 165493.93342052 ], [ 371832.52516963, 165503.18169837 ], [ 371801.16752075, 165558.98191642 ], [ 371686.90446145, 165688.67796962 ], [ 371651.37053207, 165748.82107925 ], [ 371654.05860076, 165769.64185332 ], [ 371581.19542146, 165955.03144717 ], [ 371536.1631708, 165990.62535784 ], [ 371499.05264798, 166003.43903189 ], [ 371272.2002101, 166043.03210578 ], [ 371093.36768357, 166090.74910788 ], [ 370960.61813035, 166057.60814297 ], [ 370832.8293115, 166073.92599698 ], [ 370779.84392787, 166055.95323867 ], [ 370700.22766377, 165994.62108668 ], [ 370592.54183988, 165952.67055044 ], [ 370455.65089674, 165937.72415754 ], [ 370429.22584017, 165922.01406359 ], [ 370363.87838166, 165834.91176038 ], [ 370317.25869378, 165801.52494547 ], [ 370256.64835202, 165778.09155195 ], [ 370188.83607281, 165773.18684768 ], [ 370107.27061247, 165788.90982993 ], [ 369973.66756481, 165848.16114906 ], [ 369290.64392973, 166328.08810841 ], [ 369161.85344702, 166404.61334458 ], [ 369100.8695448, 166460.11420194 ], [ 369033.20278236, 166544.20423133 ], [ 368987.49448449, 166650.01936985 ], [ 368987.1976631, 166748.03115422 ], [ 368963.58813063, 166777.36234082 ], [ 368912.3139445, 166733.88782674 ], [ 368898.61749243, 166733.09536797 ], [ 368824.69134504, 166819.21409663 ], [ 368827.13146478, 166833.85540326 ], [ 368867.69201022, 166866.22871899 ], [ 368884.63635748, 166863.28181638 ], [ 368933.74710263, 166812.83842615 ], [ 368917.77133912, 166839.30765715 ], [ 368895.32951216, 166859.95001428 ], [ 368862.06204963, 166878.69442336 ], [ 368771.66053072, 166905.83446218 ], [ 368685.16443262, 166997.21145008 ], [ 368680.89739501, 167032.49079856 ], [ 368696.7705815, 167070.22647615 ], [ 368686.78240307, 167168.06704269 ], [ 368709.4230434, 167260.46809128 ], [ 368739.61968279, 167323.1579569 ], [ 368788.0277063, 167366.24591477 ], [ 368824.33626391, 167380.5067259 ], [ 368846.49086523, 167423.22260289 ], [ 368849.48575835, 167486.01778408 ], [ 368825.66579766, 167547.25535025 ], [ 368835.18635424, 167586.29333271 ], [ 368893.28023533, 167667.8989073 ], [ 369032.59545865, 167795.47562512 ], [ 369170.42475501, 167895.98401094 ], [ 369239.00905772, 167932.05479456 ], [ 369305.135314, 168006.81374937 ], [ 369448.27649021, 168097.08803197 ], [ 369504.14271013, 168174.98928054 ], [ 369506.71606323, 168227.76509909 ], [ 369577.62324273, 168331.41092688 ], [ 369588.91308809, 168371.35748218 ], [ 369577.95314226, 168441.49862106 ], [ 369529.0564595, 168508.1951698 ], [ 369442.98886482, 168588.42682564 ], [ 369355.89525846, 168640.20978789 ], [ 369203.19452423, 168853.57263177 ], [ 369151.53505006, 168875.33105131 ], [ 369040.0775068, 168831.69389902 ], [ 368911.34974105, 168812.11842043 ], [ 368804.87902781, 168769.72401424 ], [ 368761.50338465, 168764.05110678 ], [ 368629.89226974, 168797.96650306 ], [ 368480.90496969, 168887.90315688 ], [ 368415.07795026, 168903.76117472 ], [ 368370.25627451, 168891.44318742 ], [ 368319.55391293, 168858.86663668 ], [ 368289.97143984, 168820.37978486 ], [ 368252.10488532, 168733.1265437 ], [ 368203.41662653, 168706.81639743 ], [ 368053.96230966, 168691.78609628 ], [ 367906.45788986, 168727.28233742 ], [ 367842.30072857, 168766.77766122 ], [ 367804.68247078, 168769.88922086 ], [ 367708.92978758, 168719.00779458 ], [ 367591.42402982, 168691.79023347 ], [ 367483.16771838, 168616.66763683 ], [ 367437.88990926, 168614.65067117 ], [ 367380.20325693, 168649.6554145 ], [ 367336.54978278, 168698.24068491 ], [ 367231.21314481, 168755.53233958 ], [ 367142.59316376, 168870.38527063 ], [ 367046.72258898, 168859.70304063 ], [ 366933.89931446, 168927.98447852 ], [ 366829.38170554, 169061.24676567 ], [ 366724.05252289, 169138.79817248 ], [ 366665.0207327, 169244.1054324 ], [ 366652.28076165, 169253.33302902 ], [ 366564.05524016, 169248.46884813 ], [ 366480.85516578, 169225.6996902 ], [ 366372.25122874, 169145.20406059 ], [ 366312.43628445, 169154.56138067 ], [ 366284.03326866, 169141.43445729 ], [ 366196.32343499, 169022.44065504 ], [ 366199.99792876, 169001.78415277 ], [ 366168.48861548, 168984.08430716 ], [ 366133.67206123, 168926.54589053 ], [ 366069.24043475, 168855.02540693 ], [ 366010.63896068, 168810.5976005 ], [ 365977.25575172, 168803.6171095 ], [ 365958.88743036, 168813.16713669 ], [ 365932.11771172, 168869.67151599 ], [ 365871.05827254, 168944.03554058 ], [ 365796.3375335, 168882.95507466 ], [ 365728.97530286, 168803.34152229 ], [ 365751.13523837, 168787.91007117 ], [ 365756.95962436, 168758.23093633 ], [ 365712.48036017, 168617.73101419 ], [ 365719.34444753, 168540.60404083 ], [ 365679.38122556, 168512.39822179 ], [ 365667.65371777, 168488.45729825 ], [ 365633.3611183, 168357.90879067 ], [ 365652.76249505, 168260.45095497 ], [ 365713.9438209, 168134.91669528 ], [ 365721.17123169, 168094.09503647 ], [ 365721.24028138, 168031.77625661 ], [ 365673.88865956, 167853.18863721 ], [ 365680.93587848, 167828.68994583 ], [ 365658.81808889, 167794.94907206 ], [ 365704.31669029, 167718.59389588 ], [ 365696.94825011, 167662.59188135 ], [ 365708.77723927, 167492.43981365 ], [ 365694.69763472, 167435.20485561 ], [ 365672.09880526, 167415.67911526 ], [ 365676.11662877, 167368.778302 ], [ 365662.10088845, 167339.72008097 ], [ 365604.39495043, 167313.85078942 ], [ 365622.87828566, 167280.02211664 ], [ 365625.44510862, 167246.86264581 ], [ 365609.54479256, 167222.7762304 ], [ 365615.16744951, 167162.84820946 ], [ 365597.49161834, 167127.29516782 ], [ 365620.42750595, 167058.66044433 ], [ 365648.27075893, 167034.26340653 ], [ 365653.95216944, 166975.28008298 ], [ 365617.69717675, 166936.43868503 ], [ 365552.85710064, 166948.76162615 ], [ 365546.23157161, 166931.4574101 ], [ 365556.18457792, 166894.55736485 ], [ 365538.15444899, 166861.02247823 ], [ 365573.25596526, 166826.58653391 ], [ 365594.00453922, 166822.53577715 ], [ 365601.926023, 166802.26015484 ], [ 365588.89362789, 166789.55430781 ], [ 365557.04839234, 166793.650931 ], [ 365523.41149802, 166769.85289712 ], [ 365547.48567411, 166747.47931507 ], [ 365534.94172243, 166715.01722369 ], [ 365574.05226994, 166675.68398412 ], [ 365573.23357299, 166651.87205286 ], [ 365480.06980936, 166529.14357652 ], [ 365517.52234129, 166514.21291981 ], [ 365536.28242901, 166480.1269958 ], [ 365519.24489881, 166444.94298895 ], [ 365487.00316386, 166429.11659171 ], [ 365508.37088227, 166348.70374254 ], [ 365466.40884932, 166309.19487726 ], [ 365499.90933286, 166247.48764474 ], [ 365470.10623784, 166190.98920647 ], [ 365492.10506058, 166142.1461996 ], [ 365488.6233849, 166111.78651072 ], [ 365467.92347246, 166082.86746633 ], [ 365430.66795563, 166059.40569431 ], [ 365458.76853916, 166005.8592112 ], [ 365529.76694064, 165970.79492951 ], [ 365546.11748647, 165933.07869995 ], [ 365537.09978121, 165888.2420524 ], [ 365496.72192432, 165835.28139037 ], [ 365440.74130837, 165830.77770144 ], [ 365477.52747284, 165753.38174056 ], [ 365452.16449553, 165717.85688855 ], [ 365441.69747748, 165596.31582601 ], [ 365390.68210933, 165553.94536309 ], [ 365338.91004889, 165556.86709542 ], [ 365326.92256626, 165545.74412865 ], [ 365338.75306309, 165478.40343015 ], [ 365280.59956858, 165392.82089013 ], [ 365201.94793723, 165361.40741884 ], [ 365205.53561824, 165321.3865016 ], [ 365196.86301038, 165305.88440137 ], [ 365151.32604297, 165293.53051914 ], [ 365100.72779873, 165295.50805012 ], [ 365094.41517847, 165255.62421955 ], [ 365025.86423066, 165202.65571216 ], [ 365006.77001546, 165159.95965676 ], [ 365021.91347565, 165141.1443448 ], [ 365012.83580007, 165102.07675351 ], [ 364932.44566442, 165047.54252114 ], [ 364965.89420343, 165012.67086175 ], [ 364971.74845858, 164967.22891791 ], [ 365010.84963655, 164941.23890076 ], [ 365012.99663582, 164923.11249332 ], [ 364989.42162349, 164912.249633 ], [ 364975.10221591, 164928.85000194 ], [ 364946.17406527, 164919.66058483 ], [ 364929.08421183, 164938.01781984 ], [ 364914.23618809, 164938.03243993 ], [ 364900.44158663, 164902.72865598 ], [ 364882.17533089, 164892.65556952 ], [ 364904.65347385, 164880.10659052 ], [ 364913.71367444, 164853.363772 ], [ 364906.77286929, 164833.2259038 ], [ 364878.09357235, 164816.21863955 ], [ 364894.96041297, 164809.73324913 ], [ 364906.63396868, 164785.22715176 ], [ 364903.12930544, 164751.82411958 ], [ 364872.56771557, 164711.88254319 ], [ 364709.53037735, 164664.02063834 ], [ 364675.31247142, 164664.46536723 ], [ 364589.97948788, 164696.4040538 ], [ 364578.36056784, 164730.50599126 ], [ 364555.07800213, 164755.46705591 ], [ 364512.55308482, 164749.62150548 ], [ 364475.33214834, 164773.50201116 ], [ 364453.39000364, 164741.97616564 ], [ 364412.1091089, 164733.12176531 ], [ 364404.92895017, 164689.25913087 ], [ 364381.86588535, 164680.61065888 ], [ 364351.25740823, 164690.29291642 ], [ 364318.53923117, 164672.07588013 ], [ 364299.79615257, 164627.46132489 ], [ 364271.48795112, 164621.67733264 ], [ 364225.93064189, 164632.64313612 ], [ 364222.34928801, 164569.8656393 ], [ 364204.15554302, 164548.50028264 ], [ 364169.89028093, 164541.05108227 ], [ 364141.62721626, 164463.43633469 ], [ 364108.75069817, 164453.03496772 ], [ 364069.59985688, 164486.09043755 ], [ 364026.99552587, 164474.50358937 ], [ 364056.67965944, 164457.29998877 ], [ 364065.27732274, 164428.40153061 ], [ 364035.64484189, 164376.07107363 ], [ 363996.18625922, 164356.93950495 ], [ 364008.68586368, 164324.82434002 ], [ 364000.43369457, 164273.87904595 ], [ 363960.46971531, 164240.720293 ], [ 363962.27281093, 164208.6080264 ], [ 363949.86698907, 164191.17314632 ], [ 363802.78934546, 164043.4587128 ], [ 363744.89856205, 164030.75682537 ], [ 363700.22971814, 164046.41165539 ], [ 363625.5346793, 164047.56408079 ], [ 363561.48650239, 164111.06163375 ], [ 363567.12972164, 164127.99571701 ], [ 363587.0148909, 164129.62933852 ], [ 363606.34307516, 164106.9805495 ], [ 363637.7254457, 164184.27248656 ], [ 363634.80590508, 164252.88258364 ], [ 363580.70274952, 164145.36470327 ], [ 363567.60586853, 164139.72422288 ], [ 363551.68747564, 164155.1157057 ], [ 363620.38950508, 164303.42042002 ], [ 363614.65386127, 164387.4114717 ], [ 363645.90098683, 164433.207393 ], [ 363632.98843786, 164464.04283127 ], [ 363637.72591427, 164606.53206823 ], [ 363571.11888706, 164616.42541308 ], [ 363477.03871162, 164591.44801198 ], [ 363438.05231292, 164543.48662483 ], [ 363387.30484449, 164530.06378142 ], [ 363338.87178676, 164489.91272881 ], [ 363293.31452896, 164489.29650395 ], [ 363270.56774916, 164508.32704097 ], [ 363252.72165021, 164501.33686599 ], [ 363240.95580633, 164457.74697404 ], [ 363294.63043854, 164442.89002532 ], [ 363338.10966842, 164357.10629817 ], [ 363340.48330649, 164310.82884866 ], [ 363400.9015065, 164291.19982285 ], [ 363431.67673684, 164229.46305853 ], [ 363452.08081684, 164224.84919417 ], [ 363485.5967995, 164194.49467059 ], [ 363492.17757109, 164125.04510261 ], [ 363514.65800289, 164094.68796982 ], [ 363533.02599206, 164019.95345846 ], [ 363569.45388346, 163977.21667608 ], [ 363575.65317977, 163950.06606687 ], [ 363562.4721785, 163914.02960957 ], [ 363571.01182338, 163880.91995246 ], [ 363551.35697298, 163839.42295491 ], [ 363564.24054296, 163836.81304117 ], [ 363573.27054852, 163816.39002077 ], [ 363553.85841083, 163769.68788162 ], [ 363569.2490167, 163734.35906822 ], [ 363547.83198586, 163710.89910026 ], [ 363558.0069532, 163697.89290812 ], [ 363533.50635722, 163588.60108197 ], [ 363532.78764768, 163513.54068809 ], [ 363511.35268286, 163501.15111 ], [ 363496.49120386, 163504.76903991 ], [ 363485.74221497, 163555.08477627 ], [ 363496.40878366, 163574.74722377 ], [ 363491.63062411, 163600.31060126 ], [ 363509.49682502, 163613.58460311 ], [ 363523.45371499, 163674.65884025 ], [ 363504.70472908, 163712.55683941 ], [ 363529.41270582, 163739.04957436 ], [ 363517.85757071, 163766.58098684 ], [ 363534.7430936, 163803.90409427 ], [ 363516.06437181, 163803.64735169 ], [ 363501.45390191, 163820.61377473 ], [ 363537.49574277, 163884.06905528 ], [ 363527.45508159, 163921.0330302 ], [ 363541.40149154, 163946.97051272 ], [ 363537.24211387, 163966.12117434 ], [ 363505.08333549, 164000.13406048 ], [ 363483.97821858, 164079.9623423 ], [ 363449.0662533, 164140.3341021 ], [ 363454.57116703, 164176.74169793 ], [ 363402.4222316, 164215.63783961 ], [ 363371.00750368, 164225.09643765 ], [ 363365.72359809, 164244.61584613 ], [ 363376.28671165, 164268.69651025 ], [ 363345.89095749, 164267.83002627 ], [ 363309.09239321, 164288.66405677 ], [ 363309.61926754, 164339.83360896 ], [ 363269.58667926, 164419.83540486 ], [ 363249.36563069, 164426.86726445 ], [ 363240.51196351, 164425.49445491 ], [ 363231.39515052, 164393.10736109 ], [ 363253.09238017, 164300.6386156 ], [ 363210.76787349, 164268.31056252 ], [ 363200.25020958, 164236.47058695 ], [ 363144.55571365, 164189.7180975 ], [ 363130.51099984, 164155.320457 ], [ 363113.74334765, 164145.60277774 ], [ 363033.9302058, 164148.53801299 ], [ 362973.96737876, 164113.8233087 ], [ 362944.26390247, 164124.2835109 ], [ 362919.0223109, 164152.51781406 ], [ 362848.16981044, 164112.71088293 ], [ 362809.68362756, 164116.31924581 ], [ 362798.47624507, 164130.62814402 ], [ 362782.52191432, 164114.38007358 ], [ 362744.96955372, 164115.52385656 ], [ 362714.39535552, 164156.61667133 ], [ 362657.60992422, 164148.65911626 ], [ 362628.99763393, 164121.91181785 ], [ 362641.50780001, 164121.50689576 ], [ 362656.0933082, 164101.90516386 ], [ 362638.28823892, 164025.8318718 ], [ 362541.01617068, 163930.94706115 ], [ 362473.93549647, 163949.8225475 ], [ 362435.96387307, 163943.67740025 ], [ 362418.56420947, 163953.21226516 ], [ 362407.01726732, 163983.04929099 ], [ 362310.15196552, 164006.35524154 ], [ 362307.75220063, 164071.54594568 ], [ 362288.76429149, 164121.90402439 ], [ 362248.41701661, 164142.96783809 ], [ 362241.73669159, 164158.75637996 ], [ 362250.53897757, 164187.65658196 ], [ 362224.15745674, 164193.890191 ], [ 362166.15896734, 164299.43644823 ], [ 362081.83780962, 164232.09720209 ], [ 362032.44467109, 164227.92892519 ], [ 362001.36294774, 164241.38274463 ], [ 361989.62116803, 164266.26293015 ], [ 361975.06659588, 164260.54533783 ], [ 361893.75305176, 164103.04619579 ], [ 361882.49319284, 163974.05229021 ], [ 361863.97387248, 163934.88236384 ], [ 361848.52195623, 163844.14608931 ], [ 361891.93274593, 163813.46438287 ], [ 361887.60791199, 163730.20713751 ], [ 361945.3512578, 163697.23232916 ], [ 361989.28807367, 163602.96529607 ], [ 361981.2605015, 163573.27395154 ], [ 361965.68868131, 163574.82321292 ], [ 361947.57248275, 163604.1810722 ], [ 361917.0851948, 163680.23029429 ], [ 361880.58738842, 163696.18736875 ], [ 361830.7575296, 163660.09686503 ], [ 361785.1010517, 163659.81822318 ], [ 361743.0283689, 163673.70287679 ], [ 361726.85008183, 163696.73282584 ], [ 361650.71507162, 163711.14160634 ], [ 361597.33810915, 163744.62500804 ], [ 361540.72078421, 163746.17981202 ], [ 361514.52537623, 163762.34620845 ], [ 361509.45148656, 163792.94988424 ], [ 361553.96129184, 163872.48559694 ], [ 361527.6576043, 163881.68695263 ], [ 361517.46478281, 163898.65852589 ], [ 361489.32071659, 163883.84396745 ], [ 361415.20893213, 163922.10994956 ], [ 361320.0313352, 163872.69807229 ], [ 361284.91872338, 163902.2385094 ], [ 361191.44976584, 163914.71262158 ], [ 361204.38521308, 163889.31069062 ], [ 361177.93067661, 163857.63132838 ], [ 361121.52691951, 163841.02075703 ], [ 361034.04317492, 163851.04233501 ], [ 361057.36553366, 163807.2349531 ], [ 361027.01259581, 163762.36467973 ], [ 360990.6114464, 163757.08806665 ], [ 360972.7279377, 163699.25200038 ], [ 360939.03892423, 163686.007805 ], [ 360877.69799118, 163686.53081979 ], [ 360873.5259459, 163674.25438735 ], [ 360894.41395685, 163626.47219492 ], [ 360855.66927709, 163558.34504638 ], [ 360767.70753511, 163497.47899788 ], [ 360710.33845965, 163472.26458192 ], [ 360682.00410543, 163474.23086888 ], [ 360685.85218533, 163453.32950466 ], [ 360673.43132598, 163435.68622611 ], [ 360635.89152215, 163419.59205836 ], [ 360596.18113378, 163419.54458465 ], [ 360576.57282313, 163404.16910742 ], [ 360584.58795579, 163348.40704597 ], [ 360575.3811514, 163323.02833634 ], [ 360555.17439169, 163310.44323447 ], [ 360523.71034738, 163316.15751482 ], [ 360464.83318038, 163366.68341694 ], [ 360457.77213887, 163330.80678089 ], [ 360439.860531, 163319.192082 ], [ 360327.23138363, 163353.52132989 ], [ 360324.05605712, 163314.7762326 ], [ 360307.03380074, 163302.63264776 ], [ 360289.97149644, 163305.41372264 ], [ 360242.5371147, 163350.54373613 ], [ 360231.50607835, 163408.0660375 ], [ 360193.89812871, 163404.6305732 ], [ 360147.32829171, 163425.08803949 ], [ 360091.54513406, 163431.37728231 ], [ 360016.82758982, 163482.79915664 ], [ 359962.4079232, 163488.03220952 ], [ 359945.03944196, 163521.02068483 ], [ 359823.13532512, 163476.88998573 ], [ 359715.23124115, 163470.75822253 ], [ 359672.64767073, 163414.39621564 ], [ 359576.42976289, 163391.38034518 ], [ 359516.2546194, 163397.49298851 ], [ 359502.53995638, 163385.06063935 ], [ 359400.82585183, 163366.58115851 ], [ 359322.8292185, 163366.01127654 ], [ 359264.49884628, 163395.24025312 ], [ 359192.98030256, 163454.53118754 ], [ 359137.1450214, 163463.63530856 ], [ 359079.51761561, 163493.33804913 ], [ 359039.05333738, 163476.46637742 ], [ 358924.25401243, 163483.64847149 ], [ 358837.09845428, 163416.21503943 ], [ 358774.23616239, 163337.05261272 ], [ 358696.44444588, 163272.74455524 ], [ 358620.80961792, 163254.87753625 ], [ 358615.73054576, 163196.18524968 ], [ 358555.27950067, 163178.76010259 ], [ 358505.87688568, 163148.38461196 ], [ 358498.92978924, 163089.80444146 ], [ 358472.95913456, 163053.83775431 ], [ 358474.75407755, 162989.91806074 ], [ 358459.86871982, 162967.83788167 ], [ 358434.60698962, 162962.17410917 ], [ 358399.49794804, 162928.52556798 ], [ 358429.61368677, 162888.23976586 ], [ 358416.40372438, 162808.27256432 ], [ 358389.53036566, 162826.2581313 ], [ 358384.8212321, 162855.96367657 ], [ 358393.46659767, 162872.31890645 ], [ 358373.5403441, 162904.9419645 ], [ 358247.27045851, 162863.42397908 ], [ 358133.704774, 162859.80955079 ], [ 358034.42712455, 162871.65237036 ], [ 358008.52932157, 162898.81108031 ], [ 358011.04953455, 162935.31605051 ], [ 357983.74446399, 162939.48170969 ], [ 357836.07231651, 162865.64836599 ], [ 357797.11918027, 162894.6489716 ], [ 357736.08730856, 162900.94389463 ], [ 357682.89169333, 162891.55372793 ], [ 357638.67820999, 162905.16855939 ], [ 357607.15989983, 162931.3754008 ], [ 357531.66179632, 162931.75104199 ], [ 357471.7464193, 162973.60536259 ], [ 357431.97290113, 163036.21231853 ], [ 357405.20968856, 163033.52564234 ], [ 357366.87679449, 162988.43251662 ], [ 357357.76445136, 162939.65805093 ], [ 357360.07992857, 162875.8003721 ], [ 357407.6604707, 162761.02869519 ], [ 357418.7825058, 162695.28976099 ], [ 357420.51390811, 162596.55096134 ], [ 357389.75623886, 162560.36833435 ], [ 357406.36033832, 162521.69787185 ], [ 357404.57248013, 162499.1319778 ], [ 357298.46077191, 162422.6679527 ], [ 357247.91542191, 162443.2216648 ], [ 357228.56850407, 162440.17220371 ], [ 357203.07893145, 162353.10958473 ], [ 357166.38317973, 162321.68620705 ], [ 357136.09413471, 162327.76917629 ], [ 357141.7647857, 162311.3740322 ], [ 357177.7427066, 162312.87388811 ], [ 357201.46236205, 162291.2443877 ], [ 357204.1830426, 162237.25429103 ], [ 357181.02500193, 162218.75054973 ], [ 357145.37314784, 162234.61930322 ], [ 357164.17684034, 162206.06079085 ], [ 357144.78843809, 162149.74536632 ], [ 357121.25209473, 162128.75946369 ], [ 357148.33908428, 162081.0606774 ], [ 357177.94635557, 162055.98299424 ], [ 357171.92721005, 161921.63377204 ], [ 357181.62245563, 161896.52752814 ], [ 357207.04341053, 161894.12086778 ], [ 357219.37460094, 161878.53580552 ], [ 357233.87029423, 161818.57701208 ], [ 357218.48242765, 161787.76865047 ], [ 357195.30396591, 161775.27296435 ], [ 357183.8745261, 161725.22368222 ], [ 357161.14957447, 161695.21696321 ], [ 357070.28047706, 161667.93833344 ], [ 357050.38431857, 161649.39491596 ], [ 357021.55095421, 161587.90465591 ], [ 356999.43723914, 161591.77374268 ], [ 356996.3351256, 161618.28196481 ], [ 356959.10824133, 161593.86668956 ], [ 356937.69609912, 161566.88249699 ], [ 356931.91094132, 161534.67732509 ], [ 357268.08555797, 161530.26652306 ], [ 357290.5387249, 161475.43965335 ], [ 357295.6798199, 161392.20691552 ], [ 357325.38069677, 161362.48896712 ], [ 357387.65175995, 161324.00313928 ], [ 357406.54685833, 161300.59626804 ], [ 357441.70581319, 161316.48205191 ], [ 357476.71924868, 161304.81981013 ], [ 357516.47367001, 161236.01649713 ], [ 357557.36912721, 161210.39031952 ], [ 357728.64293693, 161148.91372894 ], [ 357761.60742296, 161096.13796607 ], [ 357745.64408857, 160916.26702228 ], [ 357782.01424036, 160806.837489 ], [ 357814.72922432, 160775.82509297 ], [ 357909.40116463, 160733.31089009 ], [ 358008.62310516, 160661.26896768 ], [ 358067.28133056, 160591.33050168 ], [ 358151.98905907, 160554.92961911 ], [ 358198.08702978, 160569.87509148 ], [ 358285.46942989, 160576.96917995 ], [ 358329.16300808, 160619.76185513 ], [ 358362.45520661, 160625.75673454 ], [ 358409.26549598, 160655.54352096 ], [ 358422.74054144, 160690.75510874 ], [ 358454.31497791, 160714.62941766 ], [ 358475.72543836, 160707.22495492 ], [ 358505.70946545, 160658.63232116 ], [ 358531.6571379, 160652.12508762 ], [ 358530.28397907, 160622.62253686 ], [ 358553.36743149, 160604.00646583 ], [ 358555.47006568, 160566.24351751 ], [ 358702.03219348, 160524.58463974 ], [ 358753.39895425, 160496.9832646 ], [ 358785.4428679, 160487.57332358 ], [ 358854.27371992, 160511.44671706 ], [ 358898.23757449, 160490.82221756 ], [ 358922.91353647, 160501.83975237 ], [ 358946.22357497, 160492.72737484 ], [ 358973.00585021, 160455.02601773 ], [ 359013.91318559, 160443.87334235 ], [ 359032.24809369, 160424.19297465 ], [ 359099.42744124, 160396.61606885 ], [ 359141.98115035, 160394.5363422 ], [ 359178.19333165, 160425.05644115 ], [ 359242.45959789, 160433.58114022 ], [ 359299.16099215, 160424.32953687 ], [ 359313.7875447, 160438.70790939 ], [ 359338.31985614, 160433.50353658 ], [ 359354.64009394, 160420.9616228 ], [ 359355.11193636, 160407.13407218 ], [ 359376.33696746, 160398.78942031 ], [ 359436.93072508, 160417.0937592 ], [ 359545.42525022, 160350.83555392 ], [ 359566.07326598, 160302.47161218 ], [ 359588.59531541, 160302.67768118 ], [ 359653.65701892, 160263.25666574 ], [ 359689.93985326, 160198.94342111 ], [ 359686.59342766, 160166.25095994 ], [ 359744.92388684, 160293.79154524 ], [ 359767.54955023, 160296.37116856 ], [ 359772.28073293, 160277.35783315 ], [ 359721.50476983, 160144.07289198 ], [ 359708.21037092, 160133.8802085 ], [ 359773.11740159, 160034.22228623 ], [ 359829.23042566, 160017.11312655 ], [ 359847.64219657, 159998.30648874 ], [ 359831.22570462, 159985.12832232 ], [ 359749.05160768, 160011.31792188 ], [ 359697.81983177, 160098.32912275 ], [ 359672.10645095, 160122.09351794 ], [ 359637.284582, 160230.44779575 ], [ 359576.71120959, 160271.05459907 ], [ 359557.80221373, 160263.14565547 ], [ 359532.74896208, 160270.07985856 ], [ 359522.61509858, 160283.64997906 ], [ 359532.14885715, 160307.9791018 ], [ 359459.29444275, 160371.58267329 ], [ 359425.70007329, 160381.29660088 ], [ 359368.43263573, 160367.63676125 ], [ 359342.76931246, 160379.76027497 ], [ 359329.32735315, 160400.95242282 ], [ 359309.67060959, 160387.3937753 ], [ 359228.06229792, 160400.05357857 ], [ 359186.90588076, 160391.52289338 ], [ 359180.7888234, 160371.29677732 ], [ 359198.96077472, 160370.10661287 ], [ 359222.26724197, 160338.32331417 ], [ 359252.33228724, 160320.62866088 ], [ 359261.86503843, 160283.45914116 ], [ 359303.21014139, 160310.75103969 ], [ 359325.05806811, 160307.02353066 ], [ 359348.62768428, 160189.36337853 ], [ 359339.65812938, 160127.05942332 ], [ 359366.46199336, 160099.40962586 ], [ 359374.58005634, 160036.94772133 ], [ 359369.56581047, 160012.46806996 ], [ 359346.15624034, 160005.18829109 ], [ 359336.32558334, 160084.38412805 ], [ 359307.00245461, 160112.43068155 ], [ 359313.09372336, 160180.98029548 ], [ 359292.95132877, 160200.58844081 ], [ 359293.58100856, 160217.43270198 ], [ 359312.51652177, 160228.78505704 ], [ 359305.33972303, 160264.07946194 ], [ 359253.88350667, 160247.85823991 ], [ 359231.9240517, 160265.72174263 ], [ 359222.88665585, 160301.50650568 ], [ 359195.10287882, 160305.0339661 ], [ 359184.04531342, 160338.91078342 ], [ 359159.68566003, 160338.37691748 ], [ 359137.86084213, 160361.36775548 ], [ 359063.25027688, 160372.59200499 ], [ 359050.81041391, 160387.19543802 ], [ 358951.66500017, 160427.82557309 ], [ 358922.07545987, 160465.69367137 ], [ 358895.19340753, 160456.80357566 ], [ 358859.70736033, 160461.66860339 ], [ 358848.4270595, 160475.31316415 ], [ 358793.15850415, 160453.53425446 ], [ 358739.17976063, 160459.98145653 ], [ 358686.47222211, 160494.28689656 ], [ 358591.0611368, 160513.0206624 ], [ 358572.68092128, 160528.90348846 ], [ 358535.48385485, 160537.1562685 ], [ 358516.63503102, 160592.38659403 ], [ 358492.80116901, 160603.63496496 ], [ 358457.86984913, 160676.90387202 ], [ 358437.63715967, 160626.68423511 ], [ 358411.83332124, 160620.15293328 ], [ 358383.10748735, 160594.22732548 ], [ 358348.92049231, 160586.77173101 ], [ 358301.87465994, 160536.49723957 ], [ 358243.07128638, 160531.21866935 ], [ 358203.13279209, 160509.40136186 ], [ 358128.04614355, 160491.740233 ], [ 357961.30739413, 160509.49416192 ], [ 357978.86308918, 160439.09028211 ], [ 357961.27678251, 160391.71193145 ], [ 357978.58427608, 160363.34877219 ], [ 357963.34773336, 160342.80703913 ], [ 357948.16606538, 160340.57302117 ], [ 357976.129145, 160256.84931343 ], [ 358001.84059632, 160262.63694582 ], [ 358037.42908714, 160330.35091606 ], [ 358067.86127019, 160331.06673428 ], [ 358089.21725819, 160318.64172713 ], [ 358091.88997927, 160304.59042374 ], [ 358063.39612706, 160251.94825536 ], [ 358185.50573776, 160274.87072744 ], [ 358263.17425279, 160248.68887478 ], [ 358296.20067909, 160215.42600298 ], [ 358281.25485798, 160200.55726263 ], [ 358248.66363689, 160220.46490068 ], [ 358166.12538745, 160244.30097245 ], [ 358035.60441833, 160213.43070571 ], [ 358060.65312324, 160143.12199373 ], [ 358093.0359542, 160094.43602725 ], [ 358089.87152474, 160072.61586921 ], [ 358062.09609976, 160057.88355874 ], [ 358070.77879041, 159991.98457521 ], [ 358044.90519603, 159978.52760892 ], [ 358034.71182082, 159952.99009817 ], [ 358038.43853236, 159899.5481459 ], [ 358004.98278379, 159894.78340555 ], [ 357992.59653575, 159843.50237922 ], [ 357946.8838852, 159829.34320945 ], [ 357920.65719293, 159797.02059095 ], [ 357869.12926508, 159790.50555063 ], [ 357825.71168217, 159748.00532607 ], [ 357820.51344755, 159717.19267293 ], [ 357752.4307235, 159600.35192062 ], [ 357752.24766132, 159495.01612319 ], [ 357734.7443912, 159476.84694681 ], [ 357739.42507949, 159453.11571151 ], [ 357719.4698429, 159397.775967 ], [ 357663.5180207, 159355.48442181 ], [ 357617.74095656, 159343.21167408 ], [ 357577.33446118, 159298.34466937 ], [ 357567.63035458, 159232.55484705 ], [ 357546.91765526, 159232.00528333 ], [ 357536.30733731, 159243.35193996 ], [ 357534.14938012, 159281.74358303 ], [ 357465.90425888, 159177.18188017 ], [ 357376.08576536, 159134.53636321 ], [ 357374.69641865, 159118.98511689 ], [ 357318.10138064, 159077.43366019 ], [ 357254.38695007, 158980.50334006 ], [ 357247.24594537, 158945.38643402 ], [ 357258.61373847, 158906.8479182 ], [ 357234.48719483, 158842.73759178 ], [ 357269.61832374, 158890.7848246 ], [ 357291.18766742, 158870.49956068 ], [ 357228.83723132, 158759.87695528 ], [ 357234.10332496, 158716.17619386 ], [ 357222.04950581, 158698.80793145 ], [ 357203.56408932, 158698.27084739 ], [ 357210.59633676, 158662.99002609 ], [ 357182.66307285, 158622.38989669 ], [ 357207.83815258, 158596.708378 ], [ 357212.53119096, 158549.92817888 ], [ 357169.51939825, 158438.17994331 ], [ 357136.61116123, 158416.02516034 ], [ 357202.77707278, 158431.19678423 ], [ 357220.76610397, 158413.14489696 ], [ 357211.20979633, 158396.66534658 ], [ 357122.61409879, 158369.76846547 ], [ 357132.72673997, 158350.02809179 ], [ 357198.14329461, 158369.95339698 ], [ 357210.53006275, 158345.29457071 ], [ 357160.06804832, 158321.33752536 ], [ 357231.21279591, 158327.7193409 ], [ 357241.93548418, 158304.48231186 ], [ 357096.20123536, 158270.4679739 ], [ 357088.40223182, 158241.04252223 ], [ 357143.89634926, 158197.21763025 ], [ 357153.76253387, 158160.99862096 ], [ 357121.54866481, 158142.02179037 ], [ 357087.91276075, 158173.67989892 ], [ 357067.19259778, 158178.20014704 ], [ 357069.81356281, 158154.75537315 ], [ 357004.10864843, 158113.07960128 ], [ 356958.68243771, 158133.19038376 ], [ 356943.98100119, 158173.87855988 ], [ 356923.43713876, 158180.57163667 ], [ 356882.40175951, 158221.3514518 ], [ 356820.47922218, 158250.24925728 ], [ 356803.85264216, 158247.82850804 ], [ 356810.58020662, 158229.82370083 ], [ 356796.44101819, 158210.75049557 ], [ 356741.21117221, 158200.94539464 ], [ 356717.27060367, 158201.03094846 ], [ 356693.45172639, 158239.5896265 ], [ 356686.80325577, 158218.85010918 ], [ 356669.68264749, 158212.32435561 ], [ 356600.74016715, 158216.82424546 ], [ 356581.75388202, 158247.37221617 ], [ 356619.53542955, 158290.10718227 ], [ 356577.62637814, 158305.18206283 ], [ 356576.9574314, 158336.58196053 ], [ 356562.99485982, 158359.97596414 ], [ 356541.79408664, 158380.39722281 ], [ 356497.81377234, 158382.78930394 ], [ 356434.56046497, 158448.32984125 ], [ 356407.61501654, 158442.76534101 ], [ 356400.3970374, 158466.09719974 ], [ 356415.58589413, 158502.41253216 ], [ 356404.38970251, 158521.15346809 ], [ 356383.58288991, 158517.41574832 ], [ 356365.81968526, 158534.57295564 ], [ 356329.99343374, 158533.89815962 ], [ 356327.74207801, 158576.11242933 ], [ 356369.22976335, 158594.7917308 ], [ 356343.85403993, 158635.79443042 ], [ 356360.97757804, 158707.8975009 ], [ 356290.40863027, 158810.00868087 ], [ 356302.90207417, 158827.54577112 ], [ 356333.56974807, 158825.51491171 ], [ 356326.06642299, 158865.37850833 ], [ 356279.82846987, 158876.7889803 ], [ 356253.48129181, 158908.98123308 ], [ 356149.47453171, 158956.60634295 ], [ 356166.22513517, 158873.66470574 ], [ 356153.61688261, 158859.12091604 ], [ 356136.78008192, 158863.80132957 ], [ 356116.10303882, 158934.02375451 ], [ 356097.2398663, 158912.54686829 ], [ 356079.7264583, 158930.25393859 ], [ 356089.76303655, 158985.35891104 ], [ 356056.97741863, 159064.97553652 ], [ 356075.26621957, 159078.84577478 ], [ 356092.93445083, 159074.04766389 ], [ 356088.72240339, 159106.97695765 ], [ 356063.42007319, 159114.05335731 ], [ 356054.8252315, 159150.84938008 ], [ 356031.24136314, 159162.84669993 ], [ 355960.25323253, 159135.88398029 ], [ 355943.05068813, 159142.87365581 ], [ 355941.61710647, 159163.10601914 ], [ 355957.74169087, 159174.28697358 ], [ 355970.36027674, 159215.84694474 ], [ 356008.37220527, 159253.2325763 ], [ 355997.62708609, 159259.03349286 ], [ 355917.35965077, 159229.75668171 ], [ 355919.94029857, 159210.97855457 ], [ 355902.79408287, 159199.57095398 ], [ 355876.55398564, 159211.23431617 ], [ 355862.61856819, 159199.23860595 ], [ 355866.59235156, 159174.40190774 ], [ 355857.27842806, 159165.98990232 ], [ 355842.19802215, 159166.90441076 ], [ 355830.92837978, 159187.69514796 ], [ 355805.98053332, 159191.10320341 ], [ 355728.37843159, 159166.916334 ], [ 355707.394337, 159172.11654348 ], [ 355686.08333498, 159154.03396256 ], [ 355662.44343899, 159151.03781176 ], [ 355608.80193579, 159176.73234189 ], [ 355584.385652, 159144.2256167 ], [ 355542.51604041, 159117.78991162 ], [ 355562.22645613, 159044.74704034 ], [ 355635.78214264, 159065.50889268 ], [ 355649.28464777, 159048.98888222 ], [ 355645.89062072, 159037.57638187 ], [ 355606.27052965, 159023.29333938 ], [ 355627.73248822, 159017.17345551 ], [ 355633.41543481, 159000.67281827 ], [ 355615.79586761, 158990.04891528 ], [ 355603.66643303, 158928.78326338 ], [ 355559.46481642, 158894.97411199 ], [ 355494.96037427, 158881.23574022 ], [ 355462.14919576, 158883.01097608 ], [ 355422.9401207, 158908.76539138 ], [ 355398.65249501, 159133.14850257 ], [ 355449.11593181, 159492.6834546 ], [ 355487.107469, 159531.21431248 ], [ 355457.36293724, 159551.32173108 ], [ 355463.71112193, 159571.74848549 ], [ 355487.88431384, 159570.39794051 ], [ 355555.73347424, 159527.97824913 ], [ 355631.14108648, 159520.63902463 ], [ 355662.80883913, 159591.54303797 ], [ 355682.46984101, 159601.83297737 ], [ 355694.98382122, 159590.83378072 ], [ 355699.1295454, 159529.82345233 ], [ 355724.96354485, 159518.6388531 ], [ 355765.70306379, 159529.26565289 ], [ 355856.66623648, 159583.82215739 ], [ 355876.24223702, 159608.45385516 ], [ 355873.18042579, 159635.19053061 ], [ 355927.13942388, 159683.62559469 ], [ 355953.74927175, 159673.40096779 ], [ 355984.38837942, 159682.59443502 ], [ 356032.69570346, 159751.61334788 ], [ 356097.06722815, 159783.96705632 ], [ 356163.7023452, 159787.37265089 ], [ 356224.24683699, 159849.07987883 ], [ 356244.16452541, 159910.83979832 ], [ 356200.61218368, 160008.17968086 ], [ 356199.47686172, 160038.97334507 ], [ 356174.40220915, 160019.1824402 ], [ 356041.63649906, 160009.92124578 ], [ 356017.69008158, 159990.12998706 ], [ 356042.50540162, 159965.59875518 ], [ 356032.85760695, 159940.06538894 ], [ 356008.70444116, 159953.6537193 ], [ 355983.37775786, 159935.81147153 ], [ 355949.67145176, 159941.50954671 ], [ 355927.35555595, 159951.93898991 ], [ 355899.51569837, 159998.69331475 ], [ 355899.83498613, 160020.02251707 ], [ 355925.0164054, 160024.79260747 ], [ 355926.35982344, 160034.39141419 ], [ 355887.34058501, 160076.69721949 ], [ 355738.81063614, 160146.74542067 ], [ 355700.44858601, 160135.45699135 ], [ 355676.39614468, 160160.99638941 ], [ 355643.53436591, 160166.59653929 ], [ 355628.7385902, 160194.46742704 ], [ 355653.10172771, 160213.15793884 ], [ 355683.85730809, 160343.0865178 ], [ 355723.6172692, 160410.330621 ], [ 355771.8048252, 160450.73598858 ], [ 355802.1465293, 160453.10581658 ], [ 355858.29724416, 160425.64512504 ], [ 355863.9530255, 160365.86926861 ], [ 355842.07434752, 160339.92812036 ], [ 355851.01983701, 160317.07822139 ], [ 356070.66351028, 160332.30435485 ], [ 356104.99357627, 160346.24929096 ], [ 356143.75935573, 160382.26880608 ], [ 356167.12520981, 160429.89856641 ], [ 356261.8120143, 160508.58116094 ], [ 356293.8635062, 160516.68514077 ], [ 356430.24365801, 160603.34965199 ], [ 356488.35635404, 160610.07617048 ], [ 356579.1655873, 160656.20803971 ], [ 356597.10975617, 160651.2663018 ], [ 356613.91574081, 160663.01442946 ], [ 356626.887197, 160674.96984735 ], [ 356623.15116601, 160691.1752069 ], [ 356652.92315476, 160717.7674685 ], [ 356664.94456484, 160716.39231951 ], [ 356663.19728308, 160728.45907489 ], [ 356710.33644602, 160794.68674336 ], [ 356752.83775937, 160839.29691139 ], [ 356771.70474353, 160961.19094758 ], [ 356799.90398799, 161015.10977555 ], [ 356836.33830945, 161164.60949782 ], [ 356836.37633332, 161259.14576329 ], [ 356805.69387259, 161357.69714567 ], [ 356816.07298706, 161366.47259211 ], [ 356830.38951633, 161359.08060973 ], [ 356851.63918757, 161387.41822759 ], [ 356864.93071912, 161522.41956554 ], [ 356884.57300201, 161531.43549775 ], [ 356891.22226836, 161574.47023305 ], [ 356929.87003353, 161627.47507192 ], [ 357045.00571044, 161700.62544653 ], [ 357143.2681503, 161728.28519743 ], [ 357161.78251633, 161765.75138437 ], [ 357159.07573039, 161795.58375158 ], [ 357195.75927171, 161823.32687146 ], [ 357184.89105898, 161860.90864266 ], [ 357151.57366591, 161873.31779192 ], [ 357137.74254428, 161911.60801454 ], [ 357143.56586135, 162041.30867293 ], [ 357113.69983686, 162069.99155189 ], [ 357017.66463418, 162063.30644118 ], [ 356995.61366286, 162036.94486391 ], [ 356997.03166845, 162011.49398624 ], [ 356974.15108716, 161999.06890821 ], [ 356942.20114017, 162002.97205041 ], [ 356924.46574453, 161970.18578936 ], [ 356896.37290894, 161951.97095431 ], [ 356807.47888704, 161966.03803073 ], [ 356800.40993208, 161978.22876958 ], [ 356818.23284559, 161998.58277969 ], [ 356892.93890521, 161989.21267851 ], [ 356916.90490522, 162042.84560006 ], [ 356961.57301092, 162032.84001438 ], [ 356966.63765186, 162058.04826101 ], [ 357003.07121401, 162095.72558937 ], [ 357068.78467012, 162110.32359233 ], [ 357069.62751206, 162141.47131627 ], [ 357110.71366935, 162164.41308718 ], [ 357117.54283166, 162198.20882425 ], [ 357092.03588625, 162212.41007724 ], [ 357093.93481127, 162248.92551787 ], [ 357113.22908657, 162270.71483552 ], [ 357140.46600775, 162272.84867577 ], [ 357115.3143523, 162283.29048704 ], [ 357101.44403121, 162303.59976059 ], [ 357094.76034101, 162327.66787165 ], [ 357104.13249873, 162353.03413028 ], [ 357132.77798273, 162371.54075859 ], [ 357163.10623187, 162363.25760397 ], [ 357187.62576645, 162410.64050802 ], [ 357189.672188, 162446.89200217 ], [ 357213.46412123, 162477.95493466 ], [ 357242.21103347, 162483.87845166 ], [ 357292.74664027, 162463.95687187 ], [ 357365.57965727, 162518.16431862 ], [ 357346.51382281, 162578.29130308 ], [ 357351.80588974, 162706.88077655 ], [ 357289.50253413, 162845.33610856 ], [ 357257.37848759, 162959.07668182 ], [ 357253.94604937, 162981.09963802 ], [ 357269.44571132, 163011.5460681 ], [ 357346.99235573, 163040.98872583 ], [ 357385.81592848, 163068.00666747 ], [ 357439.14837958, 163075.32282645 ], [ 357496.03922715, 163034.91389448 ], [ 357620.4655033, 163008.69518623 ], [ 357644.72370093, 162982.19333202 ], [ 357631.50436007, 162962.03971596 ], [ 357657.6400227, 162934.15944701 ], [ 357803.05683211, 162930.06159323 ], [ 357842.17682079, 162905.74409633 ], [ 357946.72585584, 162965.76168389 ], [ 357983.10518224, 162974.38482455 ], [ 358032.40128895, 162965.23326856 ], [ 358039.47224031, 162994.2035174 ], [ 358024.14414185, 163037.35612421 ], [ 358031.4616924, 163095.58250193 ], [ 358011.42379465, 163127.48757594 ], [ 357950.84202189, 163162.64931935 ], [ 357922.61575834, 163241.81238015 ], [ 357876.87058229, 163260.01761798 ], [ 357838.23208116, 163308.71324974 ], [ 357750.23846009, 163306.37201468 ], [ 357709.19191468, 163342.30608428 ], [ 357656.70560201, 163311.78771597 ], [ 357633.11393516, 163328.05675418 ], [ 357623.21938189, 163351.11228806 ], [ 357589.16110437, 163361.11432392 ], [ 357577.67203459, 163301.12617862 ], [ 357501.1645903, 163300.93016229 ], [ 357481.04684388, 163293.13638077 ], [ 357491.56548019, 163280.21285561 ], [ 357482.2235835, 163266.10177251 ], [ 357453.23694531, 163261.13099734 ], [ 357351.90021722, 163289.10219652 ], [ 357318.65650842, 163268.4197017 ], [ 357281.02985824, 163266.80805572 ], [ 357227.38312286, 163305.74290828 ], [ 357189.27760622, 163315.51457454 ], [ 357173.20941222, 163347.16008589 ], [ 357142.49989774, 163318.30573602 ], [ 357095.46868926, 163315.77990683 ], [ 357064.23947095, 163276.6654602 ], [ 357037.49747106, 163272.8404155 ], [ 356943.48347017, 163294.73044131 ], [ 356851.57602407, 163221.40776894 ], [ 356800.38726997, 163226.56351454 ], [ 356803.13100679, 163263.16862793 ], [ 356838.25725151, 163264.07724461 ], [ 356934.36596434, 163330.38670232 ], [ 357049.70476027, 163308.2324735 ], [ 357074.88792131, 163343.23971852 ], [ 357128.28454052, 163355.46143362 ], [ 357171.55550616, 163383.91372304 ], [ 357198.4185506, 163369.67047683 ], [ 357214.56364782, 163342.48369468 ], [ 357239.2342265, 163338.70438018 ], [ 357294.07838491, 163301.25105835 ], [ 357340.46171617, 163336.34594075 ], [ 357386.45949114, 163344.72000119 ], [ 357466.93020686, 163324.8836287 ], [ 357527.46026875, 163335.73596896 ], [ 357555.34706196, 163327.79233518 ], [ 357553.06320274, 163360.81052386 ], [ 357581.31538921, 163394.18610047 ], [ 357621.37484364, 163392.86294487 ], [ 357656.79566517, 163354.30488456 ], [ 357701.20597195, 163376.55030868 ], [ 357721.49826448, 163373.91218876 ], [ 357763.04972225, 163338.65903022 ], [ 357822.87336928, 163344.70731481 ], [ 357862.7672788, 163333.46437951 ], [ 357894.76838441, 163291.23363057 ], [ 357951.95021903, 163263.04304401 ], [ 357974.23634532, 163218.75172734 ], [ 357976.38697402, 163187.22085842 ], [ 358045.83680556, 163138.71035261 ], [ 358063.84528793, 163106.23623454 ], [ 358067.52655327, 163074.43700835 ], [ 358057.07988599, 163042.92990184 ], [ 358070.35252654, 163027.05804778 ], [ 358073.25941419, 162990.96192863 ], [ 358042.7948811, 162908.35260104 ], [ 358146.04133682, 162897.50412121 ], [ 358256.75667743, 162904.48331685 ], [ 358361.02548285, 162938.51127181 ], [ 358400.2561637, 162982.11152808 ], [ 358437.67640347, 163000.19436826 ], [ 358435.26635055, 163060.00242031 ], [ 358462.54533346, 163102.18989709 ], [ 358469.17438462, 163173.92739374 ], [ 358526.25846081, 163208.7289416 ], [ 358584.91365702, 163221.49168118 ], [ 358579.50607267, 163268.97154762 ], [ 358588.5556069, 163283.17866171 ], [ 358688.80015464, 163313.77748965 ], [ 358748.42623764, 163365.8285497 ], [ 358811.79668208, 163447.31403956 ], [ 358912.76255818, 163522.11477558 ], [ 359014.90287149, 163513.42097543 ], [ 359080.97606504, 163533.45057175 ], [ 359246.27796946, 163470.46923536 ], [ 359312.14830167, 163495.48892266 ], [ 359334.4567385, 163492.11122321 ], [ 359397.86325465, 163437.91533112 ], [ 359452.06169076, 163470.64552468 ], [ 359480.09500255, 163473.20473093 ], [ 359592.13459296, 163435.30448463 ], [ 359655.36658076, 163446.9739665 ], [ 359701.96949874, 163504.1984329 ], [ 359801.07417861, 163508.31424413 ], [ 359946.02912527, 163556.32175876 ], [ 359972.05035003, 163546.88620204 ], [ 359989.29909486, 163517.62467987 ], [ 360026.67039677, 163518.26075006 ], [ 360119.04277529, 163460.66185338 ], [ 360250.6823198, 163438.15641665 ], [ 360275.41166179, 163403.28462729 ], [ 360276.8259891, 163361.39305904 ], [ 360290.89796804, 163347.7273889 ], [ 360291.59843131, 163375.53272831 ], [ 360316.45781778, 163399.3842737 ], [ 360408.79287336, 163367.50360556 ], [ 360398.52139902, 163398.90277991 ], [ 360411.93602753, 163419.76398711 ], [ 360434.0069902, 163424.34939845 ], [ 360473.02893652, 163412.32909133 ], [ 360541.97431049, 163353.95463693 ], [ 360531.62271737, 163396.32317169 ], [ 360540.1903918, 163423.68725405 ], [ 360562.2082892, 163443.28126182 ], [ 360539.09510267, 163440.77087249 ], [ 360493.27207133, 163467.34361747 ], [ 360487.98344967, 163498.80311026 ], [ 360471.09966687, 163504.3922612 ], [ 360463.64668192, 163526.31833182 ], [ 360436.63524955, 163512.20742241 ], [ 360421.10160538, 163515.83445877 ], [ 360412.58267247, 163531.85621114 ], [ 360420.96433412, 163572.55050061 ], [ 360360.42690425, 163667.91268016 ], [ 360365.53273011, 163687.46692676 ], [ 360348.45993399, 163728.69463433 ], [ 360365.61652217, 163750.03770642 ], [ 360335.11726966, 163812.09525065 ], [ 360337.21514066, 163830.35162885 ], [ 360356.99818968, 163842.74195252 ], [ 360389.61989818, 163794.12447938 ], [ 360399.21145884, 163744.59514049 ], [ 360382.24668579, 163720.87796716 ], [ 360395.06553558, 163703.32519988 ], [ 360400.18764893, 163660.45947883 ], [ 360419.92882405, 163647.38576987 ], [ 360454.84504882, 163568.30682983 ], [ 360493.57019959, 163560.44736105 ], [ 360498.38928104, 163531.17748247 ], [ 360521.32484853, 163521.62393872 ], [ 360521.48632536, 163492.41993445 ], [ 360547.79382751, 163474.12949289 ], [ 360604.92657566, 163484.34931099 ], [ 360614.66816005, 163516.26436931 ], [ 360637.35134866, 163524.91430643 ], [ 360703.15381152, 163513.11504324 ], [ 360821.70344344, 163583.70160184 ], [ 360847.5508177, 163631.20831683 ], [ 360831.48640143, 163668.73794834 ], [ 360846.89619895, 163721.34305273 ], [ 360876.35179667, 163733.5605157 ], [ 360938.65968305, 163732.45974671 ], [ 360959.68858992, 163788.25871409 ], [ 361010.48789875, 163799.17949749 ], [ 361017.17074029, 163810.12522636 ], [ 360985.56737471, 163854.54249131 ], [ 360995.32150687, 163876.4976149 ], [ 361047.07893923, 163893.04912233 ], [ 361101.10481589, 163875.24047079 ], [ 361158.73476927, 163892.02621159 ], [ 361139.06905606, 163921.84652727 ], [ 361137.28955287, 163945.29609191 ], [ 361165.77081448, 163967.23359048 ], [ 361303.95359847, 163940.52832746 ], [ 361323.54754682, 163918.01819378 ], [ 361419.88108351, 163964.44451168 ], [ 361483.50884159, 163928.22053734 ], [ 361513.93311665, 163945.95191169 ], [ 361532.68895295, 163944.86769338 ], [ 361600.5133547, 163878.22049322 ], [ 361553.27968724, 163787.10476673 ], [ 361602.96826364, 163784.43162269 ], [ 361702.955751, 163736.02604849 ], [ 361791.33149032, 163741.06141184 ], [ 361848.29674512, 163728.63419778 ], [ 361858.51689316, 163800.76175099 ], [ 361821.37109726, 163815.95221849 ], [ 361809.09035204, 163849.74352518 ], [ 361824.48935217, 163942.5331809 ], [ 361841.78675249, 163983.38326841 ], [ 361862.7560956, 164127.37643425 ], [ 361941.74335853, 164282.55569744 ], [ 361959.38334179, 164295.99150701 ], [ 361999.83011905, 164306.49245197 ], [ 362020.0808468, 164292.68589891 ], [ 362027.08357223, 164271.62757316 ], [ 362061.13773975, 164266.90820402 ], [ 362089.1704586, 164280.9094251 ], [ 362145.90347127, 164338.01957504 ], [ 362171.94750018, 164340.70992874 ], [ 362210.36704326, 164308.82430869 ], [ 362249.60872173, 164225.51565367 ], [ 362286.26858053, 164222.31167928 ], [ 362322.53629799, 164286.51777012 ], [ 362328.01702568, 164336.76439152 ], [ 362348.63153887, 164343.94642023 ], [ 362359.12247726, 164327.60871125 ], [ 362355.72953544, 164276.2033699 ], [ 362309.57799828, 164183.02950711 ], [ 362345.49752725, 164079.47569419 ], [ 362341.49542191, 164033.57689862 ], [ 362419.82555463, 164019.09263296 ], [ 362446.65140647, 164004.88105506 ], [ 362453.16097653, 163985.07531606 ], [ 362496.31034892, 163986.70193024 ], [ 362535.3684662, 163970.68743049 ], [ 362543.94464891, 163993.69354943 ], [ 362604.42071241, 164041.82474111 ], [ 362608.1409437, 164074.15865355 ], [ 362591.39818853, 164094.02615427 ], [ 362585.14299137, 164133.30198856 ], [ 362650.52515847, 164183.22242138 ], [ 362730.78433081, 164196.22276203 ], [ 362763.2673363, 164152.86484271 ], [ 362778.72711955, 164181.93087931 ], [ 362801.64007898, 164187.12433172 ], [ 362843.71587732, 164150.08421977 ], [ 362915.01391847, 164196.71248532 ], [ 362972.97695336, 164156.73183574 ], [ 363018.10880712, 164185.60256915 ], [ 363097.23617588, 164183.76277318 ], [ 363108.4567807, 164209.29242659 ], [ 363167.65412872, 164255.51983759 ], [ 363186.81054289, 164315.14257989 ], [ 363211.04568159, 164324.3438446 ], [ 363192.27745896, 164378.72877159 ], [ 363205.57144764, 164489.51237516 ], [ 363221.03063518, 164520.92221627 ], [ 363283.73567712, 164554.0014165 ], [ 363314.485104, 164530.01304919 ], [ 363323.70047492, 164533.26859102 ], [ 363366.14509522, 164571.02290017 ], [ 363407.09843293, 164578.74425637 ], [ 363446.24543451, 164625.64585503 ], [ 363570.75358149, 164660.94656794 ], [ 363653.33493954, 164648.65174665 ], [ 363671.38175149, 164639.84305511 ], [ 363682.1309782, 164617.71944147 ], [ 363674.98624937, 164491.88540297 ], [ 363688.47300987, 164427.20226644 ], [ 363684.52010337, 164402.08467206 ], [ 363657.15276827, 164370.00738328 ], [ 363663.55251862, 164324.91925746 ], [ 363685.74665515, 164283.72327215 ], [ 363671.47044016, 164227.43642671 ], [ 363676.68323, 164185.44272635 ], [ 363641.88158058, 164084.89498006 ], [ 363699.66392352, 164086.30753649 ], [ 363758.88799035, 164071.43156852 ], [ 363795.54913202, 164087.08092483 ], [ 363891.19328534, 164193.42473932 ], [ 363922.76208178, 164214.47246309 ], [ 363922.21828136, 164257.47396041 ], [ 363965.68050348, 164296.63399616 ], [ 363966.53133262, 164331.98836451 ], [ 363943.888866, 164381.2658404 ], [ 363957.40360214, 164398.67812229 ], [ 363998.26659466, 164395.37934232 ], [ 364027.11704267, 164432.07951545 ], [ 363980.86723334, 164454.38192931 ], [ 363975.50522685, 164493.86452406 ], [ 364057.38826637, 164532.06706516 ], [ 364088.42237525, 164531.15634185 ], [ 364113.38326045, 164499.92630609 ], [ 364141.85762071, 164578.08552437 ], [ 364185.56520119, 164597.07220213 ], [ 364182.63311559, 164649.8643859 ], [ 364199.47417755, 164669.29460953 ], [ 364271.39933413, 164665.4009792 ], [ 364300.04830959, 164706.48072239 ], [ 364339.63754323, 164733.35481609 ], [ 364371.95125661, 164722.52496248 ], [ 364388.88184404, 164767.25918893 ], [ 364433.72468942, 164775.96324373 ], [ 364449.29237148, 164807.25954448 ], [ 364468.24075676, 164816.80622863 ], [ 364524.39106919, 164788.99640692 ], [ 364561.71220715, 164793.7341889 ], [ 364582.07232563, 164783.62502174 ], [ 364618.6215715, 164726.46982192 ], [ 364683.805881, 164702.20781849 ], [ 364719.39620655, 164704.73168951 ], [ 364858.22112471, 164750.87770144 ], [ 364868.66867886, 164781.49534379 ], [ 364838.33511718, 164796.02255586 ], [ 364833.46742226, 164818.7689837 ], [ 364870.24106953, 164857.62971101 ], [ 364815.15824613, 164874.03811768 ], [ 364809.44780155, 164902.30031467 ], [ 364838.86483336, 164929.29520001 ], [ 364870.81499337, 164928.65690897 ], [ 364890.7535347, 164973.71289272 ], [ 364931.81849949, 164976.39595848 ], [ 364926.05663046, 165001.20154528 ], [ 364891.74816375, 165026.22366944 ], [ 364893.96760586, 165068.26942103 ], [ 364980.07406382, 165123.83152465 ], [ 364962.98504366, 165147.96682269 ], [ 364964.98084908, 165174.90033359 ], [ 365003.92375692, 165237.29152285 ], [ 365063.98471518, 165282.02114674 ], [ 365071.81743087, 165322.40080578 ], [ 365109.65073221, 165336.77663207 ], [ 365168.08453545, 165333.36807672 ], [ 365164.38454867, 165373.81298678 ], [ 365178.72465556, 165393.63628146 ], [ 365265.25443947, 165430.11720609 ], [ 365302.62779807, 165496.22434842 ], [ 365288.53218765, 165548.87916807 ], [ 365302.42979684, 165576.7525041 ], [ 365347.03634752, 165598.5406505 ], [ 365383.68877999, 165593.39502881 ], [ 365406.79623607, 165609.48143791 ], [ 365411.91318889, 165729.89004544 ], [ 365437.94939032, 165760.5651529 ], [ 365410.91309131, 165789.84195296 ], [ 365399.3290377, 165842.27657501 ], [ 365422.97717836, 165873.35928311 ], [ 365475.15624423, 165871.78558199 ], [ 365505.51031578, 165929.34287315 ], [ 365429.2162665, 165976.57450045 ], [ 365384.05243314, 166061.05037457 ], [ 365406.18834494, 166097.99125109 ], [ 365449.49980022, 166122.14165951 ], [ 365452.52724984, 166136.41138502 ], [ 365426.08028242, 166193.84248872 ], [ 365457.86744552, 166248.31566979 ], [ 365426.28128301, 166313.68235821 ], [ 365437.26450648, 166339.40896023 ], [ 365464.19248199, 166359.02671414 ], [ 365447.87892976, 166402.70411018 ], [ 365445.73807153, 166456.22575117 ], [ 365455.77952642, 166470.08205569 ], [ 365492.83265318, 166480.1844922 ], [ 365442.76072682, 166502.61274369 ], [ 365440.41109565, 166542.30458958 ], [ 365527.32348979, 166661.92011825 ], [ 365496.11358049, 166690.8453937 ], [ 365489.87671625, 166726.82961042 ], [ 365463.76123737, 166752.29847893 ], [ 365471.83085415, 166778.36980737 ], [ 365519.13105257, 166821.38604624 ], [ 365493.72121962, 166852.22212103 ], [ 365506.56737624, 166965.98836288 ], [ 365580.57143509, 167067.94076221 ], [ 365557.72144082, 167135.04178204 ], [ 365575.8891344, 167172.40803598 ], [ 365565.40979052, 167232.21634948 ], [ 365586.50051358, 167260.08829273 ], [ 365559.19536971, 167333.74898082 ], [ 365579.99604504, 167355.19950139 ], [ 365623.16803237, 167358.09013992 ], [ 365633.82011317, 167369.34989787 ], [ 365626.41315716, 167421.03262818 ], [ 365632.20337798, 167442.5275326 ], [ 365654.56430102, 167456.89901235 ], [ 365666.92662801, 167518.85724688 ], [ 365653.43648688, 167659.12495505 ], [ 365658.38792931, 167725.7453823 ], [ 365624.22676587, 167773.13267482 ], [ 365608.2038105, 167853.43151338 ], [ 365617.80858567, 167891.27061081 ], [ 365647.49489538, 167901.39617794 ], [ 365657.70891716, 167926.06199958 ], [ 365671.92037586, 167998.74438893 ], [ 365675.56976279, 168109.27415023 ], [ 365647.45481029, 168184.3600957 ], [ 365628.78301346, 168213.88179139 ], [ 365606.1907934, 168224.28109149 ], [ 365575.06790092, 168322.96145413 ], [ 365606.35908149, 168399.93389085 ], [ 365610.7494656, 168453.90064213 ], [ 365639.2384768, 168545.94876394 ], [ 365686.62244248, 168565.60356147 ], [ 365684.05296851, 168579.58206601 ], [ 365679.54265403, 168565.92662731 ], [ 365659.25934476, 168563.28794606 ], [ 365646.64203076, 168579.46500332 ], [ 365695.87656279, 168666.66430638 ], [ 365696.7570079, 168712.96387962 ], [ 365719.97076814, 168760.47932074 ], [ 365691.00659885, 168788.24773522 ], [ 365689.86895278, 168813.33989814 ], [ 365758.6222598, 168905.9843881 ], [ 365841.97513407, 168979.18766012 ], [ 365819.21209891, 169053.79969036 ], [ 365807.19244027, 169161.21012689 ], [ 365813.41014228, 169277.3115893 ], [ 365971.92415973, 169559.3287244 ], [ 366095.61470417, 169708.44413766 ], [ 366108.55822896, 169780.93638897 ], [ 366097.83586469, 169854.75135468 ], [ 365980.84810561, 169971.9616495 ], [ 365907.67680769, 170082.65746603 ], [ 365847.4784802, 170112.89655715 ], [ 365769.04780292, 170134.795416 ], [ 365741.98799448, 170131.99168663 ], [ 365644.32913802, 170064.51187594 ], [ 365583.96341674, 170044.13006987 ], [ 365542.66336668, 170043.62471093 ], [ 365491.85025432, 170067.95294 ], [ 365444.09017685, 170050.91302708 ], [ 365342.77975317, 169978.16588591 ], [ 365186.56192152, 169894.93050643 ], [ 365144.9865914, 169852.21458721 ], [ 365111.89898843, 169794.98539055 ], [ 365058.37379751, 169752.3303928 ], [ 364958.29328664, 169726.2883775 ], [ 364899.13466149, 169686.9148644 ], [ 364839.66068455, 169623.19510257 ], [ 364780.42954287, 169602.06137193 ], [ 364757.26246006, 169604.40317469 ], [ 364726.4536384, 169623.38044401 ], [ 364714.7541325, 169647.7316209 ], [ 364718.98809077, 169734.3128323 ], [ 364741.92930997, 169826.03467495 ], [ 364731.93758902, 169940.04295378 ], [ 364602.48456582, 170069.60560315 ], [ 364286.95753371, 170202.55939164 ], [ 364218.33940559, 170258.1009604 ], [ 364157.60769533, 170283.28521612 ], [ 364042.19320955, 170323.77945946 ], [ 363949.37327813, 170334.5262672 ], [ 363854.1242316, 170367.66302233 ], [ 363759.39358799, 170423.37258596 ], [ 363687.67593893, 170486.46230088 ], [ 363544.87117471, 170677.02738214 ], [ 363451.8108204, 170845.42569837 ], [ 363410.00230821, 170956.83653749 ], [ 363426.10230481, 171365.31000898 ], [ 363421.58028857, 171488.56852043 ], [ 363459.56929395, 171670.32130585 ], [ 363452.52386606, 171735.27349512 ], [ 363385.93813913, 171834.45519593 ], [ 363312.93065088, 171891.25281492 ], [ 363232.40085318, 171928.31790728 ], [ 363196.03128973, 171933.52125729 ], [ 362892.19608184, 171850.79891895 ], [ 362730.63785222, 171841.69727861 ], [ 362644.73775484, 171883.64521763 ], [ 362569.04420797, 171974.76974198 ], [ 362566.00571639, 172035.29842744 ], [ 362616.68397996, 172122.94733398 ], [ 362710.20475038, 172190.11101893 ], [ 362888.1654222, 172226.65110078 ], [ 362919.5826165, 172250.09153996 ], [ 362946.45560288, 172331.25998504 ], [ 362942.83686818, 172372.45793987 ], [ 362909.76097364, 172440.5872181 ], [ 362886.47660919, 172458.69413275 ], [ 362810.78110135, 172568.18655666 ], [ 362715.06300409, 172811.70729818 ], [ 362678.45073259, 172864.63646275 ], [ 362662.47936588, 172954.28637576 ], [ 362576.64995038, 173021.14597355 ], [ 362537.30456563, 173034.52211071 ], [ 362331.17042836, 173073.25204562 ], [ 362249.96003137, 173063.96697099 ], [ 362120.18048685, 172964.29237545 ], [ 362054.02238149, 172930.66479804 ], [ 361983.6313278, 172913.46700431 ], [ 361712.12749279, 172636.24228204 ], [ 361588.70804848, 172540.49791288 ], [ 361496.02736547, 172507.30072177 ], [ 361382.01099412, 172444.74439084 ], [ 361300.00041017, 172371.36697253 ], [ 361286.65595327, 172329.42175383 ], [ 361291.09625219, 172287.27104926 ], [ 361330.65493348, 172209.29340834 ], [ 361352.89329163, 172116.48486624 ], [ 361334.68726042, 172072.88612586 ], [ 361294.60167707, 172036.46854748 ], [ 361088.18853894, 171891.28282958 ], [ 360999.86147248, 171870.89814262 ], [ 360917.09495563, 171878.52738627 ], [ 360751.87692164, 171841.88159079 ], [ 360563.87101972, 171744.62645956 ], [ 360441.13273863, 171695.19633197 ], [ 360224.41501314, 171713.18868495 ], [ 360016.00564491, 171781.14936155 ], [ 359949.11422842, 171847.13009139 ], [ 359936.537665, 171881.11380397 ], [ 359932.69778675, 172018.2843608 ], [ 359957.67446598, 172158.08496808 ], [ 359948.34837167, 172202.87041178 ], [ 359891.53868748, 172242.3371022 ], [ 359831.60544455, 172264.03255818 ], [ 359737.8432831, 172250.49903406 ], [ 359440.63687532, 171993.01822423 ], [ 359272.58558816, 171936.40220005 ], [ 359154.07628108, 171939.11291813 ], [ 358877.77574693, 172029.55907001 ], [ 358745.24002698, 172025.70472685 ], [ 358536.81601865, 171998.11440423 ], [ 358141.91665871, 172087.84419802 ], [ 358010.29384596, 172103.31965905 ], [ 357384.43124586, 172034.75028518 ], [ 357181.15949543, 171990.89351121 ], [ 356939.41865205, 172001.48107293 ], [ 356878.94083069, 172024.94175556 ], [ 356815.71057192, 172061.59326489 ], [ 356641.64275867, 172211.23366123 ], [ 356614.54474684, 172295.18163836 ], [ 356595.07261634, 172487.09443391 ], [ 356458.92940542, 172809.05949122 ], [ 356425.17252643, 173023.64500957 ], [ 356371.07352415, 173141.03674494 ], [ 356296.26493228, 173214.36529966 ], [ 356248.10740392, 173314.28668707 ], [ 356214.34674502, 173452.64313919 ], [ 356196.83133211, 173454.51662911 ], [ 356187.11355453, 173468.40340822 ], [ 356193.37233594, 173486.943762 ], [ 356210.9939914, 173491.15111764 ], [ 356215.95803386, 173538.17816711 ], [ 356210.3609003, 173742.82695029 ], [ 356198.76768038, 173805.4130417 ], [ 356140.13693056, 173948.34679509 ], [ 356073.08709004, 174286.55929479 ], [ 356045.76019928, 174364.70248994 ], [ 355964.21535562, 174470.42093961 ], [ 355913.32714551, 174505.0046959 ], [ 355830.87318354, 174545.07124961 ], [ 355552.88240687, 174638.90075674 ], [ 355379.56054051, 174712.72857523 ], [ 355238.05304546, 174788.84460532 ], [ 355174.60454049, 174841.92700595 ], [ 355113.72120447, 174933.09532354 ], [ 355062.13059794, 174971.56499326 ], [ 355042.01774381, 174973.26719157 ], [ 355031.0922682, 174989.5336738 ], [ 355032.29517559, 175020.46300128 ], [ 354917.43511347, 175152.01583373 ], [ 354904.44503435, 175164.26471847 ], [ 354890.67191318, 175149.45922629 ], [ 354866.1492362, 175154.50865383 ], [ 354842.61194966, 175198.91402051 ], [ 354837.34571817, 175260.01593318 ], [ 354827.2159193, 175630.57726062 ], [ 354779.45457018, 175802.16274576 ], [ 354724.57716725, 175896.24005336 ], [ 354457.76371503, 176211.2359953 ], [ 354227.42996624, 176545.93479622 ], [ 354187.49913403, 176589.2424341 ], [ 354130.93942522, 176627.27071393 ], [ 354076.54093073, 176641.11684463 ], [ 354017.24739899, 176635.36627913 ], [ 353957.81915994, 176599.12892081 ], [ 353923.59144242, 176530.68649412 ], [ 353866.1674454, 176310.09151046 ], [ 353835.33282725, 176262.54021763 ], [ 353768.08581637, 176213.19364381 ], [ 353783.01385613, 176172.52219967 ], [ 353778.85832022, 176114.69961509 ], [ 353741.31567876, 176063.95340524 ], [ 353682.85694479, 176018.78075586 ], [ 353649.39095164, 175880.03632593 ], [ 353666.88975431, 175866.83050361 ], [ 353664.58122798, 175849.00935529 ], [ 353568.72968968, 175739.80940163 ], [ 353516.97215258, 175711.8509337 ], [ 353488.69496114, 175655.69615868 ], [ 353510.08101012, 175600.53559987 ], [ 353564.74974702, 175557.71891603 ], [ 353564.767018, 175538.88864102 ], [ 353469.15107278, 175508.96686747 ], [ 353423.56104956, 175592.52740347 ], [ 353408.80675955, 175677.2859147 ], [ 353452.22788223, 175748.05657409 ], [ 353548.80355361, 175820.54998302 ], [ 353595.35810904, 175884.82562975 ], [ 353612.0421822, 175886.92968134 ], [ 353640.1625447, 176030.5964067 ], [ 353709.29928451, 176123.36791935 ], [ 353697.11600344, 176141.50779819 ], [ 353531.95438274, 176001.12512364 ], [ 353309.87930889, 175877.37004163 ], [ 353193.52242203, 175844.18982787 ], [ 353054.95759736, 175851.05088659 ], [ 352898.98890712, 175898.57065247 ], [ 352705.07518387, 176002.75027204 ], [ 352613.4344317, 176090.49599296 ], [ 352573.69683493, 175963.3857766 ], [ 352539.24078321, 175959.20393685 ], [ 352523.46567337, 176003.73878511 ], [ 352546.01220661, 176135.07629387 ], [ 352535.39279462, 176151.75714677 ], [ 352411.30631237, 176257.87888052 ], [ 352390.19743834, 176263.15148338 ], [ 352376.42950597, 176289.56134226 ], [ 352354.45136058, 176298.07736184 ], [ 352287.8677266, 176380.01195424 ], [ 352260.2624217, 176393.26525376 ], [ 352255.65341319, 176417.2916268 ], [ 352216.37398595, 176464.31161234 ], [ 352185.47506254, 176457.08573639 ], [ 352177.5847944, 176472.13190993 ], [ 352189.34888461, 176496.6345494 ], [ 352173.29238304, 176516.37648867 ], [ 352152.85138549, 176521.02245904 ], [ 352149.77797979, 176543.4388394 ], [ 352101.51202809, 176605.45390346 ], [ 352048.1501859, 176573.6828646 ], [ 352030.09226105, 176576.08148518 ], [ 352027.40094603, 176595.55511684 ], [ 352068.85494368, 176649.25227046 ], [ 352032.59469542, 176703.66788138 ], [ 351901.78027527, 176854.20801432 ], [ 351871.39489928, 176848.87011401 ], [ 351870.1719773, 176890.55998246 ], [ 351781.40585785, 176925.30456459 ], [ 351766.67750306, 176984.92512928 ], [ 351715.72235582, 177046.2340787 ], [ 351692.47960233, 177057.06396569 ], [ 351588.77391493, 177190.38573224 ], [ 351554.40224845, 177195.86089473 ], [ 351536.79104586, 177211.35990519 ], [ 351526.10748986, 177242.41730801 ], [ 351475.29355924, 177311.87395566 ], [ 351449.92642215, 177300.06065389 ], [ 351412.34515394, 177301.09369642 ], [ 351395.74388813, 177331.51374337 ], [ 351410.63465574, 177374.23109307 ], [ 351315.60354191, 177447.56957891 ], [ 351250.02598622, 177481.00345518 ], [ 351230.82800315, 177469.5353597 ], [ 351217.42437779, 177479.42892152 ], [ 351218.53398676, 177493.75496765 ], [ 351205.68141922, 177497.60542399 ], [ 351144.13469056, 177481.20961652 ], [ 351085.9769612, 177545.57436811 ], [ 350923.97027444, 177602.81895066 ], [ 350813.48204034, 177658.46213132 ], [ 350708.32201625, 177740.5063578 ], [ 350682.24521551, 177743.11745039 ], [ 350686.87925478, 177764.4941402 ] ], [ [ 357152.04942224, 162272.11197431 ], [ 357166.15903801, 162268.05829278 ], [ 357165.90702365, 162273.67202925 ], [ 357152.04942224, 162272.11197431 ] ], [ [ 359459.63364098, 163424.67892379 ], [ 359413.44806616, 163402.62151485 ], [ 359498.50256036, 163422.47921802 ], [ 359513.59848143, 163411.85217498 ], [ 359515.03553951, 163422.85680854 ], [ 359476.07109814, 163436.23482928 ], [ 359459.63364098, 163424.67892379 ] ], [ [ 359339.09809227, 163439.65169736 ], [ 359318.75571997, 163455.38043217 ], [ 359278.34469242, 163429.94946063 ], [ 359336.56300722, 163397.40217111 ], [ 359401.07828569, 163402.27216382 ], [ 359377.91457724, 163406.58644771 ], [ 359339.09809227, 163439.65169736 ] ], [ [ 379226.32819806, 164237.53838416 ], [ 379223.23893551, 164236.27349523 ], [ 379221.19742273, 164220.84441937 ], [ 379225.44210011, 164228.53269328 ], [ 379226.32819806, 164237.53838416 ] ], [ [ 379127.44871345, 164449.92929689 ], [ 379124.09342128, 164404.36632904 ], [ 379154.93821558, 164352.14398696 ], [ 379167.4885931, 164279.41635286 ], [ 379190.07083076, 164267.47669777 ], [ 379219.73907864, 164296.12445638 ], [ 379210.56594386, 164439.58525316 ], [ 379184.98742746, 164476.34561665 ], [ 379103.02664298, 164527.04034705 ], [ 379127.44871345, 164449.92929689 ] ], [ [ 372660.66508765, 164819.04702753 ], [ 372886.78480175, 164803.9529772 ], [ 372442.50137581, 164895.37100486 ], [ 372517.19476742, 164854.08513574 ], [ 372660.66508765, 164819.04702753 ] ], [ [ 368744.85924926, 166988.68008321 ], [ 368735.73333042, 167021.08304929 ], [ 368716.06211175, 167022.78831181 ], [ 368715.7716901, 167009.66623871 ], [ 368751.89865768, 166980.14571526 ], [ 368744.85924926, 166988.68008321 ] ], [ [ 365956.08558867, 168927.17664942 ], [ 365987.44516021, 168913.62343971 ], [ 365958.87043989, 168939.89940212 ], [ 365877.72078138, 169059.24100687 ], [ 365904.93078152, 168990.94079937 ], [ 365956.08558867, 168927.17664942 ] ], [ [ 366002.86078824, 168903.80589185 ], [ 366021.17396909, 168891.152536 ], [ 366025.35117952, 168896.20881839 ], [ 366002.86078824, 168903.80589185 ] ], [ [ 365602.98145628, 167022.41574427 ], [ 365593.29332209, 166995.67150136 ], [ 365578.85353582, 166979.29433221 ], [ 365605.06189045, 166979.31955759 ], [ 365614.81651183, 166991.05954388 ], [ 365616.11199083, 167016.3611445 ], [ 365602.98145628, 167022.41574427 ] ], [ [ 364689.54395187, 170047.40181246 ], [ 364708.80854151, 170032.15130091 ], [ 364700.74968172, 170043.06170991 ], [ 364689.54395187, 170047.40181246 ] ], [ [ 361785.03907897, 163708.81627171 ], [ 361784.87232683, 163701.71323237 ], [ 361800.73997534, 163701.87105729 ], [ 361785.74976816, 163709.33344853 ], [ 361785.03907897, 163708.81627171 ] ], [ [ 358287.8952325, 172176.5718059 ], [ 358031.42104484, 172277.59721017 ], [ 357870.22543465, 172405.93846416 ], [ 357830.75879407, 172426.97611527 ], [ 357784.89914743, 172434.20375005 ], [ 357769.29345605, 172420.2902659 ], [ 357736.73076862, 172427.22983567 ], [ 357802.71559953, 172297.95422092 ], [ 357799.32456677, 172275.69245272 ], [ 357783.918916, 172265.30472386 ], [ 357754.19109595, 172279.52991947 ], [ 357684.06885637, 172414.96053448 ], [ 357693.13217393, 172383.86604327 ], [ 357675.97348981, 172364.49342485 ], [ 357690.7762535, 172322.33044477 ], [ 357679.91374322, 172302.97952182 ], [ 357608.98239693, 172281.49763234 ], [ 357596.77278624, 172303.73810677 ], [ 357582.46168568, 172307.54975988 ], [ 357561.87530591, 172356.23665822 ], [ 357403.64796849, 172272.82498715 ], [ 357253.2352617, 172130.65776211 ], [ 357185.19212279, 172118.57681117 ], [ 357124.36533546, 172141.44934127 ], [ 357124.07733682, 172164.53778736 ], [ 357161.19477738, 172188.44826451 ], [ 357153.36504316, 172205.20490903 ], [ 357060.35229471, 172235.44504124 ], [ 356955.63665042, 172252.59994619 ], [ 356865.35795617, 172294.37553092 ], [ 356762.55148631, 172324.82131627 ], [ 356740.34726728, 172329.3210755 ], [ 356734.19024843, 172317.52628698 ], [ 356743.37501061, 172273.85001007 ], [ 356804.99875904, 172211.02007033 ], [ 356925.38757876, 172117.17237764 ], [ 356999.64204437, 172090.16881215 ], [ 357167.08040474, 172076.71139656 ], [ 357522.15340609, 172138.99745872 ], [ 357875.88234269, 172170.78768217 ], [ 358041.04883945, 172167.11498832 ], [ 358219.78300816, 172140.31538122 ], [ 358464.63339753, 172075.27213284 ], [ 358549.43745161, 172073.26675698 ], [ 358643.9464684, 172115.38687622 ], [ 358664.74602486, 172099.1760412 ], [ 358659.90451729, 172078.04331892 ], [ 358671.22061901, 172076.37120352 ], [ 358794.4680517, 172089.79831938 ], [ 358890.11150677, 172085.56581527 ], [ 359149.24970078, 172003.27376526 ], [ 359226.46360802, 171992.50891518 ], [ 359326.34058998, 172008.27557419 ], [ 359384.07182614, 172032.48508478 ], [ 359720.10229945, 172305.3652717 ], [ 359774.57199165, 172322.46605618 ], [ 359910.82398996, 172325.43081106 ], [ 359931.7084387, 172309.28690953 ], [ 359927.26021399, 172292.9162547 ], [ 359989.16774981, 172252.5341887 ], [ 360011.6099821, 172224.18052251 ], [ 360020.79705835, 172187.38358858 ], [ 360021.15026845, 172131.95002232 ], [ 359991.67799888, 171963.79310543 ], [ 359999.90598018, 171888.52981315 ], [ 360040.71648967, 171844.94370541 ], [ 360095.61716301, 171817.90415631 ], [ 360357.95237583, 171752.59484498 ], [ 360432.269649, 171755.90385379 ], [ 360710.69326374, 171892.06977862 ], [ 360868.38368691, 171936.00448367 ], [ 361036.87943878, 171945.85428746 ], [ 361102.2875844, 171974.04930454 ], [ 361264.31865434, 172087.71480399 ], [ 361278.69948357, 172105.0363535 ], [ 361285.52917466, 172149.00549818 ], [ 361222.35641842, 172293.15548089 ], [ 361222.04985018, 172345.94927094 ], [ 361235.90139108, 172395.18365812 ], [ 361342.30112367, 172496.30511092 ], [ 361500.66651103, 172577.09369878 ], [ 361509.63896571, 172599.43748249 ], [ 361664.27806783, 172678.43566057 ], [ 361573.22519865, 172690.27629961 ], [ 361362.90635674, 172692.57856767 ], [ 360842.97379933, 172588.59190931 ], [ 359995.03692705, 172317.18110435 ], [ 359964.25951288, 172352.05771552 ], [ 359981.72919435, 172391.12249844 ], [ 359966.68536306, 172397.04016185 ], [ 359927.43581637, 172479.67628861 ], [ 359800.72014025, 172589.77928653 ], [ 359747.3533849, 172611.42059966 ], [ 359602.70442576, 172721.38154217 ], [ 359309.13749672, 172898.58836844 ], [ 359231.54821037, 172990.15742607 ], [ 359167.25218755, 173001.39221546 ], [ 359102.33347201, 172954.42125578 ], [ 359008.85985189, 172841.78119071 ], [ 358998.49486215, 172739.20782276 ], [ 359006.76540621, 172492.96958583 ], [ 358987.87218978, 172412.13455252 ], [ 358933.5483891, 172343.25079934 ], [ 358816.5348654, 172294.5682029 ], [ 358811.45825512, 172225.11870249 ], [ 358786.08108171, 172218.20531536 ], [ 358772.31613367, 172230.23723747 ], [ 358775.68459257, 172303.43821969 ], [ 358629.56623879, 172312.86787636 ], [ 358399.86210939, 172188.51726768 ], [ 358353.71807672, 172173.95252067 ], [ 358287.8952325, 172176.5718059 ] ], [ [ 357385.7939769, 160838.49118581 ], [ 357384.95163214, 160839.80666967 ], [ 357383.83050942, 160839.36295814 ], [ 357385.7816497, 160838.4838341 ], [ 357385.7939769, 160838.49118581 ] ], [ [ 357426.98173085, 160748.75229705 ], [ 357385.90901207, 160700.23068915 ], [ 357410.82590973, 160675.14802821 ], [ 357443.23375493, 160546.14371721 ], [ 357438.27924982, 160515.7576129 ], [ 357536.18782771, 160385.09231506 ], [ 357600.00974487, 160383.45515103 ], [ 357642.3851281, 160405.97440296 ], [ 357667.8845729, 160461.60214003 ], [ 357668.7595122, 160489.96791549 ], [ 357644.46475158, 160534.97441827 ], [ 357618.58745944, 160534.31782853 ], [ 357582.02937645, 160582.39239199 ], [ 357584.66131976, 160603.35496566 ], [ 357613.44202788, 160601.59117562 ], [ 357604.04483341, 160622.64601397 ], [ 357526.67356412, 160677.48871555 ], [ 357424.62178871, 160782.06063726 ], [ 357426.98173085, 160748.75229705 ] ], [ [ 357584.54456923, 162975.30929888 ], [ 357543.53799103, 162988.83106893 ], [ 357503.71474468, 162993.79763707 ], [ 357556.33764926, 162961.64415997 ], [ 357584.3424498, 162966.79194361 ], [ 357584.54456923, 162975.30929888 ] ], [ [ 357381.46665539, 162661.63057856 ], [ 357381.69732129, 162662.88564261 ], [ 357381.82055512, 162675.36024159 ], [ 357381.1610267, 162673.03556517 ], [ 357381.46665539, 162661.63057856 ] ], [ [ 357332.2005696, 162839.3338518 ], [ 357346.72199792, 162815.73867282 ], [ 357318.51016909, 162927.54938743 ], [ 357333.02241205, 162995.14413204 ], [ 357294.10608649, 162977.53943446 ], [ 357332.2005696, 162839.3338518 ] ], [ [ 357081.79911829, 172272.57579528 ], [ 357190.61321438, 172239.58223915 ], [ 357198.30890262, 172248.49375616 ], [ 357197.80424056, 172270.55859319 ], [ 357081.79911829, 172272.57579528 ] ], [ [ 356725.58895484, 172423.80751975 ], [ 356766.55768758, 172403.40932004 ], [ 356721.02800225, 172442.86437573 ], [ 356725.58895484, 172423.80751975 ] ], [ [ 356809.87459099, 172361.79509175 ], [ 356814.75553022, 172362.23174463 ], [ 356805.85086694, 172369.75014325 ], [ 356803.3466158, 172363.05137156 ], [ 356809.87459099, 172361.79509175 ] ] ], [ [ [ 367717.7790722, 169733.1696537 ], [ 367745.92996063, 169722.65511462 ], [ 367739.90087305, 169702.11906658 ], [ 367709.56341039, 169706.07359368 ], [ 367717.7790722, 169733.1696537 ] ] ], [ [ [ 364318.71651952, 170625.98230902 ], [ 364337.71200059, 170608.34412603 ], [ 364324.20482605, 170584.38770931 ], [ 364296.27319846, 170599.86109438 ], [ 364306.33104202, 170624.58389701 ], [ 364318.71651952, 170625.98230902 ] ] ], [ [ [ 363753.52586185, 194624.19804187 ], [ 363759.82997898, 194607.02595811 ], [ 363751.08196487, 194592.19367188 ], [ 363725.22205285, 194595.78971564 ], [ 363720.49641298, 194622.17685944 ], [ 363736.62339271, 194631.43199295 ], [ 363753.52586185, 194624.19804187 ] ] ], [ [ [ 378797.57760762, 159102.25014973 ], [ 378790.8840597, 159072.02090051 ], [ 378762.53190361, 159070.06815986 ], [ 378754.28003051, 159087.97366049 ], [ 378768.41847849, 159110.86226158 ], [ 378797.57760762, 159102.25014973 ] ] ], [ [ [ 378639.60166595, 159600.49497773 ], [ 378691.91284744, 159531.70141558 ], [ 378755.13767944, 159492.12711276 ], [ 378767.34960939, 159471.27080038 ], [ 378757.20298828, 159434.21064642 ], [ 378773.33558704, 159415.71786173 ], [ 378815.34031571, 159437.59665742 ], [ 378841.25568362, 159429.48780713 ], [ 378953.3431313, 159255.10978835 ], [ 378992.13455369, 159213.44930723 ], [ 379039.42275431, 159184.08872793 ], [ 379066.96863103, 159207.65142306 ], [ 379113.26201595, 159209.4044038 ], [ 379196.54444616, 159171.14925931 ], [ 379269.30710245, 159163.13587914 ], [ 379322.63788988, 159135.63187605 ], [ 379387.65495712, 159126.5599039 ], [ 379502.90599362, 159048.06096605 ], [ 379512.86857093, 159092.36940319 ], [ 379553.47498964, 159112.02493174 ], [ 379644.06629041, 159096.83338776 ], [ 379683.38721503, 159074.34502287 ], [ 379699.25292566, 159045.93799994 ], [ 379747.78508867, 159028.52649377 ], [ 379861.15421694, 159018.6894142 ], [ 379923.76181537, 159027.88333296 ], [ 379943.87403436, 159010.14058192 ], [ 379956.51377114, 158964.46648721 ], [ 379978.35920539, 158937.62783673 ], [ 380074.02431828, 158906.30106301 ], [ 380096.99889172, 158861.57695733 ], [ 380082.00407831, 158823.22327657 ], [ 380043.33181214, 158787.40854283 ], [ 379999.42566574, 158669.69873605 ], [ 380010.18579569, 158563.38840842 ], [ 379991.54941079, 158525.07634086 ], [ 379966.17445223, 158499.49935452 ], [ 379945.94207137, 158511.56486188 ], [ 379972.41294581, 158582.46071555 ], [ 379923.95873715, 158854.95538143 ], [ 379932.01946861, 158921.23066248 ], [ 379905.54619789, 158983.07944142 ], [ 379866.31663364, 158975.00965002 ], [ 379696.9016356, 158998.00880687 ], [ 379632.34609846, 159055.72797059 ], [ 379596.52640418, 159066.68190205 ], [ 379550.36954488, 159064.60262852 ], [ 379552.02601548, 159024.25702245 ], [ 379527.45506655, 159001.10377586 ], [ 379492.8196085, 158997.85999073 ], [ 379361.33914861, 159091.86289756 ], [ 379319.65147735, 159092.06416147 ], [ 379261.90826386, 159116.4795956 ], [ 379210.5338544, 159120.04280384 ], [ 379092.44642828, 159165.26806362 ], [ 379052.73680869, 159137.06049561 ], [ 379016.14008357, 159143.63016522 ], [ 378926.58568244, 159222.66350768 ], [ 378850.81136664, 159324.76650294 ], [ 378822.10217739, 159381.11824607 ], [ 378812.26424807, 159387.28190257 ], [ 378770.1671589, 159367.49549956 ], [ 378746.05884724, 159378.43358652 ], [ 378708.80237201, 159431.20755852 ], [ 378710.94078249, 159472.70054581 ], [ 378701.83016606, 159478.07105594 ], [ 378656.60601145, 159454.96841702 ], [ 378603.55605303, 159478.73862795 ], [ 378545.29931861, 159574.35490214 ], [ 378547.26902516, 159630.10627326 ], [ 378647.05762821, 159742.58305115 ], [ 378673.7037162, 159803.78390502 ], [ 378692.87326982, 159891.9689319 ], [ 378723.05148728, 159920.14472777 ], [ 378859.27887849, 159946.11498291 ], [ 379000.03658785, 159945.42246601 ], [ 379086.80896236, 159978.75634454 ], [ 379128.461877, 159977.67370865 ], [ 379188.13068558, 160014.16679421 ], [ 379209.18208481, 160043.60289599 ], [ 379237.35510403, 160051.69214346 ], [ 379299.66792507, 160039.1114933 ], [ 379331.45648852, 159992.22278667 ], [ 379356.41223324, 159986.72783414 ], [ 379439.55726609, 160105.08777855 ], [ 379504.98368441, 160125.0994801 ], [ 379518.74476541, 160170.79352709 ], [ 379472.14338736, 160298.50199149 ], [ 379455.3965018, 160391.26945399 ], [ 379435.62696577, 160417.38002513 ], [ 379327.47493157, 160474.57286041 ], [ 379321.83131901, 160494.09844873 ], [ 379347.83881598, 160513.25337283 ], [ 379459.55532876, 160451.46152188 ], [ 379493.20181952, 160413.53608525 ], [ 379561.23595215, 160157.60634377 ], [ 379544.04934713, 160098.20160369 ], [ 379464.48487858, 160056.03489921 ], [ 379431.39519508, 160005.16581846 ], [ 379508.56428618, 159925.93346578 ], [ 379599.78175783, 159891.6591231 ], [ 379601.42578356, 159858.67476654 ], [ 379557.28700901, 159859.3118668 ], [ 379504.90523308, 159879.05790066 ], [ 379398.23176965, 159969.86909178 ], [ 379373.23972277, 159947.90975146 ], [ 379330.12413071, 159943.92511392 ], [ 379285.61565105, 159973.79224319 ], [ 379273.40546831, 159999.74672694 ], [ 379248.84233483, 160007.6530999 ], [ 379215.73640286, 159976.27327052 ], [ 379151.89005576, 159942.51138271 ], [ 379075.84026747, 159932.7810576 ], [ 379032.68243971, 159909.0344909 ], [ 378951.08529767, 159896.57016787 ], [ 378854.16102084, 159903.84416619 ], [ 378774.02686146, 159890.67186208 ], [ 378732.39317841, 159869.91151167 ], [ 378698.57202595, 159744.06941234 ], [ 378641.5352719, 159665.48628185 ], [ 378602.11114548, 159630.45528315 ], [ 378618.40163695, 159600.76049688 ], [ 378639.60166595, 159600.49497773 ] ], [ [ 379992.33165854, 158739.87097506 ], [ 380010.17294765, 158812.2732305 ], [ 380060.99199089, 158856.81049316 ], [ 380054.82806714, 158871.67968638 ], [ 379987.70099521, 158878.83234602 ], [ 379962.99450591, 158892.36780937 ], [ 379958.81718763, 158860.11987567 ], [ 379983.35834882, 158737.80004448 ], [ 379992.33165854, 158739.87097506 ] ], [ [ 378645.70747538, 159503.25449385 ], [ 378653.68894965, 159513.20227194 ], [ 378628.22034722, 159547.90628969 ], [ 378610.41907417, 159540.67525897 ], [ 378623.56329876, 159511.95731928 ], [ 378645.70747538, 159503.25449385 ] ] ], [ [ [ 376084.9122688, 162969.76955605 ], [ 376135.33941437, 162968.37322043 ], [ 376144.45368049, 162951.79306855 ], [ 376134.93569731, 162931.24367264 ], [ 376064.34007119, 162937.09633804 ], [ 376041.20881713, 162952.53686127 ], [ 376035.43783534, 162985.09806095 ], [ 376056.34599865, 162995.45481921 ], [ 376084.9122688, 162969.76955605 ] ] ], [ [ [ 369287.3442736, 163779.18755268 ], [ 369305.19807811, 163766.71544612 ], [ 369294.94552507, 163745.19471529 ], [ 369269.97719669, 163753.9214067 ], [ 369275.5679584, 163775.78216354 ], [ 369287.3442736, 163779.18755268 ] ] ], [ [ [ 372615.57763599, 164297.48382356 ], [ 372622.98967102, 164288.46512741 ], [ 372614.01087036, 164265.34543208 ], [ 372584.71636117, 164276.50525058 ], [ 372591.61642555, 164298.86061557 ], [ 372615.57763599, 164297.48382356 ] ] ], [ [ [ 377246.9041368, 164450.56400559 ], [ 377276.64497099, 164382.29379861 ], [ 377268.27910142, 164369.17214957 ], [ 377237.91222495, 164364.36128048 ], [ 377172.88167492, 164412.02767455 ], [ 377169.88587771, 164431.75463921 ], [ 377224.89061336, 164454.9641462 ], [ 377246.9041368, 164450.56400559 ] ] ], [ [ [ 377447.58080063, 165012.03181535 ], [ 377517.65312774, 165042.75633156 ], [ 377530.03409471, 165035.45792116 ], [ 377553.79624682, 164980.59941536 ], [ 377546.00552231, 164968.06456723 ], [ 377416.73790441, 164911.60507309 ], [ 377307.46786356, 164972.66662815 ], [ 377339.9952259, 165037.98857816 ], [ 377424.57418705, 164997.95440879 ], [ 377447.58080063, 165012.03181535 ] ] ], [ [ [ 375306.90186301, 165256.99201445 ], [ 375322.64313185, 165241.15064126 ], [ 375303.98391163, 165217.16800485 ], [ 375283.11324789, 165237.21948816 ], [ 375295.07861422, 165256.76149521 ], [ 375306.90186301, 165256.99201445 ] ] ], [ [ [ 375869.74270147, 165434.86160227 ], [ 375883.10186954, 165438.63569504 ], [ 375899.36728635, 165422.90179055 ], [ 375887.77636915, 165355.16140954 ], [ 375898.38963224, 165263.38330945 ], [ 375876.63786671, 165253.47023692 ], [ 375860.06343525, 165273.16844498 ], [ 375847.62842331, 165332.50650043 ], [ 375857.31246403, 165412.98350977 ], [ 375869.74270147, 165434.86160227 ] ] ], [ [ [ 373943.54282747, 165550.88300668 ], [ 373945.12156799, 165504.25672397 ], [ 373901.28939665, 165497.99005403 ], [ 373884.30186997, 165509.29928285 ], [ 373886.93069854, 165542.32062459 ], [ 373943.54282747, 165550.88300668 ] ] ], [ [ [ 376473.05916296, 166748.32984628 ], [ 376488.96172465, 166726.95239504 ], [ 376468.89464182, 166703.63595291 ], [ 376452.57021406, 166724.31643536 ], [ 376473.05916296, 166748.32984628 ] ] ], [ [ [ 376905.8465303, 178705.12434062 ], [ 376913.1973, 178667.66810173 ], [ 376899.38381785, 178650.89290962 ], [ 376849.39591722, 178665.79422233 ], [ 376843.75991428, 178694.36009759 ], [ 376858.07122994, 178712.96661409 ], [ 376888.17339232, 178715.30979807 ], [ 376905.8465303, 178705.12434062 ] ] ], [ [ [ 380584.22457624, 183421.35042238 ], [ 380614.59512977, 183432.51097359 ], [ 380645.48879477, 183409.5763655 ], [ 380624.89544583, 183253.18523183 ], [ 380613.75408917, 183222.94806011 ], [ 380591.95345388, 183204.40940408 ], [ 380528.02270176, 183229.50035394 ], [ 380514.79373424, 183253.22892206 ], [ 380584.22457624, 183421.35042238 ] ] ] ] } }
]
}
