{
"type": "FeatureCollection",
"name": "weca_boundary_simple3",
"crs": { "type": "name", "properties": { "name": "urn:ogc:def:crs:EPSG::27700" } },
"features": [
{ "type": "Feature", "properties": { "TEXT": "West of England" }, "geometry": { "type": "MultiPolygon", "coordinates": [ [ [ [ 382605.52651599, 181060.89111428 ], [ 382586.96688345, 180992.30074806 ], [ 382585.26840086, 180916.11255671 ], [ 382520.99814958, 180897.44789941 ], [ 382511.98629779, 180852.93064234 ], [ 382492.2723567, 180839.64444548 ], [ 382481.95778526, 180817.07090708 ], [ 382448.0788292, 180795.55706536 ], [ 382406.90299406, 180780.60134639 ], [ 382412.99609422, 180761.29687223 ], [ 382405.73219539, 180678.71051233 ], [ 382406.49898607, 180636.54258278 ], [ 382415.47785761, 180608.67056106 ], [ 382368.51398957, 180534.34183744 ], [ 382341.74227618, 180472.4195625 ], [ 382327.03308718, 180414.01628027 ], [ 382342.97079028, 180381.82549479 ], [ 382158.05055991, 180276.02577964 ], [ 382099.9970847, 180240.09606441 ], [ 382051.95311366, 180214.84329294 ], [ 382049.70221198, 180204.13635777 ], [ 382028.08366177, 180198.64792882 ], [ 381899.27107219, 180130.40746245 ], [ 381797.19721576, 180063.69655825 ], [ 381794.82263816, 179993.74658122 ], [ 381672.49891166, 179994.62632939 ], [ 381609.77873187, 179998.98508172 ], [ 381506.93808475, 179992.63689886 ], [ 381422.21183688, 179979.72059612 ], [ 381305.60193773, 179967.90397859 ], [ 381160.86813516, 179933.13393141 ], [ 381126.61815134, 179917.81831546 ], [ 381066.36324482, 179901.64294561 ], [ 380981.29894944, 179865.09340781 ], [ 380799.85813485, 179791.0046155 ], [ 380696.43208839, 179739.00949895 ], [ 380637.71900829, 179707.12862476 ], [ 380536.32124687, 179642.92700228 ], [ 380443.25924222, 179565.97902841 ], [ 380372.51661798, 179518.93249534 ], [ 380248.07391078, 179425.50923747 ], [ 380194.3161124, 179378.36273301 ], [ 379977.01752708, 179250.55931636 ], [ 379872.7917097, 179188.1071931 ], [ 379776.10187817, 179136.00210802 ], [ 379663.87010646, 179083.52712883 ], [ 379521.75823332, 179020.75509714 ], [ 379541.61234045, 179010.55801602 ], [ 379505.17741545, 178949.09560945 ], [ 379529.97031418, 178916.92481824 ], [ 379511.99608098, 178891.54208398 ], [ 379516.94311764, 178882.61463943 ], [ 379470.44921809, 178828.56011238 ], [ 379481.42339441, 178795.29963309 ], [ 379501.41766758, 178766.2879376 ], [ 379490.74031346, 178757.40048161 ], [ 379531.38846469, 178688.30026134 ], [ 379513.71929875, 178678.01320598 ], [ 379444.23816885, 178626.11806081 ], [ 379409.91397948, 178603.40456248 ], [ 379311.59987091, 178547.64052477 ], [ 379135.00715225, 178482.40919705 ], [ 378959.93152483, 178420.33696504 ], [ 378924.0325288, 178399.4729373 ], [ 378885.20653607, 178385.64689497 ], [ 378852.03665526, 178380.32841737 ], [ 378852.0284102, 178361.64376579 ], [ 378812.7736743, 178350.13705955 ], [ 378745.667122, 178341.31958353 ], [ 378696.49357759, 178331.84229637 ], [ 378605.9628067, 178308.908861 ], [ 378593.43855889, 178302.3907268 ], [ 378446.72594165, 178260.11282872 ], [ 378401.46055621, 178230.79122194 ], [ 378366.47676196, 178214.10599804 ], [ 378313.79082152, 178178.59616262 ], [ 378222.22941799, 178107.85641167 ], [ 378185.21733871, 178086.56250698 ], [ 378105.05885468, 178014.37317097 ], [ 378076.89372596, 177991.93959251 ], [ 377978.49716678, 177905.70427711 ], [ 377921.07856127, 177860.35725756 ], [ 377834.58787032, 177799.08479662 ], [ 377819.32626223, 177784.86886589 ], [ 377743.57888589, 177733.24364346 ], [ 377595.11007064, 177671.30137425 ], [ 377598.45756545, 177652.17684858 ], [ 377723.65057321, 177544.20775442 ], [ 377810.70192831, 177467.39974048 ], [ 377935.32602686, 177337.85682176 ], [ 377959.40985033, 177304.996228 ], [ 378009.67174281, 177220.52040895 ], [ 378050.56724587, 177143.82236354 ], [ 378055.61322326, 177141.6229931 ], [ 378143.73643631, 177033.09405919 ], [ 378246.28850629, 176949.35802838 ], [ 378267.32165715, 176926.22465024 ], [ 378313.49399932, 176887.88562467 ], [ 378333.01830401, 176832.89136661 ], [ 378348.52726394, 176761.63176446 ], [ 378375.85964149, 176715.75489658 ], [ 378418.36293147, 176671.84746495 ], [ 378452.94271772, 176617.30307812 ], [ 378466.05236487, 176552.65158442 ], [ 378465.58239639, 176524.92951978 ], [ 378489.99602231, 176566.72755521 ], [ 378540.72788327, 176625.28079452 ], [ 378587.03214641, 176626.0305799 ], [ 378647.26231775, 176574.57530882 ], [ 378674.58645024, 176555.56075168 ], [ 378728.51739491, 176530.24799738 ], [ 378826.64186707, 176502.45595277 ], [ 378833.84805047, 176478.15290944 ], [ 378878.14051871, 176470.92497841 ], [ 378912.95941174, 176442.01325431 ], [ 378960.39324825, 176416.37059444 ], [ 378950.91142799, 176394.6967985 ], [ 378970.78202524, 176384.32976604 ], [ 378964.49928868, 176367.56456503 ], [ 379011.14159933, 176362.76593862 ], [ 379026.6423142, 176373.07298826 ], [ 379016.23704709, 176382.4702983 ], [ 379064.33048849, 176388.54855842 ], [ 379086.47672261, 176416.46056869 ], [ 379114.52642048, 176419.98955853 ], [ 379124.52767959, 176431.28632486 ], [ 379141.02604685, 176421.88901481 ], [ 379148.93306045, 176444.19263047 ], [ 379168.14405282, 176450.14092779 ], [ 379174.00629126, 176462.36742799 ], [ 379202.30334096, 176476.90326715 ], [ 379199.90402818, 176507.8344132 ], [ 379231.0786042, 176527.67873282 ], [ 379257.99048363, 176535.06661806 ], [ 379286.46892468, 176523.94980022 ], [ 379301.83771857, 176535.91637482 ], [ 379333.96047662, 176540.41508708 ], [ 379401.72663381, 176574.44534602 ], [ 379440.33825495, 176586.08201506 ], [ 379458.50212455, 176573.92549482 ], [ 379573.85052936, 176581.1934144 ], [ 379618.19246796, 176559.63958412 ], [ 379621.91099052, 176549.91236851 ], [ 379705.77150697, 176479.53251453 ], [ 379738.96612297, 176500.35655371 ], [ 379752.61994415, 176499.47680554 ], [ 379771.49288901, 176479.87241724 ], [ 379796.87943214, 176480.99209673 ], [ 379820.17172975, 176492.63876291 ], [ 379816.51092262, 176510.41367489 ], [ 379826.98215022, 176526.75899609 ], [ 379863.16147833, 176533.58704159 ], [ 379862.83992095, 176510.44366631 ], [ 379877.6233155, 176492.79871712 ], [ 379919.68961724, 176473.49424297 ], [ 379922.45995777, 176451.11065021 ], [ 379902.00396118, 176461.5376655 ], [ 379865.140293, 176454.39970872 ], [ 379915.17132376, 176310.7008421 ], [ 379898.2689485, 176301.96334318 ], [ 379922.05594978, 176222.52608186 ], [ 379939.79932127, 176106.10940579 ], [ 379916.69666006, 176100.33105982 ], [ 379949.20693598, 175958.83156363 ], [ 379950.03144209, 175915.16406332 ], [ 379966.6699754, 175813.22324358 ], [ 379964.6334453, 175782.16213473 ], [ 379968.45915366, 175722.40923882 ], [ 379966.67822046, 175672.73345836 ], [ 379979.96925895, 175586.3781773 ], [ 379989.41809897, 175552.11798418 ], [ 380034.27947643, 175504.6515713 ], [ 379977.1824283, 175445.30855806 ], [ 379942.14091862, 175403.51052262 ], [ 379929.05600665, 175377.79788279 ], [ 379872.89889549, 175245.72568806 ], [ 379859.30278974, 175183.89338738 ], [ 379862.00716978, 175162.2095943 ], [ 379849.25206026, 175077.87373518 ], [ 379851.24736504, 175024.51900782 ], [ 379842.5240904, 174931.31568699 ], [ 379830.92328943, 174930.80583293 ], [ 379820.50977726, 174876.1314833 ], [ 379796.49191427, 174797.12409893 ], [ 379784.28097878, 174721.00588754 ], [ 379750.75656034, 174628.762292 ], [ 379733.31825611, 174564.96055506 ], [ 379722.47600077, 174500.76892972 ], [ 379716.17677408, 174434.89778514 ], [ 379733.44193203, 174372.78556457 ], [ 379753.16411818, 174321.59021909 ], [ 379688.76194592, 174304.98497229 ], [ 379644.27159622, 174271.41458172 ], [ 379630.23025717, 174249.99071423 ], [ 379633.041823, 174200.1649767 ], [ 379632.95112733, 174043.59979302 ], [ 379631.15370401, 173939.37962573 ], [ 379609.09816556, 173748.71420314 ], [ 379595.65047091, 173647.65313157 ], [ 379580.18273628, 173559.78828263 ], [ 379576.24159708, 173516.06079949 ], [ 379586.63861912, 173510.84229327 ], [ 379579.86942396, 173467.72463557 ], [ 379548.39802574, 173331.35367135 ], [ 379568.87051245, 173321.6164586 ], [ 379694.69838992, 173246.45797249 ], [ 379751.9520942, 173235.09122619 ], [ 379844.01644646, 173236.40085131 ], [ 379933.40115385, 173225.36401058 ], [ 379979.63945651, 173225.8138818 ], [ 380005.14143049, 173221.51511231 ], [ 380065.15723025, 173166.26092866 ], [ 380106.25061478, 173132.54058101 ], [ 380115.94680663, 173144.83706118 ], [ 380142.65255954, 173139.838492 ], [ 380186.21121734, 173168.94016174 ], [ 380197.8120183, 173196.54226072 ], [ 380231.46835772, 173219.13579339 ], [ 380232.9359786, 173228.62307768 ], [ 380277.92103196, 173256.73503072 ], [ 380288.41699474, 173250.73674771 ], [ 380263.8384676, 173226.26375303 ], [ 380226.71095746, 173172.53913154 ], [ 380196.70718012, 173107.03788108 ], [ 380170.7022574, 173064.41008316 ], [ 380125.37091147, 173001.78800854 ], [ 380106.54743698, 172968.15763514 ], [ 380078.52247429, 172870.74551906 ], [ 380074.72974619, 172768.9046707 ], [ 380068.38104914, 172666.20406845 ], [ 380048.35379573, 172418.34501736 ], [ 380024.83888146, 172089.16924295 ], [ 380014.18626252, 172000.00476601 ], [ 379999.99651237, 171909.00081562 ], [ 379976.03636481, 171784.33650041 ], [ 379950.35299948, 171629.45083597 ], [ 379923.64724657, 171506.8559284 ], [ 379901.83905996, 171416.64175194 ], [ 379845.35214636, 171120.59649401 ], [ 379818.45675704, 171002.29035879 ], [ 379729.11327495, 170572.22346416 ], [ 379704.65842373, 170472.53200054 ], [ 379669.22115111, 170315.65690557 ], [ 379648.72392922, 170186.30393248 ], [ 379609.59286923, 170008.17492137 ], [ 379584.29702177, 169885.3700739 ], [ 379556.61010659, 169742.0710928 ], [ 379687.25309974, 169722.2567646 ], [ 379739.05681864, 169709.75034452 ], [ 379845.50880252, 169661.16425215 ], [ 379926.77212473, 169612.0383143 ], [ 379973.32373971, 169591.46420358 ], [ 380027.41958559, 169557.59389885 ], [ 380103.447294, 169503.85928023 ], [ 380145.44763525, 169468.6593561 ], [ 380160.27225511, 169447.84531406 ], [ 380173.38190226, 169413.41516958 ], [ 380247.99970523, 169395.60026905 ], [ 380280.79855829, 169429.00070827 ], [ 380300.99895799, 169405.99729293 ], [ 380305.75635824, 169375.16611826 ], [ 380337.78842062, 169338.12672068 ], [ 380357.62603763, 169323.18099885 ], [ 380373.39883951, 169288.76085151 ], [ 380406.69239624, 169255.61034075 ], [ 380428.36866187, 169223.45954382 ], [ 380440.77747883, 169221.62007036 ], [ 380468.62105017, 169167.06568639 ], [ 380465.01795847, 169125.5675651 ], [ 380495.02173582, 169081.57015923 ], [ 380527.76287345, 169021.06747794 ], [ 380534.99379203, 168987.43710454 ], [ 380551.16235685, 168950.5676583 ], [ 380570.53000538, 168919.64650939 ], [ 380574.81743715, 168874.89931814 ], [ 380582.61726495, 168840.29922232 ], [ 380587.11906832, 168787.60430608 ], [ 380606.22287489, 168756.40323729 ], [ 380640.42338833, 168682.10450508 ], [ 380668.81937877, 168634.09824673 ], [ 380725.53715408, 168580.85348789 ], [ 380724.6631776, 168543.78409889 ], [ 380708.50285785, 168541.8846426 ], [ 380701.09879298, 168502.87580876 ], [ 380670.09736324, 168485.58075942 ], [ 380667.69805046, 168470.88496605 ], [ 380641.29736481, 168419.67962342 ], [ 380644.00174485, 168396.77617947 ], [ 380662.6026027, 168396.5762367 ], [ 380668.49782138, 168382.28032886 ], [ 380638.19722184, 168361.07639842 ], [ 380605.29942804, 168324.67681769 ], [ 380608.80357901, 168312.88019444 ], [ 380636.00403558, 168326.07641706 ], [ 380648.39636242, 168318.47859192 ], [ 380619.70354979, 168300.38377151 ], [ 380599.60209082, 168299.58400044 ], [ 380582.0978261, 168288.77709388 ], [ 380564.79968791, 168259.67542415 ], [ 380566.9021785, 168243.97991694 ], [ 380530.30235227, 168245.97934461 ], [ 380501.99705751, 168222.47607235 ], [ 380480.29605669, 168220.47664468 ], [ 380457.00375908, 168230.08389464 ], [ 380417.89743428, 168184.77686364 ], [ 380422.20135617, 168150.07679643 ], [ 380447.29932216, 168135.18106029 ], [ 380475.49743113, 168144.1784848 ], [ 380453.90361611, 168101.28076415 ], [ 380460.53264523, 168080.95658189 ], [ 380455.75050979, 168056.37361869 ], [ 380471.92731967, 168032.78037218 ], [ 380495.78028144, 168029.45132511 ], [ 380505.25385664, 168012.40620423 ], [ 380486.76018459, 167987.78325247 ], [ 380476.51981871, 167954.32283042 ], [ 380454.38182965, 167939.28713434 ], [ 380439.57369991, 167915.89383061 ], [ 380424.89749115, 167935.40824466 ], [ 380383.69692083, 167911.00522995 ], [ 380383.10327643, 167885.01267025 ], [ 380343.1971807, 167867.30773823 ], [ 380334.39970051, 167856.31088605 ], [ 380351.11243936, 167842.28490094 ], [ 380352.64602072, 167828.25891584 ], [ 380338.02752739, 167808.86446744 ], [ 380294.07310666, 167787.86047977 ], [ 380295.16969979, 167768.35606285 ], [ 380282.37336496, 167739.06444749 ], [ 380261.96683873, 167725.35837082 ], [ 380251.66875742, 167702.05504132 ], [ 380215.96764285, 167699.57575101 ], [ 380205.76850227, 167667.5849083 ], [ 380169.57268403, 167657.37783004 ], [ 380148.47357268, 167672.18359194 ], [ 380073.17142964, 167663.35611878 ], [ 380051.37148809, 167648.86026817 ], [ 380046.67180326, 167619.25874152 ], [ 380026.2735221, 167604.56294815 ], [ 380013.07317927, 167573.46185074 ], [ 380009.76690977, 167549.30876449 ], [ 379998.42995076, 167538.33190658 ], [ 379962.50621954, 167534.05313137 ], [ 379948.30822432, 167513.02914942 ], [ 379928.75093939, 167511.76950999 ], [ 379912.53290421, 167485.06715346 ], [ 379868.72689458, 167450.46705764 ], [ 379920.70375976, 167382.47651972 ], [ 379921.52002081, 167369.73016833 ], [ 379953.09860482, 167321.50397293 ], [ 379966.80189637, 167308.39772456 ], [ 379991.94933273, 167261.58112567 ], [ 380019.80114913, 167219.49317322 ], [ 380046.86968473, 167197.4594803 ], [ 380093.89951325, 167142.69515643 ], [ 380111.60165943, 167101.69689206 ], [ 380118.09876758, 167074.2047616 ], [ 380112.40143036, 167055.60008713 ], [ 380115.60051407, 167004.30477026 ], [ 380151.59845083, 166946.53130774 ], [ 380154.28634075, 166893.95635717 ], [ 380181.71765904, 166839.8718387 ], [ 380212.56243261, 166767.30261142 ], [ 380228.26927401, 166755.17608261 ], [ 380228.7392425, 166725.94445007 ], [ 380239.02907875, 166691.3043657 ], [ 380264.95155085, 166662.67256146 ], [ 380286.02592703, 166604.02934791 ], [ 380313.48198049, 166568.00965844 ], [ 380359.84395906, 166555.14334138 ], [ 380414.92921228, 166528.0610936 ], [ 380483.62706137, 166502.05853675 ], [ 380467.88723973, 166486.80290363 ], [ 380421.70665251, 166463.27963709 ], [ 380391.38956284, 166463.11968288 ], [ 380310.18395605, 166474.92630327 ], [ 380293.67734373, 166469.82776271 ], [ 380256.30248176, 166434.69781856 ], [ 380236.5802956, 166423.09114093 ], [ 380179.91199065, 166409.57500988 ], [ 380108.80658372, 166376.1845678 ], [ 380001.431153, 166359.65929811 ], [ 379969.25067952, 166361.23884597 ], [ 379916.25142676, 166371.63586985 ], [ 379855.14727894, 166363.23827364 ], [ 379819.05040144, 166325.13917939 ], [ 379818.25063052, 166309.04378665 ], [ 379784.42114482, 166312.2128795 ], [ 379750.7235801, 166308.0140814 ], [ 379711.41112877, 166309.31370938 ], [ 379662.21284918, 166323.60961722 ], [ 379637.6425671, 166318.11119113 ], [ 379600.53154708, 166300.48623622 ], [ 379555.51351347, 166292.70846259 ], [ 379518.70756071, 166277.21289814 ], [ 379487.31036804, 166271.31458652 ], [ 379456.81188703, 166251.01039853 ], [ 379452.50796513, 166239.31374666 ], [ 379463.8119439, 166145.110712 ], [ 379476.2125158, 166080.60917538 ], [ 379479.10653224, 166032.81285693 ], [ 379490.80627395, 165989.20533945 ], [ 379495.40701804, 165952.30590181 ], [ 379509.11030959, 165911.70752297 ], [ 379508.91242812, 165882.00602494 ], [ 379515.59917268, 165854.20398319 ], [ 379508.26931336, 165808.05719257 ], [ 379516.992588, 165763.34998987 ], [ 379506.38119437, 165685.83217911 ], [ 379492.86753922, 165658.32005438 ], [ 379492.16670903, 165572.61458731 ], [ 379479.27143347, 165519.99964818 ], [ 379483.07240663, 165476.40212784 ], [ 379478.28202613, 165393.87575077 ], [ 379468.98159721, 165357.27622728 ], [ 379442.26759924, 165278.55875992 ], [ 379421.77037735, 165240.55963705 ], [ 379406.22019211, 165177.98754813 ], [ 379397.29079094, 165155.24405838 ], [ 379399.87149506, 165109.78707031 ], [ 379408.15778147, 165093.71167185 ], [ 379438.92010444, 165066.47946698 ], [ 379502.06078235, 164978.33469816 ], [ 379528.73355501, 164914.35301273 ], [ 379555.93401158, 164894.38872745 ], [ 379588.22991592, 164858.57897788 ], [ 379586.1768957, 164839.2145209 ], [ 379611.10171541, 164802.24510328 ], [ 379657.10091129, 164711.34112428 ], [ 379648.14677494, 164706.17260375 ], [ 379652.39298141, 164682.17947171 ], [ 379672.52742061, 164655.88699786 ], [ 379703.57832072, 164580.40860332 ], [ 379705.87869277, 164526.44405051 ], [ 379697.21313355, 164517.29666893 ], [ 379721.18977123, 164476.6483044 ], [ 379725.30405672, 164448.33640859 ], [ 379737.4325416, 164416.54550864 ], [ 379779.20202114, 164374.51753903 ], [ 379806.55913387, 164370.39871803 ], [ 379795.66740816, 164263.87920892 ], [ 379816.65108866, 164221.50133946 ], [ 379822.6205129, 164158.46938217 ], [ 379858.98947742, 164090.66878989 ], [ 379848.946993, 164048.22094046 ], [ 379860.95180196, 164018.92932509 ], [ 379867.05314717, 163977.64114371 ], [ 379878.94252528, 163946.73998908 ], [ 379881.94372752, 163917.78827642 ], [ 379875.93307798, 163881.18875292 ], [ 379885.34893776, 163835.0419623 ], [ 379891.92849652, 163766.88147304 ], [ 379858.19795155, 163732.29137435 ], [ 379834.16359844, 163679.08660406 ], [ 379828.30960506, 163628.43110405 ], [ 379812.67696921, 163568.84815949 ], [ 379800.58146458, 163538.45685891 ], [ 379766.58707766, 163430.39779049 ], [ 379748.81897098, 163416.83167375 ], [ 379729.77287984, 163390.47921707 ], [ 379716.24273457, 163353.85969929 ], [ 379694.36858747, 163320.91912843 ], [ 379685.94213503, 163294.04682055 ], [ 379668.74293757, 163268.354175 ], [ 379657.95015259, 163236.78321209 ], [ 379641.32810941, 163217.22880948 ], [ 379627.77322896, 163174.80095433 ], [ 379601.56217972, 163131.76327373 ], [ 379619.55290304, 163119.85668196 ], [ 379610.78015803, 163102.95152101 ], [ 379559.00117431, 163027.93299484 ], [ 379535.2636434, 162977.43744904 ], [ 379495.89347665, 162919.2940924 ], [ 379488.19258958, 162892.09187896 ], [ 379453.99207613, 162851.69344289 ], [ 379433.89061717, 162813.59434864 ], [ 379401.28964557, 162772.88600128 ], [ 379347.29274042, 162728.49870702 ], [ 379320.48804678, 162711.10368629 ], [ 379292.69394581, 162677.5033043 ], [ 379256.89389051, 162647.50189211 ], [ 379224.19397818, 162610.80239723 ], [ 379206.087824, 162605.00405699 ], [ 379157.03795551, 162614.93121537 ], [ 379085.69344181, 162653.90006066 ], [ 379002.6904117, 162686.50072881 ], [ 378987.81632147, 162699.70694857 ], [ 378928.68274326, 162730.77805456 ], [ 378911.79685812, 162761.24933225 ], [ 378874.37252578, 162788.00167447 ], [ 378809.09637705, 162828.89996745 ], [ 378777.05606961, 162868.30868683 ], [ 378743.38324007, 162884.69399658 ], [ 378728.69054119, 162898.54003319 ], [ 378686.2532117, 162923.36292771 ], [ 378671.97276587, 162888.72284333 ], [ 378652.47319637, 162860.42094467 ], [ 378624.16790161, 162839.11704285 ], [ 378568.00254539, 162777.5046792 ], [ 378539.54059447, 162724.41987457 ], [ 378497.03730449, 162608.12316416 ], [ 378466.77793025, 162540.22260049 ], [ 378451.07933391, 162470.03269214 ], [ 378455.76252862, 162380.08843842 ], [ 378461.9133442, 162323.65459244 ], [ 378472.46702241, 162263.99167077 ], [ 378490.67211732, 162130.57985951 ], [ 378492.59321656, 162097.61929437 ], [ 378432.89072913, 162063.59903257 ], [ 378387.87269551, 162032.17802674 ], [ 378366.49325208, 162041.24543122 ], [ 378338.1714672, 162089.15171819 ], [ 378302.19002055, 162092.03089403 ], [ 378286.96963776, 162069.21742432 ], [ 378254.84687971, 162067.23799093 ], [ 378195.15263734, 162044.32454983 ], [ 378179.84980393, 162029.1189024 ], [ 378155.6505496, 162029.31884517 ], [ 378143.75292643, 162038.8161266 ], [ 378109.94817592, 162034.91724264 ], [ 378085.60875555, 162015.03293447 ], [ 378031.67781088, 162032.67788365 ], [ 378011.37847045, 162016.6824623 ], [ 377987.44305808, 162022.2108798 ], [ 377959.86332869, 161993.4291185 ], [ 377899.88875424, 161979.013245 ], [ 377874.46098581, 161980.72275565 ], [ 377849.95666422, 161997.91783362 ], [ 377816.95992969, 162002.41654587 ], [ 377769.99606166, 161980.20290446 ], [ 377746.7779696, 161994.45882375 ], [ 377754.7674338, 162027.89925152 ], [ 377718.45618472, 162051.72243221 ], [ 377688.73273945, 162045.64417209 ], [ 377596.14070328, 162002.06664603 ], [ 377587.20305705, 161953.7804678 ], [ 377558.66690058, 161885.67996137 ], [ 377532.48883158, 161857.34807129 ], [ 377481.8888916, 161826.44691665 ], [ 377456.47761329, 161762.72515682 ], [ 377431.00861955, 161739.98166707 ], [ 377396.69267524, 161742.30100317 ], [ 377377.87744581, 161732.82371602 ], [ 377362.64881796, 161735.78286897 ], [ 377315.89932152, 161711.66977127 ], [ 377281.18761428, 161718.90769944 ], [ 377256.37822543, 161740.98138091 ], [ 377224.09056615, 161721.07707846 ], [ 377188.74398921, 161691.8654402 ], [ 377142.92618468, 161664.06339845 ], [ 377117.66331746, 161630.84290772 ], [ 377059.89017433, 161583.6264233 ], [ 377049.88067015, 161560.38307664 ], [ 377018.26086083, 161537.23970136 ], [ 376992.75888684, 161500.24029233 ], [ 376958.45943266, 161478.83641912 ], [ 376935.56289798, 161456.34285784 ], [ 376922.65937736, 161453.64363049 ], [ 376885.06189874, 161488.943526 ], [ 376815.25921146, 161481.53564648 ], [ 376777.66173284, 161471.1386226 ], [ 376752.66270758, 161439.23775412 ], [ 376717.94275528, 161435.76874712 ], [ 376671.77865818, 161460.30172463 ], [ 376640.18358404, 161451.2743087 ], [ 376606.28813785, 161431.58994329 ], [ 376590.54831621, 161416.54425007 ], [ 376592.14785806, 161395.5402624 ], [ 376606.89827237, 161360.72022953 ], [ 376594.703827, 161340.81592708 ], [ 376576.00402842, 161334.91761545 ], [ 376550.29592791, 161356.92131696 ], [ 376531.24983677, 161305.68598292 ], [ 376515.14723244, 161288.69084773 ], [ 376486.94912347, 161287.69113389 ], [ 376474.49083615, 161272.65543782 ], [ 376474.54855158, 161250.67173059 ], [ 376463.04669134, 161222.26986054 ], [ 376439.74614867, 161204.77486843 ], [ 376421.25247662, 161172.67405719 ], [ 376372.85396795, 161149.67064185 ], [ 376378.65024591, 161118.56954444 ], [ 376371.5512483, 161104.87346491 ], [ 376318.14798755, 161119.66922966 ], [ 376295.74615654, 161116.97000231 ], [ 376255.9472466, 161084.46930554 ], [ 376261.24882089, 161046.97003959 ], [ 376252.64922216, 161034.57358804 ], [ 376224.4511132, 161026.36593745 ], [ 376232.91879095, 160987.46707214 ], [ 376226.91638647, 160962.18430925 ], [ 376215.42277129, 160955.77614357 ], [ 376177.32234394, 160952.37711653 ], [ 376161.02185815, 160943.87954894 ], [ 376159.11724903, 160926.88441374 ], [ 376176.42363228, 160905.18062639 ], [ 376166.5213139, 160885.37629532 ], [ 376134.11822377, 160858.68393593 ], [ 376132.32080045, 160824.28378287 ], [ 376120.21705076, 160807.87847884 ], [ 376114.22289134, 160775.57772483 ], [ 376121.81659261, 160748.57545415 ], [ 376162.89348702, 160710.44636849 ], [ 376207.62294349, 160718.5840391 ], [ 376257.38188723, 160707.95708104 ], [ 376318.88179799, 160663.7597324 ], [ 376375.92113068, 160672.27729427 ], [ 376392.92244667, 160691.48179704 ], [ 376406.5680228, 160722.81282863 ], [ 376443.94288477, 160765.37064658 ], [ 376465.03375106, 160775.13785074 ], [ 376495.4003111, 160836.60025731 ], [ 376518.70085377, 160853.89530666 ], [ 376546.89896274, 160839.3594675 ], [ 376583.1937217, 160840.44915558 ], [ 376620.38719233, 160850.14637978 ], [ 376649.69013949, 160849.44658009 ], [ 376706.73771724, 160860.64337504 ], [ 376804.40046599, 160836.62025159 ], [ 376867.8791914, 160844.18808532 ], [ 376908.75820434, 160853.78533814 ], [ 376974.85885919, 160878.70820404 ], [ 377017.70844173, 160905.33058346 ], [ 377062.05038033, 160909.21947028 ], [ 377115.00840779, 160932.20289134 ], [ 377159.53173773, 160970.47193694 ], [ 377206.46262552, 160984.70786195 ], [ 377223.53814706, 160977.47993093 ], [ 377242.79860979, 160953.89668156 ], [ 377264.68100196, 160947.61847868 ], [ 377311.53768419, 160952.87697345 ], [ 377353.62872111, 160987.13716657 ], [ 377382.2473282, 160995.12488011 ], [ 377421.13103635, 160992.12573861 ], [ 377486.86066345, 161005.61187824 ], [ 377517.77139751, 161015.94891929 ], [ 377579.13938729, 161000.11345215 ], [ 377597.36097232, 160987.80697484 ], [ 377637.03620634, 160978.96950454 ], [ 377731.72248803, 160940.560499 ], [ 377772.29643371, 160911.69876059 ], [ 377846.50198362, 160829.57226905 ], [ 377887.19960521, 160765.67056073 ], [ 377912.09968974, 160734.76940609 ], [ 377951.08233862, 160671.02765198 ], [ 377977.48302427, 160660.03079979 ], [ 378018.93919148, 160634.54809414 ], [ 378062.7699363, 160552.38161405 ], [ 378079.38373442, 160544.18396061 ], [ 378121.81281884, 160510.84350421 ], [ 378192.1514351, 160445.65216504 ], [ 378203.02667069, 160428.41709853 ], [ 378265.21092151, 160385.55936643 ], [ 378293.44201072, 160373.0929349 ], [ 378321.30207218, 160346.35058982 ], [ 378398.1130614, 160288.4471645 ], [ 378412.40999735, 160272.11184044 ], [ 378456.38915326, 160190.46521155 ], [ 378534.09060908, 160139.46980883 ], [ 378606.35032457, 160121.0850714 ], [ 378674.33909841, 160206.01076168 ], [ 378732.64817052, 160271.14211802 ], [ 378746.72248982, 160262.0647164 ], [ 378765.20791681, 160273.58141978 ], [ 378785.5567276, 160325.24663077 ], [ 378931.05732085, 160269.4426045 ], [ 378954.86905731, 160268.78279337 ], [ 378977.83979754, 160247.88877422 ], [ 379043.05823085, 160333.24434145 ], [ 379077.58030168, 160358.62707571 ], [ 379129.12017862, 160386.92897438 ], [ 379160.97909472, 160409.06263868 ], [ 379206.15378449, 160446.7618474 ], [ 379262.84682462, 160398.35570351 ], [ 379311.55040055, 160453.21999877 ], [ 379341.10069953, 160497.55730735 ], [ 379449.49851783, 160439.16402225 ], [ 379473.69777216, 160415.36083584 ], [ 379492.98297008, 160355.6779199 ], [ 379506.01841168, 160287.5074335 ], [ 379538.13292467, 160196.54347166 ], [ 379544.15181927, 160161.95337298 ], [ 379539.83140725, 160127.80314838 ], [ 379512.02906122, 160096.07223126 ], [ 379456.67996605, 160072.87887029 ], [ 379432.57965245, 160048.87574111 ], [ 379418.54655846, 160023.4830097 ], [ 379417.43347521, 160000.84948848 ], [ 379438.45838102, 159965.93948137 ], [ 379502.07727247, 159908.9357985 ], [ 379519.87835939, 159897.73900355 ], [ 379564.87990288, 159883.64303848 ], [ 379596.07921409, 159878.34455515 ], [ 379587.38067462, 159843.3445738 ], [ 379553.6831099, 159793.43885916 ], [ 379467.98394482, 159830.53823957 ], [ 379418.5795387, 159793.13894501 ], [ 379291.67980329, 159716.94075651 ], [ 379278.38051974, 159716.04101406 ], [ 379263.07768633, 159733.03614925 ], [ 379228.89366301, 159711.16241055 ], [ 379192.04648495, 159640.20272255 ], [ 379190.65306962, 159584.39869628 ], [ 379174.94622822, 159554.89714101 ], [ 379171.64820378, 159533.8031791 ], [ 379126.44877883, 159476.19966793 ], [ 379120.75144161, 159427.50360703 ], [ 379127.24854975, 159394.60302473 ], [ 379146.74811926, 159341.79813997 ], [ 379177.749549, 159286.90385329 ], [ 379203.35046372, 159273.99754769 ], [ 379293.3535507, 159245.89559179 ], [ 379345.0500838, 159211.6953815 ], [ 379427.35228371, 159176.69540014 ], [ 379460.44795897, 159169.19754637 ], [ 379506.85116285, 159147.70369892 ], [ 379544.15181927, 159137.79653482 ], [ 379546.45219132, 159144.70455742 ], [ 379618.42332967, 159132.45806294 ], [ 379713.62080514, 159112.61374332 ], [ 379802.22223174, 159105.8056921 ], [ 379859.28629962, 159091.02992162 ], [ 379910.65303028, 159068.09648625 ], [ 379980.20012066, 159017.10108353 ], [ 379997.69614032, 158999.99597982 ], [ 380055.51875382, 158921.35848957 ], [ 380062.4116249, 158890.79723763 ], [ 380077.72270337, 158875.93149291 ], [ 380081.26807964, 158854.25769697 ], [ 380071.5059273, 158835.77298816 ], [ 380034.74119985, 158808.31084912 ], [ 379997.90226685, 158695.80305414 ], [ 379982.69837418, 158673.3994671 ], [ 379981.60178105, 158655.00473254 ], [ 379992.60069256, 158608.39807355 ], [ 379996.50060646, 158568.19958025 ], [ 379990.39926125, 158548.09533503 ], [ 379961.7311838, 158495.270456 ], [ 379947.87948115, 158501.49867319 ], [ 379857.80218862, 158401.90718096 ], [ 379799.93010475, 158333.75668883 ], [ 379568.4994847, 158203.20405913 ], [ 379497.88878143, 158218.46968939 ], [ 379331.80027061, 158181.7402031 ], [ 379254.20600059, 158066.04332099 ], [ 379095.90082745, 158000.00222505 ], [ 379001.651534, 157962.06308502 ], [ 378945.24707101, 157946.45755206 ], [ 378901.25142497, 157925.06367599 ], [ 378874.94968006, 157900.66066128 ], [ 378832.14956789, 157870.15939218 ], [ 378794.04089548, 157851.88462328 ], [ 378753.37625413, 157839.47817459 ], [ 378693.77270743, 157826.40191762 ], [ 378667.14940513, 157825.57215514 ], [ 378608.04880716, 157811.36622155 ], [ 378523.85024319, 157810.26653633 ], [ 378434.44904567, 157788.17286058 ], [ 378436.55153625, 157773.66701283 ], [ 378402.64784501, 157730.06949249 ], [ 378353.26817407, 157675.74504271 ], [ 378321.69783512, 157648.10295517 ], [ 378304.80370492, 157639.99527597 ], [ 378281.00021352, 157616.40202947 ], [ 378175.62833265, 157563.0473021 ], [ 378119.42175112, 157552.30037837 ], [ 378089.83847189, 157535.59516019 ], [ 378051.80400503, 157522.41893185 ], [ 378011.56810686, 157484.66973744 ], [ 377962.74910008, 157430.71518177 ], [ 377909.46127018, 157382.75890912 ], [ 377857.32774884, 157342.29049308 ], [ 377835.51131717, 157317.66754133 ], [ 377810.1330191, 157304.36135018 ], [ 377776.80648213, 157364.47414308 ], [ 377743.88395315, 157345.16966892 ], [ 377717.32661134, 157341.81063044 ], [ 377486.87715357, 157224.43422908 ], [ 377454.00409496, 157212.26771171 ], [ 377434.84257296, 157196.67217589 ], [ 377436.70595677, 157181.93639396 ], [ 377460.80627037, 157150.08551118 ], [ 377435.4279723, 157121.4137184 ], [ 377363.63822529, 157029.9898882 ], [ 377337.7982038, 157010.11557716 ], [ 377287.41263541, 156982.283544 ], [ 377214.22122802, 156919.63147796 ], [ 377177.62140179, 156896.60806835 ], [ 377139.32309297, 156845.73263129 ], [ 377087.42043334, 156757.32793687 ], [ 377051.74405396, 156727.31652755 ], [ 376987.33363664, 156687.69786827 ], [ 376905.03143673, 156641.50109196 ], [ 376811.43350311, 156614.49882128 ], [ 376765.53324796, 156595.70420118 ], [ 376660.72203124, 156582.14808158 ], [ 376582.30325511, 156563.41344431 ], [ 376573.39858912, 156586.90671943 ], [ 376527.3004525, 156673.01207203 ], [ 376571.03225658, 156697.75498945 ], [ 376527.20151177, 156746.31109041 ], [ 376466.18805962, 156809.11311352 ], [ 376418.30074474, 156798.29620982 ], [ 376396.79762539, 156801.00543432 ], [ 376379.30160574, 156769.81436267 ], [ 376338.70292487, 156756.30822876 ], [ 376288.1029849, 156779.3116441 ], [ 376273.89674462, 156739.41306495 ], [ 376250.70338774, 156740.9126357 ], [ 376188.79946899, 156715.11002162 ], [ 376160.70030076, 156706.71242541 ], [ 376109.20164912, 156678.11061259 ], [ 376082.29801475, 156676.91095599 ], [ 376071.99993344, 156665.81413242 ], [ 376038.59919092, 156663.91467614 ], [ 375988.50219967, 156636.91240546 ], [ 375934.99999818, 156622.80644325 ], [ 375872.09842704, 156621.20690111 ], [ 375791.19788752, 156603.61193762 ], [ 375779.80321307, 156565.3129006 ], [ 375727.00184178, 156535.51143118 ], [ 375696.39617498, 156505.41004761 ], [ 375663.3664602, 156487.00531591 ], [ 375609.08097792, 156494.743101 ], [ 375543.49151686, 156469.91020934 ], [ 375481.19183518, 156458.0136147 ], [ 375426.88986276, 156454.01475936 ], [ 375404.68591322, 156476.8082348 ], [ 375387.2888343, 156472.90935084 ], [ 375372.68683109, 156452.40522009 ], [ 375337.19184305, 156422.81369058 ], [ 375317.48614701, 156421.01420567 ], [ 375292.19029956, 156375.80714606 ], [ 375273.39156025, 156372.00823349 ], [ 375256.89319298, 156353.31358477 ], [ 375241.49141885, 156348.61492975 ], [ 375224.89411085, 156321.4127163 ], [ 375204.79265188, 156311.20563805 ], [ 375195.49222296, 156281.01428023 ], [ 375161.39065025, 156255.81149446 ], [ 375117.49394495, 156235.907192 ], [ 375095.09211393, 156220.71154171 ], [ 375051.9869345, 156203.0066097 ], [ 375032.28948353, 156203.90635215 ], [ 375014.48839661, 156182.71241885 ], [ 374955.90723749, 156148.70215419 ], [ 374900.70655341, 156109.70331749 ], [ 374825.10758818, 156060.79731668 ], [ 374752.50982518, 156011.17152192 ], [ 374694.2172432, 155979.89047603 ], [ 374629.22142654, 155949.98903523 ], [ 374579.52019822, 155934.89335632 ], [ 374556.51647775, 155931.9941862 ], [ 374451.91963262, 155866.79284989 ], [ 374390.32078113, 155840.09049336 ], [ 374309.81600454, 155821.98567581 ], [ 374236.51741135, 155820.98596197 ], [ 374170.41675651, 155823.98510348 ], [ 374091.04979835, 155833.22245931 ], [ 374040.02936025, 155835.3318555 ], [ 374033.53225211, 155843.72945171 ], [ 374006.01848321, 155842.42982373 ], [ 373983.16317384, 155829.40355246 ], [ 373955.08049573, 155828.95368124 ], [ 373920.32756319, 155821.22589329 ], [ 373835.27151287, 155810.86885796 ], [ 373762.87163134, 155781.56724546 ], [ 373699.36817074, 155792.57409478 ], [ 373625.97063682, 155790.77460988 ], [ 373568.37063997, 155771.96999265 ], [ 373508.17344887, 155739.56926726 ], [ 373479.06838318, 155718.76522235 ], [ 373481.36875523, 155711.16739721 ], [ 373427.17396861, 155670.76896114 ], [ 373370.37374268, 155600.56905565 ], [ 373333.16378193, 155542.27574194 ], [ 373316.18720113, 155488.41116052 ], [ 373291.18817587, 155446.81306785 ], [ 373237.63650402, 155389.40949945 ], [ 373270.83936507, 155360.10788695 ], [ 373314.95044196, 155313.62119363 ], [ 373313.25195938, 155304.52379773 ], [ 373271.12794221, 155262.02596261 ], [ 373259.13137831, 155239.73234409 ], [ 373237.62825896, 155216.62895736 ], [ 373198.38176811, 155200.79349022 ], [ 373156.38142687, 155175.99058998 ], [ 373102.58240318, 155131.19341303 ], [ 373024.08117644, 155120.38650648 ], [ 373001.48146396, 155139.39106648 ], [ 372971.88993967, 155138.19140988 ], [ 372932.06629455, 155128.6041542 ], [ 372893.46291847, 155135.67213101 ], [ 372845.88067086, 155158.57557497 ], [ 372801.16770451, 155187.97715886 ], [ 372797.26779061, 155199.58383648 ], [ 372773.37360354, 155213.27991602 ], [ 372780.96730481, 155229.87516568 ], [ 372770.57028276, 155238.48270179 ], [ 372762.86939569, 155269.18391366 ], [ 372747.97057028, 155275.58208221 ], [ 372745.5712575, 155330.47636888 ], [ 372735.56999839, 155337.08447733 ], [ 372715.17171722, 155370.88480209 ], [ 372712.46733718, 155386.18042376 ], [ 372675.96645169, 155400.57630298 ], [ 372660.16891462, 155452.98130221 ], [ 372640.06745565, 155478.98385905 ], [ 372642.3678277, 155488.9809974 ], [ 372623.06613966, 155511.18464168 ], [ 372622.67037673, 155531.37886114 ], [ 372605.37223854, 155552.18290605 ], [ 372584.27312718, 155606.87724995 ], [ 372571.07278436, 155623.38252537 ], [ 372574.17292733, 155649.47505646 ], [ 372556.06677316, 155665.1805608 ], [ 372554.77229856, 155700.68039908 ], [ 372532.88166134, 155751.98571309 ], [ 372526.49173899, 155779.3878693 ], [ 372509.21833598, 155785.6960636 ], [ 372505.01335482, 155800.64178543 ], [ 372485.21696311, 155819.25645704 ], [ 372504.42795548, 155827.98395882 ], [ 372481.45721525, 155846.55864187 ], [ 372479.70101724, 155870.5517739 ], [ 372464.95884799, 155868.32241205 ], [ 372468.74333103, 155905.79168658 ], [ 372453.76205501, 155920.88736549 ], [ 372451.59360394, 155950.2689551 ], [ 372426.66878423, 155988.95788051 ], [ 372415.32358016, 156029.42629655 ], [ 372380.81799945, 156078.0323832 ], [ 372368.62355408, 156071.23432912 ], [ 372363.98158468, 156091.16862299 ], [ 372342.98965912, 156121.20002659 ], [ 372320.81868982, 156127.94809497 ], [ 372294.45098442, 156163.54790463 ], [ 372287.35198681, 156195.14885896 ], [ 372275.05035565, 156191.05003223 ], [ 372256.80403543, 156229.05915224 ], [ 372213.8884924, 156277.64524461 ], [ 372171.31099687, 156259.59041275 ], [ 372146.79018516, 156266.9283123 ], [ 372103.20679218, 156226.13998784 ], [ 372063.21000078, 156182.34252473 ], [ 372065.70825429, 156166.43707762 ], [ 372025.90934435, 156126.53849847 ], [ 372007.61355377, 156092.23831679 ], [ 371976.39775244, 156050.47027277 ], [ 371929.13706221, 156005.19323319 ], [ 371924.23125086, 155982.03986077 ], [ 371909.35716063, 155957.12699201 ], [ 371883.74800085, 155938.13242914 ], [ 371825.24929234, 155880.82883213 ], [ 371772.65404757, 155875.23043465 ], [ 371780.46212044, 155845.37897954 ], [ 371749.41946539, 155832.2027512 ], [ 371724.03292226, 155830.96310604 ], [ 371717.23899191, 155802.14135618 ], [ 371701.4496999, 155810.89884938 ], [ 371697.21998356, 155836.16161798 ], [ 371684.35768824, 155840.87027015 ], [ 371664.76742307, 155819.94625958 ], [ 371629.28068009, 155845.21902533 ], [ 371592.92820569, 155845.39897382 ], [ 371553.91257656, 155835.49180972 ], [ 371521.27037966, 155844.46923995 ], [ 371498.76960792, 155827.27416199 ], [ 371470.37361748, 155862.27414335 ], [ 371436.27204477, 155862.77400027 ], [ 371414.43087791, 155880.26899238 ], [ 371389.15152058, 155880.45893801 ], [ 371387.54373366, 155862.99393731 ], [ 371374.04656864, 155859.51493317 ], [ 371365.42223473, 155836.15162085 ], [ 371348.23952739, 155831.52294579 ], [ 371332.32655947, 155805.67034602 ], [ 371345.19709985, 155782.35701939 ], [ 371339.26890092, 155765.68179262 ], [ 371316.0837891, 155758.95371852 ], [ 371324.40305575, 155741.29877219 ], [ 371324.69987795, 155714.39647289 ], [ 371263.70291592, 155710.29764617 ], [ 371258.3024009, 155696.10170972 ], [ 371231.0030036, 155686.20454275 ], [ 371215.40334799, 155658.90235792 ], [ 371193.80128791, 155638.59816993 ], [ 371188.90372162, 155604.79784518 ], [ 371168.73630216, 155607.85696951 ], [ 371138.5016631, 155596.51021748 ], [ 371147.90103276, 155570.90754617 ], [ 371117.99619615, 155557.91126632 ], [ 371105.29880205, 155589.01236372 ], [ 371072.20312679, 155594.70073544 ], [ 371038.59625774, 155566.39883678 ], [ 370993.80084078, 155550.30344404 ], [ 370989.29903742, 155541.99582207 ], [ 371003.59597337, 155522.70134505 ], [ 370993.00106985, 155514.90357714 ], [ 370975.19998294, 155523.30117336 ], [ 370946.87819805, 155480.26349276 ], [ 370918.85323537, 155487.45143524 ], [ 370908.29955716, 155481.29319801 ], [ 370931.21258196, 155459.00957663 ], [ 370921.16185248, 155447.99273017 ], [ 370857.91398877, 155436.99587799 ], [ 370841.61350298, 155428.19839624 ], [ 370861.60777615, 155381.80167716 ], [ 370834.20943811, 155370.60488221 ], [ 370816.30941046, 155392.19870105 ], [ 370798.11256061, 155363.69685961 ], [ 370826.58275659, 155319.92938792 ], [ 370842.77605659, 155283.56979575 ], [ 370867.95647319, 155196.38475221 ], [ 370877.16620644, 155176.88033529 ], [ 370904.21825192, 155144.77952405 ], [ 370937.3304173, 155081.04776708 ], [ 370960.49903899, 155045.83784581 ], [ 370989.85145651, 154963.33146302 ], [ 370992.16007362, 154879.46546941 ], [ 370980.4438418, 154861.02074915 ], [ 370844.72189101, 154822.63173789 ], [ 370757.75298652, 154786.25215144 ], [ 370717.98705683, 154755.00109696 ], [ 370705.55350469, 154736.88628228 ], [ 370718.19318335, 154705.0353995 ], [ 370737.5360967, 154542.66187843 ], [ 370733.57022231, 154494.44568018 ], [ 370724.40995942, 154464.08437101 ], [ 370694.57932836, 154403.95158384 ], [ 370684.47912851, 154375.64968518 ], [ 370659.28222179, 154339.84993275 ], [ 370500.77916718, 154314.94706112 ], [ 370440.69740694, 154306.99933613 ], [ 370407.7666329, 154296.22242099 ], [ 370366.22801507, 154291.34381748 ], [ 370320.09689821, 154291.79368871 ], [ 370275.26025594, 154301.29097014 ], [ 370266.94098929, 154259.70287461 ], [ 370112.34609365, 154269.65002726 ], [ 370059.47876186, 154229.98138229 ], [ 370098.43667557, 154233.30043223 ], [ 370093.81944135, 154193.00196754 ], [ 370093.83593147, 154115.94402515 ], [ 370105.56040836, 154028.74898447 ], [ 370047.29256156, 154075.32565204 ], [ 369974.44744673, 154125.65124649 ], [ 369947.29646052, 154155.80261575 ], [ 369926.83221887, 154186.43384765 ], [ 369863.69978602, 154153.10338839 ], [ 369787.05369802, 154122.80206206 ], [ 369736.39604262, 154112.55499525 ], [ 369719.09790443, 154153.0534027 ], [ 369643.49893919, 154126.85090309 ], [ 369628.14663542, 154138.09768373 ], [ 369566.69619504, 154124.90146111 ], [ 369534.5487018, 154109.19595676 ], [ 369480.52706147, 154097.21938502 ], [ 369483.24793163, 154067.36792991 ], [ 369474.83796931, 154025.82982007 ], [ 369491.61666865, 154019.98149414 ], [ 369500.7192161, 153979.13318684 ], [ 369483.84157603, 153945.67276479 ], [ 369404.44163763, 153914.1317933 ], [ 369319.72363481, 153875.01299094 ], [ 369230.33892742, 153819.24895323 ], [ 369240.49684269, 153751.41836953 ], [ 369156.9826188, 153708.49065746 ], [ 369141.15210149, 153707.28100372 ], [ 368990.20152285, 153614.74749116 ], [ 369018.9108256, 153490.93293271 ], [ 369041.88981089, 153401.83843575 ], [ 369054.44703895, 153366.07867187 ], [ 369089.04331533, 153297.25837148 ], [ 369104.78313697, 153237.73540975 ], [ 368962.89388048, 153210.14330791 ], [ 368910.14197955, 153205.29469581 ], [ 368793.21052302, 153219.26069808 ], [ 368793.43313967, 153231.95706378 ], [ 368710.61150091, 153243.23383584 ], [ 368661.34726083, 153231.75712102 ], [ 368579.01208067, 153193.79798671 ], [ 368570.27231591, 153205.78455559 ], [ 368538.32270414, 153204.97478738 ], [ 368530.92688433, 153157.30843173 ], [ 368538.93283866, 153075.11196023 ], [ 368556.47008362, 153000.00345981 ], [ 368585.86372645, 152885.53622572 ], [ 368475.79216075, 152840.36915466 ], [ 368468.14074405, 152854.07523133 ], [ 368324.61896546, 152832.50140678 ], [ 368295.33250843, 152826.48312949 ], [ 368263.95180588, 152837.06010186 ], [ 368211.8265296, 152835.93042523 ], [ 368167.92157923, 152845.87757789 ], [ 368122.72215428, 152863.20261865 ], [ 368056.1185507, 152872.94982854 ], [ 368000.02740003, 152876.10892425 ], [ 367908.82877919, 152875.91897863 ], [ 367888.49645852, 152892.42425404 ], [ 367821.99179568, 152928.34397213 ], [ 367705.24173048, 152975.84037642 ], [ 367663.82678857, 152989.18655612 ], [ 367577.94623214, 153025.7560882 ], [ 367520.18957913, 153061.50585494 ], [ 367430.90381247, 153107.40271709 ], [ 367221.85028825, 153181.20159239 ], [ 367130.09924832, 153226.7985404 ], [ 367102.04955045, 153250.90164096 ], [ 367052.3977925, 153312.05413624 ], [ 367044.1527314, 153300.44745861 ], [ 366952.14609457, 153129.49639285 ], [ 366878.79803102, 153000.00345981 ], [ 366822.60793961, 152893.24401938 ], [ 366753.96780594, 152771.41889146 ], [ 366637.6959543, 152822.51426557 ], [ 366478.12928681, 152872.03009181 ], [ 366429.15362387, 152885.73616848 ], [ 366419.38322646, 152856.2046218 ], [ 366287.03350567, 152891.32456882 ], [ 366270.99686183, 152890.7447348 ], [ 366259.85778428, 152936.43165705 ], [ 366250.8871578, 152944.8392504 ], [ 366178.44605097, 152971.24169278 ], [ 366115.60219525, 153004.60214345 ], [ 366064.36738557, 152886.85584798 ], [ 366000.12186947, 152915.93752344 ], [ 365929.15662857, 152963.59388195 ], [ 365875.75336782, 152912.72844203 ], [ 365674.44195598, 153034.75351271 ], [ 365714.99941153, 153087.70835455 ], [ 365725.80868664, 153110.36187005 ], [ 365710.80267543, 153118.64949774 ], [ 365672.10035863, 153153.79943617 ], [ 365633.29910108, 153175.40325214 ], [ 365621.64882975, 153157.64833444 ], [ 365580.44825943, 153169.6049119 ], [ 365574.05009201, 153146.15162534 ], [ 365558.59884751, 153142.55265553 ], [ 365557.29612785, 153105.65321788 ], [ 365531.24997984, 153103.55381883 ], [ 365515.4029724, 153093.1967835 ], [ 365497.93993299, 153094.71634853 ], [ 365273.75672165, 153189.76913995 ], [ 365262.1724108, 153177.79256821 ], [ 365231.70691003, 153190.93880514 ], [ 365111.27954759, 153264.46775769 ], [ 365100.86603542, 153264.09786358 ], [ 364997.52243958, 153337.36689053 ], [ 364924.19911121, 153363.29946741 ], [ 364897.9385916, 153387.61250788 ], [ 364786.3829149, 153435.60876909 ], [ 364791.59379352, 153448.65503464 ], [ 364846.56361588, 153481.2057171 ], [ 364893.32135738, 153528.10229309 ], [ 364961.73062934, 153614.18765142 ], [ 365023.50262711, 153669.35186083 ], [ 365042.69712935, 153691.79543642 ], [ 365086.29701245, 153729.3046995 ], [ 365110.39732605, 153758.34638641 ], [ 365154.40121715, 153797.09529465 ], [ 365202.79972581, 153832.19524739 ], [ 365228.25222943, 153864.84590124 ], [ 365219.05074124, 153918.70048552 ], [ 365233.05085499, 153961.39826341 ], [ 365237.09917999, 153993.1991605 ], [ 365213.65022622, 154003.34625592 ], [ 365196.5499695, 154058.60043958 ], [ 365240.99909389, 154101.64811731 ], [ 365299.49780241, 154172.14793695 ], [ 365319.953799, 154173.14765078 ], [ 365342.50404111, 154258.25328955 ], [ 365439.25158807, 154245.24701255 ], [ 365443.75339143, 154273.6488826 ], [ 365472.2483226, 154314.69713266 ], [ 365466.60045574, 154360.10413504 ], [ 365475.33197545, 154399.89274567 ], [ 365471.34961094, 154436.35230923 ], [ 365475.2989952, 154468.60307754 ], [ 365471.0610338, 154519.868403 ], [ 365457.86893604, 154607.52331204 ], [ 365442.15384958, 154685.89087956 ], [ 365466.92201312, 154702.76604909 ], [ 365447.60383496, 154724.27989082 ], [ 365421.65662768, 154712.77318458 ], [ 365431.22914362, 154746.28359232 ], [ 365395.70942039, 154754.98110269 ], [ 365391.27357752, 154721.37072356 ], [ 365365.55723195, 154728.3687204 ], [ 365352.84334773, 154762.78886774 ], [ 365290.1726383, 154721.37072356 ], [ 365264.77785011, 154719.4012873 ], [ 365263.92036375, 154744.06422761 ], [ 365251.53628198, 154756.96053608 ], [ 365220.52660718, 154762.32899937 ], [ 365197.20132932, 154778.81428051 ], [ 365177.56983884, 154770.05678732 ], [ 365182.07988726, 154756.22074784 ], [ 365142.32220264, 154749.91255354 ], [ 365118.98867972, 154739.84543523 ], [ 365110.79308898, 154719.84116139 ], [ 365077.58198287, 154706.09509616 ], [ 365047.53698022, 154716.16221448 ], [ 365013.99607166, 154670.29534373 ], [ 364969.49747689, 154665.59668871 ], [ 364954.30182929, 154670.89517204 ], [ 364859.40117601, 154651.30078087 ], [ 364791.86588053, 154664.76692623 ], [ 364801.06736872, 154688.02027003 ], [ 364785.50069336, 154723.99997094 ], [ 364795.40301175, 154743.40441648 ], [ 364796.10384194, 154776.09505888 ], [ 364785.03072488, 154795.13960744 ], [ 364761.38388964, 154788.87140169 ], [ 364724.50373134, 154807.59604182 ], [ 364706.60370369, 154808.79569842 ], [ 364669.22059665, 154830.90936845 ], [ 364647.29697919, 154851.90335898 ], [ 364612.19775408, 154873.29723505 ], [ 364579.29996029, 154887.20325449 ], [ 364544.10179444, 154894.10127995 ], [ 364482.29681643, 154895.0010224 ], [ 364439.19988206, 154909.29693024 ], [ 364402.69899656, 154915.49515602 ], [ 364354.80343662, 154917.50458083 ], [ 364350.4417993, 154936.41916658 ], [ 364294.1032968, 154970.39943983 ], [ 364194.00000997, 154983.69563383 ], [ 364163.99623262, 154994.20262624 ], [ 364085.19818368, 154993.90271209 ], [ 363942.7565081, 155009.50824505 ], [ 363847.9877758, 155022.51452204 ], [ 363766.49359188, 155043.60848396 ], [ 363719.95846702, 155059.5739139 ], [ 363642.28999145, 155061.83326717 ], [ 363614.9576139, 155066.25200232 ], [ 363601.83147663, 155013.46711184 ], [ 363536.95933588, 155000.00096648 ], [ 363486.82111933, 154995.02239158 ], [ 363448.40737966, 154996.46197951 ], [ 363407.74273831, 155004.42969877 ], [ 363361.56215108, 155007.82872581 ], [ 363272.16919862, 155023.30429597 ], [ 363161.15769596, 155074.70958136 ], [ 363123.13971922, 155088.72556933 ], [ 363071.33600032, 155093.94407555 ], [ 363023.94338911, 155117.2374079 ], [ 362964.20792144, 155166.54329424 ], [ 362935.6222946, 155195.7049468 ], [ 362887.47113777, 155233.07424995 ], [ 362867.38616893, 155260.15649774 ], [ 362833.52370298, 155277.59150702 ], [ 362784.29244315, 155292.9171201 ], [ 362753.94237324, 155295.66633315 ], [ 362639.14638752, 155325.37782832 ], [ 362598.90224429, 155331.9159568 ], [ 362495.20411082, 155371.38465901 ], [ 362413.8995633, 155549.53366438 ], [ 362364.70952877, 155607.57704964 ], [ 362324.53134603, 155629.27083985 ], [ 362274.70644179, 155649.23512514 ], [ 362206.14875874, 155667.90977957 ], [ 362147.4439237, 155693.58243085 ], [ 362080.36210658, 155717.32563443 ], [ 362009.25669964, 155750.27620243 ], [ 361750.99665078, 155851.29728544 ], [ 361717.20014532, 155733.92088409 ], [ 361674.40003315, 155745.4975703 ], [ 361660.92760331, 155680.66612811 ], [ 361653.20198105, 155604.09804549 ], [ 361612.22402738, 155615.48478607 ], [ 361460.9436463, 155652.33423802 ], [ 361468.2982408, 155679.19654877 ], [ 361485.90144625, 155697.30136632 ], [ 361483.70001494, 155731.50157661 ], [ 361514.29743668, 155764.60210168 ], [ 361512.69789483, 155782.89686486 ], [ 361519.90407823, 155830.80315183 ], [ 361521.70150155, 155877.49978506 ], [ 361532.7993538, 155907.10131171 ], [ 361556.1988372, 155947.69969054 ], [ 361486.29720919, 155977.60113135 ], [ 361457.10144783, 155995.29606622 ], [ 361340.1040308, 156041.00298275 ], [ 361272.29664831, 156071.60422324 ], [ 361216.29619331, 156100.09606753 ], [ 361192.79776917, 156082.60107542 ], [ 361159.39702665, 156031.69564695 ], [ 361114.89843189, 156030.29604758 ], [ 361095.80287038, 156023.19807935 ], [ 361083.64140525, 155983.72937715 ], [ 361057.0098579, 155961.58571571 ], [ 360977.0987257, 155869.90195991 ], [ 360971.89609215, 155845.29900244 ], [ 360944.12672636, 155809.40927576 ], [ 360936.79686704, 155775.89886802 ], [ 360926.69666719, 155777.09852462 ], [ 360920.90038924, 155757.80404761 ], [ 360882.19807243, 155708.59813265 ], [ 360867.59606922, 155661.90149942 ], [ 360849.4981601, 155677.59700663 ], [ 360822.52032018, 155669.169419 ], [ 360798.65911335, 155644.2465531 ], [ 360785.64840694, 155639.68785801 ], [ 360759.41262251, 155614.98492915 ], [ 360726.96830708, 155602.07862354 ], [ 360702.28259414, 155605.82755043 ], [ 360681.99974383, 155588.3025669 ], [ 360671.00083233, 155592.90125054 ], [ 360618.29840177, 155579.29514525 ], [ 360605.60100767, 155565.09920879 ], [ 360569.10012218, 155548.50395913 ], [ 360547.30018063, 155544.29516389 ], [ 360509.80164274, 155512.00440702 ], [ 360483.49989783, 155476.82447717 ], [ 360476.7224576, 155459.99929333 ], [ 360455.62334624, 155460.72908443 ], [ 360418.70196263, 155393.0984435 ], [ 360356.89698462, 155333.49550466 ], [ 360319.49738746, 155302.00451886 ], [ 360252.90202895, 155259.4966866 ], [ 360148.39587949, 155239.20249576 ], [ 360060.09952016, 155246.4604182 ], [ 360035.16645539, 155236.00341148 ], [ 359989.43934653, 155205.86203936 ], [ 359933.57905757, 155178.9697372 ], [ 359874.60213551, 155157.34592695 ], [ 359712.24039231, 155090.62502561 ], [ 359638.24921398, 155054.74529608 ], [ 359566.53367253, 155001.41056299 ], [ 359550.15898118, 154984.9652704 ], [ 359517.73940093, 154937.8587545 ], [ 359494.52130887, 154923.9627322 ], [ 359492.5012689, 154959.40258765 ], [ 359517.79711636, 155017.59592998 ], [ 359500.10321524, 155018.49567243 ], [ 359505.29760373, 155054.69531039 ], [ 359491.09960851, 155064.70244588 ], [ 359472.20192847, 155063.80270342 ], [ 359456.00038341, 155075.99921221 ], [ 359385.00216226, 155070.90067165 ], [ 359354.00073252, 155076.89895466 ], [ 359305.09927513, 155075.69929806 ], [ 359244.59701677, 155067.601616 ], [ 359206.80165669, 155104.50105364 ], [ 359183.89687695, 155120.39650362 ], [ 359140.99782404, 155137.7015501 ], [ 359138.59851126, 155159.89519723 ], [ 359109.79851283, 155174.70095913 ], [ 359092.89613757, 155210.30076879 ], [ 359068.69688324, 155245.30075015 ], [ 359073.80057606, 155265.8048809 ], [ 359050.69791486, 155294.79658211 ], [ 358992.19920635, 155308.10277326 ], [ 358998.20161083, 155336.10475777 ], [ 358992.00132488, 155342.40295493 ], [ 358960.00224275, 155339.50378481 ], [ 358956.49809178, 155358.49834767 ], [ 358928.70399081, 155387.69998879 ], [ 358888.79789508, 155394.49804287 ], [ 358868.00385098, 155407.40434848 ], [ 358845.50307924, 155433.49687957 ], [ 358806.2978137, 155426.19896857 ], [ 358786.60036273, 155438.39547736 ], [ 358765.30336991, 155435.79622139 ], [ 358748.09592739, 155405.09500952 ], [ 358731.00391573, 155423.99959814 ], [ 358720.90371588, 155403.19555323 ], [ 358696.20151282, 155401.5960111 ], [ 358650.1033762, 155409.50374753 ], [ 358623.60374982, 155408.20411954 ], [ 358587.49862726, 155370.80482498 ], [ 358618.59899773, 155320.29928204 ], [ 358641.80059967, 155266.50468059 ], [ 358632.89593368, 155233.90401243 ], [ 358614.3033209, 155210.20079741 ], [ 358619.70383592, 155188.09712452 ], [ 358607.19607823, 155158.19568371 ], [ 358605.59653638, 155091.10488826 ], [ 358582.89788317, 155048.29714184 ], [ 358591.39854116, 155000.00096648 ], [ 358607.0971375, 154985.79503289 ], [ 358611.69788159, 154962.90158607 ], [ 358599.09942823, 154940.79791318 ], [ 358578.70114707, 154926.70194811 ], [ 358547.1967686, 154854.39264643 ], [ 358509.59928998, 154807.62603323 ], [ 358488.40123789, 154793.99993366 ], [ 358459.60123946, 154799.49835976 ], [ 358398.39815091, 154794.69973335 ], [ 358350.50259097, 154776.50494155 ], [ 358333.19620772, 154747.80315735 ], [ 358309.20307992, 154740.99510614 ], [ 358296.10167783, 154680.60239337 ], [ 358273.50196535, 154646.20224031 ], [ 358233.29904742, 154601.595009 ], [ 358194.49778988, 154584.89978796 ], [ 358116.54898223, 154531.26514072 ], [ 358102.32625183, 154530.86525518 ], [ 358062.40366598, 154506.26229771 ], [ 357984.51257375, 154467.68334082 ], [ 357882.23259079, 154436.79218332 ], [ 357847.43843295, 154434.88272989 ], [ 357825.6797167, 154440.65107872 ], [ 357766.38948232, 154412.63909707 ], [ 357745.10073456, 154388.49600795 ], [ 357699.29942014, 154301.50091004 ], [ 357670.20259952, 154297.80196885 ], [ 357659.79733241, 154269.79998434 ], [ 357598.09954019, 154225.80257846 ], [ 357561.26885225, 154189.35301204 ], [ 357522.88809283, 154171.05824887 ], [ 357466.6815113, 154129.9300217 ], [ 357439.43982942, 154102.70781397 ], [ 357391.61847503, 154075.25567207 ], [ 357375.59832132, 154082.96346574 ], [ 357348.58750115, 154069.70726028 ], [ 357124.70111201, 154183.20477196 ], [ 357055.68170553, 154238.30899854 ], [ 357011.70254962, 154267.0007856 ], [ 356969.9083349, 154301.91079271 ], [ 356942.71612339, 154266.56091151 ], [ 356786.29906924, 154091.7909389 ], [ 356538.12273009, 154203.9388369 ], [ 356532.57380397, 154118.68324106 ], [ 356516.27331818, 153914.82159584 ], [ 356512.67022647, 153888.2192107 ], [ 356440.28683507, 153918.23062002 ], [ 356393.85889601, 153919.33030524 ], [ 356336.82780837, 153930.24718032 ], [ 356290.55652547, 153948.74188626 ], [ 356154.01006858, 154010.0143472 ], [ 356166.88060896, 154050.42278041 ], [ 356146.62249383, 154079.54444442 ], [ 356084.89996643, 154137.57783254 ], [ 356024.76873582, 154127.03085158 ], [ 356000.00057227, 154166.25962246 ], [ 355983.35379391, 154203.99881973 ], [ 355972.94028174, 154211.54665918 ], [ 355918.36622231, 154271.54948355 ], [ 355911.8608691, 154340.92962369 ], [ 355900.31778356, 154345.50831305 ], [ 355813.11801735, 154315.37693807 ], [ 355772.85738399, 154417.80761759 ], [ 355753.28360894, 154439.80132196 ], [ 355666.66099701, 154493.79586618 ], [ 355590.96309104, 154535.91381005 ], [ 355587.84645795, 154541.33225903 ], [ 355661.0461104, 154630.97659861 ], [ 355607.14814598, 154700.87658994 ], [ 355599.71110087, 154692.38901949 ], [ 355567.80271441, 154732.54752423 ], [ 355575.94058972, 154737.83601042 ], [ 355531.69759185, 154829.80968323 ], [ 355491.79149612, 154879.63542076 ], [ 355486.54763726, 154894.82107391 ], [ 355461.60632743, 155005.87928383 ], [ 355455.90074515, 155072.14031681 ], [ 355444.48958058, 155098.06289655 ], [ 355567.67079343, 155267.87428854 ], [ 355488.30383527, 155307.20303081 ], [ 355433.91116719, 155321.50893578 ], [ 355399.28191057, 155347.94136958 ], [ 355347.65958301, 155409.79366454 ], [ 355285.60725316, 155464.88789398 ], [ 355204.30270565, 155521.86158543 ], [ 355184.07757077, 155524.30088719 ], [ 355155.69807046, 155515.66335966 ], [ 355090.49612727, 155584.97351983 ], [ 355057.34273658, 155608.38681784 ], [ 355034.83371977, 155653.19399192 ], [ 354999.99833662, 155671.91863205 ], [ 354935.00251996, 155697.61127761 ], [ 354905.77377836, 155705.41904266 ], [ 354838.97229332, 155737.69980239 ], [ 354783.07077905, 155778.98798377 ], [ 354727.50731229, 155828.18390158 ], [ 354720.06202212, 155821.15591332 ], [ 354673.87318983, 155813.08822268 ], [ 354635.28630388, 155823.88513209 ], [ 354610.49340515, 155836.60149207 ], [ 354596.61696731, 155858.4552365 ], [ 354556.65315615, 155890.36610211 ], [ 354525.94854861, 155930.60458397 ], [ 354380.59636646, 156000.04470694 ], [ 354098.31845461, 156144.17345051 ], [ 353881.06933965, 156189.29053588 ], [ 353696.37172593, 156151.14145594 ], [ 353613.09660881, 156136.19573411 ], [ 353627.74808238, 156170.53590434 ], [ 353677.87805388, 156232.31821934 ], [ 353669.78140388, 156238.62641364 ], [ 353671.53760189, 156268.01800038 ], [ 353696.69328331, 156336.70833798 ], [ 353708.02199726, 156378.10648788 ], [ 353748.66190343, 156456.5540325 ], [ 353763.04953505, 156456.22412694 ], [ 353789.82124845, 156482.94647774 ], [ 353897.13896374, 156570.07153846 ], [ 353921.05788599, 156591.83530864 ], [ 353869.11400106, 156651.12833619 ], [ 353757.93759717, 156699.73442284 ], [ 353679.00762725, 156691.34682377 ], [ 353640.28057526, 156711.89094307 ], [ 353601.58650351, 156742.94205478 ], [ 353599.46752281, 156761.52673498 ], [ 353608.74321654, 156820.81976252 ], [ 353620.61610453, 156836.21535558 ], [ 353637.07324649, 156879.42298752 ], [ 353557.44244637, 156968.43750738 ], [ 353521.29609851, 156990.78111159 ], [ 353453.05172777, 157022.58200868 ], [ 353364.49152649, 157101.60938733 ], [ 353373.61880912, 157106.44800229 ], [ 353352.99791131, 157124.04296578 ], [ 353268.93126832, 157166.34085814 ], [ 353220.88729729, 157167.31058056 ], [ 353190.13321938, 157181.03665151 ], [ 353082.65884793, 157028.80022873 ], [ 352951.80148319, 157086.85361113 ], [ 352945.2713948, 157093.45172244 ], [ 352939.17004959, 157130.41114291 ], [ 352949.17955376, 157154.00438942 ], [ 352880.71256638, 157201.15089387 ], [ 352832.90770211, 157249.60702345 ], [ 352718.79605648, 157331.20366665 ], [ 352703.27885148, 157345.19966034 ], [ 352570.69826898, 157430.20532772 ], [ 352433.78902939, 157504.73399411 ], [ 352429.9715661, 157495.54662397 ], [ 352290.35794648, 157557.15898761 ], [ 352327.96367016, 157647.57310684 ], [ 352324.26988279, 157662.108946 ], [ 352282.31901191, 157658.34002484 ], [ 352247.30223741, 157666.42770977 ], [ 352216.78726627, 157686.59193782 ], [ 352215.41034107, 157702.24745647 ], [ 352177.16974768, 157723.00151568 ], [ 352104.94301244, 157746.92466775 ], [ 352100.25981773, 157757.57162009 ], [ 352066.76013448, 157755.10232692 ], [ 352011.99643864, 157767.54876416 ], [ 351986.59340539, 157791.48191337 ], [ 351936.57061969, 157824.3625014 ], [ 351910.41728588, 157829.43105054 ], [ 351779.3785298, 157872.57869966 ], [ 351751.65863438, 157879.41674229 ], [ 351677.87358258, 157887.58440432 ], [ 351670.55196833, 157893.01285044 ], [ 351650.8874976, 157879.91659921 ], [ 351625.08870141, 157873.66838774 ], [ 351574.59594723, 157830.49074721 ], [ 351523.68269493, 157845.97631451 ], [ 351484.41971397, 157884.83519127 ], [ 351482.35844869, 157827.47161143 ], [ 351511.1831823, 157814.64528293 ], [ 351514.84398943, 157752.08319114 ], [ 351524.97716952, 157675.3251629 ], [ 351455.25693285, 157693.43997758 ], [ 351347.13120157, 157724.80100058 ], [ 351349.95101247, 157757.59161437 ], [ 351302.11316796, 157757.16173742 ], [ 351228.78983959, 157764.75956257 ], [ 351196.47744513, 157774.02690982 ], [ 351095.81349415, 157785.53361605 ], [ 351003.74089684, 157788.57274611 ], [ 350914.90036347, 157784.73384499 ], [ 350813.07385887, 157790.57217378 ], [ 350696.68657637, 157801.26911182 ], [ 350569.38283297, 157792.22170161 ], [ 350546.2719267, 157782.02462049 ], [ 350299.909501, 157769.89809168 ], [ 350140.91998779, 157760.37081883 ], [ 350096.83364608, 157841.18768524 ], [ 350008.05907321, 158012.08876532 ], [ 349941.85123256, 158141.94159533 ], [ 349864.43010882, 158289.96922286 ], [ 349842.5394716, 158288.50964067 ], [ 349845.30981213, 158188.2583373 ], [ 349843.9163968, 158136.07327512 ], [ 349837.19667201, 158086.26753187 ], [ 349825.24957847, 158066.15328951 ], [ 349780.60257261, 158035.90194886 ], [ 349740.43263492, 158016.50750047 ], [ 349657.90781836, 157983.52694105 ], [ 349576.93307329, 157955.07508531 ], [ 349531.56050205, 157933.7211978 ], [ 349491.34933906, 157906.83889278 ], [ 349388.51693701, 157830.22082447 ], [ 349356.19629749, 157815.71497673 ], [ 349299.1981901, 157858.15282902 ], [ 349230.86312369, 157914.40672651 ], [ 349013.03685446, 158007.75000727 ], [ 349014.29834881, 157956.34472188 ], [ 348977.6325621, 157950.07651614 ], [ 348979.69382737, 157935.53067984 ], [ 348955.28844651, 157933.03139525 ], [ 348952.28724427, 157969.83086152 ], [ 348868.9379216, 157988.84541866 ], [ 348869.25123392, 157995.05364157 ], [ 348788.4991055, 158048.89822872 ], [ 348811.50282597, 158069.50233086 ], [ 348807.19890407, 158091.89592076 ], [ 348742.90391761, 158098.00417229 ], [ 348659.39793878, 158101.90305624 ], [ 348562.19691346, 158112.49002576 ], [ 348560.95190923, 158101.3432165 ], [ 348495.46963396, 158106.01188011 ], [ 348440.96978009, 158102.91276722 ], [ 348417.61152199, 158095.66484191 ], [ 348356.41667849, 158094.07529692 ], [ 348344.12329239, 158071.63172132 ], [ 348217.19057674, 158057.82567326 ], [ 348141.86369852, 158062.20441986 ], [ 348100.53945228, 158100.50345688 ], [ 348039.92176307, 158111.92018887 ], [ 347981.57971072, 158112.7099628 ], [ 347899.2775108, 158042.90994285 ], [ 347878.78028891, 158063.31410222 ], [ 347827.0837558, 158090.60628991 ], [ 347773.73821048, 158113.05986264 ], [ 347706.03801378, 158135.64339817 ], [ 347622.4990547, 158153.93816135 ], [ 347605.90174671, 158148.13982111 ], [ 347557.70111951, 158116.93875232 ], [ 347548.20280912, 158141.84162395 ], [ 347526.60074904, 158166.14466727 ], [ 347490.09986354, 158197.43571031 ], [ 347481.40132408, 158212.54138635 ], [ 347472.70278462, 158271.64446827 ], [ 347461.59668731, 158304.84496473 ], [ 347480.09860442, 158357.43990958 ], [ 347500.70301212, 158456.34159927 ], [ 347506.49929007, 158500.33900514 ], [ 347500.99983432, 158618.33522907 ], [ 347497.50392841, 158647.63684157 ], [ 347442.69900727, 158645.83735667 ], [ 347398.44776434, 158657.32406863 ], [ 347393.54195299, 158604.45920104 ], [ 347380.55598175, 158587.75398286 ], [ 347261.8271019, 158517.5340831 ], [ 347115.13097478, 158427.91973494 ], [ 347042.79705374, 158390.92032591 ], [ 347015.25030461, 158383.67240061 ], [ 346939.04944991, 158403.86662007 ], [ 346883.32932699, 158436.02741414 ], [ 346822.84355875, 158455.671791 ], [ 346816.06611853, 158440.98599476 ], [ 346790.06944087, 158425.79034447 ], [ 346722.92166327, 158461.47013124 ], [ 346658.75859778, 158488.40242195 ], [ 346589.21150739, 158537.31841989 ], [ 346576.51411329, 158564.72057611 ], [ 346537.11096629, 158570.61888773 ], [ 346471.10925218, 158573.31811509 ], [ 346401.24884947, 158571.02877041 ], [ 346366.41346632, 158566.39009821 ], [ 346297.92998881, 158549.30498877 ], [ 346238.4336279, 158540.13761291 ], [ 346163.26340585, 158545.3761134 ], [ 346101.90366113, 158545.57605617 ], [ 346000.67904599, 158556.50292838 ], [ 345909.37323936, 158555.65317162 ], [ 345846.7932256, 158559.49207275 ], [ 345745.47791479, 158578.12673863 ], [ 345744.3730766, 158573.42808361 ], [ 345654.14737298, 158590.52319019 ], [ 345595.68164471, 158605.84880327 ], [ 345537.99095218, 158617.04559823 ], [ 345453.79238822, 158625.96304563 ], [ 345407.04289178, 158625.26324595 ], [ 345369.26402181, 158632.62113977 ], [ 345344.56181875, 158666.13154752 ], [ 345336.12712124, 158661.22295259 ], [ 345311.11160586, 158695.78305986 ], [ 345270.9581583, 158698.77220423 ], [ 345228.00138997, 158691.86418163 ], [ 345152.0066618, 158687.26549799 ], [ 345108.81078669, 158689.4848627 ], [ 345076.30875583, 158705.9601467 ], [ 345025.80775658, 158721.85559668 ], [ 344973.60827475, 158743.45941265 ], [ 344955.00741691, 158733.96213122 ], [ 344929.20862072, 158741.75989913 ], [ 344817.57873847, 158751.84701172 ], [ 344762.08947726, 158748.64792745 ], [ 344731.58275119, 158751.83701458 ], [ 344685.08060658, 158766.52281082 ], [ 344656.04974644, 158721.35573976 ], [ 344596.46268987, 158769.48196377 ], [ 344550.32332794, 158824.18630482 ], [ 344532.7613478, 158855.91722193 ], [ 344519.7671315, 158923.87776843 ], [ 344461.15299213, 158951.32991034 ], [ 344429.07145939, 158945.53157009 ], [ 344408.97824549, 158911.89119955 ], [ 344368.98145409, 158863.65500702 ], [ 344339.35694955, 158865.28454057 ], [ 344315.24014583, 158882.00975303 ], [ 344252.13244816, 158903.05372925 ], [ 344211.92128517, 158908.79208666 ], [ 344168.88206622, 158902.1539868 ], [ 344132.29048506, 158901.53416422 ], [ 344092.57402573, 158893.48646785 ], [ 344088.50921061, 158886.80837943 ], [ 343972.27858427, 158877.27110945 ], [ 343935.6870031, 158866.60416283 ], [ 343873.69238868, 158863.56503277 ], [ 343801.53985899, 158873.88207955 ], [ 343756.90109818, 158893.0565909 ], [ 343700.70276172, 158906.15284214 ], [ 343649.74828411, 158925.26737066 ], [ 343596.73254123, 158933.7749354 ], [ 343513.036926, 158983.79061856 ], [ 343490.39598821, 158986.28990314 ], [ 343433.01860801, 158972.43386939 ], [ 343365.20298045, 158980.93143699 ], [ 343308.61712612, 158967.90516572 ], [ 343279.23997341, 158940.59298375 ], [ 343156.83379631, 158918.55929083 ], [ 343107.53657598, 158896.88549489 ], [ 343060.96847089, 158905.49303101 ], [ 343034.14728712, 158650.99588006 ], [ 343041.23803967, 158625.57315724 ], [ 343060.58919807, 158503.68804649 ], [ 343023.79973544, 158496.6000754 ], [ 343053.7375523, 158398.74808524 ], [ 343065.94848779, 158340.74468854 ], [ 343043.57963702, 158344.89350095 ], [ 343031.40992684, 158337.50561571 ], [ 343045.88825413, 158279.0023621 ], [ 343033.48768224, 158276.79299452 ], [ 343041.51012669, 158231.27602362 ], [ 343080.50102063, 158232.78559151 ], [ 343095.58123739, 158086.84736589 ], [ 343101.27032955, 158079.94934043 ], [ 343140.26122349, 158074.24097443 ], [ 343198.16628761, 158053.73684368 ], [ 343252.600181, 158052.2572672 ], [ 343298.79725835, 158055.29639726 ], [ 343312.13776721, 158039.26098735 ], [ 343344.27701538, 158036.96164553 ], [ 343346.52791706, 158007.52007309 ], [ 343412.87592374, 157998.08277449 ], [ 343436.390838, 158013.55834466 ], [ 343457.58889009, 158002.16160694 ], [ 343471.3004267, 157974.99938204 ], [ 343505.70706668, 157924.58381335 ], [ 343508.99684606, 157887.11453882 ], [ 343598.71960096, 157876.98743767 ], [ 343610.27917662, 157871.94887994 ], [ 343611.54891603, 157781.1648666 ], [ 343618.39231675, 157743.60561782 ], [ 343630.18275412, 157721.23202219 ], [ 343635.64098457, 157691.19062146 ], [ 343677.7732468, 157688.59136549 ], [ 343712.50968922, 157676.70476799 ], [ 343776.32646214, 157639.18550776 ], [ 343795.86725695, 157613.2029452 ], [ 343809.47985283, 157538.69427308 ], [ 343806.28076912, 157499.7254278 ], [ 343811.88741067, 157498.79569393 ], [ 343803.22185145, 157440.74231154 ], [ 343803.93917177, 157391.36644523 ], [ 343814.16304753, 157349.47843555 ], [ 343842.83937004, 157290.39534791 ], [ 343819.34919096, 157249.94692615 ], [ 343804.81314824, 157258.52447085 ], [ 343759.05305913, 157264.59273383 ], [ 343651.42203152, 157221.58504465 ], [ 343630.58676212, 157216.04663001 ], [ 343616.85873538, 157223.51449236 ], [ 343590.0210615, 157210.66816958 ], [ 343494.2134515, 157156.35371693 ], [ 343499.52327085, 157108.7973298 ], [ 343485.57262747, 157086.10382575 ], [ 343491.87185415, 157057.1021274 ], [ 343478.67151133, 157006.89649861 ], [ 343481.35940125, 156966.56804251 ], [ 343501.36191948, 156904.34585343 ], [ 343517.95922747, 156865.18706252 ], [ 343573.81127137, 156791.23823015 ], [ 343605.12601344, 156706.34253129 ], [ 343634.79998834, 156587.1066622 ], [ 343631.80703116, 156497.25238272 ], [ 343621.58315539, 156298.00941543 ], [ 343611.69732713, 156125.23887048 ], [ 343538.31628333, 156120.84012961 ], [ 343468.61253678, 156112.74244755 ], [ 343391.29859884, 156116.14147458 ], [ 343321.49591156, 156110.04322019 ], [ 343185.52660894, 156103.23516898 ], [ 343143.23769055, 156096.22717499 ], [ 343065.1404718, 156088.97924969 ], [ 342989.73938803, 156074.7733161 ], [ 342950.7237589, 156085.77016828 ], [ 342893.51952498, 156068.6750617 ], [ 342876.18016149, 156069.48482991 ], [ 342822.47183347, 156093.27801918 ], [ 342802.09828749, 156096.76702046 ], [ 342760.66685546, 156080.57165634 ], [ 342640.46210967, 156078.27231452 ], [ 342261.27999469, 156075.07323025 ], [ 342261.13158359, 156058.38800634 ], [ 342147.72901321, 156065.86586583 ], [ 341983.94087443, 156053.40943144 ], [ 341841.69708032, 156045.09181234 ], [ 341574.96935369, 156021.71850288 ], [ 341363.92052469, 156006.24293271 ], [ 341288.51944092, 155998.59512188 ], [ 341170.71400791, 155989.33777177 ], [ 341088.10674074, 155980.11041307 ], [ 341000.00001781, 155974.08213865 ], [ 340851.75381921, 155961.44575577 ], [ 340615.26897671, 155938.55230895 ], [ 340384.61339241, 156012.41116708 ], [ 340271.54886953, 156016.33004531 ], [ 339929.84880231, 156020.09896647 ], [ 339837.776205, 156023.70793341 ], [ 339664.57220645, 156203.87636073 ], [ 339589.88019793, 156257.73094502 ], [ 339338.21619794, 156169.75612755 ], [ 339174.79908692, 156113.69217569 ], [ 338941.67822935, 156030.38602183 ], [ 338813.93749771, 156348.55494692 ], [ 338786.06919119, 156385.36441032 ], [ 338724.97328843, 156450.0358983 ], [ 338647.70882085, 156410.5671961 ], [ 338615.95709055, 156487.46518428 ], [ 338574.5503937, 156562.55369042 ], [ 338540.63845739, 156611.12978565 ], [ 338474.79339944, 156691.38681232 ], [ 338409.50900564, 156766.98517251 ], [ 338381.91278613, 156755.5884348 ], [ 338395.21206969, 156739.1931279 ], [ 338386.90929316, 156730.4856204 ], [ 338366.60995273, 156736.29395778 ], [ 338358.19174535, 156714.21027917 ], [ 338330.16678266, 156693.63616845 ], [ 338316.96643984, 156675.94123357 ], [ 338307.04763134, 156637.14233964 ], [ 338291.67059238, 156619.50738759 ], [ 338280.06979141, 156587.1066622 ], [ 338266.47368566, 156581.00840781 ], [ 338227.87030958, 156581.20835058 ], [ 338183.27277409, 156571.11124084 ], [ 338152.76604801, 156481.20697567 ], [ 338121.07203314, 156401.60976014 ], [ 338072.26951648, 156243.98487979 ], [ 338024.94286576, 156104.8047197 ], [ 338001.75775394, 156030.96585585 ], [ 337955.31332476, 155896.46435651 ], [ 337913.09861192, 155789.15507347 ], [ 337897.77104334, 155741.48871782 ], [ 337843.56801166, 155609.68644583 ], [ 337811.13194129, 155535.93755623 ], [ 337799.30027861, 155529.52939055 ], [ 337787.36967519, 155500.80761207 ], [ 337791.36852983, 155486.73164127 ], [ 337717.443312, 155321.39896726 ], [ 337646.76664824, 155185.92774549 ], [ 337548.93075321, 155002.0403827 ], [ 337536.30756467, 154997.01182212 ], [ 337424.08403802, 155032.36170332 ], [ 337141.06407066, 155118.24711887 ], [ 336998.77080618, 155163.29422427 ], [ 336404.49978226, 155347.00163857 ], [ 336376.29342823, 155361.08760651 ], [ 336349.94221295, 155390.3092419 ], [ 336319.44373194, 155408.51403083 ], [ 336263.54221767, 155418.71111195 ], [ 336173.03618197, 155421.11042515 ], [ 336146.10781241, 155426.11899147 ], [ 336092.82822757, 155456.41032066 ], [ 336051.85851896, 155500.61766644 ], [ 336028.95373922, 155549.1737674 ], [ 336001.43997033, 155580.76472458 ], [ 335970.84254858, 155605.65759907 ], [ 335874.40006888, 155670.09915287 ], [ 335830.80018578, 155716.29592918 ], [ 335786.49947248, 155768.00112872 ], [ 335690.27136437, 155866.34297866 ], [ 335666.46787297, 155881.63860033 ], [ 335608.7029749, 155897.80397304 ], [ 335580.19979867, 155896.60431644 ], [ 335556.39630727, 155888.19672309 ], [ 335498.69736969, 155849.35784061 ], [ 335453.1021818, 155833.46239063 ], [ 335387.05924238, 155839.94053628 ], [ 335336.40158698, 155857.09562569 ], [ 335268.00056008, 155902.9025136 ], [ 335220.30288161, 155930.90449812 ], [ 335148.99959321, 155960.19611348 ], [ 335128.2715096, 155975.88162355 ], [ 335112.83675522, 156000.00471838 ], [ 335038.59822506, 156172.87523471 ], [ 335017.79593591, 156249.68324865 ], [ 335000.00309405, 156283.68351617 ], [ 334868.37893863, 156373.17789867 ], [ 334806.04627671, 156410.0973306 ], [ 334751.68658887, 156410.9070988 ], [ 334702.79337654, 156396.4112482 ], [ 334661.08985749, 156370.7086055 ], [ 334637.69037408, 156361.71118099 ], [ 334535.9875454, 156367.20960708 ], [ 334451.28603271, 156364.81029388 ], [ 334361.78589446, 156371.40840519 ], [ 334228.99094036, 156373.30786147 ], [ 334161.23302824, 156372.26815908 ], [ 334122.48948612, 156376.2870087 ], [ 334057.32876824, 156377.6166281 ], [ 333997.38717403, 156375.10734637 ], [ 333917.69041343, 156387.01393815 ], [ 333853.03264428, 156385.01451048 ], [ 333801.42680684, 156392.31242147 ], [ 333765.2969491, 156413.17644921 ], [ 333728.44977104, 156442.45806743 ], [ 333707.05383748, 156465.46148277 ], [ 333675.74734048, 156547.15809736 ], [ 333662.95100565, 156564.66308661 ], [ 333630.25109332, 156583.95756362 ], [ 333550.24926546, 156591.65536015 ], [ 333446.35325053, 156587.85644758 ], [ 333400.94769904, 156588.25633311 ], [ 333375.24784359, 156593.06495666 ], [ 333301.14947947, 156616.25831763 ], [ 333266.4460173, 156612.25946229 ], [ 333097.54594064, 156630.06436569 ], [ 333046.94600067, 156627.05522704 ], [ 333011.25313116, 156615.25860379 ], [ 332987.95258849, 156595.76418401 ], [ 332977.44838065, 156578.15922338 ], [ 332973.0702532, 156499.34178464 ], [ 332967.0925839, 156450.57574377 ], [ 332966.6061253, 156355.52295235 ], [ 332969.4671615, 156325.93142284 ], [ 332981.94193895, 156269.41759975 ], [ 333005.48983345, 156189.08059598 ], [ 333013.83383528, 156110.14319157 ], [ 333004.36850514, 156057.10837263 ], [ 332939.9415977, 155936.22297572 ], [ 332891.83166617, 155878.61946455 ], [ 332846.45084987, 155844.28929146 ], [ 332808.73794039, 155823.61520936 ], [ 332767.04266641, 155806.64006844 ], [ 332616.38890997, 155736.13025167 ], [ 332493.66942054, 155680.38620823 ], [ 332442.40987567, 155660.2519716 ], [ 332385.33756273, 155652.64414931 ], [ 332341.3419167, 155636.7387022 ], [ 332287.66656893, 155626.01177275 ], [ 332229.12663511, 155624.1223136 ], [ 332197.41613011, 155629.99063381 ], [ 332153.0989267, 155650.15486186 ], [ 332090.23858086, 155703.66954345 ], [ 332029.71158732, 155783.18678187 ], [ 332000.08708278, 155805.83030023 ], [ 331955.78636949, 155820.42612222 ], [ 331872.85754493, 155830.1433407 ], [ 331778.0970577, 155844.97909401 ], [ 331704.50164231, 155834.68204151 ], [ 331674.80293222, 155839.98052483 ], [ 331601.20751683, 155879.38924421 ], [ 331544.20116438, 155919.39779188 ], [ 331521.99721483, 155924.6962752 ], [ 331481.70360123, 155922.79681892 ], [ 331415.60294639, 155914.29925132 ], [ 331287.59837279, 155928.89507331 ], [ 331221.8027852, 155948.99931853 ], [ 331102.39781034, 156000.00471838 ], [ 331056.00285152, 156027.99670576 ], [ 330934.89939407, 156111.60277377 ], [ 330918.49996754, 156130.7972794 ], [ 330880.69636239, 156191.39993207 ], [ 330861.24626325, 156236.20710615 ], [ 330881.60331911, 156252.40247028 ], [ 330864.89882532, 156284.50328152 ], [ 330861.60080088, 156310.19592708 ], [ 330846.504094, 156335.0987987 ], [ 330818.39668071, 156406.29841802 ], [ 330797.50369588, 156433.900517 ], [ 330793.00189252, 156467.20098484 ], [ 330798.50134827, 156494.00331276 ], [ 330791.5012914, 156512.59799009 ], [ 330793.99954491, 156550.79705572 ], [ 330787.79925896, 156586.99669368 ], [ 330783.50358213, 156729.09601817 ], [ 330779.8015497, 156782.20081708 ], [ 330784.40229379, 156808.20337393 ], [ 330819.69940037, 156856.99940621 ], [ 330852.39931269, 156920.90111453 ], [ 330889.40314691, 156942.19501922 ], [ 330907.4021153, 156960.99963645 ], [ 330951.19987987, 156968.79740436 ], [ 330990.89984907, 156982.40350966 ], [ 331051.09704017, 156986.20242223 ], [ 331077.59666655, 156991.90079109 ], [ 331105.59689405, 157006.59658446 ], [ 331176.80124171, 156979.104454 ], [ 331209.69903551, 156977.9047974 ], [ 331232.00192579, 156987.50205021 ], [ 331277.8032402, 157030.49974225 ], [ 331292.89994708, 157026.6008583 ], [ 331303.60203639, 157001.09815837 ], [ 331360.60838884, 156979.05446831 ], [ 331364.98651629, 156987.39208169 ], [ 331311.40186419, 157019.10300454 ], [ 331295.49714133, 157050.20410194 ], [ 331271.99871719, 157055.70252803 ], [ 331218.70264223, 157024.10157371 ], [ 331157.40061294, 157034.79851174 ], [ 331159.296977, 157048.80450257 ], [ 331218.9005237, 157095.20122165 ], [ 331290.09662631, 157177.29772177 ], [ 331322.20289423, 157226.20372257 ], [ 331341.39739648, 157270.80095675 ], [ 331390.1009724, 157360.5952534 ], [ 331402.69942576, 157408.9014259 ], [ 331429.60306014, 157412.20048155 ], [ 331489.19836177, 157434.00424029 ], [ 331453.10148427, 157428.69575983 ], [ 331420.79733488, 157432.60464092 ], [ 331433.83277648, 157511.44207394 ], [ 331432.68671299, 157547.86164895 ], [ 331420.35210158, 157588.19010505 ], [ 331415.19069333, 157639.1955049 ], [ 331398.69232607, 157704.99666952 ], [ 331385.29410178, 157738.29713736 ], [ 331421.58886075, 157763.49992313 ], [ 331428.68785835, 157807.49732901 ], [ 331407.588747, 157869.7994952 ], [ 331397.99149587, 157884.39531719 ], [ 331369.89232764, 157897.3016228 ], [ 331349.96401496, 157927.13308363 ], [ 331325.75651557, 157948.2670341 ], [ 331313.52908995, 157977.44868094 ], [ 331314.79882936, 158008.64974973 ], [ 331347.59768242, 158053.8468122 ], [ 331371.79693676, 158075.60058525 ], [ 331384.04909755, 158114.69939333 ], [ 331382.64743716, 158155.94758616 ], [ 331388.94666385, 158197.19577899 ], [ 331401.24829501, 158237.60421219 ], [ 331380.34706512, 158272.75415063 ], [ 331386.6462918, 158287.74985815 ], [ 331409.24600428, 158289.2494289 ], [ 331420.40157195, 158280.45194716 ], [ 331420.50051268, 158261.1974587 ], [ 331436.75152811, 158251.70017726 ], [ 331427.7231862, 158314.75212883 ], [ 331410.69713503, 158348.5024679 ], [ 331415.75135749, 158353.50103707 ], [ 331398.09868167, 158383.8523491 ], [ 331383.24932663, 158397.54842864 ], [ 331396.64755091, 158457.75119577 ], [ 331442.44886533, 158489.6920528 ], [ 331411.21657388, 158483.08394435 ], [ 331382.54849643, 158461.60009404 ], [ 331374.3529057, 158436.1473798 ], [ 331369.00186104, 158392.24994531 ], [ 331374.0973088, 158370.44618657 ], [ 331391.70051425, 158344.00375564 ], [ 331360.19613579, 158287.20001554 ], [ 331373.60260514, 158237.5542265 ], [ 331373.8004866, 158217.79988112 ], [ 331357.59894154, 158188.94813985 ], [ 331358.85219083, 158110.70053799 ], [ 331351.54706669, 158099.1538432 ], [ 331304.59968878, 158056.79596801 ], [ 331285.80094947, 158028.90395202 ], [ 331278.57003089, 158000.00222505 ], [ 331285.53710752, 157953.47554318 ], [ 331294.53246918, 157932.03168142 ], [ 331331.5363034, 157886.82462181 ], [ 331352.98995238, 157834.49959969 ], [ 331354.39161277, 157807.99718592 ], [ 331326.39138527, 157803.69841643 ], [ 331273.99402197, 157844.0968525 ], [ 331215.09130547, 157902.28019769 ], [ 331216.28683933, 157936.57038223 ], [ 331173.7093438, 157968.63120491 ], [ 331136.85392068, 157970.45068409 ], [ 331100.45197592, 158014.34811858 ], [ 331072.19615153, 158027.30440988 ], [ 331069.30213508, 158043.89965954 ], [ 331049.39855758, 158051.29754192 ], [ 331046.5540115, 158067.95277441 ], [ 331028.24997586, 158084.79795253 ], [ 331035.34897346, 158094.84507657 ], [ 331014.59615467, 158112.15012305 ], [ 330974.79724474, 158172.80276141 ], [ 330963.96323445, 158215.80045345 ], [ 330954.35773827, 158230.58622107 ], [ 330957.35894051, 158253.99951908 ], [ 330935.65793969, 158397.39847156 ], [ 330950.76289163, 158441.29590605 ], [ 331000.00239652, 158510.26616352 ], [ 331030.89664047, 158568.09960887 ], [ 331024.59741379, 158577.5968903 ], [ 330977.79844698, 158531.70002814 ], [ 330988.09652829, 158576.59717647 ], [ 331030.09686954, 158683.44659114 ], [ 331081.39763971, 158836.2528508 ], [ 331202.55056753, 159184.35320811 ], [ 331258.94678547, 159360.75271428 ], [ 331302.9012062, 159543.85030314 ], [ 331411.29902449, 159989.95260768 ], [ 331480.54929268, 160384.89955529 ], [ 331547.20236662, 160718.35410492 ], [ 331602.24639453, 161029.49504176 ], [ 331615.44673735, 161109.80205411 ], [ 331642.69666429, 161316.20297246 ], [ 331645.1536925, 161399.89901472 ], [ 331652.45057158, 161500.00036101 ], [ 331652.40110121, 161626.55413537 ], [ 331634.5340538, 161704.74175439 ], [ 331613.59984367, 161744.80028776 ], [ 331620.74831164, 161750.09877108 ], [ 331549.8572763, 161820.65857355 ], [ 331478.88379034, 161869.6545486 ], [ 331416.41920743, 161885.90989555 ], [ 331351.24199943, 161887.93931464 ], [ 331333.06988476, 161862.91647735 ], [ 331321.19699678, 161871.40404781 ], [ 331299.70212249, 161851.59971674 ], [ 331252.85368531, 161824.09758914 ], [ 331237.94661484, 161799.80454295 ], [ 331240.45311342, 161771.65260136 ], [ 331154.9518298, 161797.59517538 ], [ 331157.64796478, 161822.39807562 ], [ 331145.60193051, 161849.90020322 ], [ 331151.67029548, 161876.31264274 ], [ 331162.39711997, 161874.48316642 ], [ 331222.95709376, 161882.90075691 ], [ 331238.96075736, 161872.02387039 ], [ 331253.9997488, 161898.04642151 ], [ 331260.99980568, 161951.05124904 ], [ 331255.25299809, 161999.99723839 ], [ 331240.09857579, 162039.29598924 ], [ 331217.30098184, 162055.20143635 ], [ 331165.34885185, 162035.64703374 ], [ 331150.40055607, 162041.39538829 ], [ 331128.89743672, 162063.19914703 ], [ 331064.29738299, 162082.25369273 ], [ 331008.65146562, 162077.75498047 ], [ 330934.50363114, 162120.2028299 ], [ 330892.75064172, 162130.84978224 ], [ 330878.89893907, 162140.54700644 ], [ 330895.94972543, 162186.60382281 ], [ 330872.94600496, 162192.80204859 ], [ 330841.74669375, 162218.45470559 ], [ 330833.79845485, 162237.19934 ], [ 330834.9527634, 162267.30072356 ], [ 330824.05279263, 162276.69803361 ], [ 330818.65227761, 162307.04934564 ], [ 330828.70300709, 162332.70200264 ], [ 330842.95047267, 162409.19010815 ], [ 330863.49716493, 162445.04984341 ], [ 330868.04843866, 162464.95414586 ], [ 330886.50088541, 162484.24862287 ], [ 330923.75207146, 162498.75447062 ], [ 330952.50259952, 162502.60336888 ], [ 330992.85392855, 162529.89555658 ], [ 330994.19787351, 162552.34912931 ], [ 331011.55372713, 162557.44766987 ], [ 331012.19684189, 162591.3979517 ], [ 331081.85111807, 162629.24711749 ], [ 331110.89846833, 162633.49590129 ], [ 331113.29778111, 162644.00289369 ], [ 331146.4511718, 162651.25081899 ], [ 331181.04744818, 162647.45190642 ], [ 331192.95331641, 162656.79923078 ], [ 331245.79591301, 162668.09599711 ], [ 331295.85167895, 162691.09941245 ], [ 331308.20278048, 162713.10311396 ], [ 331348.99934281, 162734.29704726 ], [ 331362.19968563, 162726.1493795 ], [ 331379.25047199, 162731.99770544 ], [ 331387.94901145, 162747.40329563 ], [ 331405.75009837, 162728.39873563 ], [ 331434.89638936, 162730.29819192 ], [ 331451.69982389, 162749.20278054 ], [ 331483.64943565, 162760.2996041 ], [ 331488.75312847, 162782.90313391 ], [ 331508.25269798, 162785.65234696 ], [ 331517.50365653, 162797.4989559 ], [ 331537.4979297, 162800.84799725 ], [ 331544.10222365, 162814.704031 ], [ 331568.85389707, 162818.75287203 ], [ 331577.40402543, 162810.69517852 ], [ 331647.29740839, 162841.14646193 ], [ 331671.90067071, 162838.8971058 ], [ 331729.25331573, 162850.20386928 ], [ 331748.85182597, 162879.79539879 ], [ 331769.34904787, 162885.95363601 ], [ 331842.20240776, 162888.95277752 ], [ 331875.55367991, 162928.85135667 ], [ 331901.30300573, 162926.8019433 ], [ 331913.25009927, 162908.74711145 ], [ 331950.04780696, 162903.74854227 ], [ 332125.48621707, 162967.37033072 ], [ 332212.7436987, 163001.72049809 ], [ 332284.73957224, 163019.51540435 ], [ 332348.62230565, 163038.53995863 ], [ 332471.5066963, 163045.15806422 ], [ 332541.21868791, 163073.49995144 ], [ 332595.1001622, 163147.84866934 ], [ 332604.59847259, 163143.34995708 ], [ 332607.89649703, 163115.34797257 ], [ 332620.80001766, 163104.251149 ], [ 332661.29975778, 163131.65330521 ], [ 332689.10210382, 163143.05004293 ], [ 332735.90107063, 163175.45076832 ], [ 332781.24066162, 163216.84891822 ], [ 332839.56622385, 163291.43756744 ], [ 332880.66785344, 163357.23873206 ], [ 332916.17108654, 163426.23898094 ], [ 332924.47386307, 163448.5425966 ], [ 332959.49888263, 163575.04638526 ], [ 332992.19879495, 163683.44535638 ], [ 333025.84688931, 163811.79861564 ], [ 333040.20154069, 163875.25045274 ], [ 333061.00382984, 164000.0047422 ], [ 333096.55653331, 164236.66699833 ], [ 333103.52360994, 164272.14684233 ], [ 333123.82295037, 164407.64805551 ], [ 333133.71702369, 164941.34528627 ], [ 333136.03388586, 165009.52576981 ], [ 333130.65810603, 165061.3209436 ], [ 333117.82054589, 165247.8975366 ], [ 333111.71920068, 165263.60304095 ], [ 333078.62352542, 165313.89864398 ], [ 333060.13809843, 165334.82265455 ], [ 333031.53598147, 165353.89719452 ], [ 333006.33907474, 165363.70438724 ], [ 332964.676781, 165369.7426588 ], [ 332920.02153008, 165368.80292779 ], [ 332833.01964534, 165382.0991218 ], [ 332814.72385475, 165392.59611706 ], [ 332794.41626926, 165432.70463612 ], [ 332779.51744385, 165477.30187029 ], [ 332777.917902, 165534.89538432 ], [ 332788.81787277, 165555.79940061 ], [ 332819.52248031, 165572.60459017 ], [ 332772.12162404, 165565.39665343 ], [ 332738.58071549, 165578.14300482 ], [ 332684.13857703, 165581.61201183 ], [ 332607.86351679, 165636.73623268 ], [ 332566.7618872, 165658.73993419 ], [ 332471.25934447, 165691.6405165 ], [ 332456.96240852, 165725.94069817 ], [ 332411.1610941, 165901.3404905 ], [ 332397.25992108, 165911.83748577 ], [ 332362.6636447, 165896.14197856 ], [ 332336.65872199, 165910.73780055 ], [ 332249.36001505, 165922.84433509 ], [ 332219.15835624, 165920.54499327 ], [ 332183.86124966, 165902.34020434 ], [ 332148.66308382, 165903.33991817 ], [ 332089.56248585, 165899.04114868 ], [ 332073.65776299, 165908.0385732 ], [ 332041.16397719, 165905.43931723 ], [ 331964.96312249, 165907.53871628 ], [ 331929.86389738, 165925.44359106 ], [ 331858.46166825, 165925.24364829 ], [ 331846.25897782, 165941.93886934 ], [ 331870.55717288, 165943.53841147 ], [ 331882.36410038, 165934.04113004 ], [ 331915.45977564, 165954.53526366 ], [ 331925.75785696, 165949.13680895 ], [ 331974.05742489, 165965.24219883 ], [ 332017.26154506, 165951.73606492 ], [ 332064.06051187, 165953.73549259 ], [ 332085.66257195, 165967.8414548 ], [ 332117.56271335, 165975.93913686 ], [ 332153.26382792, 165994.44383995 ], [ 332182.75641148, 165998.74260944 ], [ 332209.75898658, 166012.7585974 ], [ 332252.13035558, 166017.43725815 ], [ 332278.73716775, 166034.25244485 ], [ 332289.76905951, 166014.53808803 ], [ 332324.09324887, 166035.42211004 ], [ 332340.0474421, 166028.19417901 ], [ 332468.61267985, 166069.19244338 ], [ 332480.22172588, 166079.1295989 ], [ 332478.63042909, 166121.28753132 ], [ 332457.57254304, 166123.04702767 ], [ 332496.95919992, 166138.13270943 ], [ 332547.16337696, 166165.93475118 ], [ 332602.66088323, 166182.33005808 ], [ 332616.15804826, 166190.92759706 ], [ 332651.85916282, 166196.02613761 ], [ 332671.55661379, 166192.32719642 ], [ 332734.7632522, 166240.33345478 ], [ 332758.26167633, 166251.43027834 ], [ 332789.55992827, 166257.32858997 ], [ 332791.76135959, 166269.02524184 ], [ 332812.15964075, 166283.03123266 ], [ 332874.55826316, 166309.53364643 ], [ 332883.05892116, 166318.83098509 ], [ 332909.16278461, 166321.43024106 ], [ 332907.95900569, 166331.22743664 ], [ 332933.2630982, 166331.82726494 ], [ 332936.05817392, 166350.03205388 ], [ 332999.05868579, 166366.12744662 ], [ 333038.95653646, 166371.22598718 ], [ 333074.36082883, 166357.62987902 ], [ 333128.25879325, 166345.0334847 ], [ 333174.76093786, 166356.13030827 ], [ 333210.95675609, 166351.7315674 ], [ 333253.46004607, 166353.23113815 ], [ 333306.06353589, 166370.72613026 ], [ 333335.35823798, 166372.3256724 ], [ 333398.35874986, 166395.02917359 ], [ 333417.85831936, 166369.32653089 ], [ 333437.25894813, 166365.82753247 ], [ 333441.0599213, 166330.32769419 ], [ 333450.55823169, 166321.63018383 ], [ 333482.97781194, 166316.31170623 ], [ 333529.19962447, 166331.49735938 ], [ 333556.02905329, 166345.72328725 ], [ 333560.59681714, 166357.3899477 ], [ 333592.00225488, 166382.59273348 ], [ 333646.50210875, 166383.89236147 ], [ 333705.19869873, 166412.89405982 ], [ 333715.00207638, 166434.28793588 ], [ 333706.11390052, 166445.49472797 ], [ 333722.70296345, 166452.75265041 ], [ 333729.91739191, 166469.51785142 ], [ 333745.28618581, 166465.38903329 ], [ 333787.79772084, 166499.97913197 ], [ 333847.21163114, 166526.6814885 ], [ 333866.21649698, 166527.10136831 ], [ 333888.26379036, 166516.92428148 ], [ 333898.94938955, 166525.23190344 ], [ 333912.8423175, 166556.47296078 ], [ 333898.18259887, 166585.27471637 ], [ 333905.67735941, 166593.79227824 ], [ 333953.30907739, 166611.61717592 ], [ 333976.28806268, 166631.42150699 ], [ 334017.89264099, 166655.85451311 ], [ 334026.14594716, 166672.70968837 ], [ 334074.28885892, 166705.30035938 ], [ 334105.3892294, 166721.19580936 ], [ 334126.89234875, 166740.90016904 ], [ 334161.6865066, 166756.09581933 ], [ 334168.488682, 166751.39716431 ], [ 334189.99180136, 166770.62166136 ], [ 334300.77244231, 166830.57450003 ], [ 334421.77695903, 166888.03805126 ], [ 334466.17661306, 166901.80411077 ], [ 334505.80237671, 166905.44306913 ], [ 334537.19956938, 166919.08916298 ], [ 334589.17643457, 166954.96889251 ], [ 334643.59383783, 166972.38390751 ], [ 334673.29254792, 166977.98230499 ], [ 334685.38805255, 166987.07970089 ], [ 334727.90783265, 166989.34905129 ], [ 334772.95060145, 166971.56414217 ], [ 334786.75283373, 166978.46216763 ], [ 334833.04885181, 166983.06085127 ], [ 334884.44856272, 166977.96231071 ], [ 334896.04936369, 166958.05800826 ], [ 334883.54985106, 166936.16427528 ], [ 334886.24598604, 166902.4639219 ], [ 334899.55351466, 166890.95721566 ], [ 334909.34864724, 166864.46479904 ], [ 334890.64884867, 166845.56021042 ], [ 334898.01168823, 166821.94696964 ], [ 334927.38884093, 166796.18434411 ], [ 334909.94229164, 166750.86731598 ], [ 334882.93971654, 166741.54998304 ], [ 334869.08801389, 166722.17552892 ], [ 334878.09162061, 166701.6813953 ], [ 334897.54996481, 166696.31293201 ], [ 334879.50152606, 166642.6083048 ], [ 334876.69820528, 166596.01164295 ], [ 334869.09625895, 166577.40696849 ], [ 334833.19726291, 166569.20931504 ], [ 334844.79806388, 166553.61377922 ], [ 334836.29740589, 166530.21047834 ], [ 334841.50003944, 166484.01370203 ], [ 334826.19720604, 166444.10512574 ], [ 334827.29379917, 166391.42020664 ], [ 334796.05326265, 166362.38851688 ], [ 334767.58306667, 166323.45966015 ], [ 334754.17659732, 166292.35856274 ], [ 334743.68063454, 166246.56167197 ], [ 334745.88206585, 166222.25862864 ], [ 334734.98209508, 166197.65567116 ], [ 334766.67610995, 166196.65595733 ], [ 334779.77751204, 166227.75705473 ], [ 334793.57974432, 166277.06294107 ], [ 334806.97796861, 166288.75959294 ], [ 334837.25383298, 166334.64645796 ], [ 334856.36588461, 166353.45107519 ], [ 334870.59686007, 166390.01061014 ], [ 334903.2967724, 166371.40593567 ], [ 334928.19685692, 166373.20542057 ], [ 334962.80137836, 166391.61015227 ], [ 334976.00172119, 166421.51159307 ], [ 334989.39994547, 166410.21482674 ], [ 334996.59788382, 166381.31309977 ], [ 335029.19885541, 166351.11174482 ], [ 335048.79736565, 166346.81297533 ], [ 335082.19810817, 166350.91180205 ], [ 335113.00165644, 166376.51447336 ], [ 335127.60365965, 166373.80524887 ], [ 335131.09956556, 166356.81011368 ], [ 335108.69773455, 166278.51252613 ], [ 335112.10294478, 166257.30859569 ], [ 335137.20091077, 166240.3134605 ], [ 335162.90076622, 166238.61394698 ], [ 335196.10362728, 166244.41228722 ], [ 335206.86343202, 166233.32546079 ], [ 335198.32154872, 166190.81762853 ], [ 335208.60313991, 166159.29665132 ], [ 335242.90259409, 166116.09901651 ], [ 335290.50133183, 166064.60375688 ], [ 335298.59798183, 166027.40440508 ], [ 335313.87608005, 166021.256165 ], [ 335331.25666885, 166066.23329043 ], [ 335263.80382398, 166136.10329035 ], [ 335240.99798497, 166179.10098239 ], [ 335241.28656211, 166253.71962302 ], [ 335227.73168166, 166270.40484693 ], [ 335207.30042025, 166278.81244028 ], [ 335169.49681511, 166274.81358494 ], [ 335152.8582818, 166290.37912935 ], [ 335164.77239509, 166308.06406709 ], [ 335171.88788283, 166351.69157884 ], [ 335160.79827564, 166405.90606011 ], [ 335143.8711652, 166422.64126971 ], [ 335126.64723256, 166425.17054571 ], [ 335076.79759315, 166399.60786295 ], [ 335052.30151661, 166398.7081205 ], [ 335018.80183336, 166431.70867419 ], [ 335002.1962803, 166475.00628038 ], [ 334988.79805601, 166488.71235705 ], [ 334958.0027528, 166493.01112654 ], [ 334928.09791619, 166486.0131297 ], [ 334920.49596985, 166460.01057285 ], [ 334891.49808996, 166461.31020084 ], [ 334896.99754571, 166504.10795011 ], [ 334944.90135071, 166535.50896167 ], [ 334980.50352455, 166582.70545181 ], [ 335004.60383814, 166632.01133815 ], [ 335032.00217618, 166620.11474351 ], [ 335054.4040072, 166646.90707429 ], [ 335069.896477, 166651.30581516 ], [ 335100.60108454, 166644.70770385 ], [ 335087.79650465, 166626.41294067 ], [ 335111.50105532, 166624.31354162 ], [ 335135.09842019, 166595.01192912 ], [ 335169.19999291, 166602.50978288 ], [ 335172.10225441, 166587.51407536 ], [ 335196.79621241, 166583.20530873 ], [ 335208.89996211, 166571.00879994 ], [ 335244.51862606, 166561.99138115 ], [ 335334.99992659, 166564.00080596 ], [ 335355.80221575, 166571.19874557 ], [ 335464.07635813, 166576.74715736 ], [ 335575.93710208, 166595.66174311 ], [ 335628.08711355, 166600.8202665 ], [ 335900.69356873, 166658.92363458 ], [ 336053.69716759, 166685.8559253 ], [ 336100.70226093, 166706.0601419 ], [ 336134.69664784, 166711.45859661 ], [ 336218.90345687, 166715.45745195 ], [ 336279.70253743, 166714.15782396 ], [ 336327.59809737, 166700.66168719 ], [ 336400.40198689, 166669.4606184 ], [ 336429.30092605, 166669.26067564 ], [ 336469.89960691, 166657.86393792 ], [ 336477.60049398, 166664.96190615 ], [ 336505.09777275, 166652.35551469 ], [ 336514.20032021, 166637.85966408 ], [ 336504.29800182, 166609.35782265 ], [ 336536.39602469, 166608.4580802 ], [ 336598.09381691, 166569.53922061 ], [ 336689.44084885, 166542.22703864 ], [ 336710.13595221, 166523.73233269 ], [ 336740.56022768, 166506.96713168 ], [ 336763.679379, 166514.76489959 ], [ 336787.91985864, 166487.41272907 ], [ 336806.11670849, 166488.88230841 ], [ 336811.64089943, 166470.28763108 ], [ 336837.84370361, 166451.43302815 ], [ 336838.23946654, 166439.12655084 ], [ 336862.74378813, 166409.7349641 ], [ 336867.52592357, 166391.32023526 ], [ 336894.29763697, 166362.04861417 ], [ 336954.26396636, 166326.2888503 ], [ 336999.99932028, 166338.52534764 ], [ 337041.00200914, 166312.2628652 ], [ 337075.77967686, 166253.88957438 ], [ 337097.07666969, 166239.70363506 ], [ 337159.86280997, 166219.28947855 ], [ 337228.75029547, 166224.45799908 ], [ 337268.11221717, 166222.93843405 ], [ 337375.47940283, 166181.82020402 ], [ 337398.84590599, 166180.11069336 ], [ 337448.95938736, 166203.72393414 ], [ 337483.14341069, 166200.3249071 ], [ 337492.03158655, 166179.87076204 ], [ 337525.71266115, 166144.74081788 ], [ 337560.90258193, 166082.89852006 ], [ 337583.19722715, 166063.60404304 ], [ 337577.45866462, 166010.17933571 ], [ 337589.85923652, 165963.18278833 ], [ 337627.7617824, 165932.38160508 ], [ 337669.35811565, 165886.68468568 ], [ 337698.05917335, 165860.8820716 ], [ 337801.46048462, 165820.38366415 ], [ 337806.95994037, 165807.67730131 ], [ 337824.56314582, 165814.37538401 ], [ 337856.35610143, 165802.57876075 ], [ 337912.85950515, 165789.38253813 ], [ 337990.01678694, 165775.10662457 ], [ 338015.93101398, 165750.54365565 ], [ 338021.6283512, 165769.53821851 ], [ 338055.68869861, 165774.47680485 ], [ 338079.75603196, 165765.35941468 ], [ 338133.86012291, 165760.36084551 ], [ 338134.46201237, 165778.85555145 ], [ 338092.36273038, 165795.56076963 ], [ 338109.05897911, 165810.15659162 ], [ 338136.96026588, 165817.06461422 ], [ 338128.16278569, 165841.65757456 ], [ 338100.96232911, 165838.25854752 ], [ 338055.86184489, 165817.66444252 ], [ 338016.37624728, 165807.65730703 ], [ 337972.05904386, 165821.48334937 ], [ 337974.7634239, 165847.67585185 ], [ 337961.15907308, 165829.38108867 ], [ 337926.5627967, 165839.17828425 ], [ 337901.15151839, 165858.10286714 ], [ 337886.91229787, 165855.59358542 ], [ 337852.86019552, 165864.08115588 ], [ 337831.66214343, 165878.57700648 ], [ 337798.9622311, 165870.67926719 ], [ 337741.05716699, 165898.0814234 ], [ 337697.25940242, 165940.17937299 ], [ 337667.26387013, 165962.28304588 ], [ 337646.26369951, 165999.19248066 ], [ 337653.20604096, 166014.50809661 ], [ 337643.66650526, 166030.14362099 ], [ 337643.00690037, 166070.78198838 ], [ 337618.99728245, 166131.20469256 ], [ 337570.20301085, 166187.4985786 ], [ 337525.39110377, 166284.0309465 ], [ 337528.46651156, 166301.84584704 ], [ 337544.00020667, 166317.36140575 ], [ 337551.92371039, 166339.47507578 ], [ 337544.47017516, 166354.2608434 ], [ 337569.73304237, 166380.6432915 ], [ 337605.53309767, 166393.63957136 ], [ 337622.03146493, 166388.24111665 ], [ 337639.83255185, 166369.93635633 ], [ 337673.23329437, 166347.54276643 ], [ 337719.43037172, 166329.43794888 ], [ 337766.93016872, 166330.33769133 ], [ 337767.82888038, 166340.04491267 ], [ 337702.18994896, 166349.96207391 ], [ 337663.37220129, 166372.17571532 ], [ 337624.3483271, 166408.51531322 ], [ 337597.62608407, 166412.1342773 ], [ 337557.59631243, 166401.33736788 ], [ 337523.18142739, 166373.85523456 ], [ 337519.9163832, 166339.52506147 ], [ 337492.12228222, 166323.46965729 ], [ 337476.02792296, 166299.01665688 ], [ 337473.18337688, 166269.9549757 ], [ 337441.92635024, 166278.48253472 ], [ 337394.36059275, 166277.78273503 ], [ 337323.50253765, 166285.66048005 ], [ 337279.94387985, 166295.85756117 ], [ 337248.06847363, 166292.36855988 ], [ 337200.10695321, 166308.27400699 ], [ 337152.92871359, 166346.40309266 ], [ 337143.96633217, 166365.46763549 ], [ 337112.22284693, 166390.82037834 ], [ 337113.78116348, 166409.28509287 ], [ 337055.20000436, 166415.76323852 ], [ 337005.87804885, 166416.05315553 ], [ 336953.63734171, 166443.42532033 ], [ 336894.23992154, 166505.02768684 ], [ 336867.33628717, 166539.52781128 ], [ 336826.34184337, 166577.22702 ], [ 336781.04347768, 166602.92966269 ], [ 336721.43993098, 166625.93307803 ], [ 336687.74236626, 166621.93422269 ], [ 336668.24279676, 166632.23127519 ], [ 336623.73595693, 166643.72798429 ], [ 336585.84165611, 166676.32865245 ], [ 336580.54008183, 166718.72651619 ], [ 336595.43890724, 166755.52598245 ], [ 336610.13985118, 166764.83331825 ], [ 336619.7371023, 166795.83444427 ], [ 336635.4439437, 166795.73447289 ], [ 336638.54408667, 166819.92754769 ], [ 336666.6432549, 166831.93411085 ], [ 336726.43643801, 166901.53418803 ], [ 336744.74047365, 166903.5336157 ], [ 336759.93612126, 166941.83265272 ], [ 336778.9409871, 166959.22767345 ], [ 336786.23786618, 166989.12911425 ], [ 336826.25939276, 167041.03425656 ], [ 336936.77619176, 167105.18589334 ], [ 336975.81655607, 167119.251867 ], [ 337000.22193693, 167138.24642986 ], [ 337120.02267473, 167255.71280546 ], [ 337130.41969678, 167263.01071645 ], [ 337241.42295438, 167372.60934417 ], [ 337378.21676311, 167509.61012811 ], [ 337438.76849184, 167568.54325867 ], [ 337566.96270184, 167696.86652652 ], [ 337595.25975154, 167698.56604004 ], [ 337624.25763143, 167713.07188778 ], [ 337786.66059994, 167892.87042099 ], [ 337881.1407551, 168027.50188313 ], [ 337928.08813301, 168110.65807992 ], [ 337922.70410811, 168217.65745167 ], [ 337999.80367446, 168339.09269119 ], [ 338027.39164891, 168377.5716767 ], [ 338083.87031745, 168441.60334782 ], [ 338096.27088935, 168473.70415906 ], [ 338142.67409322, 168543.30423625 ], [ 338192.55671289, 168583.39276103 ], [ 338203.90191696, 168580.6235537 ], [ 338242.02707949, 168594.81949016 ], [ 338248.20263026, 168609.61525492 ], [ 338235.62066702, 168616.47329182 ], [ 338278.09922181, 168676.24618201 ], [ 338293.89675888, 168707.29729372 ], [ 338330.62026102, 168751.3746767 ], [ 338344.32355257, 168787.46434614 ], [ 338393.00239331, 168722.04307279 ], [ 338385.38395686, 168668.14849995 ], [ 338395.8881647, 168657.92142742 ], [ 338390.19907254, 168636.30761431 ], [ 338342.40245334, 168648.21420608 ], [ 338286.17938169, 168641.66608046 ], [ 338328.74038709, 168642.70578285 ], [ 338375.39918786, 168629.30961746 ], [ 338393.29921551, 168633.3084728 ], [ 338405.69978741, 168648.21420608 ], [ 338429.79185595, 168728.88111542 ], [ 338426.60926236, 168766.86024401 ], [ 338401.05781801, 168839.12955713 ], [ 338393.37342106, 168875.09926091 ], [ 338404.33110727, 168938.27117814 ], [ 338394.62667035, 168988.86669532 ], [ 338411.72692707, 169058.16685835 ], [ 338424.9272699, 169081.27024508 ], [ 338454.93104724, 169115.57042675 ], [ 338481.02666563, 169180.37187753 ], [ 338508.6311302, 169295.96878826 ], [ 338539.8304414, 169413.46515527 ], [ 338574.42671778, 169513.26658741 ], [ 338587.72600134, 169571.66986965 ], [ 338598.32914991, 169602.97090982 ], [ 338618.02660089, 169640.37020438 ], [ 338643.4378792, 169643.17940026 ], [ 338660.76075257, 169750.01881779 ], [ 338675.60186255, 169794.82599187 ], [ 338714.52679601, 169986.07124849 ], [ 338721.23003069, 169995.96841545 ], [ 338789.36721563, 170048.8232859 ], [ 338831.82103524, 170144.07602009 ], [ 338856.16870067, 170182.14512292 ], [ 338893.26323056, 170212.38646643 ], [ 338937.39079758, 170229.65152436 ], [ 339000.00379158, 170239.94857686 ], [ 339057.47186745, 170230.53127253 ], [ 339112.73026695, 170255.64408406 ], [ 339153.6505052, 170255.82403255 ], [ 339189.12900311, 170230.46129256 ], [ 339215.34829742, 170217.3850356 ], [ 339224.79713744, 170227.89202801 ], [ 339214.78763326, 170254.64437023 ], [ 339218.71228234, 170267.86058713 ], [ 339245.56644635, 170292.84343586 ], [ 339255.69138138, 170315.59692274 ], [ 339277.40062726, 170332.50208369 ], [ 339295.95201474, 170326.25387222 ], [ 339312.90386036, 170341.39953682 ], [ 339296.05095547, 170357.60489808 ], [ 339281.80348989, 170388.04618436 ], [ 339265.60194483, 170381.99791566 ], [ 339233.60286269, 170392.75483652 ], [ 339212.39656554, 170406.2009876 ], [ 339237.19770933, 170417.39778255 ], [ 339247.94926901, 170432.90334413 ], [ 339215.15041595, 170464.8042126 ], [ 339211.49785388, 170486.39803143 ], [ 339222.54623576, 170506.30233389 ], [ 339204.82759945, 170521.67793267 ], [ 339199.04781162, 170478.1503923 ], [ 339206.30346539, 170430.00417401 ], [ 339189.20320866, 170417.74768239 ], [ 339186.30094716, 170390.7953974 ], [ 339208.99135531, 170355.35554196 ], [ 339229.25771549, 170345.73829486 ], [ 339190.20086106, 170302.10078597 ], [ 339160.65056207, 170324.54436156 ], [ 339137.00372683, 170352.99621731 ], [ 339102.59708686, 170369.55147841 ], [ 339121.1979447, 170399.30296214 ], [ 339140.04615438, 170410.79967124 ], [ 339151.95202261, 170435.80251425 ], [ 339142.29705606, 170448.74880841 ], [ 339141.20046293, 170493.09611413 ], [ 339149.89900239, 170507.95186171 ], [ 339135.89888865, 170524.29718291 ], [ 339065.50255696, 170569.20432838 ], [ 339020.89677641, 170571.45368451 ], [ 338963.60184682, 170624.79841474 ], [ 338959.80087365, 170644.50277442 ], [ 338967.09775272, 170664.19713697 ], [ 339000.00379158, 170709.10428243 ], [ 339049.35048227, 170744.70409209 ], [ 339137.80349776, 170798.24876509 ], [ 339257.95052812, 170851.80343522 ], [ 339319.95338761, 170881.80484741 ], [ 339366.75235442, 170912.59603352 ], [ 339423.60205071, 170956.75339361 ], [ 339463.79672357, 170975.89791355 ], [ 339534.95160088, 171037.15038021 ], [ 339544.2520298, 171057.55453958 ], [ 339558.59843612, 171062.95299429 ], [ 339588.000324, 171098.65277534 ], [ 339615.59654351, 171118.29715219 ], [ 339791.8017443, 171181.99891775 ], [ 339842.50062501, 171202.30310574 ], [ 339876.55272736, 171237.25310141 ], [ 339904.29735796, 171284.79949139 ], [ 339918.60253897, 171335.95484832 ], [ 339919.14671301, 171377.35299823 ], [ 339909.09598352, 171375.95339886 ], [ 339918.80042044, 171399.39668829 ], [ 339972.95398175, 171427.29870142 ], [ 339977.80207768, 171453.05132981 ], [ 339967.3473402, 171473.74540619 ], [ 339986.59955787, 171498.89820627 ], [ 340015.20167483, 171519.80222256 ], [ 340039.15357733, 171551.75307672 ], [ 340072.70273095, 171570.09782559 ], [ 340104.50393162, 171577.64566505 ], [ 340165.50089365, 171607.99697708 ], [ 340194.9522519, 171655.00352159 ], [ 340204.35162155, 171687.3042756 ], [ 340205.80275231, 171717.04576219 ], [ 340196.89808632, 171750.4961871 ], [ 340217.84878658, 171861.25448287 ], [ 340187.004013, 171881.49868802 ], [ 340183.1040991, 171891.3458693 ], [ 340204.50003265, 171933.70374448 ], [ 340181.94979054, 171946.8999671 ], [ 340215.05371086, 171978.95079265 ], [ 340210.7003186, 171995.79597077 ], [ 340222.20217884, 172023.04816991 ], [ 340233.20109035, 172028.19669616 ], [ 340256.94686632, 172068.64511792 ], [ 340280.79982808, 172096.8470452 ], [ 340282.80337793, 172118.00098995 ], [ 340304.75173058, 172133.9964113 ], [ 340301.19810925, 172168.34657867 ], [ 340321.39850894, 172205.64590185 ], [ 340341.95344627, 172229.29913118 ], [ 340374.6533586, 172255.85153064 ], [ 340394.20239847, 172289.35194125 ], [ 340415.95286965, 172309.94604624 ], [ 340423.15080799, 172331.19996237 ], [ 340459.00033366, 172365.95001527 ], [ 340483.70253672, 172403.69920968 ], [ 340499.74742562, 172443.39784606 ], [ 340529.89961407, 172478.29785604 ], [ 340642.74976536, 172598.45346186 ], [ 340692.20364184, 172640.60139713 ], [ 340751.70000275, 172699.85443613 ], [ 340767.70366635, 172694.79588412 ], [ 340764.94981594, 172709.7016174 ], [ 340836.50045617, 172793.64758812 ], [ 340862.70326035, 172845.40277335 ], [ 340888.74940837, 172872.14511843 ], [ 340893.05333027, 172901.44673093 ], [ 340886.54797706, 172936.84659783 ], [ 340858.75387609, 172944.65436288 ], [ 340844.85270307, 172974.29587808 ], [ 340831.80077135, 172979.20447301 ], [ 340846.0977073, 173002.59777675 ], [ 340873.57849595, 173005.70688678 ], [ 340886.49850669, 173030.53977843 ], [ 340941.73217101, 173081.66514395 ], [ 340962.73234163, 173119.07443565 ], [ 340979.13176816, 173128.07186017 ], [ 340973.03042295, 173148.66596516 ], [ 340981.12707295, 173163.77164121 ], [ 341045.02629648, 173224.57423665 ], [ 341059.52935896, 173231.77217626 ], [ 341082.22801217, 173260.77387461 ], [ 341133.52878234, 173304.47136633 ], [ 341192.33255812, 173338.97149077 ], [ 341281.62656984, 173411.27079531 ], [ 341305.13323904, 173411.3707667 ], [ 341343.82731079, 173450.3696034 ], [ 341371.53071609, 173465.16536815 ], [ 341432.13191518, 173517.17048184 ], [ 341455.43245785, 173532.86598905 ], [ 341460.83297287, 173550.47094968 ], [ 341507.92876188, 173589.06990085 ], [ 341541.23056367, 173605.36523636 ], [ 341549.03039147, 173621.87051177 ], [ 341583.32984565, 173644.77395573 ], [ 341606.72932906, 173640.4651891 ], [ 341619.63284968, 173650.57229597 ], [ 341628.23244841, 173674.76537078 ], [ 341660.93236074, 173690.97073204 ], [ 341667.33052815, 173711.57483418 ], [ 341721.92932276, 173747.47455799 ], [ 341762.03329996, 173781.77473966 ], [ 341778.33378575, 173803.46852988 ], [ 341803.92645541, 173812.26601163 ], [ 341819.22928882, 173832.97008515 ], [ 341837.2282572, 173836.46908357 ], [ 341868.59246963, 173879.47677275 ], [ 341872.36046255, 173916.41619895 ], [ 341922.69656057, 173970.57069738 ], [ 341962.42126496, 173985.00656516 ], [ 342013.95289684, 174036.12193354 ], [ 342048.35129175, 174063.12420422 ], [ 342097.98655958, 174094.99508127 ], [ 342162.88343551, 174158.30695844 ], [ 342182.72105252, 174155.90764523 ], [ 342225.66133073, 174188.73824757 ], [ 342319.25926435, 174250.34061408 ], [ 342319.96009455, 174263.23692255 ], [ 342352.56106614, 174296.33744762 ], [ 342391.26338295, 174310.54338121 ], [ 342425.25776987, 174342.9441066 ], [ 342444.26263571, 174384.24228512 ], [ 342467.66211911, 174385.84182726 ], [ 342485.46320603, 174402.5370483 ], [ 342553.16340273, 174424.74069257 ], [ 342556.2635457, 174443.43534129 ], [ 342607.55607081, 174450.14342112 ], [ 342712.8619912, 174492.54128486 ], [ 342757.86353469, 174528.94086558 ], [ 342796.4586657, 174544.03654449 ], [ 342854.56161128, 174550.94456709 ], [ 342862.96332854, 174548.03539983 ], [ 342886.85751561, 174568.73947335 ], [ 342877.65602742, 174582.03566736 ], [ 342896.0590038, 174623.74372855 ], [ 342922.86369744, 174646.4372326 ], [ 342946.75788451, 174679.33781491 ], [ 342964.7568529, 174693.84366265 ], [ 342975.8629502, 174718.63656576 ], [ 343003.55811044, 174740.04043896 ], [ 343010.36028585, 174765.04328197 ], [ 343040.2568774, 174805.24177527 ], [ 343061.38072394, 174816.83845576 ], [ 343084.08762221, 174853.75788768 ], [ 343125.04908576, 174887.86812373 ], [ 343133.68166474, 174886.35855583 ], [ 343168.42635222, 174926.98692608 ], [ 343188.29694947, 174932.99520623 ], [ 343175.09660665, 174953.3993656 ], [ 343178.50181688, 174972.60386837 ], [ 343219.9992094, 175022.69952864 ], [ 343233.29849296, 175028.89775441 ], [ 343237.39628833, 175047.00257196 ], [ 343198.29820859, 175081.70263917 ], [ 343211.30066994, 175093.89914796 ], [ 343225.59760589, 175077.80375522 ], [ 343234.79909408, 175089.30046432 ], [ 343228.59880813, 175104.19620046 ], [ 343275.39777494, 175191.80112381 ], [ 343286.39668645, 175193.7005801 ], [ 343301.30375692, 175226.10130548 ], [ 343358.0710026, 175256.13270908 ], [ 343361.69882949, 175285.50430155 ], [ 343374.60235011, 175293.50201223 ], [ 343371.89797007, 175315.79563075 ], [ 343400.30220556, 175343.39772973 ], [ 343411.90300653, 175367.60080167 ], [ 343437.50392125, 175374.29888437 ], [ 343431.50151677, 175391.50395947 ], [ 343447.20011311, 175418.99608993 ], [ 343478.00366138, 175423.60477071 ], [ 343467.59839427, 175440.69987728 ], [ 343473.89762095, 175454.19601405 ], [ 343510.29956571, 175458.90466622 ], [ 343513.00394575, 175482.09802719 ], [ 343527.5977039, 175476.69957248 ], [ 343536.70025136, 175503.00204347 ], [ 343555.5979314, 175498.70327398 ], [ 343575.30362743, 175505.10144253 ], [ 343579.79718573, 175523.3962057 ], [ 343599.8986447, 175537.80208207 ], [ 343593.09646929, 175553.39761789 ], [ 343604.10362586, 175557.89633015 ], [ 343631.89772683, 175588.39759925 ], [ 343655.00038804, 175604.7029319 ], [ 343660.69772526, 175621.89800986 ], [ 343679.70259109, 175631.2953199 ], [ 343708.70047099, 175661.69661762 ], [ 343721.90081381, 175693.69745748 ], [ 343768.79872135, 175699.5957691 ], [ 343801.90264167, 175715.10133068 ], [ 343822.59774504, 175730.99678066 ], [ 343840.80283995, 175758.19899411 ], [ 343839.2032981, 175783.80166542 ], [ 343850.10326887, 175798.89734432 ], [ 343859.60157926, 175841.59512221 ], [ 343884.69954525, 175897.59909124 ], [ 343886.90097657, 175910.79531386 ], [ 343924.49845519, 175929.79987386 ], [ 343972.89696385, 175939.2971553 ], [ 344011.20351773, 176002.19914979 ], [ 344045.70085337, 176025.00262236 ], [ 344092.10405725, 176064.40134459 ], [ 344119.89815822, 176098.40161212 ], [ 344118.49649783, 176120.2953451 ], [ 344224.80007061, 176168.30160345 ], [ 344259.29740626, 176213.89855146 ], [ 344293.10215677, 176248.99850421 ], [ 344317.5982333, 176259.79541362 ], [ 344351.09791656, 176288.29725506 ], [ 344377.39966147, 176334.50402851 ], [ 344395.80263785, 176342.10185365 ], [ 344440.40017334, 176389.59825795 ], [ 344443.40137558, 176406.50341889 ], [ 344464.30260548, 176427.09752389 ], [ 344498.89888186, 176495.39797309 ], [ 344498.70100039, 176501.69617025 ], [ 344556.80394597, 176553.30139841 ], [ 344586.89841899, 176572.09601851 ], [ 344624.80096487, 176578.00432727 ], [ 344694.49646636, 176605.59642911 ], [ 344720.3035076, 176636.99744067 ], [ 344746.49806672, 176645.2950655 ], [ 344803.90018211, 176643.79549474 ], [ 344860.19745931, 176612.20453756 ], [ 344874.60158105, 176609.19539892 ], [ 344903.50052021, 176619.80236271 ], [ 344946.20169165, 176626.10055987 ], [ 344967.20186228, 176634.19824193 ], [ 345015.30354874, 176664.8994538 ], [ 345075.98719844, 176652.25307379 ], [ 345127.89810314, 176672.79719309 ], [ 345157.59681322, 176696.80032227 ], [ 345181.59818609, 176693.0014097 ], [ 345252.90147449, 176709.29674521 ], [ 345270.00173121, 176698.09995026 ], [ 345296.0973496, 176695.30075152 ], [ 345320.1976632, 176710.09651627 ], [ 345356.20384503, 176703.19849081 ], [ 345380.79886229, 176708.39700275 ], [ 345423.30215227, 176708.0970886 ], [ 345454.30358201, 176720.30359453 ], [ 345475.69951556, 176736.7988728 ], [ 345514.89653604, 176732.70004608 ], [ 345528.09687886, 176744.79658348 ], [ 345574.90409073, 176741.09764229 ], [ 345593.19988132, 176747.29586807 ], [ 345642.29922017, 176748.19561052 ], [ 345677.00268235, 176755.40354727 ], [ 345699.60239483, 176773.3983963 ], [ 345716.60371082, 176796.10189749 ], [ 345752.50270685, 176809.39809149 ], [ 345824.20175819, 176878.99816868 ], [ 345901.79602821, 176895.70338686 ], [ 345912.69599898, 176902.40146955 ], [ 345950.79642633, 176944.49941914 ], [ 345975.39968866, 176961.40458009 ], [ 346047.09873999, 176990.3962813 ], [ 346089.29696271, 177016.59878091 ], [ 346117.09930874, 177052.19859057 ], [ 346103.89896592, 177070.80326504 ], [ 346154.30102443, 177101.40450553 ], [ 346177.99733003, 177120.29909701 ], [ 346147.90285701, 177109.30224482 ], [ 346127.80139805, 177112.00147218 ], [ 346087.59848012, 177128.1968363 ], [ 346104.09684738, 177141.70297021 ], [ 346138.00053863, 177149.40076674 ], [ 346132.89684581, 177172.3042107 ], [ 346151.49770365, 177197.59697072 ], [ 346218.0023665, 177237.39557849 ], [ 346256.20173458, 177250.00196995 ], [ 346277.9027354, 177248.10251366 ], [ 346287.40104578, 177236.39586465 ], [ 346270.59761126, 177208.50384866 ], [ 346290.09718076, 177227.99826844 ], [ 346296.70147471, 177222.49984235 ], [ 346310.099699, 177246.30302876 ], [ 346323.20110109, 177232.09709516 ], [ 346342.2966626, 177242.80403033 ], [ 346349.502846, 177266.99710514 ], [ 346346.09763576, 177294.29928997 ], [ 346354.69723449, 177308.19531227 ], [ 346384.00018164, 177328.59947164 ], [ 346389.2028152, 177349.00363101 ], [ 346404.70353007, 177359.30068351 ], [ 346409.60109636, 177385.80309728 ], [ 346422.10060899, 177396.79994946 ], [ 346431.20315645, 177426.20153335 ], [ 346449.90295503, 177436.19867169 ], [ 346458.70043522, 177480.09610618 ], [ 346457.29877483, 177510.89728944 ], [ 346439.49768792, 177542.19832961 ], [ 346394.29826296, 177550.49595444 ], [ 346384.99783404, 177573.49936978 ], [ 346394.29826296, 177587.19544932 ], [ 346420.30318567, 177585.09605026 ], [ 346438.30215406, 177601.90123983 ], [ 346485.00218013, 177601.40138291 ], [ 346632.90208616, 177591.00435903 ], [ 346717.80148032, 177597.70244172 ], [ 346766.00210752, 177591.60418733 ], [ 346816.6020475, 177592.4039584 ], [ 346838.30304832, 177586.99550655 ], [ 346883.19740601, 177589.0949056 ], [ 346928.74312353, 177598.5821899 ], [ 346988.00037767, 177597.90238449 ], [ 347012.199632, 177606.20000932 ], [ 347143.09822204, 177603.00092505 ], [ 347232.40047883, 177625.80439762 ], [ 347303.59658143, 177615.29740521 ], [ 347376.20258949, 177607.4996373 ], [ 347414.09689031, 177611.49849264 ], [ 347421.79777738, 177625.80439762 ], [ 347462.09963604, 177615.89723352 ], [ 347491.79834613, 177596.30284235 ], [ 347520.59834455, 177569.90039997 ], [ 347538.39943147, 177527.40256485 ], [ 347587.4410549, 177478.93643814 ], [ 347635.84780862, 177472.32832969 ], [ 347552.22639894, 177370.31752997 ], [ 347547.88125174, 177345.14473561 ], [ 347563.37372155, 177332.4983556 ], [ 347576.59879955, 177343.22528505 ], [ 347607.73215027, 177318.28242487 ], [ 347653.81379676, 177324.68059341 ], [ 347720.59879168, 177319.8019899 ], [ 347763.39890386, 177285.20189407 ], [ 347785.70179414, 177273.59521645 ], [ 347817.93998304, 177269.92626667 ], [ 347853.09692358, 177303.99651417 ], [ 347855.80130362, 177378.29524638 ], [ 347848.80124674, 177392.3012372 ], [ 347888.19614869, 177383.90364099 ], [ 347988.90132497, 177374.79624796 ], [ 348078.30252249, 177360.20042597 ], [ 348203.99847898, 177357.90108415 ], [ 348232.09764721, 177362.79968194 ], [ 348258.90234085, 177359.90051182 ], [ 348318.70376902, 177362.79968194 ], [ 348407.00012835, 177372.59687752 ], [ 348467.19731945, 177388.7022674 ], [ 348530.50289858, 177392.40120859 ], [ 348566.40189462, 177407.19697334 ], [ 348604.8980849, 177399.39920543 ], [ 348637.59799723, 177415.50459531 ], [ 348704.59736373, 177431.40004529 ], [ 348719.60337494, 177430.00044592 ], [ 348776.89830453, 177457.70251628 ], [ 348829.19672709, 177460.0018581 ], [ 348871.7989578, 177477.39687883 ], [ 348948.40382049, 177492.10266934 ], [ 348976.79981092, 177481.39573417 ], [ 349006.00381734, 177484.90472973 ], [ 349015.09811974, 177464.40059898 ], [ 349041.20198319, 177432.39975912 ], [ 349025.29726032, 177419.60342203 ], [ 349003.5962595, 177378.19527499 ], [ 349016.59872086, 177322.60118864 ], [ 349030.09588588, 177305.29614215 ], [ 349064.1974586, 177331.59861315 ], [ 349092.99745702, 177324.30070215 ], [ 349116.80094842, 177327.39981504 ], [ 349134.50309461, 177315.40324902 ], [ 349223.09627614, 177318.6023333 ], [ 349238.90205827, 177312.80399305 ], [ 349254.6006546, 177344.40494737 ], [ 349251.09650364, 177353.60231466 ], [ 349235.90085603, 177320.60176097 ], [ 349165.90028728, 177330.29898516 ], [ 349163.5009745, 177343.29526502 ], [ 349138.19688198, 177334.69772604 ], [ 349118.79625321, 177348.90365963 ], [ 349091.99980463, 177346.70428919 ], [ 349078.09863161, 177357.00134169 ], [ 349040.097145, 177363.49948162 ], [ 349039.19843334, 177391.00160922 ], [ 349076.59803049, 177426.60141888 ], [ 349064.89828879, 177461.50142886 ], [ 349081.00089312, 177469.89902507 ], [ 349051.90407249, 177479.9961348 ], [ 349038.90161114, 177522.20405291 ], [ 349086.09634088, 177521.20433907 ], [ 349123.8010053, 177477.5968216 ], [ 349119.80215066, 177512.89671711 ], [ 349135.500747, 177516.09580138 ], [ 349166.79899894, 177489.20349922 ], [ 349184.89690806, 177500.60023694 ], [ 349162.19825484, 177538.09950288 ], [ 349192.49885439, 177571.59991349 ], [ 349199.39997053, 177595.80298543 ], [ 349221.70286081, 177629.20342466 ], [ 349228.29890969, 177615.59731937 ], [ 349242.70303143, 177637.90093502 ], [ 349241.10348958, 177656.49561235 ], [ 349313.89913404, 177721.99686281 ], [ 349339.40110803, 177738.50213823 ], [ 349359.29644047, 177762.49527026 ], [ 349385.40030391, 177780.30017366 ], [ 349408.79978732, 177806.90255881 ], [ 349427.69746736, 177817.49952546 ], [ 349442.29947057, 177837.5037993 ], [ 349499.99840816, 177856.19844801 ], [ 349504.69809298, 177869.05476793 ], [ 349529.8537744, 177866.89538604 ], [ 349546.55002313, 177878.15216382 ], [ 349596.54807365, 177939.9544731 ], [ 349617.20195171, 177992.14953242 ], [ 349616.45165115, 178008.55483645 ], [ 349569.14973561, 178049.35315805 ], [ 349591.84838882, 178047.40371607 ], [ 349612.24666999, 178031.89815449 ], [ 349631.85342528, 178043.80474626 ], [ 349637.79811434, 178065.44855079 ], [ 349565.20035134, 178121.30256275 ], [ 349529.59817751, 178151.65387477 ], [ 349482.60132923, 178201.69954935 ], [ 349382.9020504, 178333.00196442 ], [ 349373.60162148, 178370.3012876 ], [ 349387.0987865, 178397.90338658 ], [ 349405.89752581, 178410.69972367 ], [ 349503.92305724, 178444.55003412 ], [ 349509.48847348, 178433.2832592 ], [ 349407.2991862, 178397.30355828 ], [ 349390.00104801, 178379.29871212 ], [ 349387.99749816, 178350.59692792 ], [ 349395.09649577, 178337.20076253 ], [ 349472.60007012, 178236.09970241 ], [ 349525.59932287, 178174.29739313 ], [ 349600.95093628, 178110.50565333 ], [ 349634.68148124, 178166.41964811 ], [ 349659.27649851, 178198.60043646 ], [ 349714.35350666, 178221.82378884 ], [ 349749.87322989, 178245.23708686 ], [ 349851.88112583, 178302.63065812 ], [ 349909.80268006, 178322.96483752 ], [ 349942.57679794, 178327.69348396 ], [ 350001.03428115, 178328.00339525 ], [ 350350.85573354, 178779.88404576 ], [ 350248.74889687, 178818.90287673 ], [ 350242.59808129, 178835.04825517 ], [ 350256.24365741, 178833.43871589 ], [ 350494.79801025, 178765.64812075 ], [ 350520.39892497, 178795.79949001 ], [ 350551.20247324, 178784.80263782 ], [ 350565.04593083, 178811.50499435 ], [ 350508.99600546, 178841.04653818 ], [ 350440.75163473, 178883.55437043 ], [ 350354.64846165, 178944.29698304 ], [ 350280.64903827, 179003.45005065 ], [ 350262.79848099, 179023.30436741 ], [ 350253.25070023, 179054.74536752 ], [ 350267.59710655, 179055.44516721 ], [ 350287.20386184, 179018.2958011 ], [ 350352.6036865, 178965.50091348 ], [ 350346.74969312, 178957.75313126 ], [ 350378.94665672, 178933.79998778 ], [ 350405.81731084, 178942.79741229 ], [ 350461.80952078, 178980.03675264 ], [ 350502.48240719, 179017.81593846 ], [ 350520.50611076, 179063.4728693 ], [ 350562.35804091, 179125.89500115 ], [ 350595.13215879, 179156.36627884 ], [ 350647.44707147, 179234.18400375 ], [ 350685.43206797, 179241.38194336 ], [ 350705.3274004, 179262.57587666 ], [ 350715.63372678, 179313.80121356 ], [ 350717.15081802, 179350.65066551 ], [ 350729.43595906, 179376.46327673 ], [ 350745.14280046, 179392.46869522 ], [ 350759.58814751, 179443.04421813 ], [ 350795.80870093, 179493.16986981 ], [ 350813.55207242, 179527.41006866 ], [ 350852.50998612, 179554.02245094 ], [ 350900.71885838, 179595.68052644 ], [ 350953.60268028, 179646.91586048 ], [ 350993.53351119, 179694.36227909 ], [ 351015.35818793, 179727.98265535 ], [ 351049.73184766, 179757.94407898 ], [ 351097.41303601, 179779.8977948 ], [ 351136.51936081, 179783.95663297 ], [ 351165.40180984, 179798.22254939 ], [ 351199.12410975, 179801.16170807 ], [ 351244.48019087, 179817.15712943 ], [ 351260.22001251, 179818.22682323 ], [ 351303.47360304, 179840.66040168 ], [ 351323.59979719, 179835.25194984 ], [ 351340.8732002, 179881.41873473 ], [ 351373.50715204, 179930.94455811 ], [ 351407.13875627, 179957.71689461 ], [ 351445.34636941, 180000.00478983 ], [ 351508.39635165, 180060.99733089 ], [ 351517.59783984, 180122.99958293 ], [ 351528.20098842, 180137.99529046 ], [ 351552.95266184, 180149.65195377 ], [ 351567.59589036, 180171.64565814 ], [ 351582.75031266, 180220.8015874 ], [ 351611.59978145, 180267.99807755 ], [ 351623.59634536, 180276.89553068 ], [ 351701.19886044, 180389.90318257 ], [ 351725.00235184, 180417.29534165 ], [ 351777.39971513, 180500.00166721 ], [ 351855.95041225, 180607.60086726 ], [ 351894.14978033, 180680.94987132 ], [ 351929.19953507, 180724.89729151 ], [ 351961.1986172, 180779.40168978 ], [ 352026.40056039, 180856.89950627 ], [ 352250.69920258, 181207.19923401 ], [ 352371.49759277, 181393.29596438 ], [ 352384.59899486, 181395.34537774 ], [ 352408.3530159, 181378.600171 ], [ 352435.19893484, 181388.64729504 ], [ 352429.60053835, 181402.40335741 ], [ 352436.74900633, 181420.6481349 ], [ 352430.79607221, 181455.29821642 ], [ 352446.14837598, 181464.54556939 ], [ 352445.99996488, 181485.39959999 ], [ 352491.14991947, 181586.70060287 ], [ 352499.99687004, 181620.1010421 ], [ 352522.15134921, 181654.90108069 ], [ 352538.19623812, 181694.74967415 ], [ 352550.59681001, 181694.79965984 ], [ 352565.55335085, 181722.80164436 ], [ 352578.20127458, 181729.59969843 ], [ 352579.00104551, 181748.00443013 ], [ 352604.55248986, 181774.74677522 ], [ 352616.49958339, 181810.99639887 ], [ 352647.74836497, 181849.24545019 ], [ 352650.50221537, 181863.15146964 ], [ 352674.60252897, 181889.6538834 ], [ 352689.99605805, 181928.90264856 ], [ 352717.89734482, 181961.05344549 ], [ 352713.19765999, 181967.80151387 ], [ 352750.80338367, 182019.79663043 ], [ 352748.79983382, 182030.70350837 ], [ 352768.00258113, 182044.69950205 ], [ 352787.60109136, 182075.40071392 ], [ 352788.49980302, 182087.29730856 ], [ 352821.80160481, 182088.69690793 ], [ 352844.40131729, 182130.80485465 ], [ 352834.80406617, 182144.60090557 ], [ 352843.60154636, 182154.69801531 ], [ 352885.79976908, 182249.70082104 ], [ 352922.20171384, 182305.10496177 ], [ 352944.19953686, 182355.00067927 ], [ 352963.60016563, 182372.59564276 ], [ 352989.59684328, 182426.20029859 ], [ 353020.15303972, 182463.79953592 ], [ 353031.39930306, 182491.20169213 ], [ 353052.75401131, 182514.14512464 ], [ 353060.39718295, 182537.39846844 ], [ 353107.99592069, 182608.29817361 ], [ 353105.49766718, 182623.70376381 ], [ 353126.3494267, 182642.79829805 ], [ 353135.99614819, 182670.90025395 ], [ 353149.60049901, 182683.79656242 ], [ 353165.39803608, 182716.39723058 ], [ 353188.40175655, 182744.29924371 ], [ 353197.60324474, 182778.14955416 ], [ 353207.00261439, 182781.39862412 ], [ 353234.35148207, 182824.54627324 ], [ 353242.5470728, 182847.54968858 ], [ 353274.2988031, 182899.00495966 ], [ 353272.60032051, 182906.60278481 ], [ 353295.60404099, 182929.39626024 ], [ 353345.37122979, 183008.80353015 ], [ 353348.71047954, 183024.89892289 ], [ 353383.00993372, 183068.29650046 ], [ 353389.50704187, 183089.00057398 ], [ 353405.10669747, 183102.49671075 ], [ 353442.11053169, 183158.50067978 ], [ 353446.15885669, 183170.99710272 ], [ 353465.91402309, 183177.7951568 ], [ 353522.20305523, 183122.80089874 ], [ 353571.28590396, 183081.30277745 ], [ 353458.50995822, 183189.00194889 ], [ 353484.01193221, 183248.80483049 ], [ 353472.91407997, 183265.00019461 ], [ 353482.51133109, 183291.80252253 ], [ 353497.36068613, 183305.81851049 ], [ 353498.64691566, 183322.79365141 ], [ 353517.8001926, 183347.99643719 ], [ 353529.3515232, 183348.24636565 ], [ 353542.0489173, 183368.65052502 ], [ 353569.4967257, 183435.70133192 ], [ 353580.80070447, 183475.29999692 ], [ 353588.83963905, 183560.26567575 ], [ 353625.19211344, 183626.86661143 ], [ 353639.09328646, 183664.26590599 ], [ 353659.49156762, 183735.5654967 ], [ 353665.38678631, 183783.8716692 ], [ 353690.64140846, 183818.57173641 ], [ 353696.19033458, 183859.96988631 ], [ 353721.84071967, 183908.26606167 ], [ 353749.28852807, 183983.1946136 ], [ 353762.99181962, 184056.19371782 ], [ 353778.69041596, 184114.28708877 ], [ 353781.79055893, 184150.88661226 ], [ 353800.39141678, 184247.48896013 ], [ 353807.19359219, 184297.89453169 ], [ 353820.39393501, 184321.38780681 ], [ 353825.19256057, 184387.98874249 ], [ 353832.78626184, 184403.49430407 ], [ 353833.7921593, 184469.98527122 ], [ 353825.5883235, 184477.89300766 ], [ 353830.38694906, 184558.68987979 ], [ 353849.58969637, 184588.19143506 ], [ 353836.19147208, 184658.59128331 ], [ 353824.18666312, 184675.98630404 ], [ 353838.59078486, 184694.59097851 ], [ 353839.78631872, 184758.0928013 ], [ 353850.49665309, 184802.30014708 ], [ 353849.59794143, 184822.00450677 ], [ 353861.50380966, 185005.50198116 ], [ 353852.20338074, 185094.99636366 ], [ 353869.50151893, 185164.39649808 ], [ 353871.29894225, 185243.7037966 ], [ 353890.09768156, 185356.40153721 ], [ 353900.6018894, 185387.40266323 ], [ 353921.1403366, 185424.21212663 ], [ 353931.49613335, 185502.29977427 ], [ 353927.20045651, 185520.70450597 ], [ 353896.7019755, 185583.09664641 ], [ 353885.70306399, 185641.69987141 ], [ 353891.49934195, 185745.70010165 ], [ 353894.50054419, 185760.69580918 ], [ 353916.69624867, 185778.80062673 ], [ 353977.99827796, 185773.90202893 ], [ 353972.72968391, 185817.46955786 ], [ 353977.15728173, 185867.34528108 ], [ 353994.61207608, 185878.47209606 ], [ 353996.69807653, 185899.49607801 ], [ 354028.17771982, 186030.72851312 ], [ 354049.4829577, 186133.32914399 ], [ 354083.88135262, 186227.93206419 ], [ 354121.98177997, 186298.03199829 ], [ 354138.57908796, 186309.32876463 ], [ 354209.18154617, 186330.73263783 ], [ 354276.57667561, 186368.53181793 ], [ 354298.68168442, 186395.73403138 ], [ 354308.08105408, 186426.82513164 ], [ 354324.67836208, 186422.226448 ], [ 354399.12301876, 186470.51262623 ], [ 354447.70291876, 186483.43892611 ], [ 354476.88219, 186477.03076043 ], [ 354518.57746399, 186492.12643934 ], [ 354526.68235905, 186501.93363206 ], [ 354553.0830447, 186502.33351759 ], [ 354572.17860621, 186472.43207679 ], [ 354530.17826496, 186492.72626764 ], [ 354495.68092931, 186438.43180926 ], [ 354494.57609112, 186416.22816499 ], [ 354503.87652005, 186399.03308703 ], [ 354536.98044037, 186374.23018679 ], [ 354593.78066629, 186309.92859293 ], [ 354618.48286935, 186328.33332463 ], [ 354600.17883371, 186355.62551232 ], [ 354573.8770888, 186382.627783 ], [ 354514.38072789, 186418.32756404 ], [ 354515.27943955, 186437.93195235 ], [ 354532.57757774, 186461.32525608 ], [ 354549.88396099, 186463.83453781 ], [ 354567.67680285, 186448.42894761 ], [ 354586.58272795, 186459.52577118 ], [ 354588.18226981, 186475.03133276 ], [ 354577.57912123, 186504.23297388 ], [ 354586.58272795, 186538.8330697 ], [ 354587.38249888, 186564.62568664 ], [ 354618.58181009, 186594.02727053 ], [ 354635.87994828, 186600.02555354 ], [ 354675.67885821, 186645.63249868 ], [ 354701.98060312, 186681.13233696 ], [ 354730.07977136, 186705.125469 ], [ 354728.98317823, 186727.1291705 ], [ 354773.68789952, 186787.96175736 ], [ 354776.64787645, 186806.51644613 ], [ 354814.07220879, 186861.56068988 ], [ 354858.86762575, 186937.50894992 ], [ 354898.46865422, 186971.40924606 ], [ 354939.61975418, 187033.44148951 ], [ 354967.39736503, 187066.4920289 ], [ 355093.90958256, 187185.63792374 ], [ 355104.10872315, 187210.24088121 ], [ 355118.51284489, 187221.73759032 ], [ 355165.00674444, 187279.2411301 ], [ 355174.30717336, 187286.03918418 ], [ 355271.50819868, 187407.54440367 ], [ 355309.31180383, 187452.04166646 ], [ 355356.81160083, 187517.44294554 ], [ 355377.01200053, 187536.4375084 ], [ 355420.20787564, 187591.04187806 ], [ 355516.41124857, 187698.04124981 ], [ 355601.01382053, 187807.73984891 ], [ 355676.90960796, 187923.83661656 ], [ 355731.97837106, 188002.16419552 ], [ 355831.94149185, 188155.41032927 ], [ 355886.63922719, 188262.30972964 ], [ 355910.93742225, 188305.50736445 ], [ 355989.94159773, 188467.01113447 ], [ 356029.44368546, 188530.3130145 ], [ 356034.73701469, 188509.90885513 ], [ 356050.03984809, 188522.8051636 ], [ 356062.03641199, 188600.51291998 ], [ 356141.04058746, 188770.81417176 ], [ 356167.63915458, 188791.00839122 ], [ 356193.64407729, 188818.51051882 ], [ 356207.84207251, 188872.00520612 ], [ 356197.04104246, 188914.91292392 ], [ 356217.34038289, 188940.80551224 ], [ 356239.14032445, 188996.90945266 ], [ 356286.93694365, 189041.60665821 ], [ 356304.41647318, 189096.37098209 ], [ 356344.56992075, 189183.41606569 ], [ 356434.48231205, 189339.87128085 ], [ 356463.66982835, 189359.08578076 ], [ 356500.87154404, 189485.38962666 ], [ 356512.96704867, 189532.40616832 ], [ 356552.75771355, 189661.64917289 ], [ 356577.31975057, 189733.60857473 ], [ 356572.1830775, 189756.14212456 ], [ 356620.1281078, 189832.21035026 ], [ 356651.42635974, 189839.10837572 ], [ 356660.5289072, 189833.8098924 ], [ 356753.22812916, 189863.01153351 ], [ 356836.06625804, 189901.14061918 ], [ 356872.37750713, 189923.76414326 ], [ 356920.57813433, 189944.15830549 ], [ 357028.25038725, 190000.00232031 ], [ 357109.21688726, 190044.24965464 ], [ 357174.51777118, 190075.75063758 ], [ 357339.35303272, 190188.2684297 ], [ 357476.38594822, 190271.71454349 ], [ 357529.49238677, 190299.40661672 ], [ 357612.48717181, 190347.81276061 ], [ 357629.58742853, 190363.30832505 ], [ 357672.18965924, 190388.51111082 ], [ 357746.79097209, 190445.25486809 ], [ 357765.08676267, 190452.35283632 ], [ 357784.99034017, 190478.34539603 ], [ 357831.97069832, 190502.69842505 ], [ 357852.68229181, 190545.28623441 ], [ 357906.19273835, 190587.01428988 ], [ 357948.4899018, 190612.80690682 ], [ 357983.19336398, 190656.21448153 ], [ 358017.09705523, 190680.44754489 ], [ 358040.60372442, 190691.25445145 ], [ 358072.0009171, 190691.85427975 ], [ 358192.4365246, 190780.63886542 ], [ 358235.97044722, 190826.74566749 ], [ 358263.36054019, 190843.78079123 ], [ 358328.20794575, 190907.15265123 ], [ 358369.43325126, 190954.61906411 ], [ 358410.63382158, 190967.91525811 ], [ 358492.92777643, 191047.32252802 ], [ 358536.1318966, 191082.72239491 ], [ 358582.42791468, 191131.51842719 ], [ 358629.92771169, 191166.71835132 ], [ 358677.63363522, 191151.22278688 ], [ 358720.79653008, 191098.26794504 ], [ 358724.69644398, 191055.67013854 ], [ 358743.29730183, 191048.37222755 ], [ 358797.40139277, 191043.57360114 ], [ 358793.50147887, 191056.26996684 ], [ 358739.99927739, 191061.9683357 ], [ 358744.50108075, 191106.16568434 ], [ 358737.63294485, 191123.72065928 ], [ 358747.83208543, 191140.61582309 ], [ 358725.13343222, 191136.3170536 ], [ 358719.22996847, 191166.2184944 ], [ 358687.8327758, 191199.61893363 ], [ 358686.23323395, 191214.5246669 ], [ 358718.11688522, 191266.0099294 ], [ 358783.67336604, 191334.32037574 ], [ 358807.87262037, 191354.22467819 ], [ 358844.86820953, 191398.32205545 ], [ 358889.96869375, 191442.61937547 ], [ 358930.46843388, 191489.3160087 ], [ 358970.67135181, 191530.02435606 ], [ 359031.47043237, 191597.92491972 ], [ 359064.67329343, 191630.91547627 ], [ 359104.26607683, 191682.62067582 ], [ 359137.17211569, 191718.72034239 ], [ 359158.40314802, 191735.05566646 ], [ 359170.86968041, 191757.41926494 ], [ 359212.46601366, 191808.32469341 ], [ 359238.17411418, 191846.62373043 ], [ 359269.57130685, 191881.72368317 ], [ 359347.56958487, 191981.41514679 ], [ 359413.68672984, 192071.99921737 ], [ 359457.89674746, 192129.36279721 ], [ 359475.76379487, 192160.66383738 ], [ 359556.26857146, 192273.03167243 ], [ 359555.77386779, 192306.23216888 ], [ 359581.67160471, 192327.02621665 ], [ 359627.2667926, 192309.7311673 ], [ 359610.9663068, 192283.12878216 ], [ 359592.96733842, 192240.53097565 ], [ 359603.96624993, 192231.83346529 ], [ 359619.26908333, 192247.82888665 ], [ 359659.37306053, 192305.83228335 ], [ 359672.78777494, 192343.2015865 ], [ 359656.7923564, 192376.90193987 ], [ 359659.89249938, 192409.90249356 ], [ 359690.48992112, 192453.20009975 ], [ 359726.99080662, 192521.50054895 ], [ 359758.19011782, 192589.60105538 ], [ 359819.46741193, 192706.33763988 ], [ 359830.44158825, 192722.25308413 ], [ 359873.6704436, 192816.9259843 ], [ 359894.67061423, 192856.1347609 ], [ 359929.47301714, 192859.11390813 ], [ 359949.56623104, 192844.40811762 ], [ 359970.17063873, 192810.30787871 ], [ 359984.97052341, 192772.70864138 ], [ 359984.67370121, 192747.70579837 ], [ 359999.96828955, 192719.01401131 ], [ 360032.86608334, 192690.35221566 ], [ 360038.67885142, 192678.34565251 ], [ 360074.95712027, 192646.12487561 ], [ 360102.15757684, 192636.51762565 ], [ 360152.65857608, 192643.81553665 ], [ 360189.56346957, 192667.51875167 ], [ 360214.56249483, 192676.11629065 ], [ 360251.16232106, 192665.519324 ], [ 360273.35802554, 192670.91777871 ], [ 360269.06234871, 192685.82351199 ], [ 360233.26229341, 192700.21939121 ], [ 360203.86040552, 192704.11827517 ], [ 360202.26086367, 192719.62383675 ], [ 360136.76209828, 192676.01631927 ], [ 360114.1623858, 192672.11743531 ], [ 360083.68863997, 192707.37734227 ], [ 360055.22668905, 192728.61126412 ], [ 360043.46923192, 192749.6152518 ], [ 360036.03218681, 192784.42528753 ], [ 360038.57166563, 192820.51495697 ], [ 360027.57275412, 192852.80571383 ], [ 359982.76909209, 192908.80968286 ], [ 359957.81129214, 192964.85364045 ], [ 359953.5815758, 192985.20781413 ], [ 359965.56164958, 193063.67535303 ], [ 360027.78712571, 193358.73089426 ], [ 360037.39262189, 193359.33072256 ], [ 360046.59411008, 193400.62890108 ], [ 360037.49156262, 193409.02649729 ], [ 360037.88732556, 193436.12873935 ], [ 360061.39399475, 193466.23012292 ], [ 360055.19370881, 193475.62743297 ], [ 360075.08904124, 193489.6334238 ], [ 360070.29041568, 193520.53457843 ], [ 360085.89007129, 193529.8319171 ], [ 360079.49190387, 193545.22751016 ], [ 360097.99382098, 193556.03441671 ], [ 360114.69006971, 193578.527978 ], [ 360121.08823713, 193605.53024868 ], [ 360134.38752068, 193614.32773042 ], [ 360195.39272777, 193737.03260652 ], [ 360209.16197981, 193770.47303429 ], [ 360222.38705781, 193786.94831829 ], [ 360268.88095736, 193922.94938839 ], [ 360260.38029937, 193926.5483582 ], [ 360275.18018404, 193945.5529182 ], [ 360297.2769478, 194036.14698592 ], [ 360337.57880646, 194145.44569949 ], [ 360356.68261303, 194251.04547187 ], [ 360377.47665713, 194315.84692264 ], [ 360399.07871721, 194339.05028075 ], [ 360380.18103717, 194350.94687539 ], [ 360378.27642805, 194365.15280898 ], [ 360406.54874257, 194509.44150677 ], [ 360367.59907393, 194525.74683942 ], [ 360357.83692158, 194545.5811619 ], [ 360377.23755035, 194592.07785236 ], [ 360400.14233009, 194579.28151528 ], [ 360448.24401656, 194701.87642285 ], [ 360465.83897695, 194755.27113877 ], [ 360474.63645714, 194770.06690353 ], [ 360504.73917522, 194850.2739445 ], [ 360576.99064565, 195031.7919855 ], [ 360596.39951948, 195069.34123714 ], [ 360621.89324841, 195133.76279666 ], [ 360635.06061099, 195156.0364209 ], [ 360668.50257881, 195234.09407713 ], [ 360696.37913039, 195290.53792025 ], [ 360730.44772286, 195350.93063301 ], [ 360755.75181538, 195374.73381942 ], [ 360847.04937696, 195485.46212377 ], [ 360940.02068593, 195603.66828761 ], [ 360982.69712219, 195700.65052673 ], [ 361081.53066961, 195850.18772216 ], [ 361080.82983942, 195868.49248247 ], [ 361095.02783463, 195896.99432391 ], [ 361126.12820511, 195930.09484898 ], [ 361202.07346291, 196036.45440387 ], [ 361259.93730172, 196144.90336068 ], [ 361288.94342667, 196186.00159644 ], [ 361292.63721404, 196201.29721811 ], [ 361331.63635305, 196266.5985258 ], [ 361354.03818406, 196316.30429768 ], [ 361415.53809482, 196426.00289678 ], [ 361430.14009803, 196443.39791751 ], [ 361483.23829152, 196555.79574396 ], [ 361564.54283903, 196644.40038115 ], [ 361588.74209337, 196661.09560219 ], [ 361596.9376841, 196676.70113515 ], [ 361672.33876787, 196748.20066863 ], [ 361690.23879552, 196772.60368334 ], [ 361728.63604507, 196806.50397948 ], [ 361779.03810358, 196840.30430423 ], [ 361808.94294019, 196869.89583375 ], [ 361833.24113526, 196886.20116639 ], [ 361871.83626627, 196895.59847644 ], [ 361897.18982916, 196911.51392069 ], [ 361918.37139113, 196934.60731028 ], [ 361941.31739617, 196933.82753349 ], [ 361997.63940855, 196968.9974662 ], [ 362079.84266773, 197007.69638875 ], [ 362091.93817237, 197023.10197894 ], [ 362136.64289366, 197036.29820156 ], [ 362237.53770635, 197100.99968096 ], [ 362353.74359751, 197172.29927166 ], [ 362427.38848326, 197238.11043341 ], [ 362493.15109061, 197283.45745296 ], [ 362524.74616475, 197323.31604356 ], [ 362554.74994209, 197348.71877211 ], [ 362575.14822326, 197356.11665448 ], [ 362603.94822168, 197273.72024021 ], [ 362691.84881808, 197202.82053504 ], [ 362716.94678407, 197202.52062089 ], [ 362696.05379924, 197228.52317774 ], [ 362643.04630143, 197264.1229874 ], [ 362622.0461308, 197270.92104148 ], [ 362596.04945315, 197335.92243502 ], [ 362628.65042474, 197377.52052769 ], [ 362599.55360412, 197366.82358966 ], [ 362646.59992276, 197407.77186833 ], [ 362673.06656889, 197413.35027153 ], [ 362685.26925932, 197426.94637969 ], [ 362709.66639512, 197428.94580736 ], [ 362735.06942837, 197441.55219881 ], [ 362818.56716215, 197496.94634241 ], [ 362845.47079652, 197526.24795491 ], [ 362857.56630115, 197528.74723949 ], [ 362906.97070727, 197566.24650544 ], [ 362924.57391272, 197583.95143746 ], [ 362964.47176339, 197609.45413738 ], [ 362973.97007378, 197625.74947289 ], [ 363024.47107302, 197666.5477945 ], [ 363042.56898214, 197670.64662122 ], [ 363082.96978154, 197706.54634503 ], [ 363117.87112518, 197745.25526472 ], [ 363166.28612396, 197677.21474111 ], [ 363189.74332279, 197656.65062753 ], [ 363305.04225723, 197580.46243617 ], [ 363346.53964975, 197562.45759001 ], [ 363385.6377295, 197555.8594787 ], [ 363438.1175434, 197524.06857875 ], [ 363494.95074957, 197480.87094394 ], [ 363583.83250824, 197426.94637969 ], [ 363653.59397022, 197391.98638688 ], [ 363761.62076077, 197315.45829282 ], [ 363817.45631454, 197281.39804247 ], [ 363957.63884338, 197188.99449271 ], [ 364070.62091565, 197124.63291602 ], [ 364132.09609122, 197096.09108603 ], [ 364155.76766164, 197065.11995142 ], [ 364188.59949495, 197049.06454724 ], [ 364301.08686355, 197009.67582214 ], [ 364364.76347043, 196964.10886555 ], [ 364422.00892966, 196917.50220656 ], [ 364667.66228011, 196780.2314999 ], [ 364725.85592136, 196740.77279483 ], [ 364835.26788217, 196693.24639912 ], [ 364840.39631017, 196641.42123392 ], [ 364853.23387031, 196590.50580831 ], [ 364883.7570865, 196492.40388969 ], [ 364889.74300086, 196485.13597011 ], [ 364941.58794507, 196483.26650524 ], [ 364955.20878601, 196499.61182644 ], [ 364993.11133189, 196509.50899341 ], [ 365112.4421012, 196513.77777148 ], [ 365149.18209347, 196503.47072184 ], [ 365420.2961926, 196406.12858574 ], [ 365431.4022899, 196385.33453798 ], [ 365398.70237757, 196336.92839409 ], [ 365459.19639087, 196300.52881336 ], [ 365501.99650305, 196346.42567552 ], [ 365511.7998807, 196352.2340129 ], [ 365562.19369415, 196354.35340623 ], [ 365616.60285235, 196364.09061898 ], [ 365638.50173464, 196358.79213566 ], [ 365676.2393793, 196327.84099533 ], [ 365772.26960594, 196297.21976057 ], [ 365787.77032081, 196308.21661275 ], [ 365839.87086191, 196322.62248911 ], [ 365896.47320637, 196314.32486428 ], [ 365978.03335078, 196282.95384414 ], [ 366000.83094473, 196284.4534149 ], [ 366032.63214539, 196266.17864599 ], [ 366051.71946184, 196281.78417896 ], [ 366080.4699899, 196291.65135451 ], [ 366147.33743543, 196286.83273382 ], [ 366230.18380938, 196244.94472414 ], [ 366230.21678962, 196216.59283978 ], [ 366219.2838386, 196184.29208578 ], [ 366185.84187077, 196181.86278116 ], [ 366126.52690121, 196166.24725106 ], [ 366089.58902748, 196126.67857747 ], [ 366090.53720951, 196077.41267969 ], [ 366088.78925655, 195923.82664324 ], [ 366054.36612646, 195696.32176583 ], [ 366035.27056495, 195611.41606983 ], [ 366010.56836189, 195560.62060988 ], [ 366032.59092009, 195472.94570656 ], [ 366050.8372403, 195433.89688417 ], [ 366079.25796592, 195352.35022666 ], [ 366105.32884912, 195143.01014963 ], [ 366086.90938262, 195048.42722371 ], [ 365982.31253749, 194919.83403313 ], [ 366006.99825043, 194833.39877497 ], [ 366050.10342987, 194701.66648294 ], [ 366067.31087238, 194655.45970949 ], [ 366111.52089001, 194643.47314061 ], [ 366164.957131, 194614.66138789 ], [ 366232.94590484, 194570.46403925 ], [ 366269.74361254, 194578.09185581 ], [ 366358.32030395, 194555.85822012 ], [ 366403.6269147, 194539.36294185 ], [ 366454.86172438, 194515.16986704 ], [ 366470.24700839, 194512.92051092 ], [ 366516.74090794, 194527.62630143 ], [ 366544.14749104, 194516.76940918 ], [ 366499.27786853, 194464.02450725 ], [ 366438.18196577, 194398.06338842 ], [ 366361.12362472, 194361.36389355 ], [ 366333.65108113, 194301.10114358 ], [ 366284.23018489, 194270.24997463 ], [ 366214.36978218, 194233.3005513 ], [ 366186.82303304, 194207.56791719 ], [ 366192.48739002, 194198.47052129 ], [ 366129.94035651, 194152.6436391 ], [ 366144.32798813, 194114.62452196 ], [ 366158.4930031, 194116.65394104 ], [ 366180.68870759, 194105.22721191 ], [ 366225.91286773, 194105.90701732 ], [ 366262.42199828, 194111.00555787 ], [ 366292.70610771, 194103.50770411 ], [ 366320.88772655, 194114.18464787 ], [ 366343.05045079, 194114.93443324 ], [ 366358.2873237, 194097.67937245 ], [ 366384.72923465, 194098.37917214 ], [ 366422.41740895, 194107.01669967 ], [ 366497.8432279, 194137.7579001 ], [ 366534.55023992, 194155.59279491 ], [ 366588.86870246, 194194.19174607 ], [ 366643.92922049, 194240.21857103 ], [ 366694.27356357, 194271.649574 ], [ 366729.42225905, 194286.36536165 ], [ 366758.05735625, 194291.74382208 ], [ 366799.07653523, 194292.44362177 ], [ 366917.7806799, 194305.04001609 ], [ 366946.01176911, 194303.71039669 ], [ 366989.76830838, 194315.65697701 ], [ 367048.6462897, 194313.88748353 ], [ 367062.85252998, 194318.91604412 ], [ 367174.71327393, 194301.50102911 ], [ 367209.95266508, 194305.01002467 ], [ 367260.64330073, 194302.12085169 ], [ 367302.52821112, 194321.81521424 ], [ 367364.39090456, 194331.69238693 ], [ 367436.8320114, 194359.77434855 ], [ 367505.81843763, 194411.25961104 ], [ 367556.7811603, 194395.22420113 ], [ 367551.27345948, 194429.14449155 ], [ 367618.43772721, 194449.91854504 ], [ 367635.02679015, 194469.60291045 ], [ 367636.78298816, 194490.84682944 ], [ 367651.55813766, 194508.28183872 ], [ 367693.45129311, 194543.32180863 ], [ 367701.45724744, 194558.80737594 ], [ 367720.24774169, 194624.20865502 ], [ 367766.75813136, 194682.92184854 ], [ 367825.74329848, 194746.39367992 ], [ 367834.35938733, 194747.19345098 ], [ 367864.28071406, 194782.52333791 ], [ 367867.08403484, 194799.81838725 ], [ 367908.77930883, 194786.28226193 ], [ 367967.46765374, 194778.18457987 ], [ 367985.48311225, 194786.59217322 ], [ 368021.01108053, 194788.53161806 ], [ 368037.33630151, 194855.28251081 ], [ 368077.44852377, 194895.27106421 ], [ 368141.05917017, 194916.5149832 ], [ 368164.77196589, 194933.70006402 ], [ 368242.14361927, 194966.68062343 ], [ 368356.43665625, 194818.98290147 ], [ 368381.03991857, 194845.17540394 ], [ 368418.02726267, 194847.91461985 ], [ 368562.23338133, 194882.22479866 ], [ 368550.84695195, 194934.24990663 ], [ 368608.46343893, 194904.59839429 ], [ 368735.65999653, 194854.30279125 ], [ 368796.45907709, 194821.90206586 ], [ 368821.76316961, 194802.6975631 ], [ 368884.54106484, 194739.00579468 ], [ 368883.45271677, 194732.86755173 ], [ 368952.46387819, 194680.31259543 ], [ 368981.90699138, 194662.28775499 ], [ 369042.27732876, 194634.95557874 ], [ 369084.36012062, 194625.06840891 ], [ 369138.67033809, 194623.39888681 ], [ 369222.95959773, 194606.65368007 ], [ 369263.82212055, 194593.24751755 ], [ 369273.2214902, 194615.95101874 ], [ 369306.72117346, 194650.15122903 ], [ 369293.4218899, 194668.84587774 ], [ 369311.12403608, 194745.05406338 ], [ 369333.92163003, 194764.74842592 ], [ 369326.22074296, 194800.04832143 ], [ 369364.42011104, 194823.35165093 ], [ 369370.11744826, 194856.85206153 ], [ 369411.82096731, 194879.34562282 ], [ 369431.22159608, 194899.44986804 ], [ 369449.3195052, 194948.14592894 ], [ 369466.82376992, 194929.05139469 ], [ 369523.82187731, 194917.65465697 ], [ 369532.11640878, 194897.2504976 ], [ 369565.12138836, 194842.34621379 ], [ 369617.3208702, 194772.7461366 ], [ 369637.1172619, 194752.95180267 ], [ 369641.42118379, 194736.24658449 ], [ 369683.32258431, 194666.14665039 ], [ 369692.5240725, 194667.84616391 ], [ 369717.72097922, 194728.64875935 ], [ 369732.5208639, 194703.44597357 ], [ 369753.71891599, 194686.05095284 ], [ 369784.11845627, 194677.05352833 ], [ 369811.21997211, 194680.75246952 ], [ 369846.02237502, 194646.95214476 ], [ 369855.01773668, 194620.64967376 ], [ 369869.61973989, 194616.55084704 ], [ 369886.91787808, 194634.04583915 ], [ 369973.41681409, 194651.05097148 ], [ 370001.82104958, 194626.14809985 ], [ 370038.45385606, 194609.6328273 ], [ 370043.63175443, 194580.24124056 ], [ 370064.22791706, 194579.94132641 ], [ 370144.28746035, 194591.99787525 ], [ 370188.48923291, 194578.20182433 ], [ 370203.69312558, 194567.5048863 ], [ 370231.06672844, 194533.62458444 ], [ 370235.48608119, 194517.77912015 ], [ 370215.0300846, 194472.66203478 ], [ 370223.33286113, 194417.25789405 ], [ 370204.03117309, 194347.05798857 ], [ 370218.22916831, 194318.55614714 ], [ 370298.23099617, 194278.95748214 ], [ 370360.53067785, 194300.86121226 ], [ 370384.82887291, 194313.35763519 ], [ 370423.89397241, 194325.11426989 ], [ 370491.75907033, 194332.62212079 ], [ 370536.84306444, 194356.85518415 ], [ 370577.4417453, 194331.46245274 ], [ 370598.54085665, 194336.86090745 ], [ 370621.53633207, 194321.05543172 ], [ 370620.34079821, 194291.66384498 ], [ 370633.20309352, 194277.53788849 ], [ 370674.79942678, 194258.34338286 ], [ 370746.44900775, 194201.2097372 ], [ 370765.4291384, 194197.27086469 ], [ 370789.93345999, 194226.67244857 ], [ 370809.22690297, 194212.66645774 ], [ 370838.49686988, 194176.65676541 ], [ 370900.6811207, 194148.51482096 ], [ 370941.98063176, 194165.11007062 ], [ 370958.61092, 194155.61278919 ], [ 370975.04332678, 194106.81675691 ], [ 371009.71380871, 194083.39346175 ], [ 371023.11203299, 194061.0898461 ], [ 371038.51380713, 194063.08927377 ], [ 371085.1313826, 194040.69568387 ], [ 371090.49067231, 194032.24810196 ], [ 371123.85018953, 194017.01246312 ], [ 371191.06392762, 193966.47692876 ], [ 371234.74626134, 193938.67488702 ], [ 371258.2611756, 193918.38069617 ], [ 371288.05882642, 193936.37554519 ], [ 371300.86340631, 193935.07591721 ], [ 371335.06391975, 193969.2761275 ], [ 371330.05092261, 194011.20412574 ], [ 371364.00408422, 194042.69511154 ], [ 371368.20082032, 194063.49915644 ], [ 371397.00081875, 194049.90304829 ], [ 371441.96113693, 194016.41263482 ], [ 371527.85818348, 193929.4175369 ], [ 371563.47684744, 193852.36959165 ], [ 371584.78208532, 193848.17079354 ], [ 371606.48308614, 193859.06767434 ], [ 371604.67741776, 193873.4735507 ], [ 371659.7791611, 193817.56955306 ], [ 371706.18236498, 193762.06544094 ], [ 371761.58093051, 193751.56844568 ], [ 371824.48250166, 193718.16800645 ], [ 371884.48181129, 193695.17458825 ], [ 371909.8930896, 193697.30397872 ], [ 371921.27951898, 193678.2694273 ], [ 371936.03817835, 193684.3676817 ], [ 371933.97691308, 193723.66643254 ], [ 371975.6227167, 193729.4147871 ], [ 372021.63015764, 193716.55846718 ], [ 372070.63055577, 193695.46450526 ], [ 372090.5258882, 193695.46450526 ], [ 372112.43301555, 193749.75896364 ], [ 372132.83129671, 193823.55783893 ], [ 372134.72766077, 193863.65636084 ], [ 372167.26267187, 193846.25134298 ], [ 372232.51408543, 193822.96800776 ], [ 372279.01623004, 193901.66548085 ], [ 372281.53921873, 193922.85941415 ], [ 372298.5240446, 193952.23100662 ], [ 372325.08963147, 193983.0921727 ], [ 372331.52077913, 194005.64571681 ], [ 372322.12140947, 194022.25096361 ], [ 372337.19338117, 194051.95246165 ], [ 372366.29844685, 194072.59655234 ], [ 372405.09970439, 194126.10123678 ], [ 372432.1022795, 194133.39914778 ], [ 372453.49821306, 194156.70247727 ], [ 372474.00368002, 194157.20233418 ], [ 372495.49855431, 194168.09921498 ], [ 372501.50095879, 194185.50423285 ], [ 372541.37407427, 194156.7124744 ], [ 372588.15655096, 194089.31176766 ], [ 372610.55838197, 194035.3072263 ], [ 372665.25611732, 194000.20727355 ], [ 372704.75820505, 193956.80969598 ], [ 372708.46848255, 193931.62690448 ], [ 372683.2138604, 193902.32529198 ], [ 372656.02164888, 193857.83802633 ], [ 372681.11961488, 193838.34360655 ], [ 372690.0160358, 193822.6381022 ], [ 372716.21883998, 193803.54356795 ], [ 372780.31594498, 193779.54043878 ], [ 372779.72230058, 193756.23710929 ], [ 372743.18843485, 193688.63645977 ], [ 372698.07970556, 193646.70846153 ], [ 372668.62010225, 193582.52683333 ], [ 372637.41254598, 193558.64366982 ], [ 372656.87089018, 193549.10639983 ], [ 372617.6738697, 193495.01188423 ], [ 372706.29178642, 193402.29842318 ], [ 372721.64409019, 193394.32070678 ], [ 372767.23927808, 193387.56264125 ], [ 372799.78253424, 193389.81199738 ], [ 372868.87614627, 193416.07447983 ], [ 372896.30746455, 193416.08447696 ], [ 372920.35006272, 193424.8519673 ], [ 372991.636861, 193491.1729831 ], [ 373015.67945918, 193523.36376859 ], [ 373051.96597308, 193562.96243359 ], [ 373087.18887411, 193611.46854886 ], [ 373103.16780252, 193614.05780769 ], [ 373110.76974885, 193584.55625242 ], [ 373166.22602982, 193572.07982376 ], [ 373197.64795768, 193558.62367554 ], [ 373232.78016303, 193551.38574738 ], [ 373264.35874705, 193552.77534961 ], [ 373313.4168606, 193537.28978231 ], [ 373345.86942109, 193543.86789934 ], [ 373380.69655918, 193528.14240072 ], [ 373398.20906896, 193508.25809254 ], [ 373423.57087691, 193460.43178268 ], [ 373437.05155181, 193395.95024033 ], [ 373395.76028581, 193324.64065249 ], [ 373371.80838332, 193259.72923319 ], [ 373289.83598585, 193253.1111276 ], [ 373226.90143446, 193235.55615266 ], [ 373234.09112774, 193215.17198757 ], [ 373204.07910534, 193189.63929622 ], [ 373190.95296806, 193189.10944789 ], [ 373137.21165981, 193160.0977524 ], [ 373094.51048836, 193133.1954531 ], [ 373078.3089433, 193145.90181595 ], [ 373058.41361086, 193135.20487791 ], [ 373014.40971977, 193131.59591097 ], [ 372994.50614227, 193108.20260723 ], [ 372996.70757358, 193087.99839063 ], [ 372958.02999196, 193109.342281 ], [ 372934.49858757, 193104.40369466 ], [ 372921.29824475, 193111.18175446 ], [ 372900.69383706, 193094.27659351 ], [ 372886.95756526, 193109.29229531 ], [ 372860.22707718, 193110.23202632 ], [ 372817.19610329, 193099.11520847 ], [ 372790.49859544, 193103.45396652 ], [ 372772.40893139, 193093.30687109 ], [ 372748.54772456, 193101.54451309 ], [ 372725.93152196, 193097.1657665 ], [ 372666.12184873, 193097.48567492 ], [ 372636.85188182, 193059.32659784 ], [ 372605.94114776, 193065.06495526 ], [ 372597.03648177, 193093.15691402 ], [ 372576.61346542, 193090.18776393 ], [ 372567.88194571, 193077.80130951 ], [ 372551.10324637, 193084.84929205 ], [ 372527.62955742, 193068.15407101 ], [ 372527.25852967, 193027.4057351 ], [ 372505.98627203, 193011.09040531 ], [ 372486.97316113, 193017.99842791 ], [ 372461.57837294, 193038.96242703 ], [ 372435.73010639, 193020.65766671 ], [ 372427.32014406, 193002.72280051 ], [ 372391.03363016, 193008.73108066 ], [ 372379.22670266, 193002.73279765 ], [ 372393.43294294, 192980.27922492 ], [ 372375.63185602, 192954.77652499 ], [ 372385.0889411, 192914.15815188 ], [ 372396.87113342, 192905.23070733 ], [ 372420.72409518, 192916.117591 ], [ 372441.50989422, 192902.87138268 ], [ 372442.2766849, 192876.36896892 ], [ 372456.92815848, 192852.77572242 ], [ 372485.10153226, 192845.71774274 ], [ 372504.83196347, 192869.55092057 ], [ 372534.02772483, 192856.88454628 ], [ 372535.8993537, 192824.38384951 ], [ 372544.6968339, 192809.59808189 ], [ 372564.94670396, 192806.8388717 ], [ 372571.85606516, 192773.90829798 ], [ 372595.4616751, 192769.10967158 ], [ 372640.76004079, 192802.90999633 ], [ 372656.86264512, 192783.40557941 ], [ 372648.05691986, 192747.80576975 ], [ 372661.10060652, 192731.39046858 ], [ 372691.74749864, 192711.2162434 ], [ 372730.12825806, 192722.94288668 ], [ 372743.68313851, 192703.35849265 ], [ 372733.50873311, 192687.40305985 ], [ 372748.97646774, 192670.7578245 ], [ 372754.68205002, 192632.75870163 ], [ 372766.48073246, 192623.36139159 ], [ 372797.27603567, 192628.06004661 ], [ 372818.48233282, 192613.46422462 ], [ 372842.73930258, 192623.50135152 ], [ 372855.6428232, 192603.08719502 ], [ 372850.57211063, 192573.81557393 ], [ 372870.03869989, 192523.68992225 ], [ 372880.54290773, 192464.88675448 ], [ 372899.53952851, 192432.38605771 ], [ 372959.07711472, 192371.06361108 ], [ 372962.38338422, 192356.55776333 ], [ 372982.47659812, 192346.66059637 ], [ 373006.68409751, 192324.45695209 ], [ 373011.87848601, 192308.86141627 ], [ 373049.17914243, 192306.8619886 ], [ 373066.33711458, 192293.15591192 ], [ 373080.27126784, 192251.17792799 ], [ 373112.87223944, 192240.38101858 ], [ 373136.07384137, 192215.57811833 ], [ 373133.66628353, 192200.68238219 ], [ 373164.84910462, 192179.36848323 ], [ 373176.77970803, 192146.15798964 ], [ 373135.28231551, 192116.4564916 ], [ 373160.28134077, 192043.85727292 ], [ 373145.0774481, 192043.55735876 ], [ 373131.97604601, 192022.66333962 ], [ 373164.17300961, 192002.27917452 ], [ 373172.41807071, 191983.02468606 ], [ 373143.60982722, 191961.02098456 ], [ 373142.39780324, 191946.72507672 ], [ 373158.46742732, 191941.14667352 ], [ 373142.05151067, 191911.98502095 ], [ 373149.47206566, 191892.23067558 ], [ 373147.79831826, 191864.34865672 ], [ 373135.90069509, 191846.85366461 ], [ 373149.99974957, 191834.24727315 ], [ 373177.80209561, 191851.25240548 ], [ 373182.60072117, 191823.95022065 ], [ 373204.79642565, 191810.65402665 ], [ 373205.20043365, 191796.84797859 ], [ 373186.20381287, 191786.85084024 ], [ 373201.9024092, 191758.84885573 ], [ 373188.49593985, 191711.25248005 ], [ 373196.89765712, 191695.24706155 ], [ 373184.70321175, 191686.24963704 ], [ 373165.20364224, 191696.54668954 ], [ 373131.20101026, 191674.3530424 ], [ 373141.69697304, 191655.74836793 ], [ 373171.89863186, 191662.54642201 ], [ 373177.59596908, 191634.95432017 ], [ 373162.7960844, 191628.64612587 ], [ 373136.60152528, 191601.25396679 ], [ 373129.29640115, 191579.05032252 ], [ 373156.20003552, 191594.44591558 ], [ 373179.16253069, 191562.26512723 ], [ 373181.49588298, 191539.61161173 ], [ 373141.93607982, 191505.98123833 ], [ 373150.17289586, 191487.76645226 ], [ 373130.54965044, 191452.70648807 ], [ 373153.27303883, 191433.44200247 ], [ 373140.74054596, 191407.1195372 ], [ 373150.7995205, 191397.28235306 ], [ 373154.94678623, 191354.60456945 ], [ 373136.79116169, 191337.91934554 ], [ 373141.39190578, 191313.41635945 ], [ 373132.19041759, 191274.61746552 ], [ 373165.08821139, 191271.51835263 ], [ 373171.69250533, 191263.32069919 ], [ 373157.98921378, 191246.71545239 ], [ 373159.1929927, 191203.51781758 ], [ 373148.99385212, 191191.42128018 ], [ 373121.38938755, 191200.71861884 ], [ 373116.78864346, 191188.42213868 ], [ 373126.08907238, 191167.01826547 ], [ 373105.49290975, 191139.71608064 ], [ 373127.08672477, 191128.11940015 ], [ 373145.39076042, 191102.21681469 ], [ 373126.88884331, 191068.91634685 ], [ 373142.09273598, 191056.12000977 ], [ 373141.99379524, 191038.61502052 ], [ 373111.48706917, 191058.11943744 ], [ 373099.34209417, 191053.45077383 ], [ 373088.21126168, 191031.69700078 ], [ 373106.68019855, 190979.67189281 ], [ 373093.88386372, 190976.77272269 ], [ 373063.68220491, 190986.17003274 ], [ 373049.0802017, 190967.16547274 ], [ 373068.58801626, 190956.92840307 ], [ 373065.04263999, 190932.20547993 ], [ 373087.84847899, 190926.53710249 ], [ 373097.04172212, 190911.40143503 ], [ 373080.31249315, 190912.09123757 ], [ 373061.05203041, 190894.81618251 ], [ 373061.39832298, 190872.29262981 ], [ 373037.19906865, 190865.79448988 ], [ 373029.80324884, 190837.79250536 ], [ 372995.37187368, 190811.31008588 ], [ 372983.6473968, 190793.80509663 ], [ 372982.36941233, 190772.92107462 ], [ 373011.99391686, 190752.37695531 ], [ 373004.16935388, 190738.85082712 ], [ 372989.54261548, 190740.89024335 ], [ 372972.26096742, 190723.42524265 ], [ 373001.3660331, 190707.48980412 ], [ 373010.00685714, 190687.31557894 ], [ 372984.07613997, 190655.18477628 ], [ 372970.27390769, 190647.65693111 ], [ 372986.76402989, 190603.37960536 ], [ 372963.43875204, 190587.81406095 ], [ 372970.99122801, 190570.80892862 ], [ 372997.63102043, 190570.29907456 ], [ 373038.12251549, 190541.87721024 ], [ 373042.18733062, 190500.71899165 ], [ 373021.83851982, 190473.52677534 ], [ 373050.06136397, 190474.23657217 ], [ 373065.24052145, 190465.43909042 ], [ 373075.49737746, 190442.81556634 ], [ 373060.88712919, 190420.73188772 ], [ 373057.75400597, 190379.39372065 ], [ 373015.72892954, 190373.07552921 ], [ 373001.53093433, 190340.93472942 ], [ 372975.36935545, 190354.80076031 ], [ 372962.34215891, 190352.85131833 ], [ 372974.50362404, 190328.87818057 ], [ 372938.84373477, 190321.26036115 ], [ 372919.03909801, 190295.65768984 ], [ 372903.63732387, 190296.45746091 ], [ 372876.54405309, 190277.86278358 ], [ 372861.34016042, 190258.05845251 ], [ 372856.9372978, 190223.3583853 ], [ 372832.73804346, 190204.96365074 ], [ 372799.84024967, 190159.45667697 ], [ 372816.43755767, 190143.16134147 ], [ 372822.63784362, 190107.06167489 ], [ 372784.99913969, 190093.07567834 ], [ 372783.0038349, 190072.58154472 ], [ 372795.19828027, 190055.97629793 ], [ 372790.90260344, 190038.18139166 ], [ 372771.09796667, 190023.37562977 ], [ 372768.59971316, 189981.59758861 ], [ 372773.29939799, 189950.69643397 ], [ 372728.80080322, 189930.90210004 ], [ 372725.29665226, 189910.09805514 ], [ 372736.50169029, 189898.70131742 ], [ 372756.70208999, 189901.70045892 ], [ 372764.40297706, 189871.79901812 ], [ 372778.09802355, 189868.49996247 ], [ 372766.39828184, 189845.39657574 ], [ 372747.30272033, 189858.10293858 ], [ 372716.49917206, 189852.50454111 ], [ 372710.00206391, 189836.89900815 ], [ 372737.40040195, 189806.89759596 ], [ 372735.5040379, 189782.10469286 ], [ 372721.50392415, 189743.89563009 ], [ 372708.79828499, 189738.59714676 ], [ 372716.20234986, 189700.99790943 ], [ 372729.40269268, 189681.8034038 ], [ 372709.40017445, 189655.70087557 ], [ 372744.79622176, 189627.19903414 ], [ 372755.80337833, 189605.59521817 ], [ 372745.49705195, 189586.80059807 ], [ 372754.50065868, 189548.90144659 ], [ 372746.60189014, 189521.29934761 ], [ 372798.08405166, 189448.21026914 ], [ 372813.37864, 189445.01118487 ], [ 372805.82616403, 189431.20513681 ], [ 372780.77766841, 189444.8112421 ], [ 372769.9683933, 189429.04575493 ], [ 372775.36890832, 189401.25371032 ], [ 372758.2686516, 189390.44680376 ], [ 372769.57263037, 189370.95238398 ], [ 372750.4688238, 189362.75473053 ], [ 372751.36753546, 189336.75217369 ], [ 372737.96931117, 189331.65363313 ], [ 372747.97057028, 189318.04752784 ], [ 372740.46756468, 189305.95099044 ], [ 372745.96702044, 189287.7462015 ], [ 372724.76896835, 189280.24834774 ], [ 372719.36845332, 189241.04956827 ], [ 372685.26688061, 189243.9487384 ], [ 372690.17269197, 189223.75451893 ], [ 372679.66848412, 189202.05073158 ], [ 372643.16759863, 189172.64914769 ], [ 372632.16868712, 189136.54948111 ], [ 372647.16645326, 189088.25330575 ], [ 372659.56702516, 189081.14534038 ], [ 372660.80378432, 189060.30130693 ], [ 372688.10318163, 189060.90113523 ], [ 372725.79960098, 189049.20448336 ], [ 372774.79999911, 188980.50414863 ], [ 372778.79885374, 188918.90178212 ], [ 372762.69624941, 188898.1977086 ], [ 372760.09905516, 188867.19658258 ], [ 372749.39696585, 188846.00264928 ], [ 372752.3981681, 188797.49653401 ], [ 372766.29934111, 188788.79902365 ], [ 372838.69922264, 188768.80474695 ], [ 372870.09641531, 188756.69821241 ], [ 372893.89990671, 188763.69620925 ], [ 372939.29721313, 188792.6979076 ], [ 372988.89950072, 188785.59993938 ], [ 372999.99735296, 188777.70220008 ], [ 373044.60313352, 188768.30489003 ], [ 373082.29955287, 188755.09867027 ], [ 373118.70149763, 188767.49512183 ], [ 373127.69685929, 188753.0992426 ], [ 373146.6027844, 188766.59537937 ], [ 373159.80312722, 188751.2997577 ], [ 373175.89748649, 188770.904146 ], [ 373191.80220936, 188772.20377399 ], [ 373207.79762789, 188747.30090236 ], [ 373213.50321017, 188760.29718221 ], [ 373238.57644098, 188773.91328465 ], [ 373250.54002464, 188765.54567985 ], [ 373270.13028982, 188774.06324172 ], [ 373297.09163962, 188770.11437207 ], [ 373299.64760856, 188781.21119564 ], [ 373315.69249746, 188763.7861835 ], [ 373327.12015215, 188772.56367097 ], [ 373346.88356361, 188754.65879619 ], [ 373378.36320689, 188750.13009251 ], [ 373393.36097303, 188763.3962951 ], [ 373413.95713566, 188730.48571566 ], [ 373423.71104295, 188726.88674585 ], [ 373428.85596107, 188746.28119425 ], [ 373453.86323139, 188732.09525493 ], [ 373479.71974301, 188741.69250775 ], [ 373498.70811872, 188732.08525779 ], [ 373492.92008583, 188716.97958175 ], [ 373518.52100055, 188730.77563267 ], [ 373544.5176782, 188729.9758616 ], [ 373564.33056003, 188721.5282797 ], [ 373586.65818549, 188725.36718082 ], [ 373634.66093122, 188698.23494734 ], [ 373655.90020861, 188700.28436071 ], [ 373668.49041692, 188690.10727387 ], [ 373721.95963816, 188684.34892218 ], [ 373738.82078811, 188687.77794063 ], [ 373778.01780858, 188683.57914252 ], [ 373803.6187233, 188700.58427486 ], [ 373829.78030218, 188699.86448089 ], [ 373865.07740875, 188715.26007395 ], [ 373880.46269276, 188748.69050459 ], [ 373905.52767851, 188769.28460959 ], [ 373935.39128982, 188779.70162775 ], [ 373951.05690591, 188774.97298131 ], [ 373975.61894293, 188781.69105828 ], [ 373990.13849553, 188822.29943425 ], [ 374003.66039574, 188826.69817513 ], [ 374015.06331524, 188812.10235314 ], [ 374053.16374259, 188834.89582857 ], [ 374067.09789585, 188859.49878605 ], [ 374084.19815257, 188848.20201972 ], [ 374093.30070003, 188821.69960595 ], [ 374134.98772896, 188809.78301704 ], [ 374169.4438393, 188811.90241037 ], [ 374179.65947, 188823.00923108 ], [ 374195.57243793, 188811.46253628 ], [ 374231.39722841, 188799.29601891 ], [ 374264.6990302, 188799.9958186 ], [ 374303.91254079, 188818.63048448 ], [ 374354.33933449, 188810.27287682 ], [ 374370.73876102, 188820.12005809 ], [ 374410.33978949, 188810.19289971 ], [ 374438.15038058, 188812.67219002 ], [ 374465.46626801, 188848.50193387 ], [ 374477.89982015, 188874.2145737 ], [ 374457.79836119, 188904.41592865 ], [ 374474.17305253, 188946.35392403 ], [ 374496.84697056, 188950.3627765 ], [ 374537.41267118, 188976.90517882 ], [ 374551.95695896, 188976.38532763 ], [ 374567.02893065, 189009.68579547 ], [ 374590.04089619, 189042.61636919 ], [ 374612.37676671, 189049.58437462 ], [ 374641.73742929, 189122.59347598 ], [ 374641.21799044, 189139.9085196 ], [ 374671.38666901, 189159.42293366 ], [ 374688.11589798, 189188.95448034 ], [ 374695.22314065, 189228.74309097 ], [ 374685.64237965, 189253.54599121 ], [ 374689.77315526, 189286.24663075 ], [ 374685.09820562, 189305.32117072 ], [ 374691.28200145, 189328.96440292 ], [ 374688.36324982, 189358.09606406 ], [ 374697.16897507, 189409.7212865 ], [ 374705.19966459, 189432.54475335 ], [ 374747.62874901, 189480.85092585 ], [ 374773.70787727, 189496.11655611 ], [ 374880.30002719, 189435.10402077 ], [ 374972.90030842, 189374.10148256 ], [ 375000.80159518, 189360.99523419 ], [ 374988.90397201, 189330.70390499 ], [ 374970.50099564, 189306.30089028 ], [ 374954.29945057, 189245.69823761 ], [ 374955.60217023, 189217.89619586 ], [ 374983.099449, 189211.69797008 ], [ 375016.89595445, 189196.40234841 ], [ 375040.40262365, 189198.901633 ], [ 375110.2960066, 189197.50203363 ], [ 375129.9027619, 189190.70397955 ], [ 375171.30121369, 189188.20469496 ], [ 375274.70252496, 189227.70338858 ], [ 375297.40117817, 189232.10212945 ], [ 375333.80312293, 189250.79677817 ], [ 375352.79974371, 189166.70085037 ], [ 375382.10269086, 189131.60089763 ], [ 375402.59991276, 189126.10247154 ], [ 375417.80380543, 189109.49722474 ], [ 375498.00351476, 189088.60320559 ], [ 375512.49833218, 189005.29705173 ], [ 375520.70216797, 188930.4984626 ], [ 375570.70021849, 188951.40247889 ], [ 375574.69907312, 188993.4004571 ], [ 375596.69689614, 188929.09886324 ], [ 375612.19761101, 188915.90264061 ], [ 375601.80058896, 188890.10002654 ], [ 375622.09992939, 188829.19745971 ], [ 375624.20241997, 188804.20461384 ], [ 375636.80087334, 188763.3962951 ], [ 375658.79869635, 188710.45145041 ], [ 375715.81329387, 188726.05698337 ], [ 375861.70965005, 188754.5588248 ], [ 375861.4870334, 188772.65364521 ], [ 375990.33260323, 188784.00039724 ], [ 376040.09979204, 188779.15178514 ], [ 376081.90225182, 188756.79818379 ], [ 376194.19998402, 188721.79820243 ], [ 376194.60399201, 188700.8042119 ], [ 376225.69611742, 188689.09756289 ], [ 376263.49972257, 188682.9993085 ], [ 376265.29714589, 188648.59915544 ], [ 376260.59746106, 188615.8985159 ], [ 376262.79889238, 188579.49893517 ], [ 376244.89886473, 188562.4838057 ], [ 376241.69978102, 188512.87800522 ], [ 376254.60330164, 188443.99772199 ], [ 376262.50207018, 188440.39875219 ], [ 376309.80398571, 188538.80058496 ], [ 376332.99734259, 188507.19963063 ], [ 376359.49696897, 188495.303036 ], [ 376362.69605268, 188527.30387585 ], [ 376489.99979608, 188468.30076532 ], [ 376576.80379935, 188422.70381731 ], [ 376613.79938851, 188484.29618668 ], [ 376654.00230644, 188535.30158653 ], [ 376662.4040237, 188552.09677896 ], [ 376689.39835375, 188538.30072804 ], [ 376685.00373618, 188522.89513784 ], [ 376748.10318879, 188497.90229197 ], [ 376775.60046756, 188483.39644423 ], [ 376808.10249842, 188453.80491471 ], [ 376834.29705754, 188439.79892389 ], [ 376870.30323937, 188429.60184277 ], [ 376877.50117771, 188468.90059362 ], [ 376876.89928825, 188534.10192993 ], [ 376886.7026659, 188599.40323763 ], [ 376884.89699752, 188674.40176952 ], [ 376948.40045812, 188693.09641823 ], [ 376958.09664997, 188680.40005253 ], [ 377003.99690512, 188575.40010845 ], [ 377005.00280258, 188566.50265532 ], [ 377147.35378249, 188567.40239777 ], [ 377161.92280545, 188526.34415057 ], [ 377174.91702175, 188445.4073185 ], [ 377179.87230347, 188376.57702097 ], [ 377186.94656589, 188353.29368575 ], [ 377207.09749523, 188323.60218486 ], [ 377203.60158932, 188299.19917015 ], [ 377164.39632378, 188236.89700396 ], [ 377151.09704023, 188238.09666056 ], [ 377158.30322363, 188135.09614415 ], [ 377173.90287923, 188135.59600107 ], [ 377208.10339268, 188204.2963358 ], [ 377256.69978281, 188240.79588791 ], [ 377287.99803475, 188270.7973001 ], [ 377296.39975201, 188258.40084854 ], [ 377308.00055298, 188202.39687951 ], [ 377329.19860507, 188177.00414811 ], [ 377338.10327106, 188212.60395777 ], [ 377337.69926307, 188261.30001867 ], [ 377343.99848975, 188296.10005726 ], [ 377339.80175365, 188307.79670913 ], [ 377384.10246694, 188314.70473173 ], [ 377417.6021502, 188276.79558311 ], [ 377436.59877097, 188286.30286168 ], [ 377455.29856955, 188268.19804413 ], [ 377471.69799608, 188269.5976435 ], [ 377507.00334772, 188287.60248966 ], [ 377521.6960466, 188286.80271859 ], [ 377580.5987631, 188313.90496066 ], [ 377617.99836026, 188307.99665189 ], [ 377655.20007595, 188311.69559308 ], [ 377715.99915651, 188350.90436969 ], [ 377747.58598559, 188362.88094143 ], [ 377809.10238646, 188368.19941903 ], [ 377938.30249391, 188384.80466583 ], [ 377947.60292284, 188317.40395908 ], [ 377957.29911469, 188296.69988556 ], [ 377946.20126245, 188248.60365296 ], [ 378005.30186042, 188159.89904439 ], [ 378081.19764786, 188067.0956091 ], [ 378013.29956969, 188021.79857524 ], [ 378020.59644877, 188007.70261017 ], [ 378040.598967, 188023.49808876 ], [ 378092.60056736, 188031.79571359 ], [ 378161.19947572, 187931.70436444 ], [ 378207.00079014, 187958.5966666 ], [ 378244.79615023, 187969.103659 ], [ 378272.59849626, 187984.8991376 ], [ 378333.90052555, 188032.89539881 ], [ 378377.30252718, 188047.1013324 ], [ 378432.09920326, 188090.49890997 ], [ 378498.49668031, 188121.00017908 ], [ 378526.20008561, 188149.60199189 ], [ 378572.70223022, 188182.00271728 ], [ 378594.6011125, 188188.50085721 ], [ 378694.00356914, 188236.79703257 ], [ 378739.59875703, 188264.99895986 ], [ 378768.39875545, 188213.20378607 ], [ 378767.20322159, 188204.59624995 ], [ 378717.79881547, 188151.10156265 ], [ 378727.99795606, 188134.29637308 ], [ 378761.39869858, 188126.39863379 ], [ 378835.90107069, 188128.39806146 ], [ 378862.90364579, 188152.40119063 ], [ 378892.89917808, 188165.69738464 ], [ 378912.49768832, 188189.30062828 ], [ 378924.50249728, 188243.39514388 ], [ 378926.2999206, 188280.20460728 ], [ 378977.4028093, 188262.49967527 ], [ 379030.50100279, 188259.00067685 ], [ 379064.39644898, 188236.24718996 ], [ 379078.60268926, 188235.99726151 ], [ 379124.99764807, 188216.20292757 ], [ 379160.79770338, 188194.29919745 ], [ 379191.40337018, 188167.49686954 ], [ 379219.60147915, 188186.90131507 ], [ 379233.38722131, 188180.62311219 ], [ 379235.58040756, 188133.53659057 ], [ 379254.23073577, 188118.27096031 ], [ 379299.15807371, 188109.39350145 ], [ 379303.64338695, 188139.43490219 ], [ 379313.94146827, 188157.21981132 ], [ 379347.25151512, 188186.82133797 ], [ 379380.6605027, 188197.36831892 ], [ 379425.57135051, 188201.82704263 ], [ 379455.12989456, 188214.09353138 ], [ 379479.17249273, 188231.45856069 ], [ 379523.2670795, 188275.45596657 ], [ 379538.47097217, 188304.45766492 ], [ 379555.67016963, 188355.16315062 ], [ 379557.77266021, 188375.55731286 ], [ 379548.37329055, 188502.46098706 ], [ 379602.29599016, 188498.08224046 ], [ 379689.70188289, 188481.00712816 ], [ 379705.10365703, 188475.6986477 ], [ 379843.39806687, 188404.49902838 ], [ 379897.60109855, 188379.19627121 ], [ 379882.60333241, 188356.9026527 ], [ 379977.37206471, 188310.69587925 ], [ 380013.35351135, 188296.33998858 ], [ 379987.68663614, 188222.84102744 ], [ 380048.7825389, 188202.14695106 ], [ 379998.70203777, 188100.39607694 ], [ 379983.9021531, 188065.79598111 ], [ 379969.30014989, 188048.300989 ], [ 379939.79932127, 188027.09705857 ], [ 379898.20298801, 188010.60178029 ], [ 379903.19949504, 188006.3030108 ], [ 379858.60195954, 187977.90114075 ], [ 379810.30239161, 187932.50413551 ], [ 379766.19955978, 187873.90091051 ], [ 379748.15112103, 187844.29938386 ], [ 379721.13205581, 187787.19572961 ], [ 379792.30342323, 187757.93410566 ], [ 379766.77671406, 187689.60366505 ], [ 379874.43247686, 187690.35345042 ], [ 379857.37344544, 187653.25407001 ], [ 379932.31280579, 187603.38834392 ], [ 379964.4438089, 187656.53313139 ], [ 380137.90340434, 187577.09587007 ], [ 380193.59879208, 187542.49577424 ], [ 380255.09870284, 187490.30071492 ], [ 380276.89864439, 187442.70433924 ], [ 380318.70110417, 187447.8028798 ], [ 380379.50018473, 187418.70121007 ], [ 380452.40301498, 187379.70237337 ], [ 380433.29920841, 187344.90233477 ], [ 380408.59700535, 187355.69924419 ], [ 380377.60382068, 187290.89779341 ], [ 380240.99964835, 187329.29680181 ], [ 380203.6000512, 187232.70445108 ], [ 380193.79667355, 187180.79930878 ], [ 380294.09784184, 187172.10179841 ], [ 380326.3030505, 187139.80104441 ], [ 380350.7001863, 187192.99581756 ], [ 380387.70402052, 187178.24004136 ], [ 380456.59975109, 187135.80218907 ], [ 380541.90315324, 187087.79593072 ], [ 380569.30149128, 187064.00274145 ], [ 380602.80117453, 187022.80453431 ], [ 380624.89793828, 186987.30469603 ], [ 380641.29736481, 186946.39640591 ], [ 380547.30366826, 186908.59722581 ], [ 380604.69753858, 186786.80208931 ], [ 380501.09834585, 186663.79729906 ], [ 380534.40014764, 186644.8027362 ], [ 380580.49828425, 186627.69763249 ], [ 380635.60002759, 186602.804758 ], [ 380678.40013977, 186593.99727911 ], [ 380784.10182308, 186584.10011215 ], [ 380837.90084677, 186679.00294649 ], [ 380915.89912478, 186768.69727176 ], [ 380911.00155849, 186784.20283334 ], [ 380928.59651888, 186815.40390212 ], [ 381083.99943051, 186735.79668945 ], [ 381074.60006086, 186708.60447314 ], [ 381131.69710898, 186665.79672673 ], [ 381171.90002691, 186617.70049414 ], [ 381207.56816123, 186561.57655945 ], [ 381191.39959642, 186525.29694438 ], [ 381173.10380583, 186438.50178923 ], [ 381158.79862482, 186385.79687586 ], [ 381127.59931361, 186293.0034377 ], [ 381105.99725353, 186192.70214865 ], [ 381103.69688148, 186154.0032261 ], [ 381106.79702446, 185977.40377716 ], [ 381338.79655372, 185996.79822556 ], [ 381439.17192756, 185987.01102712 ], [ 381476.30768276, 185979.53316763 ], [ 381556.26004026, 185944.44321203 ], [ 381634.71179664, 185905.41438391 ], [ 381685.97958656, 185889.21901979 ], [ 381801.46815741, 185865.81571891 ], [ 381834.80293944, 185855.59864352 ], [ 381848.70411246, 185844.40184857 ], [ 381938.89683584, 185796.09567607 ], [ 382024.70318672, 185741.30136078 ], [ 382051.40069457, 185718.39791682 ], [ 382056.29826086, 185699.80323949 ], [ 382018.8986637, 185669.60188454 ], [ 381928.59875453, 185618.79642745 ], [ 381870.99875767, 185562.80245556 ], [ 381850.40259504, 185536.3000418 ], [ 381817.70268272, 185509.69765665 ], [ 381788.69655776, 185493.04242416 ], [ 381760.99315246, 185427.57116511 ], [ 381757.67039284, 185403.54804166 ], [ 381768.66105929, 185362.18988031 ], [ 381731.69845037, 185328.29958131 ], [ 381706.60048438, 185290.50040121 ], [ 381699.50148677, 185265.59752958 ], [ 381667.85694226, 185218.48101655 ], [ 381615.75640117, 185109.80212555 ], [ 381627.09336018, 185093.22687017 ], [ 381653.79911309, 185085.89896776 ], [ 381585.39808619, 184960.60483284 ], [ 381558.50269688, 184919.89648548 ], [ 381556.30126557, 184882.69713368 ], [ 381569.69948986, 184836.60032876 ], [ 381564.80192356, 184777.99710375 ], [ 381546.20106572, 184715.09510926 ], [ 381548.8972007, 184697.50014577 ], [ 381517.79683022, 184598.09859917 ], [ 381484.92377161, 184607.24598075 ], [ 381465.58910333, 184568.13717553 ], [ 381515.18314586, 184543.3642667 ], [ 381505.90745212, 184479.99240671 ], [ 381509.78263083, 184454.58967817 ], [ 381535.58142702, 184403.90418674 ], [ 381495.04046159, 184241.28073722 ], [ 381479.86954916, 184172.3504683 ], [ 381479.67991275, 184129.45274764 ], [ 381502.02402834, 184000.32970873 ], [ 381526.15732218, 183922.00212977 ], [ 381551.42018939, 183931.13951422 ], [ 381569.51809851, 183908.31604737 ], [ 381569.89737132, 183870.89675853 ], [ 381576.78199734, 183861.40947423 ], [ 381559.37667336, 183831.80794758 ], [ 381570.48277066, 183826.30952149 ], [ 381553.8772176, 183788.81025554 ], [ 381571.57936379, 183779.31297411 ], [ 381559.58279988, 183754.21015972 ], [ 381542.97724683, 183737.51493868 ], [ 381572.18125325, 183718.01052176 ], [ 381567.07756043, 183700.50553251 ], [ 381587.08007866, 183690.20848001 ], [ 381590.65843517, 183639.57297427 ], [ 381575.84206038, 183609.74151344 ], [ 381531.29399525, 183562.29509483 ], [ 381484.93201668, 183457.00523374 ], [ 381529.76041388, 183389.24463001 ], [ 381581.59711302, 183318.06500497 ], [ 381626.12868803, 183235.88852774 ], [ 381636.03100641, 183206.55692383 ], [ 381672.96888015, 183164.04909157 ], [ 381686.53200566, 183137.14679227 ], [ 381760.07795068, 183022.07972987 ], [ 381790.49398108, 182981.68129381 ], [ 381810.62017523, 182963.98635893 ], [ 381856.84198776, 182937.52393372 ], [ 381913.23820569, 182912.39112791 ], [ 381942.92042566, 182904.12349449 ], [ 381939.95220366, 182866.10437735 ], [ 381944.56119282, 182832.84389807 ], [ 381946.39159638, 182774.73053284 ], [ 381942.21959546, 182746.6685655 ], [ 381925.77069857, 182708.30954565 ], [ 381911.14396017, 182630.72175493 ], [ 381903.89655147, 182558.93230445 ], [ 381885.74092692, 182535.54899785 ], [ 381861.44273186, 182441.47592598 ], [ 381846.78301322, 182406.81584733 ], [ 381813.16789911, 182349.0923705 ], [ 381779.67646092, 182268.38547261 ], [ 381736.34866483, 182143.76114595 ], [ 381720.08940434, 182106.11192293 ], [ 381673.61199491, 182037.99142222 ], [ 381612.96957051, 181970.03087573 ], [ 381610.44658182, 181963.18283596 ], [ 381638.39733895, 181906.50905866 ], [ 381663.29742348, 181873.19859368 ], [ 381694.77706676, 181861.74187313 ], [ 381764.94253673, 181868.38997013 ], [ 381777.76360674, 181864.80099746 ], [ 381791.20305634, 181816.5048221 ], [ 381834.58856785, 181789.31260579 ], [ 381821.60259662, 181766.02927058 ], [ 381829.19629789, 181754.70251283 ], [ 381921.30187545, 181766.3991647 ], [ 381956.4340808, 181754.92244987 ], [ 382042.69391004, 181711.46488947 ], [ 382043.75752292, 181702.31750788 ], [ 382023.3509967, 181501.14509288 ], [ 382050.60092364, 181495.69665248 ], [ 382057.79886198, 181463.09598433 ], [ 382046.27226656, 181410.90092501 ], [ 382035.69385317, 181382.38908644 ], [ 382060.9319852, 181328.63447354 ], [ 382060.61042782, 181308.87013102 ], [ 382091.62010262, 181283.30744826 ], [ 382120.50255165, 181249.44714067 ], [ 382127.88188134, 181219.4757199 ], [ 382173.00710075, 181146.14671011 ], [ 382188.30993415, 181138.68884491 ], [ 382221.57051063, 181092.80197988 ], [ 382267.41305035, 181097.0807551 ], [ 382325.58195642, 181122.32352943 ], [ 382368.62942043, 181126.39236474 ], [ 382406.26812436, 181111.40665435 ], [ 382436.89852635, 181113.65601048 ], [ 382464.60193165, 181125.85251927 ], [ 382504.08752926, 181129.42149766 ], [ 382549.74867764, 181105.09846005 ], [ 382573.54392398, 181086.96365109 ], [ 382573.54392398, 181076.66659859 ], [ 382605.52651599, 181060.89111428 ], [ 382605.52651599, 181060.89111428 ] ] ] ] } }
]
}
