{
"type": "FeatureCollection",
"name": "weca_builtup_simple2",
"crs": { "type": "name", "properties": { "name": "urn:ogc:def:crs:EPSG::27700" } },
"features": [
{ "type": "Feature", "properties": { "objectid": 18, "bua11cd": "E34000018", "bua11nm": "Dinghurst BUA", "bua_id": "1047", "has_sd": "N", "sd_count": "0", "urban_bua": "No", "st_areasha": 360013.13993839, "st_lengths": 5500.0784000758049 }, "geometry": { "type": "MultiPolygon", "coordinates": [ [ [ [ 333997.17776696, 156373.11833941 ], [ 333932.04071565, 156385.21545726 ], [ 333932.0442398, 156499.14094689 ], [ 333949.04419918, 156516.14044006 ], [ 333982.04332602, 156516.14051889 ], [ 333982.04383467, 156532.13539168 ], [ 333899.0393922, 156532.13535805 ], [ 333882.03938531, 156549.13589908 ], [ 333882.04097675, 156599.14173653 ], [ 333889.31638486, 156613.05858188 ], [ 333932.04796194, 156616.14120941 ], [ 333932.05483386, 156832.13859926 ], [ 333849.04940142, 156832.13855763 ], [ 333835.49973558, 156838.90781686 ], [ 333832.05044385, 156882.14438544 ], [ 333749.05406766, 156882.14424736 ], [ 333735.13657882, 156889.41974647 ], [ 333732.05507861, 156932.14017634 ], [ 333649.0508418, 156932.14004399 ], [ 333632.05080117, 156949.14058673 ], [ 333632.05185456, 156982.13497258 ], [ 333616.05344542, 156982.13496627 ], [ 333616.05239134, 156949.13948135 ], [ 333599.05239801, 156932.14002443 ], [ 333549.05398815, 156932.14000483 ], [ 333532.0539815, 156949.14054824 ], [ 333532.05663457, 157032.14076798 ], [ 333499.05877681, 157032.1407548 ], [ 333482.05877003, 157049.14129991 ], [ 333482.06143288, 157132.14242899 ], [ 333466.05502411, 157132.14242406 ], [ 333462.97104411, 157089.41154356 ], [ 333449.05397119, 157082.13657504 ], [ 333349.0561888, 157082.13643799 ], [ 333332.05614849, 157099.13698298 ], [ 333332.06095752, 157249.14373238 ], [ 333349.0609542, 157266.14318741 ], [ 333382.06091352, 157266.14319382 ], [ 333385.5126868, 157309.3702809 ], [ 333399.06193568, 157316.13904417 ], [ 333449.06034722, 157316.1391508 ], [ 333462.97783352, 157308.86364836 ], [ 333466.05932453, 157266.14320993 ], [ 333509.29635905, 157262.69254984 ], [ 333516.06518966, 157249.14267035 ], [ 333516.06412995, 157216.13737933 ], [ 333532.06254008, 157216.13738327 ], [ 333532.06360037, 157249.14377161 ], [ 333549.06359723, 157266.1432255 ], [ 333649.06041867, 157266.14324378 ], [ 333666.06042174, 157249.14269711 ], [ 333666.05775255, 157166.14258461 ], [ 333799.0604322, 157166.14262678 ], [ 333812.97789557, 157158.86711391 ], [ 333816.05937567, 157116.13681296 ], [ 333849.05735591, 157116.13683214 ], [ 333866.05736578, 157099.13628678 ], [ 333866.05471088, 157016.13517687 ], [ 333982.05912675, 157016.13524055 ], [ 333982.06604681, 157232.14359096 ], [ 333899.06167003, 157232.14343803 ], [ 333882.06162521, 157249.14398457 ], [ 333882.06483991, 157349.13473579 ], [ 333899.06482841, 157366.13418924 ], [ 333932.07191724, 157366.13421156 ], [ 333935.52369028, 157409.37128355 ], [ 333949.0729317, 157416.14004959 ], [ 334049.06982552, 157416.14021904 ], [ 334062.98729272, 157408.86470902 ], [ 334066.06877867, 157366.13440205 ], [ 334099.06675296, 157366.13442431 ], [ 334112.98421977, 157358.85891436 ], [ 334116.06570685, 157316.13960601 ], [ 334158.79652095, 157313.05677779 ], [ 334166.07159415, 157299.13908315 ], [ 334166.07053739, 157266.14380802 ], [ 334208.79335306, 157263.06097915 ], [ 334216.06842625, 157249.14328499 ], [ 334216.0668261, 157199.13745363 ], [ 334199.06683657, 157182.13799762 ], [ 334116.06141202, 157182.13788047 ], [ 334116.06035449, 157149.14246167 ], [ 334108.78494667, 157135.22562035 ], [ 334066.0612734, 157132.14298681 ], [ 334066.06076008, 157116.13709199 ], [ 334109.28990165, 157112.68652558 ], [ 334116.05875198, 157099.13663324 ], [ 334116.05769642, 157066.14128878 ], [ 334249.06055692, 157066.14142951 ], [ 334262.97802033, 157058.86592167 ], [ 334266.05951904, 157016.13559577 ], [ 334282.05795734, 157016.13560448 ], [ 334282.06059994, 157099.1379351 ], [ 334299.06059014, 157116.13739255 ], [ 334399.06656379, 157116.13745013 ], [ 334412.98402823, 157108.86194118 ], [ 334416.06552185, 157066.14162301 ], [ 334458.78834344, 157063.05879236 ], [ 334466.0634177, 157049.14110289 ], [ 334466.06085415, 156966.14089199 ], [ 334599.0637577, 156966.14102789 ], [ 334616.06376661, 156949.14049 ], [ 334616.06060263, 156849.13869286 ], [ 334599.06061103, 156832.13923069 ], [ 334516.05508355, 156832.13918974 ], [ 334512.60331926, 156788.91299167 ], [ 334499.0540468, 156782.14423433 ], [ 334399.05716456, 156782.14418646 ], [ 334385.50749989, 156788.91344464 ], [ 334382.05820217, 156832.13902346 ], [ 334366.05966145, 156832.13901553 ], [ 334366.05702981, 156749.1376789 ], [ 334349.05703771, 156732.13821787 ], [ 334216.05206418, 156732.13809005 ], [ 334216.04794202, 156599.14091574 ], [ 334199.04794914, 156582.14142143 ], [ 334116.04241367, 156582.1413867 ], [ 334116.04031671, 156516.14060485 ], [ 334132.046762, 156516.14061106 ], [ 334135.13072862, 156558.86058756 ], [ 334149.04780308, 156566.13555908 ], [ 334199.04634786, 156566.1355792 ], [ 334216.04635468, 156549.13503952 ], [ 334216.04530724, 156516.1406775 ], [ 334258.7681234, 156513.05791777 ], [ 334266.04321296, 156499.1402168 ], [ 334266.04003996, 156399.13843076 ], [ 334249.04004598, 156382.13897013 ], [ 334066.0376122, 156382.13880524 ], [ 334063.99338419, 156375.48939369 ], [ 333997.17776696, 156373.11833941 ], [ 333997.17776696, 156373.11833941 ] ] ], [ [ [ 342108.91724908, 159935.36966036 ], [ 342066.19448443, 159932.28772137 ], [ 342066.19396196, 159916.27967695 ], [ 342149.18927203, 159916.27818774 ], [ 342166.18898049, 159899.27764368 ], [ 342166.1873804, 159849.2806396 ], [ 342149.18709011, 159832.28118367 ], [ 342016.18537844, 159832.28355451 ], [ 342016.1842254, 159799.28523581 ], [ 342009.41487108, 159785.73609903 ], [ 341966.18585751, 159782.28645916 ], [ 341962.73393914, 159739.04739094 ], [ 341949.18440771, 159732.27876394 ], [ 341916.18707177, 159732.27944318 ], [ 341916.18656084, 159716.28236609 ], [ 341982.18154365, 159716.28106622 ], [ 341982.18257857, 159749.27834804 ], [ 341999.18286628, 159766.27781485 ], [ 342099.18666911, 159766.27602211 ], [ 342113.10386749, 159759.00042039 ], [ 342116.1853433, 159716.27871801 ], [ 342132.18325836, 159716.27844957 ], [ 342132.18418115, 159749.27565098 ], [ 342139.45973356, 159763.19266198 ], [ 342182.174553, 159766.27455084 ], [ 342182.17559837, 159799.2827678 ], [ 342199.1758875, 159816.2822294 ], [ 342299.18855581, 159816.28042814 ], [ 342316.18823257, 159799.27993448 ], [ 342316.1859684, 159716.27516033 ], [ 342332.1838154, 159716.27489158 ], [ 342335.26755992, 159758.99665572 ], [ 342349.18493484, 159766.27158775 ], [ 342399.17476681, 159766.27064052 ], [ 342416.17444468, 159749.27027122 ], [ 342416.17372787, 159716.27344617 ], [ 342482.18551925, 159716.27227046 ], [ 342485.26912753, 159758.99387436 ], [ 342499.18649573, 159766.26884532 ], [ 342682.18707944, 159766.26564174 ], [ 342685.27090859, 159808.99829534 ], [ 342699.18824436, 159816.27321758 ], [ 342732.18617987, 159816.27265529 ], [ 342732.18818962, 159899.26759844 ], [ 342749.18851578, 159916.26718672 ], [ 342849.18404492, 159916.26536783 ], [ 342863.10122569, 159908.9898338 ], [ 342866.18297432, 159866.26812344 ], [ 342909.41962855, 159862.81682567 ], [ 342916.18837006, 159849.26716287 ], [ 342916.18760239, 159816.26931884 ], [ 342932.18540917, 159816.26904604 ], [ 342935.63691657, 159859.49788421 ], [ 342949.18649161, 159866.26660217 ], [ 342999.18428762, 159866.26564583 ], [ 343016.18396244, 159849.26526106 ], [ 343016.18321558, 159816.26751344 ], [ 343058.89765695, 159813.18404037 ], [ 343066.17264223, 159799.26660541 ], [ 343066.17162663, 159749.25866656 ], [ 343058.89611505, 159735.34155418 ], [ 343016.18158207, 159732.2596382 ], [ 343016.18116014, 159699.26294671 ], [ 343008.9057072, 159685.34574761 ], [ 342966.18301798, 159682.26372054 ], [ 342966.18263892, 159649.25602832 ], [ 342958.90717735, 159635.33880116 ], [ 342916.18456215, 159632.25684054 ], [ 342916.18297008, 159499.25458147 ], [ 342899.18269453, 159482.2547848 ], [ 342666.18413263, 159482.25855955 ], [ 342666.18358811, 159449.26072329 ], [ 342658.9081223, 159435.34357821 ], [ 342616.18512046, 159432.26153261 ], [ 342612.73385876, 159389.02274969 ], [ 342599.18428978, 159382.25396602 ], [ 342566.17702306, 159382.25448944 ], [ 342566.17637963, 159349.25748088 ], [ 342549.17611285, 159332.25781238 ], [ 342449.17955053, 159332.25938141 ], [ 342432.17981724, 159349.25973027 ], [ 342432.18264783, 159482.26244519 ], [ 342416.16848364, 159482.26270403 ], [ 342413.08487127, 159439.53998204 ], [ 342399.16751684, 159432.26500763 ], [ 342266.18082454, 159432.26713495 ], [ 342266.18001344, 159399.25899375 ], [ 342258.90450588, 159385.34195641 ], [ 342216.16437822, 159382.25993386 ], [ 342216.16219764, 159299.25473696 ], [ 342199.16193415, 159282.25519698 ], [ 342116.1730987, 159282.25648306 ], [ 342112.72140761, 159239.02732601 ], [ 342099.17191181, 159232.25862784 ], [ 342016.16690282, 159232.25989992 ], [ 342016.16187818, 159066.24960772 ], [ 342099.16677955, 159066.24855501 ], [ 342116.1665639, 159049.24807881 ], [ 342116.16283965, 158916.24519504 ], [ 342149.16123679, 158916.24479222 ], [ 342166.16102926, 158899.24435933 ], [ 342166.15975586, 158849.23635014 ], [ 342149.15955107, 158832.23678303 ], [ 342066.16175627, 158832.23778273 ], [ 342066.15999413, 158749.2328216 ], [ 342049.15982707, 158732.23314545 ], [ 342016.15284569, 158732.23346981 ], [ 342016.15253737, 158716.23558748 ], [ 342049.15924135, 158716.23520016 ], [ 342066.15904186, 158699.23491047 ], [ 342066.1554354, 158499.22429649 ], [ 342049.15524218, 158482.22461986 ], [ 341916.1514692, 158482.22632191 ], [ 341916.15115036, 158466.22842998 ], [ 341949.14892983, 158466.22780253 ], [ 341963.06606212, 158458.95229384 ], [ 341966.14796409, 158416.22075854 ], [ 342049.15382392, 158416.21983045 ], [ 342066.15363383, 158399.21954132 ], [ 342066.15278349, 158349.22169688 ], [ 342049.15262897, 158332.22198601 ], [ 342016.14544503, 158332.22228605 ], [ 342016.14481052, 158299.22426476 ], [ 342008.86938997, 158285.30719734 ], [ 341966.14545679, 158282.2248885 ], [ 341966.14423923, 158216.22008476 ], [ 341999.14313825, 158216.219794 ], [ 342013.06040374, 158208.94434247 ], [ 342016.14235437, 158166.21176299 ], [ 342299.15394765, 158166.20902614 ], [ 342316.1537651, 158149.20875677 ], [ 342316.1524501, 158066.20423901 ], [ 342399.14261586, 158066.20342866 ], [ 342416.14243631, 158049.20320119 ], [ 342416.1402301, 157899.20073352 ], [ 342399.14008926, 157882.20099478 ], [ 342366.14887666, 157882.2012681 ], [ 342366.14806267, 157766.19945836 ], [ 342549.15336273, 157766.19800125 ], [ 342566.15322728, 157749.19793747 ], [ 342566.15310342, 157716.19029682 ], [ 342649.16093571, 157716.18964501 ], [ 342666.16080219, 157699.18962827 ], [ 342666.1607697, 157666.19205487 ], [ 342682.16016277, 157666.19193108 ], [ 342682.16021347, 157749.19681545 ], [ 342699.16034917, 157766.19680501 ], [ 342749.15971031, 157766.19640589 ], [ 342763.07687429, 157758.92112066 ], [ 342766.15956686, 157716.18882536 ], [ 342799.16697635, 157716.18856577 ], [ 342812.71633151, 157709.41953158 ], [ 342816.16691371, 157666.19089353 ], [ 342859.38939965, 157662.7400622 ], [ 342866.15834842, 157649.1906471 ], [ 342866.1583663, 157616.19407388 ], [ 342899.16592207, 157616.19382201 ], [ 342913.08308379, 157608.91854861 ], [ 342916.16582306, 157566.186266 ], [ 342949.16550189, 157566.18601805 ], [ 342963.08266285, 157558.91074859 ], [ 342966.16541766, 157516.18847037 ], [ 342999.16511963, 157516.18822627 ], [ 343016.16499388, 157499.18828928 ], [ 343016.16563803, 157299.18059344 ], [ 343008.89036525, 157285.26327346 ], [ 342966.16606554, 157282.1807261 ], [ 342966.1663452, 157199.17602464 ], [ 342959.39731901, 157185.6264851 ], [ 342916.16659419, 157182.17612136 ], [ 342916.16661022, 157166.17969651 ], [ 342949.16649161, 157166.17954644 ], [ 342962.71588169, 157159.41054058 ], [ 342966.16652621, 157116.17195026 ], [ 343049.15826977, 157116.17158235 ], [ 343066.15819438, 157099.17165305 ], [ 343066.15833161, 157066.17410525 ], [ 343149.17562246, 157066.17379693 ], [ 343166.17556294, 157049.17387539 ], [ 343166.17579375, 156999.1664741 ], [ 343149.17573494, 156982.16639564 ], [ 343066.15868512, 156982.1666985 ], [ 343066.15882953, 156949.17043479 ], [ 343049.15876, 156932.17036039 ], [ 342949.16694158, 156932.17076931 ], [ 342935.6175477, 156938.93976985 ], [ 342932.16688782, 156982.1672556 ], [ 342866.1590889, 156982.16753176 ], [ 342866.1596365, 156899.17396547 ], [ 342858.8844096, 156885.25655606 ], [ 342816.16792151, 156882.17394817 ], [ 342816.16806232, 156866.16668352 ], [ 342949.16808903, 156866.16614708 ], [ 342966.16802044, 156849.16633575 ], [ 342966.16903036, 156749.16257975 ], [ 342959.4000415, 156735.61297122 ], [ 342916.16930411, 156732.16255647 ], [ 342913.08690752, 156689.44065766 ], [ 342899.16953401, 156682.16536196 ], [ 342866.16180208, 156682.16549248 ], [ 342866.16216209, 156649.15938153 ], [ 342859.39318372, 156635.60975026 ], [ 342816.17032255, 156632.15932568 ], [ 342816.17046352, 156616.16196139 ], [ 342858.88734185, 156613.079119 ], [ 342866.1626076, 156599.16201821 ], [ 342866.16359912, 156499.15835745 ], [ 342849.16353369, 156482.15820587 ], [ 342799.17152949, 156482.15839826 ], [ 342785.25436458, 156489.43358401 ], [ 342782.17130396, 156532.15482871 ], [ 342749.16308855, 156532.15495653 ], [ 342735.2459352, 156539.43012624 ], [ 342732.16280073, 156582.16228892 ], [ 342716.16280435, 156582.16235128 ], [ 342716.16358565, 156499.15892937 ], [ 342699.16352031, 156482.15878284 ], [ 342566.1547124, 156482.15929389 ], [ 342566.15581993, 156349.15848734 ], [ 342549.15579, 156332.15834573 ], [ 342516.1559399, 156332.15840383 ], [ 342516.15621164, 156299.15130125 ], [ 342508.88098395, 156285.23390248 ], [ 342466.15632491, 156282.15128447 ], [ 342462.70609502, 156238.92302639 ], [ 342449.15653044, 156232.15397434 ], [ 342399.14049995, 156232.15415962 ], [ 342385.59112697, 156238.92312366 ], [ 342382.1402977, 156282.15149794 ], [ 342349.14797247, 156282.15162101 ], [ 342332.14803588, 156299.15148611 ], [ 342332.14724242, 156399.15523884 ], [ 342349.14730673, 156416.1553737 ], [ 342432.15523509, 156416.1550597 ], [ 342432.15469867, 156482.15970823 ], [ 342299.14647874, 156482.16021827 ], [ 342282.14654391, 156499.16008524 ], [ 342282.14615266, 156549.15646299 ], [ 342288.91514762, 156562.70605452 ], [ 342332.14601866, 156566.15646865 ], [ 342332.14575721, 156599.16364502 ], [ 342349.1458233, 156616.16377967 ], [ 342399.13781871, 156616.16358532 ], [ 342416.13775261, 156599.16372166 ], [ 342416.13801734, 156566.15614435 ], [ 342432.15401637, 156566.15608249 ], [ 342432.15374838, 156599.16325282 ], [ 342439.42897801, 156613.08065102 ], [ 342482.15357001, 156616.16326247 ], [ 342485.60371972, 156659.39150147 ], [ 342499.1532995, 156666.16056895 ], [ 342582.16207042, 156666.16024369 ], [ 342582.16137235, 156749.16367433 ], [ 342599.1614399, 156766.16381729 ], [ 342632.16117384, 156766.16368617 ], [ 342635.2435121, 156808.89567931 ], [ 342649.16089513, 156816.17098756 ], [ 342682.16065587, 156816.17085552 ], [ 342685.2430684, 156858.89186316 ], [ 342699.16044053, 156866.16715504 ], [ 342732.16009408, 156866.16702209 ], [ 342732.15995485, 156882.17428894 ], [ 342649.15990808, 156882.17462544 ], [ 342632.159977, 156899.174481 ], [ 342632.15969662, 156932.17206372 ], [ 342466.15094804, 156932.17274038 ], [ 342466.15121533, 156899.17557314 ], [ 342449.15114655, 156882.17543544 ], [ 342399.13528056, 156882.17563779 ], [ 342382.13534934, 156899.17550177 ], [ 342382.13508532, 156932.17308251 ], [ 342349.1429194, 156932.17321683 ], [ 342332.14298861, 156949.1732777 ], [ 342332.14316763, 156999.16984479 ], [ 342349.14323811, 157016.16978392 ], [ 342432.15103944, 157016.16943967 ], [ 342432.15110962, 157032.17702265 ], [ 342389.41053257, 157035.25993909 ], [ 342382.1353545, 157049.17724476 ], [ 342382.1358323, 157149.18231913 ], [ 342399.13590898, 157166.18223784 ], [ 342482.15148355, 157166.18186323 ], [ 342482.15161661, 157199.17843021 ], [ 342499.15172948, 157216.17836165 ], [ 342582.16018128, 157216.17787643 ], [ 342582.16033224, 157282.18294139 ], [ 342466.15231185, 157282.18363961 ], [ 342463.06938933, 157239.46135181 ], [ 342449.15208488, 157232.18617498 ], [ 342299.14492307, 157232.18698738 ], [ 342282.14500375, 157249.18711605 ], [ 342282.14563218, 157332.18127151 ], [ 342266.14600886, 157332.18135123 ], [ 342266.1457463, 157299.18469488 ], [ 342258.87040472, 157285.26749132 ], [ 342216.12886817, 157282.18505655 ], [ 342216.12859338, 157249.18741987 ], [ 342208.85326791, 157235.27023377 ], [ 342166.13668997, 157232.18771764 ], [ 342166.13561603, 157116.17583718 ], [ 342199.12745531, 157116.17562692 ], [ 342216.12734696, 157099.17545197 ], [ 342216.12641829, 156999.17026395 ], [ 342199.12634806, 156982.17040473 ], [ 342166.13449168, 156982.17054104 ], [ 342166.13452542, 156916.17667958 ], [ 342299.14348645, 156916.17604218 ], [ 342316.14341774, 156899.17617486 ], [ 342316.14380803, 156849.16889664 ], [ 342308.86857562, 156835.25150184 ], [ 342266.14396807, 156832.16889647 ], [ 342266.14460806, 156749.16533704 ], [ 342259.37561166, 156735.61574636 ], [ 342216.12775613, 156732.16533673 ], [ 342216.12800742, 156699.16815296 ], [ 342199.12794054, 156682.16802349 ], [ 342149.13595455, 156682.16822017 ], [ 342132.13602143, 156699.1681264 ], [ 342132.1351221, 156832.16943428 ], [ 342049.13508333, 156832.16976714 ], [ 342032.13515149, 156849.16964288 ], [ 342032.1346482, 156982.17109389 ], [ 341949.12689103, 156982.17143572 ], [ 341932.12696101, 156999.17164275 ], [ 341932.12858196, 157132.18469842 ], [ 341888.89847629, 157135.63561048 ], [ 341882.12961596, 157149.1852187 ], [ 341882.13010353, 157182.1818318 ], [ 341866.13174499, 157182.18203131 ], [ 341866.131243, 157149.18532064 ], [ 341849.1310351, 157132.18557927 ], [ 341699.12701339, 157132.18741266 ], [ 341685.20979691, 157139.46287669 ], [ 341682.12783229, 157182.18442343 ], [ 341666.12950571, 157182.18462251 ], [ 341666.12894605, 157149.18773478 ], [ 341659.35974659, 157135.63840965 ], [ 341616.13024098, 157132.18842579 ], [ 341613.04670876, 157089.45582109 ], [ 341599.12939776, 157082.18081066 ], [ 341566.1308664, 157082.18120539 ], [ 341566.12859073, 156949.17875938 ], [ 341549.12843266, 156932.17897415 ], [ 341466.12343918, 156932.17981174 ], [ 341466.12320051, 156899.1822911 ], [ 341459.35406417, 156885.63284854 ], [ 341416.12446874, 156882.18277949 ], [ 341416.12355765, 156766.17102482 ], [ 341458.8470798, 156763.08794471 ], [ 341466.12222019, 156749.17065848 ], [ 341466.12204955, 156716.17301786 ], [ 341508.8456435, 156713.08994832 ], [ 341516.12078925, 156699.17266967 ], [ 341516.12023963, 156599.16848057 ], [ 341499.12010692, 156582.16859088 ], [ 341399.12222065, 156582.16937124 ], [ 341385.20502133, 156589.44470289 ], [ 341382.1225444, 156632.16710603 ], [ 341366.10663741, 156632.16723425 ], [ 341366.10499674, 156449.16769175 ], [ 341349.10487514, 156432.16783452 ], [ 341199.11532855, 156432.16880643 ], [ 341182.11541594, 156449.16901645 ], [ 341182.11650774, 156532.16331584 ], [ 341149.1014934, 156532.16356535 ], [ 341135.1842361, 156539.43897453 ], [ 341132.10211814, 156582.17134902 ], [ 341099.11124366, 156582.17160521 ], [ 341082.11137567, 156599.17187218 ], [ 341082.11363353, 156749.17402667 ], [ 341099.11377636, 156766.17379318 ], [ 341132.10469047, 156766.17351598 ], [ 341132.10493215, 156782.18120629 ], [ 341089.38948581, 156785.2644113 ], [ 341082.11442108, 156799.18182449 ], [ 341082.11494129, 156832.17840378 ], [ 340966.11086385, 156832.17949217 ], [ 340963.02733157, 156789.45797243 ], [ 340949.11006707, 156782.1829467 ], [ 340899.11929629, 156782.18337612 ], [ 340882.11944233, 156799.18375647 ], [ 340882.12018057, 156832.18033142 ], [ 340699.11730269, 156832.18135099 ], [ 340682.11723439, 156849.18180343 ], [ 340682.11811285, 156882.1891097 ], [ 340639.38737286, 156885.27178469 ], [ 340632.11224274, 156899.18943208 ], [ 340632.11358797, 156949.1872564 ], [ 340649.11351717, 156966.186799 ], [ 340682.12027907, 156966.18693645 ], [ 340685.57190051, 157009.41521758 ], [ 340699.12114681, 157016.18402105 ], [ 340732.12100494, 157016.18415525 ], [ 340732.12215323, 157049.19313492 ], [ 340749.12232763, 157066.19254354 ], [ 340799.12072883, 157066.19203059 ], [ 340816.12055441, 157049.19144656 ], [ 340816.11676978, 156916.18880159 ], [ 341132.10685839, 156916.18561949 ], [ 341132.10920602, 157032.18831834 ], [ 341049.12058858, 157032.18922034 ], [ 341032.12078682, 157049.18969946 ], [ 341032.12360572, 157149.19590221 ], [ 341049.12381192, 157166.19542296 ], [ 341099.12219313, 157166.19481648 ], [ 341116.12198691, 157149.19434466 ], [ 341116.12107081, 157116.18657428 ], [ 341249.12500764, 157116.18499031 ], [ 341266.12480507, 157099.18457491 ], [ 341266.12358334, 157049.18657073 ], [ 341249.12338477, 157032.18698614 ], [ 341216.12370339, 157032.1873716 ], [ 341216.12216384, 156966.1824648 ], [ 341282.12025026, 156966.18178732 ], [ 341282.12320606, 157099.18480221 ], [ 341289.39867733, 157113.10182406 ], [ 341332.11300716, 157116.18400066 ], [ 341332.11722404, 157299.1950253 ], [ 341339.39270121, 157313.11205795 ], [ 341382.13283063, 157316.19419909 ], [ 341382.13581461, 157449.19715298 ], [ 341399.13607953, 157466.19679263 ], [ 341432.13431418, 157466.1962784 ], [ 341432.13464662, 157482.20324214 ], [ 341399.13670612, 157482.20376411 ], [ 341382.13697504, 157499.20412481 ], [ 341382.13803588, 157549.20199639 ], [ 341399.13830878, 157566.20163568 ], [ 341432.1364261, 157566.20110597 ], [ 341435.2201073, 157608.93383536 ], [ 341449.13745531, 157616.20879341 ], [ 341599.13929532, 157616.20634834 ], [ 341616.1390181, 157599.20601721 ], [ 341616.13837516, 157566.19814984 ], [ 341682.1343613, 157566.19708844 ], [ 341682.1358062, 157649.20170093 ], [ 341699.13608773, 157666.20141844 ], [ 341732.14303747, 157666.20087183 ], [ 341732.14329648, 157682.19866617 ], [ 341699.13635201, 157682.19922052 ], [ 341682.13663753, 157699.19953733 ], [ 341682.13840181, 157799.20410871 ], [ 341699.13869531, 157816.20382569 ], [ 341732.14546804, 157816.20325585 ], [ 341732.14600342, 157849.21102947 ], [ 341749.14633503, 157866.21075373 ], [ 341849.14177095, 157866.20880276 ], [ 341866.14143921, 157849.20857588 ], [ 341866.14099867, 157816.20074099 ], [ 341882.13878023, 157816.20046446 ], [ 341882.13971242, 157882.20593272 ], [ 341849.14189019, 157882.20658305 ], [ 341832.14222524, 157899.20692548 ], [ 341832.14497127, 158032.20970703 ], [ 341799.14730562, 158032.2103628 ], [ 341782.14764347, 158049.21074453 ], [ 341782.15148893, 158232.22136498 ], [ 341749.15404896, 158232.22202803 ], [ 341732.15439056, 158249.2223812 ], [ 341732.16301117, 158649.24292938 ], [ 341749.16336035, 158666.24257537 ], [ 341782.16062421, 158666.24189759 ], [ 341782.16204607, 158732.23773138 ], [ 341738.93392146, 158735.68915646 ], [ 341732.16519471, 158749.2387672 ], [ 341732.16623711, 158799.24573622 ], [ 341749.16662314, 158816.24538186 ], [ 341782.16389375, 158816.24463256 ], [ 341782.16480713, 158849.24282869 ], [ 341788.93415013, 158862.79208 ], [ 341832.16253017, 158866.24160873 ], [ 341832.16676721, 158999.25509761 ], [ 341839.44237257, 159013.17207952 ], [ 341882.16438296, 159016.2538074 ], [ 341882.16966435, 159182.2551521 ], [ 341849.17268794, 159182.25583378 ], [ 341835.2555039, 159189.53145704 ], [ 341832.17409077, 159232.26332941 ], [ 341799.17721737, 159232.26401079 ], [ 341782.17756842, 159249.26455324 ], [ 341782.17916379, 159299.26269726 ], [ 341799.1795487, 159316.26215481 ], [ 341932.17112622, 159316.25931635 ], [ 341932.17163228, 159332.26736013 ], [ 341899.17463044, 159332.26803565 ], [ 341882.17497847, 159349.26857665 ], [ 341882.17656955, 159399.26572143 ], [ 341889.45215613, 159413.1826908 ], [ 341932.17425481, 159416.26450378 ], [ 341932.17786038, 159532.26873588 ], [ 341916.1807363, 159532.26906517 ], [ 341916.17975207, 159499.27086322 ], [ 341899.17940165, 159482.27137027 ], [ 341799.18509579, 159482.27343139 ], [ 341782.18544619, 159499.27397394 ], [ 341782.18649931, 159532.27192571 ], [ 341766.18944771, 159532.27225529 ], [ 341766.18679531, 159449.27587488 ], [ 341749.18641087, 159432.27641817 ], [ 341716.18009614, 159432.27716459 ], [ 341716.17744009, 159349.2718183 ], [ 341699.17708938, 159332.27236229 ], [ 341599.18286979, 159332.27442516 ], [ 341582.1832205, 159349.27497064 ], [ 341582.18909264, 159532.27614561 ], [ 341566.19204078, 159532.27647511 ], [ 341566.19098039, 159499.27823681 ], [ 341549.19063017, 159482.2787831 ], [ 341499.18547687, 159482.27981331 ], [ 341485.63607842, 159489.04919259 ], [ 341482.18688894, 159532.2783052 ], [ 341466.18983695, 159532.27863466 ], [ 341466.18716264, 159449.28225422 ], [ 341449.1868123, 159432.28280199 ], [ 341399.18965661, 159432.28383236 ], [ 341382.19000696, 159449.28438087 ], [ 341382.19107166, 159482.2823235 ], [ 341339.45245721, 159485.3659803 ], [ 341332.17756677, 159499.28355274 ], [ 341332.18079794, 159599.28873417 ], [ 341349.1811478, 159616.28818491 ], [ 341432.19254387, 159616.2864103 ], [ 341435.27661601, 159659.00932405 ], [ 341449.19399109, 159666.28416776 ], [ 341482.19130112, 159666.28342269 ], [ 341482.19181625, 159682.29153058 ], [ 341449.19486895, 159682.29220939 ], [ 341435.64546981, 159689.06158889 ], [ 341432.1962821, 159732.28970037 ], [ 341399.19943791, 159732.29037888 ], [ 341382.19978749, 159749.29094317 ], [ 341382.2026102, 159832.29690007 ], [ 341299.20067125, 159832.29861133 ], [ 341282.20102177, 159849.2992101 ], [ 341282.20278276, 159899.29634818 ], [ 341299.20316777, 159916.29574941 ], [ 341332.19142584, 159916.29500229 ], [ 341335.2756155, 159959.02793659 ], [ 341349.19297402, 159966.30275421 ], [ 341432.20434271, 159966.30093793 ], [ 341435.28844746, 160009.02377518 ], [ 341449.2057918, 160016.29862026 ], [ 341499.20293674, 160016.29758484 ], [ 341516.20258466, 159999.29698554 ], [ 341516.19623346, 159816.29597114 ], [ 341699.19239171, 159816.29203549 ], [ 341716.19200745, 159799.29143572 ], [ 341716.1908429, 159766.28365907 ], [ 341832.19113801, 159766.28120605 ], [ 341835.27524504, 159809.0139994 ], [ 341849.19258774, 159816.28884451 ], [ 341882.18994703, 159816.28816438 ], [ 341882.19281214, 159899.28355585 ], [ 341889.46843602, 159913.20049195 ], [ 341932.19052268, 159916.28220736 ], [ 341932.19278818, 159982.28831337 ], [ 341899.19589141, 159982.28899737 ], [ 341882.19624382, 159999.28959775 ], [ 341882.19800955, 160049.28661865 ], [ 341889.47361711, 160063.2035434 ], [ 341932.19572128, 160066.2853333 ], [ 341935.27982505, 160109.01814966 ], [ 341949.19715411, 160116.29300015 ], [ 341999.19474652, 160116.29202087 ], [ 342013.11195132, 160109.01639387 ], [ 342016.19332507, 160066.28367619 ], [ 342049.1987335, 160066.28303724 ], [ 342063.11593942, 160059.00741419 ], [ 342066.19732682, 160016.28573167 ], [ 342108.91950849, 160013.20220377 ], [ 342116.194427, 159999.28461144 ], [ 342116.19281038, 159949.28660352 ], [ 342108.91724908, 159935.36966036 ], [ 342108.91724908, 159935.36966036 ] ] ], [ [ [ 331389.35676397, 158485.2676882 ], [ 331382.08198783, 158499.18510336 ], [ 331382.0829027, 158532.1928049 ], [ 331339.35055418, 158535.27707622 ], [ 331332.07577655, 158549.19448911 ], [ 331332.07668465, 158582.19119055 ], [ 331266.07747818, 158582.19361968 ], [ 331266.07658291, 158549.1973454 ], [ 331249.07595638, 158532.19780667 ], [ 331149.0687297, 158532.20159229 ], [ 331132.06939019, 158549.20201293 ], [ 331132.0706273, 158599.19844675 ], [ 331139.34631474, 158613.11560615 ], [ 331182.07869113, 158616.19681131 ], [ 331182.07912222, 158632.20428086 ], [ 331149.07130548, 158632.20556005 ], [ 331132.07196431, 158649.20598052 ], [ 331132.07320095, 158699.20341425 ], [ 331149.07382494, 158716.20299376 ], [ 331182.08128408, 158716.2017822 ], [ 331185.53302067, 158759.43000562 ], [ 331199.08279568, 158766.19859433 ], [ 331482.08845483, 158766.18801914 ], [ 331482.08890634, 158782.19450041 ], [ 331449.08928778, 158782.19577806 ], [ 331432.08994597, 158799.19625208 ], [ 331432.09134011, 158849.19370034 ], [ 331449.09196472, 158866.19322629 ], [ 331482.0912754, 158866.19201382 ], [ 331485.54307513, 158909.43027557 ], [ 331499.09288221, 158916.1988368 ], [ 331582.09926916, 158916.19560136 ], [ 331582.10020736, 158949.19185746 ], [ 331599.10088949, 158966.19137408 ], [ 331899.10167952, 158966.1792284 ], [ 331916.10099646, 158949.17869597 ], [ 331916.09844938, 158866.17512937 ], [ 331982.09595437, 158866.17252111 ], [ 331985.18008795, 158908.90427741 ], [ 331999.09769193, 158916.17902895 ], [ 332199.1018627, 158916.17105173 ], [ 332213.01879873, 158908.89531614 ], [ 332216.10009931, 158866.16340035 ], [ 332249.10686286, 158866.1621602 ], [ 332263.0238308, 158858.88643545 ], [ 332266.10513279, 158816.16449765 ], [ 332308.8286294, 158813.08010385 ], [ 332316.10334483, 158799.16260294 ], [ 332316.10041738, 158716.15962468 ], [ 332358.8238361, 158713.07533369 ], [ 332366.09857312, 158699.15781431 ], [ 332366.09740271, 158666.16090645 ], [ 332549.10120258, 158666.15420133 ], [ 332566.10058559, 158649.15358532 ], [ 332566.09576502, 158516.14425809 ], [ 332599.09433325, 158516.14315936 ], [ 332616.09376721, 158499.14253979 ], [ 332616.09194502, 158449.14576513 ], [ 332599.0913847, 158432.14638471 ], [ 332466.09540947, 158432.15086723 ], [ 332466.09422542, 158399.14499276 ], [ 332458.81851392, 158385.22800524 ], [ 332416.08605411, 158382.14667843 ], [ 332416.08315777, 158299.15284446 ], [ 332399.08261523, 158282.15345129 ], [ 332366.08397502, 158282.15450443 ], [ 332366.08163127, 158216.15173682 ], [ 332409.31101209, 158212.69991375 ], [ 332416.07958756, 158199.15016483 ], [ 332416.07601637, 158099.14738706 ], [ 332399.07553064, 158082.14799423 ], [ 332349.07708974, 158082.14942282 ], [ 332332.07757549, 158099.15002673 ], [ 332332.07874763, 158132.1458694 ], [ 332266.08175391, 158132.14784225 ], [ 332266.08059438, 158099.1517811 ], [ 332249.0801092, 158082.15237851 ], [ 332199.07366898, 158082.15380572 ], [ 332182.07415418, 158099.15436587 ], [ 332182.07695486, 158182.15734799 ], [ 332166.07843303, 158182.1578472 ], [ 332166.07735204, 158149.15079794 ], [ 332149.07686145, 158132.1513547 ], [ 332099.0783122, 158132.15279757 ], [ 332082.0788028, 158149.15335107 ], [ 332082.07987748, 158182.16036743 ], [ 332039.35677226, 158185.24443623 ], [ 332032.08197242, 158199.16194666 ], [ 332032.08627645, 158332.16231555 ], [ 331949.08020579, 158332.16498609 ], [ 331932.08075269, 158349.16552956 ], [ 331932.08180759, 158382.16273032 ], [ 331799.07801147, 158382.1670507 ], [ 331782.07856352, 158399.1675503 ], [ 331782.07953352, 158432.17395103 ], [ 331499.07885062, 158432.18342598 ], [ 331482.07940738, 158449.18390603 ], [ 331482.0803392, 158482.18158762 ], [ 331399.08136049, 158482.18463219 ], [ 331389.35676397, 158485.2676882 ], [ 331389.35676397, 158485.2676882 ] ], [ [ 331438.53510745, 158489.74109552 ], [ 331437.48477321, 158488.67032312 ], [ 331439.51173939, 158490.00199284 ], [ 331438.53510745, 158489.74109552 ], [ 331438.53510745, 158489.74109552 ] ] ], [ [ [ 350239.74384665, 158735.2770779 ], [ 350232.46857263, 158749.19417534 ], [ 350232.46742761, 158849.1977776 ], [ 350239.74263422, 158863.11521623 ], [ 350282.46746436, 158866.19786357 ], [ 350285.54984129, 158908.9298553 ], [ 350299.46720885, 158916.20515824 ], [ 350332.47515587, 158916.20504912 ], [ 350332.47420646, 158999.20839858 ], [ 350349.47426308, 159016.20859302 ], [ 350382.46620989, 159016.20848313 ], [ 350385.5485096, 159058.93045624 ], [ 350399.46588946, 159066.20577595 ], [ 350432.47487076, 159066.20566561 ], [ 350432.47455967, 159099.20179737 ], [ 350449.47461672, 159116.20195765 ], [ 350499.47481517, 159116.20178985 ], [ 350513.02418429, 159109.43283881 ], [ 350516.47506904, 159066.20541868 ], [ 350549.48345049, 159066.20537427 ], [ 350566.48342761, 159049.2055684 ], [ 350566.48437543, 158966.20072228 ], [ 350699.48521919, 158966.20038016 ], [ 350716.48516266, 158949.20054006 ], [ 350716.48547302, 158916.20401194 ], [ 350759.72476999, 158912.75347741 ], [ 350766.49383054, 158899.20416236 ], [ 350766.49440066, 158849.19681695 ], [ 350749.49434452, 158832.19662315 ], [ 350666.48620005, 158832.19689727 ], [ 350666.48714726, 158749.19355447 ], [ 350659.71819286, 158735.64393265 ], [ 350616.47911031, 158732.19340265 ], [ 350616.47979718, 158666.19889658 ], [ 350632.48799375, 158666.19884484 ], [ 350632.48761754, 158699.19582818 ], [ 350649.48763897, 158716.196022 ], [ 350749.4960662, 158716.19579584 ], [ 350766.49601075, 158699.19598953 ], [ 350766.49715008, 158599.19143076 ], [ 350749.49709557, 158582.19123709 ], [ 350666.48891754, 158582.19150323 ], [ 350666.49036812, 158449.19095558 ], [ 350649.49034906, 158432.19076171 ], [ 350466.48178007, 158432.19113263 ], [ 350463.39948849, 158389.46027986 ], [ 350449.48213849, 158382.18494811 ], [ 350349.48071384, 158382.18515689 ], [ 350332.48076632, 158399.1849626 ], [ 350332.479152, 158549.19581748 ], [ 350339.75436845, 158563.11322866 ], [ 350382.47115357, 158566.19587314 ], [ 350382.47097084, 158582.1921785 ], [ 350316.47057864, 158582.1923235 ], [ 350316.47199911, 158449.1917472 ], [ 350299.47198021, 158432.19155284 ], [ 350266.47199798, 158432.19158954 ], [ 350266.47237546, 158399.18555983 ], [ 350249.47235704, 158382.18536541 ], [ 350199.47216168, 158382.18541956 ], [ 350182.4721801, 158399.18522507 ], [ 350182.47180248, 158432.19178283 ], [ 350149.47139355, 158432.19181943 ], [ 350135.92200788, 158438.96074183 ], [ 350132.47103474, 158482.18918445 ], [ 350049.46250339, 158482.18937558 ], [ 350035.54534375, 158489.46453482 ], [ 350032.46217817, 158532.19667296 ], [ 350016.46200468, 158532.19671979 ], [ 350013.37970542, 158489.46474479 ], [ 349999.46233092, 158482.18942322 ], [ 349949.45315614, 158482.18957086 ], [ 349932.45320633, 158499.18937751 ], [ 349932.45232834, 158582.19317607 ], [ 349849.45177667, 158582.19335078 ], [ 349835.53460215, 158589.46852724 ], [ 349832.45151875, 158632.20060805 ], [ 349789.71048368, 158635.28333126 ], [ 349782.43519015, 158649.2004452 ], [ 349782.43462637, 158699.19778618 ], [ 349799.43467476, 158716.19797788 ], [ 349882.45077041, 158716.1978075 ], [ 349882.44935365, 158849.19848259 ], [ 349889.21831542, 158862.74807618 ], [ 349932.44925914, 158866.19861589 ], [ 349932.4478051, 158999.20936446 ], [ 349939.72300754, 159013.1267998 ], [ 349982.45677467, 159016.20946657 ], [ 349982.45601976, 159082.20307132 ], [ 349939.72204061, 159085.28586808 ], [ 349932.44676252, 159099.20296879 ], [ 349932.44638544, 159132.21046238 ], [ 349899.44598216, 159132.21055377 ], [ 349882.44602924, 159149.21039378 ], [ 349882.4451821, 159232.21417036 ], [ 349799.42875346, 159232.21423297 ], [ 349782.42876628, 159249.21403943 ], [ 349782.42819708, 159299.21139056 ], [ 349799.42820977, 159316.2115841 ], [ 349999.45368475, 159316.21123452 ], [ 350016.45363803, 159299.21142892 ], [ 350016.45401536, 159266.21393511 ], [ 350059.17910281, 159263.13113165 ], [ 350066.45437042, 159249.21400475 ], [ 350066.45468225, 159216.20753872 ], [ 350082.45486309, 159216.2074894 ], [ 350082.45340501, 159349.21820178 ], [ 350089.72861255, 159363.13564118 ], [ 350132.46141017, 159366.2182841 ], [ 350132.4605596, 159449.22167079 ], [ 350149.46058393, 159466.22183147 ], [ 350199.4607841, 159466.22175989 ], [ 350213.01017764, 159459.45281974 ], [ 350216.46107159, 159416.21434959 ], [ 350249.46149025, 159416.21423669 ], [ 350263.37864525, 159408.93907565 ], [ 350266.4618097, 159366.21792733 ], [ 350282.46200945, 159366.21787277 ], [ 350282.461632, 159399.21397113 ], [ 350299.46169019, 159416.2141656 ], [ 350399.46209001, 159416.21382324 ], [ 350416.46203179, 159399.21401754 ], [ 350416.46317475, 159299.21041815 ], [ 350409.69420349, 159285.66078337 ], [ 350366.47116992, 159282.21033606 ], [ 350363.02106997, 159238.98212387 ], [ 350349.47148966, 159232.2130437 ], [ 350316.46350837, 159232.21315552 ], [ 350316.46543617, 159049.20617064 ], [ 350309.19021835, 159035.28875824 ], [ 350266.46543254, 159032.20612035 ], [ 350266.46581028, 158999.20902055 ], [ 350249.46575372, 158982.20882593 ], [ 350116.45741088, 158982.20920237 ], [ 350116.45816743, 158916.20559683 ], [ 350199.46681374, 158916.2053887 ], [ 350216.46675758, 158899.20554941 ], [ 350216.468948, 158699.19738091 ], [ 350209.19374177, 158685.27994263 ], [ 350166.46891192, 158682.19729351 ], [ 350166.47017335, 158566.19639125 ], [ 350232.47056547, 158566.19624835 ], [ 350232.46904462, 158699.19682952 ], [ 350239.23799867, 158712.74645148 ], [ 350282.4690808, 158716.19698267 ], [ 350282.46892985, 158732.19426207 ], [ 350239.74384665, 158735.2770779 ], [ 350239.74384665, 158735.2770779 ] ] ], [ [ [ 338798.89011912, 159132.32685346 ], [ 338785.28537435, 159139.57801958 ], [ 338782.20512883, 159182.30039741 ], [ 338738.96840256, 159185.75125232 ], [ 338732.19976437, 159199.30153773 ], [ 338732.21279027, 159399.31188545 ], [ 338749.21279734, 159416.31078624 ], [ 338882.21624874, 159416.31066512 ], [ 338882.21823419, 159449.31981515 ], [ 338889.49380014, 159463.23629023 ], [ 338932.2173433, 159466.31878633 ], [ 338935.30230688, 159509.04221048 ], [ 338949.21923472, 159516.31696189 ], [ 338999.22622612, 159516.3169633 ], [ 339016.22622658, 159499.31600296 ], [ 339016.22436253, 159466.31877062 ], [ 339332.21856575, 159466.31861632 ], [ 339332.21927927, 159482.31697759 ], [ 339289.49714901, 159485.39988021 ], [ 339282.22215332, 159499.31774863 ], [ 339282.22365344, 159532.31522518 ], [ 339216.21980358, 159532.31520773 ], [ 339213.13515877, 159489.59179219 ], [ 339199.21818261, 159482.31697087 ], [ 339049.22421758, 159482.31696491 ], [ 339032.224217, 159499.3179113 ], [ 339032.23162328, 159632.32051914 ], [ 338989.0035207, 159635.77118571 ], [ 338982.23480625, 159649.32139238 ], [ 338982.237635, 159699.32958121 ], [ 338999.23758578, 159716.32861959 ], [ 339032.23630476, 159716.32871508 ], [ 339032.23719661, 159732.32591053 ], [ 338949.23400222, 159732.32575266 ], [ 338935.31641421, 159739.60142655 ], [ 338932.2356849, 159782.33392699 ], [ 338849.24158837, 159782.3337623 ], [ 338832.24156813, 159799.33443676 ], [ 338832.24287727, 159832.33217771 ], [ 338816.24533601, 159832.3321621 ], [ 338816.24402119, 159799.33292502 ], [ 338799.24404169, 159782.33360237 ], [ 338749.23859459, 159782.33354209 ], [ 338732.23857411, 159799.33422233 ], [ 338732.24257561, 159899.33023129 ], [ 338749.24256269, 159916.32955097 ], [ 338832.24611007, 159916.32961375 ], [ 338832.24940408, 159999.33726684 ], [ 338849.24939898, 160016.33659217 ], [ 338899.24681161, 160016.33660712 ], [ 338913.16431768, 160009.06103149 ], [ 338916.24551273, 159966.3381942 ], [ 338958.96732923, 159963.25533278 ], [ 338966.24236184, 159949.33754246 ], [ 338966.2410634, 159916.32981317 ], [ 339182.23729251, 159916.3301683 ], [ 339182.24221246, 160049.3347651 ], [ 339199.24221196, 160066.33414461 ], [ 339249.24761443, 160066.33414602 ], [ 339263.16509803, 160059.05859612 ], [ 339266.24641616, 160016.33680637 ], [ 339308.96816186, 160013.2539465 ], [ 339316.24320933, 159999.33619981 ], [ 339316.23959406, 159899.32973525 ], [ 339299.23963982, 159882.33034973 ], [ 339266.24154889, 159882.33026093 ], [ 339266.24096792, 159866.33298777 ], [ 339299.23777132, 159866.33301793 ], [ 339313.15526551, 159859.0574744 ], [ 339316.23659426, 159816.33483963 ], [ 339349.23337123, 159816.33494294 ], [ 339363.1509201, 159809.05937477 ], [ 339366.2320899, 159766.32665329 ], [ 339408.9539447, 159763.24387664 ], [ 339416.22897529, 159749.32601113 ], [ 339416.22678246, 159699.32863665 ], [ 339399.22683211, 159682.32938226 ], [ 339366.22837417, 159682.32928591 ], [ 339366.22535978, 159616.32261618 ], [ 339499.22698599, 159616.32278178 ], [ 339516.22699442, 159599.32209988 ], [ 339516.22498854, 159549.31470293 ], [ 339499.22499333, 159532.31538483 ], [ 339466.22641962, 159532.31537555 ], [ 339466.2257327, 159516.31698568 ], [ 339549.22096276, 159516.31699134 ], [ 339566.22096393, 159499.31632436 ], [ 339566.21388904, 159316.30431019 ], [ 339582.21218809, 159316.3042656 ], [ 339585.29636791, 159359.03775484 ], [ 339599.21353659, 159366.31263789 ], [ 339749.21368954, 159366.3104036 ], [ 339766.21336732, 159349.30979313 ], [ 339766.21038646, 159266.30330384 ], [ 339882.21081481, 159266.30127485 ], [ 339882.2137823, 159349.30836676 ], [ 339899.21410487, 159366.30775902 ], [ 339949.21127638, 159366.30681031 ], [ 339966.21095379, 159349.3062035 ], [ 339966.20799079, 159266.29984307 ], [ 339999.20487774, 159266.2992278 ], [ 340013.12211074, 159259.02358315 ], [ 340016.20338442, 159216.29164705 ], [ 340132.20281963, 159216.28966826 ], [ 340132.20576471, 159299.29557397 ], [ 340149.2060849, 159316.29497077 ], [ 340199.20315871, 159316.29402906 ], [ 340213.1203761, 159309.01840225 ], [ 340216.20173543, 159266.29551251 ], [ 340249.19852702, 159266.29496234 ], [ 340262.74798276, 159259.5255954 ], [ 340266.1971421, 159216.28735689 ], [ 340332.20043216, 159216.28626695 ], [ 340335.28460048, 159259.01834467 ], [ 340349.2018798, 159266.29319421 ], [ 340399.19905598, 159266.29235977 ], [ 340416.19877225, 159249.29176123 ], [ 340416.1953511, 159149.28639634 ], [ 340399.19507308, 159132.28696092 ], [ 340316.18338775, 159132.28831832 ], [ 340316.18222212, 159099.27977993 ], [ 340299.1819471, 159082.28038025 ], [ 340166.19816552, 159082.28253098 ], [ 340166.19354741, 158949.27841542 ], [ 340158.9179933, 158935.36149651 ], [ 340116.18775084, 158932.27950121 ], [ 340116.18480224, 158849.27356689 ], [ 340099.18457581, 158832.27417074 ], [ 340066.19491587, 158832.27461016 ], [ 340066.19426829, 158816.27649949 ], [ 340149.18826634, 158816.27523237 ], [ 340166.18800677, 158799.27454429 ], [ 340166.18464724, 158716.26979891 ], [ 340199.18142732, 158716.26936453 ], [ 340213.0987594, 158708.99371096 ], [ 340216.17987871, 158666.27098966 ], [ 340282.16648703, 158666.27005822 ], [ 340285.61862377, 158709.49934018 ], [ 340299.16804891, 158716.2679478 ], [ 340349.18229193, 158716.26718908 ], [ 340363.09958008, 158708.99154984 ], [ 340366.18080647, 158666.26882211 ], [ 340449.17504785, 158666.26763294 ], [ 340466.17479072, 158649.26701144 ], [ 340466.17296248, 158599.25897278 ], [ 340449.17270629, 158582.25959429 ], [ 340216.17650674, 158582.26290452 ], [ 340216.17185222, 158466.25958598 ], [ 340249.16881232, 158466.25916034 ], [ 340266.16859302, 158449.25848389 ], [ 340266.16461387, 158349.25328614 ], [ 340249.16439642, 158332.25396253 ], [ 340216.16647786, 158332.25438464 ], [ 340216.16515476, 158299.2558691 ], [ 340199.16493827, 158282.25655072 ], [ 340049.17219145, 158282.25856059 ], [ 340032.1724419, 158299.25929232 ], [ 340032.17459395, 158349.25735172 ], [ 340049.17481128, 158366.25661999 ], [ 340082.16484203, 158366.25619822 ], [ 340085.61701637, 158409.48542684 ], [ 340099.16640446, 158416.25403769 ], [ 340132.17234672, 158416.25361392 ], [ 340132.17302579, 158432.26076925 ], [ 340099.16800423, 158432.26119478 ], [ 340082.16822342, 158449.26192152 ], [ 340082.17374392, 158582.26478803 ], [ 339999.17952742, 158582.2659711 ], [ 339982.17978325, 158599.26670889 ], [ 339982.18545675, 158732.27058378 ], [ 339966.18822132, 158732.27079506 ], [ 339966.18459189, 158649.27404549 ], [ 339949.18436926, 158632.27478884 ], [ 339899.18700722, 158632.27544367 ], [ 339882.18722988, 158649.27619238 ], [ 339882.19088547, 158732.27200418 ], [ 339839.46929199, 158735.35541863 ], [ 339832.19440347, 158749.27319407 ], [ 339832.19662225, 158799.28036511 ], [ 339849.19684758, 158816.27961083 ], [ 339982.18905976, 158816.27768167 ], [ 339982.18971236, 158832.27586255 ], [ 339939.46812487, 158835.35932598 ], [ 339932.1932075, 158849.27697426 ], [ 339932.19616947, 158932.28228033 ], [ 339766.19839326, 158932.28480866 ], [ 339766.19720855, 158899.28702303 ], [ 339749.19694594, 158882.28763338 ], [ 339699.19974988, 158882.28840576 ], [ 339685.65026299, 158889.05778655 ], [ 339682.20119897, 158932.28608631 ], [ 339666.20400462, 158932.28633603 ], [ 339666.20101583, 158849.28014218 ], [ 339649.20085352, 158832.28075426 ], [ 339599.19500391, 158832.28123171 ], [ 339582.19516624, 158849.28184621 ], [ 339582.19635939, 158882.28983018 ], [ 339399.19192079, 158882.29075644 ], [ 339382.19203164, 158899.2914966 ], [ 339382.19346826, 158932.28814198 ], [ 338849.18927152, 158932.29061559 ], [ 338832.18934548, 158949.29164936 ], [ 338832.19542811, 159049.29786908 ], [ 338839.47102954, 159063.21435718 ], [ 338882.19522048, 159066.29670559 ], [ 338882.19720084, 159099.29482916 ], [ 338899.1972637, 159116.29380891 ], [ 338949.19589276, 159116.29362398 ], [ 338963.11345067, 159109.01787622 ], [ 338966.19394336, 159066.29647683 ], [ 338982.20169916, 159066.29641424 ], [ 338982.20541779, 159132.30168985 ], [ 338798.89011912, 159132.32685346 ], [ 338798.89011912, 159132.32685346 ] ] ], [ [ [ 347789.12264068, 159385.67032176 ], [ 347782.35361168, 159399.21965623 ], [ 347782.35262603, 159499.22423203 ], [ 347799.35268572, 159516.22441658 ], [ 347949.36121121, 159516.22398971 ], [ 347963.27838007, 159508.94880644 ], [ 347966.36144507, 159466.22661056 ], [ 347982.36158655, 159466.22658646 ], [ 347982.36122653, 159499.2236285 ], [ 347999.36128629, 159516.22381399 ], [ 348099.37060249, 159516.22356238 ], [ 348116.37057671, 159499.22371433 ], [ 348116.37201752, 159349.22275751 ], [ 348099.37195818, 159332.22260553 ], [ 348066.36302603, 159332.22272074 ], [ 348063.28070615, 159289.49074197 ], [ 348049.3633275, 159282.21542733 ], [ 348016.36339448, 159282.2155422 ], [ 348016.36548634, 159066.21101182 ], [ 348032.36566727, 159066.21098882 ], [ 348032.36537255, 159099.20706501 ], [ 348049.36543115, 159116.20721685 ], [ 348182.37466149, 159116.20685818 ], [ 348185.4570574, 159158.93885281 ], [ 348199.37442419, 159166.21415089 ], [ 348232.37429232, 159166.21403674 ], [ 348232.37354667, 159249.21742701 ], [ 348249.37360578, 159266.21757972 ], [ 348349.37386236, 159266.21723192 ], [ 348366.37380321, 159249.21741909 ], [ 348366.37416661, 159216.21092281 ], [ 348382.38227946, 159216.21086725 ], [ 348385.4646734, 159258.94185951 ], [ 348399.38204079, 159266.21715793 ], [ 348432.38197219, 159266.21704307 ], [ 348432.38130975, 159332.22164184 ], [ 348399.38091984, 159332.22175726 ], [ 348382.38097931, 159349.2215699 ], [ 348382.38042825, 159399.21781952 ], [ 348399.38048786, 159416.21800689 ], [ 348432.38045083, 159416.21789118 ], [ 348432.37914941, 159549.21962594 ], [ 348449.37920947, 159566.21977949 ], [ 348499.37928355, 159566.21960283 ], [ 348512.92864068, 159559.45066378 ], [ 348516.37958799, 159516.22229404 ], [ 348532.37176232, 159516.22223765 ], [ 348532.37139737, 159549.21923812 ], [ 348549.37142347, 159566.21942614 ], [ 348599.38859786, 159566.21934936 ], [ 348613.3057918, 159558.94417826 ], [ 348616.38887117, 159516.22194139 ], [ 348682.38918604, 159516.22177454 ], [ 348685.47149944, 159558.94367987 ], [ 348699.3888799, 159566.21899569 ], [ 348749.38005365, 159566.2188188 ], [ 348766.3799935, 159549.21900775 ], [ 348766.38100494, 159449.22438037 ], [ 348749.38094508, 159432.22422541 ], [ 348716.39001855, 159432.22434158 ], [ 348716.39019626, 159416.21709451 ], [ 348759.1063014, 159413.13426041 ], [ 348766.38156078, 159399.21713361 ], [ 348766.38302848, 159249.21619371 ], [ 348749.38296921, 159232.21603869 ], [ 348699.39189136, 159232.216213 ], [ 348685.47473524, 159239.49137729 ], [ 348682.39158418, 159282.21358542 ], [ 348649.3911926, 159282.21363472 ], [ 348635.84179771, 159288.98257807 ], [ 348632.39091796, 159332.22104184 ], [ 348599.39052717, 159332.22115741 ], [ 348585.47337107, 159339.49632202 ], [ 348582.39022121, 159382.21746496 ], [ 348566.37311054, 159382.21752115 ], [ 348566.37441598, 159249.21678981 ], [ 348549.37435677, 159232.21663571 ], [ 348516.38242587, 159232.21675062 ], [ 348516.38279061, 159199.21074887 ], [ 348509.10759738, 159185.29332629 ], [ 348466.38279942, 159182.21060961 ], [ 348466.38346204, 159116.20601159 ], [ 348499.38382068, 159116.20596355 ], [ 348516.38379593, 159099.20615148 ], [ 348516.38480138, 158999.21252028 ], [ 348499.38477692, 158982.21236634 ], [ 348399.38437973, 158982.21261014 ], [ 348385.46721064, 158989.48779189 ], [ 348382.38414027, 159032.20998417 ], [ 348216.37551515, 159032.21048983 ], [ 348216.37581125, 158999.21334971 ], [ 348199.3757529, 158982.21319716 ], [ 348066.36651757, 158982.21355359 ], [ 348066.36681241, 158949.20651119 ], [ 348049.36678826, 158932.20635933 ], [ 347949.36648921, 158932.20660137 ], [ 347935.44933101, 158939.481767 ], [ 347932.36618739, 158982.21397906 ], [ 347916.35000492, 158982.21400193 ], [ 347913.26769155, 158939.4820978 ], [ 347899.35034032, 158932.20677234 ], [ 347849.35815789, 158932.20684322 ], [ 347835.80877275, 158938.97577186 ], [ 347832.35782295, 158982.21425574 ], [ 347799.35749784, 158982.21436879 ], [ 347782.35755608, 158999.21418409 ], [ 347782.35701288, 159049.2114387 ], [ 347799.35703726, 159066.2116234 ], [ 347882.34919006, 159066.21143836 ], [ 347882.34802688, 159182.21230033 ], [ 347799.35552471, 159182.21258752 ], [ 347782.35558353, 159199.2124029 ], [ 347782.35459751, 159299.21604648 ], [ 347799.35465662, 159316.2161971 ], [ 347832.35459055, 159316.21608235 ], [ 347832.35393898, 159382.21969147 ], [ 347789.12264068, 159385.67032176 ], [ 347789.12264068, 159385.67032176 ] ] ], [ [ [ 343735.65421397, 159659.47886998 ], [ 343749.20374539, 159666.24777042 ], [ 343832.20272555, 159666.24700164 ], [ 343832.20403317, 159799.25921414 ], [ 343849.2041793, 159816.25900536 ], [ 343932.2111964, 159816.2582918 ], [ 343932.21138549, 159832.25600186 ], [ 343699.19824005, 159832.25818583 ], [ 343682.19838719, 159849.25840675 ], [ 343682.19881599, 159882.25512605 ], [ 343666.2074032, 159882.25526553 ], [ 343666.20696668, 159849.25839355 ], [ 343649.20678564, 159832.25861845 ], [ 343599.19936463, 159832.25915102 ], [ 343585.28215747, 159839.53456345 ], [ 343582.19998991, 159882.25609793 ], [ 343566.20054246, 159882.25623738 ], [ 343566.19923997, 159799.26151463 ], [ 343549.19909415, 159782.26178138 ], [ 343499.19866099, 159782.26221028 ], [ 343482.19880682, 159799.262481 ], [ 343482.2033173, 160082.26723132 ], [ 343416.19664848, 160082.26789011 ], [ 343413.11315788, 160039.53525423 ], [ 343399.19585505, 160032.26022989 ], [ 343349.19657956, 160032.26077535 ], [ 343332.19676502, 160049.26105846 ], [ 343332.19843078, 160149.266691 ], [ 343349.19858454, 160166.26640777 ], [ 343482.20465774, 160166.26510446 ], [ 343485.28805349, 160208.99671271 ], [ 343499.20537366, 160216.27175686 ], [ 343582.20499304, 160216.27083378 ], [ 343585.65608998, 160259.4995954 ], [ 343599.20559486, 160266.26844408 ], [ 343799.21073681, 160266.2664046 ], [ 343816.2105464, 160249.26615698 ], [ 343816.20919004, 160149.26161937 ], [ 343809.44002416, 160135.71224487 ], [ 343766.20962272, 160132.26219804 ], [ 343766.20740118, 159966.26208091 ], [ 343882.19757839, 159966.26099458 ], [ 343882.19797669, 159999.25879477 ], [ 343889.47335759, 160013.17595593 ], [ 343932.21356241, 160016.25829678 ], [ 343935.29678934, 160058.97973024 ], [ 343949.21410515, 160066.25482128 ], [ 343999.21337736, 160066.2543743 ], [ 344013.13058424, 160058.97900396 ], [ 344016.21290834, 160016.25745156 ], [ 344082.20360127, 160016.25679983 ], [ 344082.20396888, 160049.25356938 ], [ 344099.20415495, 160066.25337999 ], [ 344149.22042658, 160066.25283254 ], [ 344162.76980874, 160059.48369286 ], [ 344166.21994661, 160016.25598586 ], [ 344208.94407731, 160013.17279731 ], [ 344216.21917801, 159999.25547942 ], [ 344216.21889201, 159966.25778466 ], [ 344232.21821628, 159966.25761159 ], [ 344235.66919101, 160009.48630597 ], [ 344249.21870651, 160016.25518253 ], [ 344299.22613107, 160016.25475321 ], [ 344313.14333465, 160008.97939628 ], [ 344316.22571257, 159966.25686129 ], [ 344399.22476364, 159966.2561789 ], [ 344416.22462387, 159949.25604079 ], [ 344416.2239496, 159866.25163995 ], [ 344449.22353294, 159866.25137005 ], [ 344466.22339389, 159849.25123313 ], [ 344466.22272544, 159766.24583423 ], [ 344549.23090486, 159766.24515884 ], [ 344566.23076653, 159749.24503269 ], [ 344566.23017304, 159649.24074708 ], [ 344549.23003693, 159632.24082272 ], [ 344499.23043497, 159632.24122304 ], [ 344485.68104098, 159639.01031215 ], [ 344482.23072367, 159682.24896943 ], [ 344466.2221271, 159682.24909904 ], [ 344462.7713746, 159639.01054809 ], [ 344449.22183276, 159632.24162324 ], [ 344399.22223039, 159632.24202326 ], [ 344382.2223664, 159649.24210775 ], [ 344382.22253046, 159682.24981287 ], [ 344366.22293361, 159682.24997432 ], [ 344363.13997093, 159639.51757639 ], [ 344349.22262792, 159632.24242313 ], [ 344316.22303671, 159632.24268694 ], [ 344316.22279536, 159599.24507141 ], [ 344299.22265683, 159582.24519575 ], [ 344216.21563688, 159582.24588237 ], [ 344213.13258333, 159539.51452591 ], [ 344199.21524808, 159532.23939456 ], [ 344049.20876676, 159532.24075968 ], [ 344035.65939871, 159539.00986902 ], [ 344032.20912453, 159582.24753822 ], [ 344016.20864172, 159582.24767346 ], [ 344016.208395, 159549.24105416 ], [ 343999.20825169, 159532.24118123 ], [ 343899.19325318, 159532.24202418 ], [ 343882.19339643, 159549.24215159 ], [ 343882.19364382, 159582.24890589 ], [ 343866.20212906, 159582.249041 ], [ 343866.20194735, 159549.24245188 ], [ 343849.20180412, 159532.24254547 ], [ 343749.20280566, 159532.2433879 ], [ 343732.20294887, 159549.24348183 ], [ 343732.20360146, 159649.24789837 ], [ 343735.65421397, 159659.47886998 ], [ 343735.65421397, 159659.47886998 ] ] ], [ [ [ 335738.88130437, 159935.77943778 ], [ 335732.11195824, 159949.3299777 ], [ 335732.11836951, 160082.33846376 ], [ 335689.39636238, 160085.41890948 ], [ 335682.12082259, 160099.33713456 ], [ 335682.12974866, 160299.35894205 ], [ 335699.12900463, 160316.35819316 ], [ 335899.13343965, 160316.36682832 ], [ 335916.13414659, 160299.3658141 ], [ 335916.12919252, 160216.35823317 ], [ 336149.1289431, 160216.37035884 ], [ 336166.12982588, 160199.36904527 ], [ 336166.12334428, 160116.36390365 ], [ 336449.14098417, 160116.3600002 ], [ 336466.1407303, 160099.35859676 ], [ 336466.13800538, 160066.35139922 ], [ 336499.14641104, 160066.35098694 ], [ 336513.06399313, 160059.07498998 ], [ 336516.14353132, 160016.35341679 ], [ 336599.14552947, 160016.35241588 ], [ 336612.69534395, 160009.58267509 ], [ 336616.14257315, 159966.35399866 ], [ 336749.15493336, 159966.35255074 ], [ 336766.15476927, 159949.35111978 ], [ 336766.14253597, 159799.34747398 ], [ 336749.14240648, 159782.348771 ], [ 336716.14062182, 159782.34902246 ], [ 336716.14013864, 159766.33771514 ], [ 336799.14205279, 159766.33753684 ], [ 336816.14202939, 159749.33692058 ], [ 336816.14021683, 159699.3369737 ], [ 336809.37101497, 159685.78797356 ], [ 336766.1386654, 159682.33755945 ], [ 336766.13598258, 159599.32467806 ], [ 336749.13614555, 159582.32522783 ], [ 336716.1349012, 159582.32491149 ], [ 336716.1339645, 159549.31389722 ], [ 336699.13423556, 159532.3143796 ], [ 336649.12483933, 159532.31358225 ], [ 336635.20721651, 159539.58894434 ], [ 336632.12537256, 159582.32396733 ], [ 336616.12484665, 159582.32378008 ], [ 336616.12417472, 159549.31243601 ], [ 336599.12444778, 159532.31278204 ], [ 336516.12318449, 159532.31144692 ], [ 336516.12277576, 159499.30873649 ], [ 336499.1231239, 159482.30894704 ], [ 336299.11449912, 159482.30473323 ], [ 336282.11414796, 159499.30467107 ], [ 336282.1138428, 159582.31980312 ], [ 336239.3885884, 159585.40203418 ], [ 336232.11320304, 159599.3192714 ], [ 336232.11255676, 159682.33619439 ], [ 336166.10184467, 159682.336023 ], [ 336166.1023674, 159649.32228968 ], [ 336149.10362719, 159632.32202055 ], [ 336066.10767695, 159632.31554625 ], [ 336063.02584888, 159589.58617252 ], [ 336049.10956138, 159582.31036461 ], [ 335949.10700383, 159582.30215097 ], [ 335932.10559063, 159599.30189578 ], [ 335932.10509535, 159632.30430447 ], [ 335889.3836263, 159635.38372329 ], [ 335882.10760151, 159649.30131852 ], [ 335882.10579193, 159782.32945931 ], [ 335799.1045374, 159782.32214613 ], [ 335785.55377885, 159789.09088406 ], [ 335782.1039497, 159832.3221115 ], [ 335739.38272763, 159835.40173427 ], [ 335732.10702637, 159849.32014169 ], [ 335732.10944336, 159899.3195588 ], [ 335749.10807856, 159916.31873695 ], [ 335782.10791778, 159916.32138624 ], [ 335782.10875334, 159932.33166392 ], [ 335738.88130437, 159935.77943778 ], [ 335738.88130437, 159935.77943778 ] ] ], [ [ [ 346193.74660648, 160783.2187299 ], [ 346183.24206855, 160793.72341073 ], [ 346182.29024078, 160849.2632874 ], [ 346199.29037786, 160866.26319298 ], [ 346232.28995174, 160866.26292689 ], [ 346232.29113311, 161032.27270142 ], [ 346189.06066407, 161035.72357309 ], [ 346182.29175221, 161049.27306387 ], [ 346182.29203022, 161099.27070795 ], [ 346199.29216848, 161116.27061342 ], [ 346282.29130231, 161116.26993837 ], [ 346282.29182291, 161199.27427884 ], [ 346289.06092623, 161212.82372636 ], [ 346332.29251745, 161216.27391635 ], [ 346332.29276287, 161249.28154624 ], [ 346349.2929019, 161266.28141984 ], [ 346399.30036794, 161266.28101089 ], [ 346416.30022891, 161249.28091921 ], [ 346416.29934576, 161116.2688481 ], [ 346449.29893079, 161116.26857955 ], [ 346466.29879244, 161099.26845467 ], [ 346466.29815794, 160999.27310749 ], [ 346449.29802006, 160982.27319835 ], [ 346416.2984558, 160982.27346598 ], [ 346416.29833758, 160966.26682482 ], [ 346449.29792839, 160966.26655764 ], [ 346466.29779076, 160949.26643283 ], [ 346466.29742368, 160899.2686923 ], [ 346449.29728627, 160882.26881711 ], [ 346416.29775129, 160882.26908383 ], [ 346416.29696094, 160766.25706076 ], [ 346499.29614676, 160766.25639331 ], [ 346516.29601005, 160749.25630332 ], [ 346516.29550477, 160666.26187768 ], [ 346559.52604819, 160662.81101871 ], [ 346566.29497229, 160649.2615535 ], [ 346566.29479677, 160599.25396321 ], [ 346559.0194695, 160585.33669424 ], [ 346516.2952108, 160582.25428657 ], [ 346516.29530851, 160516.25042085 ], [ 346559.01978308, 160513.16738702 ], [ 346566.29496007, 160499.2501738 ], [ 346566.29498114, 160466.25253577 ], [ 346609.01940243, 160463.16959128 ], [ 346616.29460883, 160449.25239417 ], [ 346616.29478851, 160349.2484097 ], [ 346599.29466007, 160332.24839612 ], [ 346449.29569739, 160332.24942906 ], [ 346432.29579174, 160349.24942327 ], [ 346432.29576356, 160432.25353714 ], [ 346399.2959092, 160432.25379198 ], [ 346382.29604048, 160449.25378891 ], [ 346382.29602558, 160532.25791218 ], [ 346066.28178765, 160532.26030433 ], [ 346066.28175824, 160499.25394936 ], [ 346059.00644682, 160485.33664702 ], [ 346016.26509517, 160482.25422158 ], [ 346016.26499487, 160449.25672439 ], [ 345999.264864, 160432.25677606 ], [ 345949.27424523, 160432.2571609 ], [ 345932.2743761, 160449.25718116 ], [ 345932.27441544, 160482.25477544 ], [ 345799.25846833, 160482.25581009 ], [ 345782.2586005, 160499.2558722 ], [ 345782.25878321, 160549.26246784 ], [ 345789.53411017, 160563.17973417 ], [ 345832.27544726, 160566.26214614 ], [ 345832.27570993, 160632.26735431 ], [ 345789.02809294, 160635.71823122 ], [ 345782.25919306, 160649.26775251 ], [ 345782.25984816, 160732.26215353 ], [ 345749.26825797, 160732.26241828 ], [ 345732.26839439, 160749.26255322 ], [ 345732.26905332, 160832.2669556 ], [ 345666.26988407, 160832.26748689 ], [ 345666.26841583, 160649.2686812 ], [ 345649.26827997, 160632.26881756 ], [ 345599.26068727, 160632.26921723 ], [ 345582.26082313, 160649.26935432 ], [ 345582.26229922, 160832.26816297 ], [ 345549.27081566, 160832.26842847 ], [ 345532.27095246, 160849.26856637 ], [ 345532.27135813, 160899.27631952 ], [ 345549.27149516, 160916.27618162 ], [ 345632.27055836, 160916.27551253 ], [ 345632.27068679, 160932.27316439 ], [ 345589.5384713, 160935.35624148 ], [ 345582.26334345, 160949.27356815 ], [ 345582.26374711, 160999.28032065 ], [ 345589.53909981, 161013.19753 ], [ 345632.27136131, 161016.27991643 ], [ 345635.35443674, 161059.00230255 ], [ 345649.27176411, 161066.2774306 ], [ 345699.27133946, 161066.27702536 ], [ 345716.27120167, 161049.27688956 ], [ 345716.27093808, 161016.27923681 ], [ 345732.27051478, 161016.27910733 ], [ 345732.27157171, 161149.28215602 ], [ 345749.27171001, 161166.28202092 ], [ 345832.27974734, 161166.2813456 ], [ 345835.73062001, 161209.5090568 ], [ 345849.28014539, 161216.2779563 ], [ 345899.27971406, 161216.27754872 ], [ 345916.27957549, 161199.27741577 ], [ 345916.2784026, 161049.27527082 ], [ 345909.50928668, 161035.72585352 ], [ 345866.27869388, 161032.27567136 ], [ 345866.27817518, 160966.27127389 ], [ 345999.26791693, 160966.2701988 ], [ 346016.26777947, 160949.27006742 ], [ 346016.26662049, 160799.26802711 ], [ 346009.49750562, 160785.71860902 ], [ 345966.2759369, 160782.26842382 ], [ 345966.27535831, 160699.26303368 ], [ 345949.27522207, 160682.2631657 ], [ 345916.27563553, 160682.26343016 ], [ 345916.27523361, 160616.25907073 ], [ 346032.28201788, 160616.25814733 ], [ 346032.28215449, 160649.26568852 ], [ 346039.55748527, 160663.18294927 ], [ 346082.28184231, 160666.26535402 ], [ 346082.28202826, 160699.26205896 ], [ 346099.28216459, 160716.26196316 ], [ 346232.2889253, 160716.26089641 ], [ 346232.28942088, 160782.26628344 ], [ 346193.74660648, 160783.2187299 ], [ 346193.74660648, 160783.2187299 ] ] ], [ [ [ 345189.53359301, 160963.1943265 ], [ 345232.25790795, 160966.27669506 ], [ 345232.25885487, 161082.27875864 ], [ 345189.53468207, 161085.36185402 ], [ 345182.2595586, 161099.27917897 ], [ 345182.2607813, 161249.29134276 ], [ 345189.53613824, 161263.2085537 ], [ 345232.26035703, 161266.29092253 ], [ 345232.26130407, 161382.29302039 ], [ 345149.24641999, 161382.29379458 ], [ 345132.246565, 161399.29393294 ], [ 345132.24737898, 161499.29834214 ], [ 345139.52273578, 161513.21555319 ], [ 345182.26295788, 161516.29792222 ], [ 345182.26308831, 161532.29561078 ], [ 345099.25620041, 161532.2963846 ], [ 345082.25634537, 161549.29653919 ], [ 345082.25680009, 161599.30430498 ], [ 345099.25697952, 161616.3041504 ], [ 345182.26392694, 161616.30334031 ], [ 345182.26422918, 161649.30011655 ], [ 345189.53960916, 161663.21732642 ], [ 345232.26390899, 161666.29961103 ], [ 345235.34702411, 161709.03207799 ], [ 345249.26435289, 161716.3071949 ], [ 345282.26380847, 161716.30690962 ], [ 345282.26460791, 161799.31133678 ], [ 345299.26475634, 161816.31118654 ], [ 345349.27315795, 161816.31074989 ], [ 345366.27300952, 161799.31060249 ], [ 345366.27222392, 161716.30608324 ], [ 345432.27112, 161716.30551236 ], [ 345432.27222901, 161849.30757375 ], [ 345449.27237084, 161866.30743194 ], [ 345499.2719117, 161866.30701479 ], [ 345512.8213234, 161859.53789449 ], [ 345516.27149619, 161816.30921952 ], [ 345549.27894582, 161816.30894679 ], [ 345566.27880535, 161799.30880609 ], [ 345566.27811833, 161716.30429719 ], [ 345608.99430376, 161713.22121246 ], [ 345616.26942904, 161699.30388439 ], [ 345616.26915641, 161666.29623007 ], [ 345659.00144297, 161663.21314544 ], [ 345666.27656838, 161649.29581754 ], [ 345666.27615618, 161599.2990635 ], [ 345649.27601598, 161582.29920366 ], [ 345616.26846317, 161582.29947589 ], [ 345616.26778723, 161499.29407175 ], [ 345599.26764736, 161482.29420925 ], [ 345449.26907957, 161482.29544425 ], [ 345432.26921977, 161499.29558391 ], [ 345432.26997044, 161582.30110008 ], [ 345349.27103085, 161582.30181091 ], [ 345332.27117643, 161599.30195812 ], [ 345332.27146216, 161632.29871673 ], [ 345316.2629987, 161632.29885445 ], [ 345316.26235555, 161566.29443391 ], [ 345349.27089414, 161566.29415234 ], [ 345366.27074913, 161549.2939791 ], [ 345366.26996938, 161466.29949777 ], [ 345449.26895413, 161466.29878941 ], [ 345462.81836291, 161459.52966867 ], [ 345466.2685379, 161416.29089474 ], [ 345549.27555767, 161416.29021373 ], [ 345566.27541832, 161399.29007558 ], [ 345566.27419954, 161249.28801569 ], [ 345559.50508156, 161235.73860202 ], [ 345516.26649367, 161232.28842301 ], [ 345516.26636297, 161216.28066918 ], [ 345549.2739318, 161216.28040043 ], [ 345566.27379339, 161199.28026238 ], [ 345566.27311937, 161116.275856 ], [ 345599.26469253, 161116.27558822 ], [ 345616.26455455, 161099.27545093 ], [ 345616.26415079, 161049.27769852 ], [ 345599.26401304, 161032.27783581 ], [ 345516.26486107, 161032.27857426 ], [ 345513.18178071, 160989.55611926 ], [ 345499.26445436, 160982.2809922 ], [ 345466.26487467, 160982.28125903 ], [ 345463.18178337, 160939.54975547 ], [ 345449.26442505, 160932.27464191 ], [ 345416.2650294, 160932.27498925 ], [ 345413.18194571, 160889.55253779 ], [ 345399.26461352, 160882.27741356 ], [ 345349.26508099, 160882.27784087 ], [ 345332.26522627, 160899.27798007 ], [ 345332.26549645, 160932.27574069 ], [ 345266.25763042, 160932.27637061 ], [ 345266.25576737, 160716.26883204 ], [ 345349.26376812, 160716.26802241 ], [ 345362.81315103, 160709.49889069 ], [ 345366.26331864, 160666.27118855 ], [ 345408.9874869, 160663.18802585 ], [ 345416.26260886, 160649.27075117 ], [ 345416.26243574, 160616.26305988 ], [ 345449.26192923, 160616.26278034 ], [ 345463.17911337, 160608.98745417 ], [ 345466.26162928, 160566.26502075 ], [ 345482.26123212, 160566.26489526 ], [ 345485.3441723, 160608.98722531 ], [ 345499.2615179, 160616.26238376 ], [ 345649.26831045, 160616.26119315 ], [ 345666.26817548, 160599.26112319 ], [ 345666.26762858, 160466.25923658 ], [ 345749.26692913, 160466.25859897 ], [ 345766.26679851, 160449.25853439 ], [ 345766.26660855, 160399.25093458 ], [ 345749.26647943, 160382.25099916 ], [ 345716.26691401, 160382.25124981 ], [ 345716.26658655, 160299.25710418 ], [ 345699.26649444, 160282.25717123 ], [ 345666.26684012, 160282.25735002 ], [ 345663.18384306, 160239.52498267 ], [ 345649.26651448, 160232.24983389 ], [ 345566.2671628, 160232.25044198 ], [ 345566.2670178, 160199.25287509 ], [ 345558.99170927, 160185.33563413 ], [ 345516.25924779, 160182.25312256 ], [ 345516.25914306, 160166.24646894 ], [ 345549.26691975, 160166.24623305 ], [ 345566.26679826, 160149.24615848 ], [ 345566.26635977, 160049.24092551 ], [ 345549.26624126, 160032.24100002 ], [ 345399.25906632, 160032.24199633 ], [ 345382.25920206, 160049.2420779 ], [ 345382.25978202, 160149.24746751 ], [ 345389.02889208, 160162.79689767 ], [ 345432.25944519, 160166.24708508 ], [ 345432.25975525, 160232.25133766 ], [ 345366.26072545, 160232.25188436 ], [ 345362.80996859, 160189.02332023 ], [ 345349.26042259, 160182.25439799 ], [ 345316.25192317, 160182.25467398 ], [ 345316.25116699, 160049.24274209 ], [ 345299.251026, 160032.24282592 ], [ 345216.25194565, 160032.24358022 ], [ 345213.16898514, 159989.52217557 ], [ 345199.25163805, 159982.24702308 ], [ 345166.23612007, 159982.24729602 ], [ 345163.15315713, 159939.52495542 ], [ 345149.23581071, 159932.24980336 ], [ 345116.24425424, 159932.25007538 ], [ 345113.16121097, 159889.51771569 ], [ 345099.24387711, 159882.24258111 ], [ 345049.24429918, 159882.24299213 ], [ 345032.24443893, 159899.24311553 ], [ 345032.2446785, 159932.25076778 ], [ 344966.22862653, 159932.25137776 ], [ 344963.14557551, 159889.51894693 ], [ 344949.22824288, 159882.24381403 ], [ 344866.23713233, 159882.24449587 ], [ 344866.23695008, 159849.24790183 ], [ 344849.23681084, 159832.24799573 ], [ 344799.23722915, 159832.24840527 ], [ 344782.2373684, 159849.2485343 ], [ 344782.23878693, 160049.24729847 ], [ 344799.23892769, 160066.24716934 ], [ 344882.23795046, 160066.24641605 ], [ 344882.2384432, 160132.25176073 ], [ 344799.23937127, 160132.25255173 ], [ 344782.23954679, 160149.25264695 ], [ 344782.23982688, 160199.25928827 ], [ 344799.23996877, 160216.25919306 ], [ 344882.23903655, 160216.2585002 ], [ 344882.23912406, 160232.25613955 ], [ 344799.24006475, 160232.25683426 ], [ 344782.24020703, 160249.25696354 ], [ 344782.2420093, 160499.26437068 ], [ 344799.24215348, 160516.26424126 ], [ 344932.2325502, 160516.26311315 ], [ 344932.23316576, 160599.2673714 ], [ 344949.23331075, 160616.26724531 ], [ 345049.24917394, 160616.26639214 ], [ 345066.2490289, 160599.26630232 ], [ 345066.24885455, 160566.26857754 ], [ 345182.25525496, 160566.26752406 ], [ 345182.25566591, 160632.27289574 ], [ 345139.51548501, 160635.3559915 ], [ 345132.24036153, 160649.27331623 ], [ 345132.24158203, 160799.27537924 ], [ 345149.24172727, 160816.27524092 ], [ 345182.2571521, 160816.27495887 ], [ 345182.25728247, 160832.2717132 ], [ 345149.24184366, 160832.27199523 ], [ 345132.24198887, 160849.27213355 ], [ 345132.24239577, 160899.27988805 ], [ 345149.24257495, 160916.27974973 ], [ 345182.25796709, 160916.27940173 ], [ 345182.25823603, 160949.27711551 ], [ 345189.53359301, 160963.1943265 ], [ 345189.53359301, 160963.1943265 ] ] ], [ [ [ 330819.54118146, 162318.36370743 ], [ 330839.10846269, 162389.38368981 ], [ 330840.97639597, 162409.51107727 ], [ 330860.48673704, 162442.64261733 ], [ 330867.51332781, 162466.32739525 ], [ 330882.13129846, 162466.3270414 ], [ 330882.13141318, 162481.64974667 ], [ 330899.85145884, 162493.98396764 ], [ 330963.50837392, 162508.15592873 ], [ 330966.13092631, 162466.32500841 ], [ 330982.13855415, 162466.32462107 ], [ 330985.58947121, 162509.56378154 ], [ 330999.13920283, 162516.33259744 ], [ 331049.13882691, 162516.33139596 ], [ 331066.1384184, 162499.33130806 ], [ 331066.13824771, 162466.32258866 ], [ 331099.13820028, 162466.3217903 ], [ 331113.05519073, 162459.04635949 ], [ 331116.13755594, 162416.32397198 ], [ 331382.15254914, 162416.31739557 ], [ 331385.23562331, 162459.03938089 ], [ 331399.15317222, 162466.31443602 ], [ 331582.16023867, 162466.31015371 ], [ 331582.16037407, 162499.31845622 ], [ 331599.16072151, 162516.31838648 ], [ 331699.15973815, 162516.3162428 ], [ 331713.07673363, 162509.04084758 ], [ 331716.1592247, 162466.30736903 ], [ 331832.1656533, 162466.3049221 ], [ 331835.24861272, 162509.0380804 ], [ 331849.1661276, 162516.31317771 ], [ 331949.16514348, 162516.3110347 ], [ 331966.16476218, 162499.31097104 ], [ 331966.16445141, 162416.30445738 ], [ 331982.16389648, 162416.30412763 ], [ 331985.61465884, 162459.53253112 ], [ 331999.16436708, 162466.30139518 ], [ 332049.17291053, 162466.3003692 ], [ 332066.17256176, 162449.30030731 ], [ 332066.17244162, 162416.30236241 ], [ 332149.17172154, 162416.30058607 ], [ 332166.17137124, 162399.30052596 ], [ 332166.1712545, 162366.2915683 ], [ 332432.1852376, 162366.28589797 ], [ 332432.18540583, 162449.29198526 ], [ 332449.18578843, 162466.29196431 ], [ 332599.18418208, 162466.28878862 ], [ 332616.18383351, 162449.28877028 ], [ 332616.18367801, 162366.28189174 ], [ 332658.91612581, 162363.19834298 ], [ 332666.19117335, 162349.28115765 ], [ 332666.19107356, 162316.28212856 ], [ 332682.19056771, 162316.28184312 ], [ 332682.19060193, 162349.28022848 ], [ 332699.19055007, 162366.28021086 ], [ 332849.18716597, 162366.28056545 ], [ 332866.18721715, 162349.2805624 ], [ 332866.18721125, 162316.28206525 ], [ 332982.1929173, 162316.28249317 ], [ 332982.19282891, 162349.28076545 ], [ 332999.19277909, 162366.280811 ], [ 333082.19854635, 162366.28098755 ], [ 333085.28115149, 162409.013919 ], [ 333099.19843641, 162416.2891878 ], [ 333132.19730084, 162416.28919346 ], [ 333132.19718467, 162449.28628609 ], [ 333149.19722831, 162466.28634594 ], [ 333299.20161392, 162466.28615788 ], [ 333313.11884793, 162459.01095173 ], [ 333316.20174806, 162416.28921765 ], [ 333332.200563, 162416.28921912 ], [ 333335.28311597, 162459.01075003 ], [ 333349.2004201, 162466.28602653 ], [ 333449.19903031, 162466.28596085 ], [ 333466.19901897, 162449.28608385 ], [ 333466.19925772, 162416.28922739 ], [ 333482.20607157, 162416.28922791 ], [ 333482.20428401, 162732.30304516 ], [ 333316.20056767, 162732.30414846 ], [ 333313.11784898, 162689.57081793 ], [ 333299.20047838, 162682.29560807 ], [ 333199.19511478, 162682.29623803 ], [ 333185.64571922, 162689.06526809 ], [ 333182.19517571, 162732.30510979 ], [ 333149.19628989, 162732.30535468 ], [ 333132.19641605, 162749.3053412 ], [ 333132.19606654, 162982.31695371 ], [ 333088.96634324, 162985.76779652 ], [ 333082.1973961, 162999.31720784 ], [ 333082.1973615, 163049.31596712 ], [ 333099.19750066, 163066.31597888 ], [ 333132.19593315, 163066.31570876 ], [ 333132.19584154, 163099.32317571 ], [ 333139.47113775, 163113.24052961 ], [ 333182.1945073, 163116.32294839 ], [ 333182.19446156, 163132.32169738 ], [ 333139.47097522, 163135.4047553 ], [ 333132.19580289, 163149.32196304 ], [ 333132.19577747, 163182.33080953 ], [ 332999.19170086, 163182.33201476 ], [ 332982.1918464, 163199.33200614 ], [ 332982.19182103, 163249.32977896 ], [ 332989.46713262, 163263.24710511 ], [ 333032.19041275, 163266.32950083 ], [ 333035.27315528, 163309.052822 ], [ 333049.19054321, 163316.32801972 ], [ 333099.19714057, 163316.32757856 ], [ 333113.11428807, 163309.05229659 ], [ 333116.19701297, 163266.32867047 ], [ 333182.19421295, 163266.3280962 ], [ 333182.19395806, 163449.34162505 ], [ 333199.19411483, 163466.34163937 ], [ 333249.19259879, 163466.3411783 ], [ 333266.19244203, 163449.34122809 ], [ 333266.19261924, 163366.33464273 ], [ 333382.19739198, 163366.3335017 ], [ 333385.28011985, 163409.05578062 ], [ 333399.19754156, 163416.33097112 ], [ 333432.19581878, 163416.33060444 ], [ 333432.19579837, 163432.33922274 ], [ 333399.19700214, 163432.33959366 ], [ 333382.19719322, 163449.3395395 ], [ 333382.19703394, 163499.33816195 ], [ 333389.47233688, 163513.25552749 ], [ 333432.19559149, 163516.33790697 ], [ 333432.19542611, 163599.34412443 ], [ 333449.19562094, 163616.34416641 ], [ 333532.20056709, 163616.34321506 ], [ 333535.28331973, 163659.06664609 ], [ 333549.20071449, 163666.34183883 ], [ 333582.19901983, 163666.34152767 ], [ 333585.28177913, 163709.0750056 ], [ 333599.19919999, 163716.35018791 ], [ 333682.19610749, 163716.349308 ], [ 333685.64659142, 163759.5780077 ], [ 333699.19621969, 163766.34697177 ], [ 333749.20279007, 163766.34640352 ], [ 333766.20259688, 163749.34641161 ], [ 333766.20272632, 163616.34066667 ], [ 333799.20140292, 163616.34035436 ], [ 333816.20124203, 163599.34039785 ], [ 333816.20169165, 163466.33519945 ], [ 333999.20484159, 163466.33580475 ], [ 334016.20498776, 163449.33593471 ], [ 334016.20537003, 163399.32771041 ], [ 333999.20556751, 163382.32758046 ], [ 333866.20050593, 163382.32638118 ], [ 333862.75008257, 163339.09777629 ], [ 333849.20044959, 163332.32879821 ], [ 333766.20358516, 163332.32964672 ], [ 333763.12088186, 163289.59641967 ], [ 333749.20345958, 163282.32122274 ], [ 333716.19717799, 163282.32158192 ], [ 333716.19754343, 163166.3168731 ], [ 333758.92902713, 163163.23382472 ], [ 333766.20421542, 163149.31665742 ], [ 333766.20453187, 163066.31029988 ], [ 334032.2068626, 163066.31376445 ], [ 334032.20658532, 163099.32120589 ], [ 334049.20621686, 163116.32134869 ], [ 334132.21239237, 163116.32321283 ], [ 334132.2120077, 163149.32137989 ], [ 334149.21165749, 163166.32157805 ], [ 334232.20962631, 163166.32328696 ], [ 334232.20877461, 163232.32784853 ], [ 334199.21006549, 163232.32723688 ], [ 334182.20975039, 163249.32699476 ], [ 334182.2090383, 163299.32491108 ], [ 334189.48408649, 163313.24228695 ], [ 334232.20759285, 163316.32559923 ], [ 334232.20716836, 163349.33337727 ], [ 334249.20695636, 163366.3335959 ], [ 334299.20559687, 163366.3342194 ], [ 334316.20580887, 163349.33448283 ], [ 334316.20709577, 163266.32926917 ], [ 334349.21488275, 163266.32981312 ], [ 334366.2151629, 163249.33008799 ], [ 334366.21650548, 163166.32613833 ], [ 334399.21529837, 163166.32681452 ], [ 334416.21564671, 163149.32713479 ], [ 334416.21743148, 163049.32328511 ], [ 334399.21784847, 163032.32299858 ], [ 334266.21149404, 163032.31966703 ], [ 334266.21198783, 162999.32181077 ], [ 334258.93706389, 162985.40450899 ], [ 334216.21303358, 162982.32064462 ], [ 334216.21344102, 162949.31257625 ], [ 334199.2139625, 162932.31236641 ], [ 334016.20884764, 162932.30694589 ], [ 334016.20929803, 162866.31159441 ], [ 334058.93320475, 162863.23025373 ], [ 334066.20879415, 162849.31290803 ], [ 334066.2091153, 162816.30519366 ], [ 334232.21452929, 162816.31106145 ], [ 334235.29655723, 162859.04384474 ], [ 334249.21348234, 162866.319388 ], [ 334349.22116551, 162866.32275257 ], [ 334366.22175419, 162849.32302748 ], [ 334366.22228794, 162816.31580648 ], [ 334432.22094309, 162816.31815662 ], [ 334432.21938933, 162899.32303002 ], [ 334439.49427229, 162913.24038121 ], [ 334482.21826975, 162916.32433704 ], [ 334482.21760387, 162949.32079738 ], [ 334489.4924924, 162963.23816295 ], [ 334532.21644115, 162966.32208042 ], [ 334532.21500293, 163032.32635408 ], [ 334489.4911456, 163035.40805804 ], [ 334482.21558842, 163049.32520518 ], [ 334482.21257161, 163199.33582607 ], [ 334499.21227597, 163216.33616765 ], [ 334549.21110773, 163216.33703715 ], [ 334566.21140336, 163199.33738955 ], [ 334566.21208757, 163166.33032643 ], [ 334599.21905631, 163166.33099913 ], [ 334616.21940278, 163149.33139667 ], [ 334616.2235864, 162966.32447096 ], [ 334699.22187937, 162966.32682929 ], [ 334716.22236223, 162949.32724964 ], [ 334716.22317808, 162916.33156537 ], [ 334782.23056026, 162916.33363669 ], [ 334782.22731462, 163032.33254794 ], [ 334739.49441082, 163035.41422978 ], [ 334732.21881613, 163049.33128129 ], [ 334732.21745057, 163099.33693203 ], [ 334749.21705463, 163116.33739627 ], [ 334932.22186919, 163116.34155208 ], [ 334932.22081865, 163149.33765363 ], [ 334949.22047585, 163166.33819488 ], [ 335049.22677941, 163166.34057399 ], [ 335066.22724547, 163149.341169 ], [ 335066.22840034, 163116.34501886 ], [ 335182.23847274, 163116.34916426 ], [ 335182.23794601, 163132.34521694 ], [ 335099.22819785, 163132.34235709 ], [ 335082.22762565, 163149.34179654 ], [ 335082.22653735, 163182.34781115 ], [ 335049.22620041, 163182.34663678 ], [ 335032.22559545, 163199.34604177 ], [ 335032.22219578, 163299.33740164 ], [ 335049.22162735, 163316.33796262 ], [ 335082.22198499, 163316.33906603 ], [ 335082.21974268, 163382.34035342 ], [ 335038.98828012, 163385.78936069 ], [ 335032.21879599, 163399.33859403 ], [ 335032.21704602, 163449.34475736 ], [ 335039.4918144, 163463.26229049 ], [ 335082.21687275, 163466.34644826 ], [ 335082.21634529, 163482.34257523 ], [ 335039.49104988, 163485.42385934 ], [ 335032.21539623, 163499.34105681 ], [ 335032.21469937, 163532.3481085 ], [ 334989.49051933, 163535.43026803 ], [ 334982.21519135, 163549.34773706 ], [ 334982.21546415, 163582.34550081 ], [ 334939.4844053, 163585.42808086 ], [ 334932.20916847, 163599.34548287 ], [ 334932.21077694, 163799.36030813 ], [ 334949.21069361, 163816.36017155 ], [ 335032.21648893, 163816.36081261 ], [ 335035.29942987, 163859.08466647 ], [ 335049.21628302, 163866.35998757 ], [ 335099.21634446, 163866.36137743 ], [ 335116.21681701, 163849.36124771 ], [ 335116.21656519, 163816.36301751 ], [ 335182.22588209, 163816.36488897 ], [ 335182.22603827, 163849.36423541 ], [ 335199.22556652, 163866.36415493 ], [ 335282.22642232, 163866.36639169 ], [ 335282.2265493, 163899.37462182 ], [ 335299.22612193, 163916.37455642 ], [ 335399.23415976, 163916.37716971 ], [ 335416.23462083, 163899.37715358 ], [ 335416.2345895, 163866.37007108 ], [ 335682.2441443, 163866.37732569 ], [ 335682.24383413, 163949.38312332 ], [ 335699.24341873, 163966.38318675 ], [ 335732.24377202, 163966.38399314 ], [ 335732.24342659, 164049.38967466 ], [ 335749.24306514, 164066.38974532 ], [ 335782.24331177, 164066.39044697 ], [ 335782.24316018, 164099.38887077 ], [ 335789.5181994, 164113.30607692 ], [ 335832.25091506, 164116.389631 ], [ 335832.25014769, 164249.40293653 ], [ 335849.24982615, 164266.40302164 ], [ 335932.2494576, 164266.40452497 ], [ 335932.24919715, 164299.40263462 ], [ 335939.01803068, 164312.95210608 ], [ 335982.24877029, 164316.40330681 ], [ 335985.33104053, 164359.13599955 ], [ 335999.24816234, 164366.41141249 ], [ 336049.25588817, 164366.41219799 ], [ 336066.2561552, 164349.41234721 ], [ 336066.25644493, 164316.40467507 ], [ 336082.25608487, 164316.40493543 ], [ 336082.25578032, 164349.41282579 ], [ 336099.25551379, 164366.41298264 ], [ 336182.25582288, 164366.41428338 ], [ 336182.25502994, 164432.4085691 ], [ 336139.52970519, 164435.49080347 ], [ 336132.25434485, 164449.40811364 ], [ 336132.2542231, 164499.41611134 ], [ 336149.25401714, 164516.41615272 ], [ 336182.25477361, 164516.41655253 ], [ 336182.25460817, 164599.42156479 ], [ 336199.25394012, 164616.42161211 ], [ 336232.26252866, 164616.42290925 ], [ 336232.2623876, 164682.42773756 ], [ 336149.25418359, 164682.42614863 ], [ 336135.70461036, 164689.19510655 ], [ 336132.25402828, 164732.42401347 ], [ 336099.254885, 164732.42375056 ], [ 336082.25474956, 164749.42375044 ], [ 336082.25475002, 164899.42681994 ], [ 336099.25463661, 164916.42681972 ], [ 336232.26189283, 164916.42830425 ], [ 336235.34438289, 164959.16117504 ], [ 336249.26124712, 164966.43661395 ], [ 336399.26068613, 164966.44140682 ], [ 336416.26122897, 164949.44147383 ], [ 336416.26155634, 164866.436773 ], [ 336482.2693269, 164866.43904832 ], [ 336482.26917799, 164899.4370798 ], [ 336499.26862285, 164916.43715652 ], [ 336599.26827346, 164916.44042107 ], [ 336616.26882826, 164899.44054138 ], [ 336616.26943629, 164799.43688663 ], [ 336599.27005179, 164782.43680021 ], [ 336566.26966493, 164782.4356054 ], [ 336562.81947766, 164739.20684365 ], [ 336549.27045284, 164732.43759176 ], [ 336516.27003314, 164732.43637035 ], [ 336513.1876289, 164689.71369818 ], [ 336499.27085965, 164682.43820474 ], [ 336416.26228572, 164682.43489903 ], [ 336416.26234941, 164666.4283323 ], [ 336449.26168903, 164666.42973885 ], [ 336463.17949436, 164659.15476474 ], [ 336466.26255449, 164616.43286871 ], [ 336508.99500899, 164613.35177284 ], [ 336516.2706375, 164599.43434622 ], [ 336516.2711161, 164516.43113268 ], [ 336549.27046785, 164516.43261561 ], [ 336563.18828842, 164509.15767602 ], [ 336566.27145806, 164466.42603426 ], [ 336599.27081542, 164466.42760843 ], [ 336613.18860181, 164459.15278547 ], [ 336616.27224613, 164416.4310186 ], [ 336658.99687552, 164413.35023136 ], [ 336666.27263345, 164399.4329444 ], [ 336666.27329689, 164366.43701918 ], [ 336709.00705525, 164363.35624976 ], [ 336716.28282814, 164349.43899385 ], [ 336716.28463451, 164266.43468806 ], [ 336749.28435545, 164266.43635926 ], [ 336766.28521638, 164249.43675046 ], [ 336766.28706084, 164166.4334672 ], [ 336809.01199127, 164163.35281241 ], [ 336816.28779355, 164149.43555164 ], [ 336816.28967614, 164066.4312909 ], [ 336849.2896841, 164066.43299055 ], [ 336862.83966658, 164059.66446049 ], [ 336866.29134949, 164016.42751233 ], [ 336909.0243834, 164013.34688629 ], [ 336916.30019602, 163999.42963373 ], [ 336916.30100047, 163966.43285605 ], [ 336949.30109288, 163966.43456972 ], [ 336966.30197567, 163949.43499179 ], [ 336966.30920937, 163666.42386982 ], [ 337009.54083845, 163662.97553003 ], [ 337016.31042336, 163649.42609124 ], [ 337016.31132524, 163616.42934702 ], [ 337059.54299702, 163612.98109541 ], [ 337066.31260209, 163599.43164907 ], [ 337066.31351873, 163566.43591199 ], [ 337109.55421643, 163562.98767011 ], [ 337116.32382467, 163549.43822599 ], [ 337116.32522746, 163499.43103602 ], [ 337099.32617392, 163482.43055917 ], [ 337066.31584664, 163482.42872138 ], [ 337066.32078926, 163299.42105809 ], [ 337049.32165802, 163282.42058979 ], [ 336966.31963468, 163282.41641461 ], [ 336963.23817229, 163239.69436002 ], [ 336949.32137842, 163232.41862094 ], [ 336916.32022659, 163232.4170226 ], [ 336916.32115251, 163199.42084831 ], [ 336909.04647095, 163185.50349302 ], [ 336866.31283545, 163182.41879431 ], [ 336866.31469853, 163116.41514421 ], [ 336899.32320166, 163116.41661292 ], [ 336916.32395806, 163099.41708976 ], [ 336916.32536064, 163049.41125939 ], [ 336899.32610617, 163032.41078258 ], [ 336766.31563404, 163032.4049509 ], [ 336766.31751918, 162966.40155812 ], [ 336849.31872176, 162966.40499043 ], [ 336866.31941133, 162949.40547007 ], [ 336866.32034224, 162916.40986874 ], [ 336909.56008448, 162912.96101364 ], [ 336916.32956707, 162899.41166359 ], [ 336916.33049219, 162866.41498792 ], [ 337032.33251121, 162866.41948421 ], [ 337032.33022706, 162949.4127431 ], [ 337039.09874107, 162962.96230725 ], [ 337082.33951667, 162966.41461838 ], [ 337082.33734605, 163049.41913106 ], [ 337099.33659916, 163066.41956213 ], [ 337132.33758962, 163066.421012 ], [ 337132.3208482, 163682.44009908 ], [ 337089.59543818, 163685.52066106 ], [ 337082.31959411, 163699.43787104 ], [ 337082.31866424, 163732.43361973 ], [ 337049.30936992, 163732.43181149 ], [ 337032.30843867, 163749.43137404 ], [ 337032.30438031, 163899.44207779 ], [ 337049.30349419, 163916.44254881 ], [ 337149.31355549, 163916.44776172 ], [ 337163.23133031, 163909.17306319 ], [ 337166.3154509, 163866.44246053 ], [ 337199.31568254, 163866.44418761 ], [ 337216.31657223, 163849.44468115 ], [ 337216.31904815, 163766.44075965 ], [ 337259.04434332, 163763.3602791 ], [ 337266.32022031, 163749.44310232 ], [ 337266.32125934, 163716.44733348 ], [ 337309.56093621, 163712.99908149 ], [ 337316.33056061, 163699.449691 ], [ 337316.33161464, 163666.44292939 ], [ 337359.05694825, 163663.36247638 ], [ 337366.33284446, 163649.4453353 ], [ 337366.33563256, 163566.45224564 ], [ 337409.05945167, 163563.37119471 ], [ 337416.33519286, 163549.45407197 ], [ 337416.33615375, 163516.44709339 ], [ 337459.05986196, 163513.36599578 ], [ 337466.33555484, 163499.44876494 ], [ 337466.33623957, 163466.45167605 ], [ 337499.33468085, 163466.45299563 ], [ 337512.88454016, 163459.68436979 ], [ 337516.33601935, 163416.44626113 ], [ 337559.06831518, 163413.36515205 ], [ 337566.34398912, 163399.44787358 ], [ 337566.34455546, 163366.45184932 ], [ 337599.34275921, 163366.45317055 ], [ 337616.34343987, 163349.45348282 ], [ 337616.34489799, 163266.44902847 ], [ 337659.57417752, 163263.0001262 ], [ 337666.34359196, 163249.45061592 ], [ 337666.34410533, 163216.45462307 ], [ 337709.06698607, 163213.3735086 ], [ 337716.34264797, 163199.45619781 ], [ 337716.34313525, 163166.4491541 ], [ 337759.07396242, 163163.36810803 ], [ 337766.34962653, 163149.4507484 ], [ 337766.35002153, 163116.45375416 ], [ 337799.34771064, 163116.45514554 ], [ 337812.89765039, 163109.68646167 ], [ 337816.34879634, 163066.4493565 ], [ 337859.57775959, 163063.00050571 ], [ 337866.3471509, 163049.45089124 ], [ 337866.34784613, 162966.44655717 ], [ 337899.34525814, 162966.44795106 ], [ 337913.26303887, 162959.17300307 ], [ 337916.34622609, 162916.45223222 ], [ 337949.35252039, 162916.45356117 ], [ 337966.35320488, 162899.45364241 ], [ 337966.35401877, 162749.45243586 ], [ 337949.35473862, 162732.45235527 ], [ 337899.34810488, 162732.45023781 ], [ 337885.43032248, 162739.72518573 ], [ 337882.347137, 162782.4460215 ], [ 337866.34937855, 162782.44534443 ], [ 337866.34965217, 162749.44836139 ], [ 337859.07480078, 162735.53122308 ], [ 337816.35220804, 162732.44688891 ], [ 337813.27005955, 162689.71434901 ], [ 337799.35325917, 162682.43879698 ], [ 337766.35518115, 162682.43746452 ], [ 337766.35616018, 162599.43216411 ], [ 337749.35684753, 162582.43196374 ], [ 337616.35561699, 162582.42648567 ], [ 337613.27256838, 162539.7049913 ], [ 337599.35589917, 162532.42963842 ], [ 337466.35337105, 162532.42442649 ], [ 337466.35218361, 162499.42641612 ], [ 337449.35281488, 162482.42702787 ], [ 337299.3579128, 162482.42163042 ], [ 337285.44002949, 162489.69698305 ], [ 337282.35846976, 162532.4176103 ], [ 337239.62600291, 162535.49915273 ], [ 337232.35054652, 162549.41673607 ], [ 337232.34897427, 162682.41634968 ], [ 337189.11727066, 162685.86539156 ], [ 337182.34784057, 162699.41475381 ], [ 337182.34659089, 162749.42198159 ], [ 337189.11517099, 162762.97155245 ], [ 337232.34678931, 162766.42359857 ], [ 337235.42841543, 162809.14492145 ], [ 337249.345345, 162816.42057155 ], [ 337282.35421737, 162816.42178552 ], [ 337282.3538049, 162832.42913089 ], [ 337166.3438005, 162832.42465964 ], [ 337166.34597064, 162749.42106276 ], [ 337149.34658426, 162732.4206009 ], [ 336966.33486474, 162732.41399901 ], [ 336966.33578403, 162699.40689183 ], [ 336959.06097871, 162685.48945409 ], [ 336916.33564972, 162682.40531631 ], [ 336916.33797543, 162599.40145104 ], [ 336899.33852109, 162582.40097476 ], [ 336816.32865455, 162582.39831077 ], [ 336816.32738459, 162499.40644582 ], [ 336809.05228129, 162485.48961505 ], [ 336766.32660882, 162482.4058383 ], [ 336766.32532122, 162416.4051099 ], [ 336949.3339195, 162416.41017839 ], [ 336966.33439064, 162399.40976454 ], [ 336966.33195519, 162299.40762545 ], [ 336959.05679333, 162285.49082477 ], [ 336916.33134648, 162282.40722848 ], [ 336916.32978321, 162216.40622444 ], [ 337099.33823022, 162216.41041909 ], [ 337116.33862944, 162199.4099342 ], [ 337116.33720339, 162149.41372736 ], [ 337099.33755898, 162132.41421226 ], [ 337066.3277267, 162132.4135218 ], [ 337066.32588892, 162066.41214354 ], [ 337199.33368047, 162066.41477691 ], [ 337216.33401724, 162049.41423331 ], [ 337216.33136249, 161966.41336275 ], [ 337232.33113969, 161966.41366177 ], [ 337235.41507884, 162009.13431972 ], [ 337249.33192508, 162016.4093741 ], [ 337332.33979009, 162016.41089521 ], [ 337335.42383702, 162059.14272391 ], [ 337349.34057155, 162066.4177863 ], [ 337549.33959647, 162066.42262913 ], [ 337566.34000853, 162049.42202082 ], [ 337566.33821914, 161999.41521453 ], [ 337559.06296922, 161985.49854615 ], [ 337516.33114878, 161982.41511419 ], [ 337516.32996511, 161949.41837075 ], [ 337499.33031676, 161932.41898058 ], [ 337416.33422201, 161932.41719843 ], [ 337416.33184313, 161866.41395205 ], [ 337449.32847927, 161866.4145832 ], [ 337466.32880443, 161849.41397202 ], [ 337466.32582051, 161766.41248163 ], [ 337649.32420702, 161766.41524276 ], [ 337666.32443922, 161749.41467162 ], [ 337666.31815845, 161599.4128808 ], [ 337659.04271779, 161585.4964297 ], [ 337616.31945725, 161582.4134392 ], [ 337616.31757334, 161549.40384533 ], [ 337599.31777712, 161532.40481554 ], [ 337549.32001216, 161532.40421627 ], [ 337532.31980843, 161549.40523173 ], [ 337532.32178004, 161582.41241908 ], [ 337449.31863562, 161582.41141136 ], [ 337432.31842926, 161599.41248369 ], [ 337432.3205106, 161632.40859516 ], [ 337399.32419063, 161632.40818941 ], [ 337385.40654191, 161639.68367774 ], [ 337382.32519825, 161682.41462294 ], [ 337299.32979484, 161682.41358948 ], [ 337282.32958709, 161699.41419276 ], [ 337282.33075801, 161732.40980448 ], [ 337216.32386547, 161732.40898422 ], [ 337213.23992971, 161689.68743382 ], [ 337199.32300816, 161682.41240341 ], [ 337149.32361937, 161682.41181138 ], [ 337135.40600915, 161689.6872554 ], [ 337132.32445346, 161732.40790797 ], [ 337089.60077239, 161735.49018857 ], [ 337082.32556383, 161749.40792012 ], [ 337082.32794189, 161832.40869311 ], [ 337016.31988145, 161832.40766942 ], [ 337013.23614598, 161789.68643933 ], [ 336999.31923641, 161782.411351 ], [ 336899.32019158, 161782.40995942 ], [ 336885.40261198, 161789.68533332 ], [ 336882.32075845, 161832.40569476 ], [ 336839.5888326, 161835.48790502 ], [ 336832.31357429, 161849.4055433 ], [ 336832.31427087, 161882.40088128 ], [ 336799.31527857, 161882.40035273 ], [ 336782.31500629, 161899.40069935 ], [ 336782.31676414, 161982.40074093 ], [ 336766.3170172, 161982.40046673 ], [ 336766.31636811, 161949.40502989 ], [ 336749.3166836, 161932.40536432 ], [ 336666.30764416, 161932.40389038 ], [ 336666.30541003, 161799.40616452 ], [ 336649.30562814, 161782.40644191 ], [ 336349.30064056, 161782.40240287 ], [ 336332.30042358, 161799.40254057 ], [ 336332.30069084, 161832.39752887 ], [ 336316.30122291, 161832.3972838 ], [ 336316.30073415, 161766.39761382 ], [ 336349.29981061, 161766.39801585 ], [ 336366.30001773, 161749.39787757 ], [ 336366.29815678, 161666.397128 ], [ 336399.29666117, 161666.39742703 ], [ 336416.29681511, 161649.39544379 ], [ 336416.29098257, 161599.39998748 ], [ 336399.29111995, 161582.40197073 ], [ 336366.28936447, 161582.40170424 ], [ 336363.20198636, 161539.66941346 ], [ 336349.2855229, 161532.39515878 ], [ 336266.28387883, 161532.39463928 ], [ 336263.19630375, 161489.67244041 ], [ 336249.27982863, 161482.39824298 ], [ 336166.26860727, 161482.39785734 ], [ 336163.1808947, 161439.67684527 ], [ 336149.26455009, 161432.40264177 ], [ 336066.2611318, 161432.40164775 ], [ 336062.80551499, 161389.16358289 ], [ 336049.25698363, 161382.3955624 ], [ 336016.24609252, 161382.39518055 ], [ 336016.24174003, 161349.39677893 ], [ 335999.241896, 161332.39902123 ], [ 335916.238358, 161332.39819471 ], [ 335913.15051207, 161289.66735017 ], [ 335899.23417069, 161282.39318119 ], [ 335816.22263492, 161282.39235478 ], [ 335812.76687714, 161239.16439726 ], [ 335799.21832442, 161232.39642105 ], [ 335716.21472772, 161232.39572883 ], [ 335716.21032333, 161199.38757255 ], [ 335708.93443187, 161185.47211305 ], [ 335666.20634373, 161182.38957915 ], [ 335663.11843633, 161139.66895775 ], [ 335649.20206008, 161132.39481722 ], [ 335516.18964998, 161132.3939168 ], [ 335513.10162441, 161089.66232446 ], [ 335499.18523257, 161082.38822053 ], [ 335366.17277367, 161082.38744209 ], [ 335366.16817856, 161049.38947807 ], [ 335349.16825842, 161032.39184539 ], [ 335249.1668605, 161032.39137708 ], [ 335232.16678113, 161049.39375326 ], [ 335232.17139272, 161082.38656191 ], [ 335166.16101072, 161082.38616209 ], [ 335162.70502815, 161039.15872343 ], [ 335149.15646047, 161032.39081062 ], [ 335049.15509345, 161032.39024607 ], [ 335035.60468374, 161039.16035769 ], [ 335032.15969268, 161082.3852836 ], [ 334899.16391306, 161082.37494711 ], [ 334882.16220691, 161099.37718244 ], [ 334882.17535323, 161199.37642867 ], [ 334889.45045054, 161213.29137032 ], [ 334932.17391266, 161216.37748711 ], [ 334935.6293499, 161259.61588212 ], [ 334949.17675628, 161266.38434256 ], [ 334982.18544514, 161266.38756003 ], [ 334982.18773721, 161282.38267574 ], [ 334899.1900364, 161282.37454322 ], [ 334882.18838421, 161299.37677335 ], [ 334882.20572396, 161432.37733146 ], [ 334866.20805306, 161432.3757905 ], [ 334866.17279431, 161149.37290135 ], [ 334849.17449606, 161132.37501661 ], [ 334766.16991876, 161132.36670828 ], [ 334766.16057921, 161049.36265911 ], [ 334749.16229122, 161032.36457262 ], [ 334716.16337456, 161032.36124961 ], [ 334716.15982318, 160999.36237711 ], [ 334708.88486454, 160985.44712835 ], [ 334666.16309075, 160982.3608738 ], [ 334663.07682389, 160939.62973897 ], [ 334649.16148985, 160932.35481157 ], [ 334566.16072934, 160932.34633702 ], [ 334563.07493671, 160889.62424826 ], [ 334549.15956248, 160882.34920662 ], [ 334516.16196758, 160882.34578743 ], [ 334516.15920136, 160849.33731277 ], [ 334499.16096811, 160832.33873752 ], [ 334416.16977433, 160832.33011255 ], [ 334416.16740282, 160799.33260641 ], [ 334399.16917487, 160782.33382829 ], [ 334299.1725859, 160782.32340508 ], [ 334282.17081392, 160799.32442242 ], [ 334282.17577843, 160882.32163696 ], [ 334266.18150789, 160882.3199789 ], [ 334266.17976654, 160849.31185782 ], [ 334249.18153404, 160832.31275476 ], [ 334199.18739841, 160832.30755688 ], [ 334185.26847502, 160839.58264395 ], [ 334182.18720671, 160882.31137075 ], [ 334149.19539881, 160882.30795 ], [ 334132.19363618, 160899.30867519 ], [ 334132.19982373, 161049.30431543 ], [ 334149.19807609, 161066.30362669 ], [ 334232.19128665, 161066.31209223 ], [ 334232.19301745, 161099.31026092 ], [ 334239.46768327, 161113.22624101 ], [ 334282.1896186, 161116.31268511 ], [ 334282.19056899, 161132.31823914 ], [ 334249.19733948, 161132.31493339 ], [ 334235.27842711, 161139.59009669 ], [ 334232.19742758, 161182.30769919 ], [ 334049.20731653, 161182.28941444 ], [ 334032.20561762, 161199.28989334 ], [ 334032.20935629, 161332.29373627 ], [ 333866.21268708, 161332.27742251 ], [ 333866.21225263, 161249.27510297 ], [ 333849.21306329, 161232.27520601 ], [ 333716.20630469, 161232.26959425 ], [ 333713.12357277, 161189.53821946 ], [ 333699.20686725, 161182.26279323 ], [ 333566.20763611, 161182.25726076 ], [ 333566.20694736, 161049.25812146 ], [ 333549.20776665, 161032.25820098 ], [ 333516.20725226, 161032.25661057 ], [ 333516.20714174, 161016.26008977 ], [ 333559.43722245, 161012.81153854 ], [ 333566.20661388, 160999.26170295 ], [ 333566.20622706, 160916.2608577 ], [ 333599.20485237, 160916.26262143 ], [ 333616.20576099, 160899.26251248 ], [ 333616.2040106, 160766.25334479 ], [ 333649.20210876, 160766.25532673 ], [ 333666.20312976, 160749.25405496 ], [ 333666.19574713, 160649.25197183 ], [ 333658.92056449, 160635.33597806 ], [ 333616.19497743, 160632.25146869 ], [ 333612.74184862, 160589.00789822 ], [ 333599.1934379, 160582.23919205 ], [ 333566.192032, 160582.23757243 ], [ 333566.18975509, 160549.23436644 ], [ 333549.19056074, 160532.23553929 ], [ 333466.18201483, 160532.23160714 ], [ 333466.18094036, 160516.22170856 ], [ 333549.18546037, 160516.22533777 ], [ 333566.18620393, 160499.2241641 ], [ 333566.18275184, 160449.22296095 ], [ 333558.90748156, 160435.30684196 ], [ 333516.18243865, 160432.22281152 ], [ 333516.18134813, 160416.21166022 ], [ 333549.17854463, 160416.21292883 ], [ 333566.17919817, 160399.21175431 ], [ 333566.17574365, 160349.21144697 ], [ 333549.17630126, 160332.21262151 ], [ 333516.17562432, 160332.21153914 ], [ 333516.17453358, 160316.21045009 ], [ 333558.89708237, 160313.12858245 ], [ 333566.17218784, 160299.21020275 ], [ 333566.16983982, 160266.20066813 ], [ 333649.16569669, 160266.2029563 ], [ 333666.1661656, 160249.2016803 ], [ 333666.14382794, 159949.17427458 ], [ 333658.86824831, 159935.25804474 ], [ 333616.14448204, 159932.17529854 ], [ 333616.14203077, 159899.16249598 ], [ 333608.8664247, 159885.246232 ], [ 333566.14278302, 159882.16362584 ], [ 333566.13599004, 159666.15508608 ], [ 333582.13398691, 159666.15502913 ], [ 333582.13477472, 159699.16261927 ], [ 333589.41015393, 159713.07957936 ], [ 333632.13316986, 159716.16217334 ], [ 333632.14016718, 159899.16523992 ], [ 333639.41577783, 159913.08149047 ], [ 333682.13949909, 159916.1640961 ], [ 333685.22516661, 159958.90130708 ], [ 333699.14188059, 159966.17593981 ], [ 333749.14806671, 159966.17632902 ], [ 333766.14819897, 159949.1750184 ], [ 333766.14038678, 159849.16206938 ], [ 333758.86472439, 159835.24584889 ], [ 333716.13392653, 159832.16339843 ], [ 333716.12998003, 159666.1545536 ], [ 333732.13597627, 159666.15449698 ], [ 333732.13782093, 159749.15859094 ], [ 333749.13783555, 159766.15822662 ], [ 333799.13581932, 159766.15818362 ], [ 333816.13580469, 159749.15778779 ], [ 333816.13393832, 159666.1548995 ], [ 333849.13067957, 159666.15594594 ], [ 333863.04849009, 159658.88069829 ], [ 333866.13052873, 159616.15934062 ], [ 333932.13446293, 159616.16303354 ], [ 333932.13504306, 159649.16224284 ], [ 333949.13402208, 159666.16194396 ], [ 334082.127638, 159666.16993714 ], [ 334082.1296158, 159799.18579988 ], [ 334099.12838686, 159816.18553403 ], [ 334149.1335951, 159816.18914892 ], [ 334166.13482403, 159799.18892848 ], [ 334166.13439591, 159766.18155341 ], [ 334208.85565941, 159763.10143377 ], [ 334216.13141606, 159749.18359876 ], [ 334216.13101058, 159716.1870408 ], [ 334282.12563303, 159716.19128861 ], [ 334285.20853151, 159758.91523105 ], [ 334299.12483074, 159766.19074671 ], [ 334349.1310686, 159766.19417035 ], [ 334366.13223249, 159749.19402942 ], [ 334366.13195888, 159716.19673588 ], [ 334399.12805779, 159716.1989299 ], [ 334416.12918818, 159699.19880059 ], [ 334416.12880769, 159649.18903126 ], [ 334399.12983558, 159632.18916063 ], [ 334316.12484804, 159632.18407765 ], [ 334316.12302044, 159449.17644122 ], [ 334308.84809903, 159435.25957897 ], [ 334266.12518622, 159432.17516584 ], [ 334266.12480605, 159399.16513983 ], [ 334249.12552296, 159382.16533562 ], [ 334166.12910778, 159382.16190326 ], [ 334166.12861837, 159349.16329163 ], [ 334149.12923103, 159332.16354376 ], [ 334099.12342336, 159332.16174164 ], [ 334085.57340187, 159338.93067265 ], [ 334082.12332205, 159382.15853738 ], [ 334066.12553544, 159382.15789717 ], [ 334066.12419486, 159299.15129021 ], [ 334049.12473734, 159282.15156464 ], [ 333966.12807771, 159282.14891783 ], [ 333963.04469385, 159239.42562304 ], [ 333949.12790789, 159232.15039908 ], [ 333866.12219213, 159232.14809492 ], [ 333866.12144061, 159199.14075936 ], [ 333859.35241999, 159185.59166687 ], [ 333816.1230494, 159182.14067693 ], [ 333816.12158181, 159116.13573248 ], [ 333858.84418329, 159113.05321143 ], [ 333866.11936622, 159099.1355983 ], [ 333866.11719545, 158999.14146044 ], [ 333858.84185114, 158985.22447091 ], [ 333816.11856956, 158982.14178353 ], [ 333816.11698136, 158916.13833697 ], [ 333849.11490022, 158916.1382163 ], [ 333866.11483805, 158899.13770971 ], [ 333866.1122986, 158816.13636907 ], [ 333932.11810831, 158816.13637717 ], [ 333935.20206926, 158858.8572685 ], [ 333949.11912162, 158866.13224886 ], [ 333999.11752598, 158866.13235232 ], [ 334016.11756115, 158849.13181234 ], [ 334016.1149249, 158766.131421 ], [ 334058.83772001, 158763.04857485 ], [ 334066.11279056, 158749.13088677 ], [ 334066.11174298, 158716.13556571 ], [ 334232.11336666, 158716.13560077 ], [ 334235.56513354, 158759.36280344 ], [ 334249.11440994, 158766.13155874 ], [ 334382.11916682, 158766.13157913 ], [ 334382.1196735, 158782.13642698 ], [ 334339.39687741, 158785.21927544 ], [ 334332.12180703, 158799.13696212 ], [ 334332.12497433, 158899.13876133 ], [ 334349.12497432, 158916.13822292 ], [ 334399.12337771, 158916.13822294 ], [ 334416.12337771, 158899.13768474 ], [ 334416.12233281, 158866.1323766 ], [ 334459.35136656, 158862.68171296 ], [ 334466.12019859, 158849.13184016 ], [ 334466.11757189, 158766.13159158 ], [ 334582.1208528, 158766.13160825 ], [ 334585.20472951, 158808.86144866 ], [ 334599.12179445, 158816.13644764 ], [ 334632.12077157, 158816.13651657 ], [ 334632.12181416, 158849.1329238 ], [ 334649.12181354, 158866.13238665 ], [ 334782.12656185, 158866.13239125 ], [ 334782.12759747, 158949.13813922 ], [ 334799.12752055, 158966.13814124 ], [ 334882.12412978, 158966.13851845 ], [ 334882.12404503, 158982.15026943 ], [ 334849.12577386, 158982.14998555 ], [ 334832.12562761, 158999.14990717 ], [ 334832.12483859, 159149.16381141 ], [ 334849.12448693, 159166.16392317 ], [ 334899.12261445, 159166.16495745 ], [ 334916.12296612, 159149.16504655 ], [ 334916.12313913, 159116.15342973 ], [ 335082.12189423, 159116.16156727 ], [ 335085.57180432, 159159.40550223 ], [ 335099.12045566, 159166.17495642 ], [ 335132.11888047, 159166.17720108 ], [ 335135.20101285, 159208.90505467 ], [ 335149.1174242, 159216.18073967 ], [ 335199.12383271, 159216.18417967 ], [ 335216.12500215, 159199.18432996 ], [ 335216.12529381, 159166.1829166 ], [ 335282.12018597, 159166.18740864 ], [ 335282.11981856, 159199.19097245 ], [ 335299.11864812, 159216.19116166 ], [ 335499.11624319, 159216.20513628 ], [ 335516.11744851, 159199.20533558 ], [ 335516.11900808, 159066.18852439 ], [ 335632.11938689, 159066.19609135 ], [ 335632.11898517, 159099.19914643 ], [ 335649.11783843, 159116.19935332 ], [ 335799.11109998, 159116.20937382 ], [ 335812.6613424, 159109.44085826 ], [ 335816.1127296, 159066.20813251 ], [ 335832.1181887, 159066.2092008 ], [ 335835.20016742, 159108.93703639 ], [ 335849.11661961, 159116.21274929 ], [ 335949.11149314, 159116.21940225 ], [ 335966.11260734, 159099.21965823 ], [ 335966.11379122, 159016.21441094 ], [ 335999.1103588, 159016.21652421 ], [ 336013.02838208, 159008.94175886 ], [ 336016.11194971, 158966.20387025 ], [ 336082.11492735, 158966.20804895 ], [ 336082.11467904, 158982.22184184 ], [ 336049.11807093, 158982.21972746 ], [ 336032.11698159, 158999.21946639 ], [ 336032.11621378, 159049.22313263 ], [ 336049.11507757, 159066.22339364 ], [ 336199.1095622, 159066.23313915 ], [ 336212.65977489, 159059.46457425 ], [ 336216.11101155, 159016.23070416 ], [ 336249.11621732, 159016.23294145 ], [ 336266.11736967, 158999.23302854 ], [ 336266.11762581, 158949.21965837 ], [ 336249.11885129, 158932.21957135 ], [ 336166.11301587, 158932.21358557 ], [ 336163.03103994, 158889.48526384 ], [ 336149.11455062, 158882.20956247 ], [ 336116.11590312, 158882.20742214 ], [ 336116.11550366, 158816.19795227 ], [ 336249.1162039, 158816.20698606 ], [ 336266.11742142, 158799.20689412 ], [ 336266.11715079, 158749.19827218 ], [ 336249.11830638, 158732.19836421 ], [ 336216.11123937, 158732.19612053 ], [ 336216.1111168, 158716.19661717 ], [ 336249.11568686, 158716.1987405 ], [ 336266.11678054, 158699.19861475 ], [ 336266.11604102, 158599.18926113 ], [ 336258.84124752, 158585.27242879 ], [ 336216.11009166, 158582.18750377 ], [ 336216.10983954, 158549.18785649 ], [ 336199.11078086, 158532.18798639 ], [ 336099.11393586, 158532.18298891 ], [ 336082.11317799, 158549.18313012 ], [ 336082.11359335, 158599.18132299 ], [ 336099.11277678, 158616.18118176 ], [ 336132.11153597, 158616.18276679 ], [ 336132.11245342, 158732.19060971 ], [ 336066.11706574, 158732.18704516 ], [ 336066.11677384, 158699.18700395 ], [ 336059.34810142, 158685.637937 ], [ 336016.11086237, 158682.18556595 ], [ 336016.10998845, 158599.17677355 ], [ 335999.11072123, 158582.17696596 ], [ 335949.11291777, 158582.17481084 ], [ 335935.19501077, 158589.44991954 ], [ 335932.11257504, 158632.18282061 ], [ 335888.88429183, 158635.63166668 ], [ 335882.11499677, 158649.18155981 ], [ 335882.11561325, 158699.1801504 ], [ 335889.39051007, 158713.09697083 ], [ 335932.1135688, 158716.18152653 ], [ 335932.11435095, 158782.18783286 ], [ 335888.88621565, 158785.6362789 ], [ 335882.11684821, 158799.18626091 ], [ 335882.11732235, 158832.18364114 ], [ 335766.11655488, 158832.1770916 ], [ 335763.03341382, 158789.45337207 ], [ 335749.11696457, 158782.17797136 ], [ 335649.12071528, 158782.17258366 ], [ 335635.20263773, 158789.44769988 ], [ 335632.12043911, 158832.16943799 ], [ 335616.1148473, 158832.16853665 ], [ 335616.11420833, 158799.16961313 ], [ 335599.11513975, 158782.16994233 ], [ 335416.12337134, 158782.16009152 ], [ 335416.11920287, 158599.15142727 ], [ 335399.1198942, 158582.15182347 ], [ 335366.11298693, 158582.15048122 ], [ 335366.11101274, 158499.14653755 ], [ 335349.11161872, 158482.14694179 ], [ 335249.11579333, 158482.14337919 ], [ 335235.19790847, 158489.41863881 ], [ 335232.11600571, 158532.14937476 ], [ 335149.11241277, 158532.14620015 ], [ 335132.11174934, 158549.14663855 ], [ 335132.11260022, 158582.14088631 ], [ 335066.11691887, 158582.13814963 ], [ 335063.03320668, 158539.41759653 ], [ 335049.11659666, 158532.14240289 ], [ 334899.11357916, 158532.13936356 ], [ 334882.11357363, 158549.13989958 ], [ 334882.11461397, 158582.13418048 ], [ 334849.11674792, 158582.13417132 ], [ 334832.1167432, 158599.13467352 ], [ 334832.11926123, 158682.1358168 ], [ 334649.11717809, 158682.13578319 ], [ 334635.56751775, 158688.90504221 ], [ 334632.11821745, 158732.13161524 ], [ 334616.11981215, 158732.13161302 ], [ 334616.11876918, 158699.13523639 ], [ 334599.11877244, 158682.13577374 ], [ 334416.11660759, 158682.13563813 ], [ 334416.11556295, 158649.1392497 ], [ 334399.11556722, 158632.13978791 ], [ 334316.10921114, 158632.13976702 ], [ 334316.10341323, 158449.13661751 ], [ 334299.10345498, 158432.13715612 ], [ 334249.10504575, 158432.13703334 ], [ 334235.55535584, 158438.90628052 ], [ 334232.10604982, 158482.13298043 ], [ 334199.10818696, 158482.13296697 ], [ 334182.10818003, 158499.13350596 ], [ 334182.11081174, 158582.13377501 ], [ 334066.10748877, 158582.13363875 ], [ 334066.10644123, 158549.13822947 ], [ 334049.10644748, 158532.13876919 ], [ 333966.10908481, 158532.13867263 ], [ 333966.10654774, 158449.13628804 ], [ 333949.10655577, 158432.13679416 ], [ 333849.10067069, 158432.13664683 ], [ 333835.55097993, 158438.90589473 ], [ 333832.10167781, 158482.13262511 ], [ 333766.10501283, 158482.13289528 ], [ 333766.10450159, 158466.13693743 ], [ 333799.10232063, 158466.13675198 ], [ 333816.10222508, 158449.13621084 ], [ 333816.10063331, 158399.13122998 ], [ 333799.10054322, 158382.13177112 ], [ 333716.09544194, 158382.13227674 ], [ 333716.09438354, 158349.13584297 ], [ 333708.81892817, 158335.21896903 ], [ 333666.09545683, 158332.13655199 ], [ 333666.09439451, 158299.14006105 ], [ 333649.09431576, 158282.14060836 ], [ 333516.09868344, 158282.14132338 ], [ 333513.01466772, 158239.41116578 ], [ 333499.09753611, 158232.1362263 ], [ 333416.09226643, 158232.13664761 ], [ 333413.00824279, 158189.41538647 ], [ 333399.0911171, 158182.14044725 ], [ 333316.0927907, 158182.14077445 ], [ 333312.64087735, 158138.90331047 ], [ 333299.09157294, 158132.13460276 ], [ 333266.08466521, 158132.13472182 ], [ 333266.08071938, 158016.13681097 ], [ 333308.81151767, 158013.05393182 ], [ 333316.08657946, 157999.13624416 ], [ 333316.08391804, 157916.13592957 ], [ 333358.80674941, 157913.05297562 ], [ 333366.08179493, 157899.13529971 ], [ 333366.07858924, 157799.13349761 ], [ 333349.07854752, 157782.13404255 ], [ 333316.07962466, 157782.13412352 ], [ 333316.07696531, 157699.13281289 ], [ 333299.07695965, 157682.13335755 ], [ 333216.0714847, 157682.1333851 ], [ 333212.61970392, 157638.90618156 ], [ 333199.07042397, 157632.13743109 ], [ 333099.07355523, 157632.13755783 ], [ 333085.15612771, 157639.41308296 ], [ 333082.0746488, 157682.13342886 ], [ 332999.07031645, 157682.13355551 ], [ 332985.52068605, 157688.9028312 ], [ 332982.07141005, 157732.13943346 ], [ 332749.07075138, 157732.13961993 ], [ 332732.07075761, 157749.14016153 ], [ 332732.07648745, 157932.14257647 ], [ 332549.07491085, 157932.14503228 ], [ 332532.07534382, 157949.14553787 ], [ 332532.07988967, 158082.14409157 ], [ 332489.35680073, 158085.22807407 ], [ 332482.08199897, 158099.14564907 ], [ 332482.08380371, 158149.14145406 ], [ 332499.08429565, 158166.14084038 ], [ 332599.08133244, 158166.13784616 ], [ 332612.99840801, 158158.86212805 ], [ 332616.07960262, 158116.14176335 ], [ 332682.0844877, 158116.14085994 ], [ 332682.08940908, 158249.14041796 ], [ 332689.36488136, 158263.0572285 ], [ 332732.08842279, 158266.13966057 ], [ 332735.17258849, 158308.87029973 ], [ 332749.08969985, 158316.14520551 ], [ 332782.08862928, 158316.14505793 ], [ 332782.09536798, 158499.14100042 ], [ 332799.09549989, 158516.1403836 ], [ 332832.09424686, 158516.14012751 ], [ 332832.09669979, 158582.14230991 ], [ 332766.1000916, 158582.14286397 ], [ 332766.09882412, 158549.14673566 ], [ 332749.09868709, 158532.14738868 ], [ 332649.10207024, 158532.1481943 ], [ 332632.10220712, 158549.14881748 ], [ 332632.10531577, 158632.15120369 ], [ 332589.37396025, 158635.23547658 ], [ 332582.09923267, 158649.15303949 ], [ 332582.10115388, 158699.14981599 ], [ 332599.10180569, 158716.14916272 ], [ 332632.10842935, 158716.14789717 ], [ 332632.1090159, 158732.14462316 ], [ 332549.1035461, 158732.14778835 ], [ 332532.10420867, 158749.14840411 ], [ 332532.11083054, 158932.1536484 ], [ 332499.11190556, 158932.15497888 ], [ 332482.11259098, 158949.15545783 ], [ 332482.11774664, 159132.16191827 ], [ 332438.88790402, 159135.61427509 ], [ 332432.11940193, 159149.1638392 ], [ 332432.12172998, 159232.16675545 ], [ 332366.11499806, 159232.16969079 ], [ 332366.11414608, 159199.16415274 ], [ 332349.11339651, 159182.16459159 ], [ 332299.11446765, 159182.16679618 ], [ 332282.11521724, 159199.16726701 ], [ 332282.11937175, 159349.1770883 ], [ 332299.12013987, 159366.17661754 ], [ 332349.1189861, 159366.17435843 ], [ 332363.03582237, 159358.89863759 ], [ 332366.11730014, 159316.16664017 ], [ 332432.12408553, 159316.16361483 ], [ 332432.12593617, 159382.16633323 ], [ 332216.11448571, 159382.17647155 ], [ 332216.11357966, 159349.18076754 ], [ 332208.83778934, 159335.26358267 ], [ 332166.11420303, 159332.18279029 ], [ 332166.11379735, 159316.17576762 ], [ 332199.1130019, 159316.17422366 ], [ 332213.02981496, 159308.8984971 ], [ 332216.11130022, 159266.17645827 ], [ 332249.11852308, 159266.17499171 ], [ 332266.11776774, 159249.17452285 ], [ 332266.11638852, 159199.16853136 ], [ 332249.11563936, 159182.16900025 ], [ 332216.10909289, 159182.17045478 ], [ 332213.02512562, 159139.44896532 ], [ 332199.1074436, 159132.17419488 ], [ 332166.10889879, 159132.17563684 ], [ 332166.1079959, 159099.16878781 ], [ 332149.1072594, 159082.16925285 ], [ 332016.10208702, 159082.17494771 ], [ 332013.0181481, 159039.45435833 ], [ 331999.10049993, 159032.17956906 ], [ 331949.1016895, 159032.18161541 ], [ 331932.10238528, 159049.18203864 ], [ 331932.10320681, 159082.17855007 ], [ 331849.10529647, 159082.18204173 ], [ 331832.10599806, 159099.18246094 ], [ 331832.10723125, 159149.18979682 ], [ 331849.10797301, 159166.18937759 ], [ 331982.10425596, 159166.18357328 ], [ 331982.1089974, 159349.19098632 ], [ 331989.38477414, 159363.10820349 ], [ 332032.11736972, 159366.18900622 ], [ 332032.11777141, 159382.18514398 ], [ 331749.1069875, 159382.19840763 ], [ 331732.1077938, 159399.19882261 ], [ 331732.11236094, 159582.20764212 ], [ 331699.11297164, 159582.20925486 ], [ 331682.11380246, 159599.20966772 ], [ 331682.1183464, 159782.21872861 ], [ 331649.1188734, 159782.22045497 ], [ 331635.5699279, 159788.98994655 ], [ 331632.12056001, 159832.21886577 ], [ 331616.12155998, 159832.21970839 ], [ 331613.03769341, 159789.4979235 ], [ 331599.11987767, 159782.22317013 ], [ 331499.11287284, 159782.22837866 ], [ 331482.11375471, 159799.22878145 ], [ 331482.11597273, 159899.22271451 ], [ 331488.88551024, 159912.77223061 ], [ 331532.11535784, 159916.22064918 ], [ 331532.11702433, 159999.22492117 ], [ 331549.11790409, 160016.22457989 ], [ 331632.12461346, 160016.2202844 ], [ 331632.12497836, 160032.21672609 ], [ 331549.11715505, 160032.22098585 ], [ 331532.1180275, 160049.22132674 ], [ 331532.12003251, 160149.22613695 ], [ 331549.1208563, 160166.22579616 ], [ 331599.12906272, 160166.22337284 ], [ 331613.04581196, 160158.94769737 ], [ 331616.12756516, 160116.22501547 ], [ 331632.12679368, 160116.22423339 ], [ 331632.12858485, 160199.22775102 ], [ 331639.4043465, 160213.14502916 ], [ 331682.12820427, 160216.22581345 ], [ 331682.13299935, 160432.2323792 ], [ 331649.13322738, 160432.23382644 ], [ 331632.13397293, 160449.23417873 ], [ 331632.13682801, 160582.23604663 ], [ 331549.12834125, 160582.23941491 ], [ 331532.12903112, 160599.239754 ], [ 331532.13002861, 160649.24715336 ], [ 331549.13071115, 160666.24681425 ], [ 331582.13896684, 160666.24548899 ], [ 331582.14075215, 160749.23902546 ], [ 331599.14138591, 160766.23864629 ], [ 331649.14101645, 160766.23678229 ], [ 331663.05791479, 160758.96116486 ], [ 331666.13970044, 160716.23860018 ], [ 331682.1393192, 160716.23799698 ], [ 331682.14077285, 160782.2430081 ], [ 331639.41625491, 160785.32723488 ], [ 331632.14141604, 160799.24449862 ], [ 331632.14303685, 160899.24884017 ], [ 331639.4186721, 160913.16610797 ], [ 331682.14305227, 160916.24737407 ], [ 331682.14519963, 161049.24904941 ], [ 331689.42082503, 161063.16631137 ], [ 331732.14510374, 161066.2476212 ], [ 331732.14643867, 161149.25271104 ], [ 331749.14698627, 161166.25243762 ], [ 331782.14643483, 161166.25137463 ], [ 331782.14669107, 161182.2481414 ], [ 331699.14708094, 161182.25078477 ], [ 331682.14762241, 161199.2510594 ], [ 331682.14843029, 161249.25869518 ], [ 331699.14896547, 161266.25842054 ], [ 331732.14842098, 161266.25738165 ], [ 331732.1486784, 161282.25512899 ], [ 331689.4241152, 161285.33914108 ], [ 331682.14923819, 161299.2564644 ], [ 331682.15067962, 161382.26090718 ], [ 331645.08050014, 161382.26196747 ], [ 331643.15410912, 161399.93983503 ], [ 331650.8720374, 161466.26951098 ], [ 331682.15203756, 161466.26863477 ], [ 331682.15391324, 161582.27058034 ], [ 331650.65183631, 161584.24102185 ], [ 331650.40198138, 161626.47091086 ], [ 331632.69289454, 161703.91964821 ], [ 331611.80269386, 161743.92264742 ], [ 331617.94774158, 161750.91409511 ], [ 331548.54427743, 161819.14529422 ], [ 331478.09440579, 161867.77675333 ], [ 331416.21620062, 161883.91663599 ], [ 331352.98531267, 161885.03601788 ], [ 331334.5660289, 161861.58924236 ], [ 331322.39808261, 161869.78574519 ], [ 331287.11799923, 161840.65934296 ], [ 331282.14244843, 161882.28810378 ], [ 331249.14229807, 161882.28902802 ], [ 331258.6552354, 161933.63252518 ], [ 331253.307356, 161999.51560388 ], [ 331238.35640622, 162038.30935195 ], [ 331217.05228359, 162053.20143635 ], [ 331200.39614039, 162051.46650379 ], [ 331184.64520051, 162037.08711517 ], [ 331149.4093787, 162039.65827361 ], [ 331128.1753554, 162061.33354987 ], [ 331063.9560797, 162080.28091095 ], [ 331005.96006978, 162076.15951166 ], [ 330934.86307522, 162117.96295885 ], [ 330882.12894949, 162134.86458731 ], [ 330882.12906385, 162154.05822951 ], [ 330892.88623324, 162186.89069265 ], [ 330874.32094932, 162189.48948836 ], [ 330839.8747024, 162217.75068258 ], [ 330831.72617918, 162237.02379862 ], [ 330833.13639468, 162266.44677426 ], [ 330822.44685208, 162275.50599546 ], [ 330819.54118146, 162318.36370743 ], [ 330819.54118146, 162318.36370743 ] ] ], [ [ [ 347559.06941483, 163035.41062975 ], [ 347516.33707926, 163032.32824606 ], [ 347516.33694651, 163016.33048826 ], [ 347559.06923824, 163013.24740067 ], [ 347566.34435358, 162999.33004474 ], [ 347566.34383791, 162949.32238713 ], [ 347549.34369994, 162932.32256243 ], [ 347416.3372553, 162932.32364182 ], [ 347416.33581672, 162766.32470679 ], [ 347459.56628944, 162762.87382537 ], [ 347466.33518654, 162749.32429958 ], [ 347466.33435825, 162649.31888278 ], [ 347459.05900472, 162635.40167645 ], [ 347416.33467478, 162632.31928934 ], [ 347413.25159031, 162589.58689367 ], [ 347399.33426519, 162582.3117673 ], [ 347266.33583548, 162582.31283667 ], [ 347266.33570392, 162566.31607659 ], [ 347299.33514207, 162566.31581164 ], [ 347316.33500558, 162549.31567158 ], [ 347316.33419743, 162449.31026605 ], [ 347299.33406127, 162432.31040076 ], [ 347216.32608917, 162432.31106554 ], [ 347216.32566304, 162366.30669077 ], [ 347259.05887235, 162363.22362807 ], [ 347266.33401547, 162349.30633588 ], [ 347266.33383692, 162316.30865624 ], [ 347349.33277429, 162316.30799668 ], [ 347366.33263919, 162299.3079062 ], [ 347366.33237303, 162249.30127167 ], [ 347349.3322383, 162232.30136214 ], [ 347316.33273256, 162232.3016237 ], [ 347312.88195838, 162189.07294387 ], [ 347299.33242118, 162182.30402302 ], [ 347249.33286969, 162182.30441818 ], [ 347232.33300404, 162199.30454413 ], [ 347232.3332485, 162232.30228933 ], [ 347216.32473225, 162232.30241616 ], [ 347216.32455235, 162199.30472063 ], [ 347209.04921538, 162185.38747782 ], [ 347166.32487334, 162182.30507401 ], [ 347166.32397691, 162049.30306527 ], [ 347159.0486295, 162035.38584976 ], [ 347116.32429067, 162032.30345117 ], [ 347116.32404205, 161999.29571666 ], [ 347099.32390926, 161982.2958447 ], [ 346999.31688824, 161982.29662591 ], [ 346982.31702103, 161999.29675543 ], [ 346982.31765353, 162082.30214284 ], [ 346949.3180934, 162082.30240196 ], [ 346932.31822688, 162099.30253227 ], [ 346932.32033129, 162382.31669524 ], [ 346916.32085331, 162382.31682288 ], [ 346916.32021291, 162299.31143918 ], [ 346899.32007805, 162282.31157034 ], [ 346866.30363317, 162282.31183225 ], [ 346866.3029894, 162199.30744514 ], [ 346849.30285526, 162182.30757698 ], [ 346699.31229914, 162182.30876026 ], [ 346682.31243322, 162199.30889432 ], [ 346682.31282749, 162249.30654247 ], [ 346689.08194218, 162262.85595771 ], [ 346732.31251082, 162266.30614744 ], [ 346732.31263635, 162282.31289508 ], [ 346699.31308706, 162282.31315676 ], [ 346682.31322187, 162299.31329086 ], [ 346682.31387668, 162382.31868892 ], [ 346639.58169662, 162385.40176141 ], [ 346632.30656714, 162399.31908689 ], [ 346632.3076291, 162532.32116483 ], [ 346599.30808663, 162532.32143472 ], [ 346582.30822566, 162549.32157143 ], [ 346582.30902989, 162649.32610506 ], [ 346589.0781477, 162662.87552001 ], [ 346632.30870769, 162666.32569802 ], [ 346632.30964141, 162782.32789791 ], [ 346599.3100968, 162782.32816884 ], [ 346582.31023637, 162799.32838072 ], [ 346582.31104083, 162899.3337394 ], [ 346599.31118058, 162916.33360264 ], [ 346732.3177139, 162916.33252041 ], [ 346732.31919248, 163099.34138302 ], [ 346749.31933067, 163116.34124567 ], [ 346832.31032921, 163116.34057098 ], [ 346835.39340781, 163159.06307023 ], [ 346849.31073518, 163166.33819741 ], [ 346882.32728538, 163166.33792865 ], [ 346882.32741541, 163182.34569317 ], [ 346839.07989974, 163185.79657701 ], [ 346832.31100229, 163199.34610013 ], [ 346832.31126988, 163232.3427657 ], [ 346799.31981744, 163232.34303496 ], [ 346782.31995619, 163249.34317258 ], [ 346782.32036093, 163299.34093782 ], [ 346799.32049984, 163316.34080021 ], [ 346832.31195108, 163316.34053061 ], [ 346832.31221874, 163349.34829449 ], [ 346849.31235781, 163366.34815664 ], [ 346949.3283984, 163366.34723828 ], [ 346966.32822528, 163349.34709992 ], [ 346966.32795666, 163316.33943539 ], [ 346999.32750969, 163316.33916563 ], [ 347013.24471806, 163309.06381182 ], [ 347016.32710167, 163266.3412636 ], [ 347032.31855348, 163266.34113301 ], [ 347032.31964, 163399.34332129 ], [ 347049.31977934, 163416.34318237 ], [ 347149.33488726, 163416.3423625 ], [ 347166.33474788, 163399.34218912 ], [ 347166.33355758, 163266.3400385 ], [ 347199.33310879, 163266.33976892 ], [ 347213.25031757, 163259.06441465 ], [ 347216.33269895, 163216.34286908 ], [ 347349.34015112, 163216.34178355 ], [ 347363.25736024, 163209.06642895 ], [ 347366.33973988, 163166.33388517 ], [ 347499.33828888, 163166.33280056 ], [ 347512.887715, 163159.56366528 ], [ 347516.33781038, 163116.33490404 ], [ 347549.3453234, 163116.33463514 ], [ 347566.34518491, 163099.33449382 ], [ 347566.34476922, 163049.32783618 ], [ 347559.06941483, 163035.41062975 ], [ 347559.06941483, 163035.41062975 ] ] ], [ [ [ 349439.17048629, 162935.75738048 ], [ 349432.40155168, 162949.30682395 ], [ 349432.40163972, 162999.31442174 ], [ 349449.40177554, 163016.31439181 ], [ 349532.40097185, 163016.3137286 ], [ 349532.40113519, 163082.31791229 ], [ 349449.40187802, 163082.31858748 ], [ 349432.4020163, 163099.31865158 ], [ 349432.40258243, 163249.3204458 ], [ 349449.40272438, 163266.32038157 ], [ 349482.40217747, 163266.32010601 ], [ 349485.48501277, 163309.04238852 ], [ 349499.40240866, 163316.31755861 ], [ 349532.40185064, 163316.31721459 ], [ 349532.40213241, 163382.32149959 ], [ 349489.17166154, 163385.7723984 ], [ 349482.40276805, 163399.32192167 ], [ 349482.40318276, 163449.32957606 ], [ 349499.40332759, 163466.32943508 ], [ 349532.4028067, 163466.32915394 ], [ 349532.40355972, 163549.33455836 ], [ 349549.40370462, 163566.33441766 ], [ 349649.41169952, 163566.33356528 ], [ 349666.41155463, 163549.33339119 ], [ 349666.41063049, 163449.3280169 ], [ 349649.41048565, 163432.328157 ], [ 349616.3940407, 163432.3284383 ], [ 349616.39390852, 163416.32068405 ], [ 349699.40991335, 163416.31997675 ], [ 349716.40976849, 163399.31985918 ], [ 349716.40938784, 163316.31562949 ], [ 349732.40887855, 163316.31549454 ], [ 349732.40897463, 163349.32287739 ], [ 349749.4091193, 163366.32282791 ], [ 349882.41554476, 163366.32169589 ], [ 349882.4165835, 163499.32371816 ], [ 349899.4167285, 163516.32357959 ], [ 349982.42471772, 163516.32280561 ], [ 349982.42539144, 163599.32717199 ], [ 349989.70074818, 163613.24438337 ], [ 350032.42497536, 163616.3267524 ], [ 350035.50806271, 163659.04924655 ], [ 350049.42542176, 163666.32436091 ], [ 350199.43232729, 163666.323227 ], [ 350216.43221228, 163649.32309531 ], [ 350216.43143788, 163549.32870382 ], [ 350209.15609964, 163535.41149894 ], [ 350166.43149859, 163532.3290533 ], [ 350166.43123719, 163499.321281 ], [ 350149.43111554, 163482.32141563 ], [ 350066.4238901, 163482.32205503 ], [ 350066.42321803, 163399.31665524 ], [ 350049.42307304, 163382.31679287 ], [ 350016.42365393, 163382.3170743 ], [ 350016.42343208, 163349.32048506 ], [ 350009.65431898, 163335.77105133 ], [ 349966.41497522, 163332.32088052 ], [ 349966.41494806, 163249.31599541 ], [ 349959.13963468, 163235.39868213 ], [ 349916.41537426, 163232.31627722 ], [ 349916.41521254, 163099.31481504 ], [ 349909.64613719, 163085.76530355 ], [ 349866.41561446, 163082.31509192 ], [ 349866.41556456, 162999.3111824 ], [ 349859.14025284, 162985.39387492 ], [ 349816.39991518, 162982.31145689 ], [ 349816.39976349, 162866.30984356 ], [ 349832.41538562, 162866.30971883 ], [ 349832.41543473, 162949.30363376 ], [ 349849.41556965, 162966.30362368 ], [ 349949.41488882, 162966.30282991 ], [ 349963.33206562, 162959.02752728 ], [ 349966.41467789, 162916.3062347 ], [ 350009.65441155, 162912.85539563 ], [ 350016.4233555, 162899.30597238 ], [ 350016.42325633, 162816.30082804 ], [ 350059.14779704, 162813.21779522 ], [ 350066.42297135, 162799.30057303 ], [ 350066.42297139, 162716.29643609 ], [ 350109.14744048, 162713.21340938 ], [ 350116.42261682, 162699.29618835 ], [ 350116.42262182, 162666.29860763 ], [ 350149.4306708, 162666.29855337 ], [ 350166.43064285, 162649.29859326 ], [ 350166.43076022, 162599.29104761 ], [ 350149.43069984, 162582.29100771 ], [ 350116.42263483, 162582.29112495 ], [ 350116.42264005, 162549.29463801 ], [ 350099.42251478, 162532.29463532 ], [ 350049.42284757, 162532.29500375 ], [ 350032.42297284, 162549.29500353 ], [ 350032.42297242, 162582.29164982 ], [ 349949.4144253, 162582.2922011 ], [ 349932.4145517, 162599.29220589 ], [ 349932.414561, 162632.29985579 ], [ 349799.39927814, 162632.30078776 ], [ 349782.39940564, 162649.30080003 ], [ 349782.39960201, 162782.30253487 ], [ 349766.40793389, 162782.30265827 ], [ 349762.95725795, 162739.07515602 ], [ 349749.40770916, 162732.30621382 ], [ 349716.40818257, 162732.30646596 ], [ 349716.40814904, 162699.29899927 ], [ 349699.40802041, 162682.29901655 ], [ 349649.40827377, 162682.29939485 ], [ 349632.40840239, 162699.29944859 ], [ 349632.40861872, 162799.3035804 ], [ 349639.68393097, 162813.22087868 ], [ 349682.40836819, 162816.30330615 ], [ 349682.40855327, 162899.30828542 ], [ 349699.40868683, 162916.30823397 ], [ 349732.40818568, 162916.30797468 ], [ 349732.40840378, 163049.30958435 ], [ 349749.40854108, 163066.3095692 ], [ 349782.40001179, 163066.30930274 ], [ 349782.40012733, 163132.31335052 ], [ 349716.40899464, 163132.31389293 ], [ 349713.32619106, 163089.59174022 ], [ 349699.40882178, 163082.31655279 ], [ 349616.39272629, 163082.31722871 ], [ 349616.39267298, 163066.3106428 ], [ 349659.13404746, 163063.22759211 ], [ 349666.4092125, 163049.31035636 ], [ 349666.40899447, 162949.30515577 ], [ 349649.40885978, 162932.3052098 ], [ 349449.40141709, 162932.30679402 ], [ 349439.17048629, 162935.75738048 ], [ 349439.17048629, 162935.75738048 ] ] ], [ [ [ 343735.3817818, 163959.1353343 ], [ 343749.29913076, 163966.41019322 ], [ 343782.29653297, 163966.40951959 ], [ 343782.30021566, 164082.41274053 ], [ 343749.30320716, 164082.41341667 ], [ 343732.30355551, 164099.41392349 ], [ 343732.30768734, 164232.42702431 ], [ 343716.302496, 164232.42738544 ], [ 343713.21843712, 164189.69447313 ], [ 343699.30106052, 164182.41962627 ], [ 343549.30961351, 164182.42280643 ], [ 343532.30996259, 164199.42335169 ], [ 343532.31156654, 164249.43149824 ], [ 343539.58717199, 164263.34847647 ], [ 343582.30930134, 164266.43020859 ], [ 343582.3098135, 164282.42832015 ], [ 343549.31282047, 164282.42899937 ], [ 343532.31317041, 164299.42954468 ], [ 343532.31640633, 164399.43474578 ], [ 343539.08576029, 164412.98392133 ], [ 343582.31414697, 164416.43351011 ], [ 343582.31522904, 164449.43176029 ], [ 343589.5908221, 164463.34871776 ], [ 343632.32100249, 164466.43052114 ], [ 343632.32378906, 164549.43591233 ], [ 343649.32417499, 164566.43535511 ], [ 343682.31352681, 164566.43460618 ], [ 343682.3162462, 164649.44096037 ], [ 343699.31659883, 164666.44040339 ], [ 343849.31613635, 164666.43719149 ], [ 343866.31578361, 164649.43660132 ], [ 343866.31463805, 164616.43876676 ], [ 343909.02835766, 164613.35502592 ], [ 343916.30322782, 164599.43746104 ], [ 343916.30051374, 164516.43249069 ], [ 343932.31362876, 164516.43215945 ], [ 343932.31640755, 164599.43753578 ], [ 343949.31679401, 164616.4369802 ], [ 343999.31397383, 164616.43584359 ], [ 344016.31358735, 164599.43528828 ], [ 344016.31250913, 164566.42745619 ], [ 344059.03514677, 164563.34379385 ], [ 344066.31003437, 164549.42621758 ], [ 344066.30676912, 164449.42104959 ], [ 344049.30641773, 164432.42160462 ], [ 343966.31084926, 164432.42338617 ], [ 343966.30977079, 164399.42507994 ], [ 343959.03416136, 164385.50810925 ], [ 343916.29603494, 164382.42638305 ], [ 343916.2939176, 164316.42124298 ], [ 344032.30237414, 164316.41875322 ], [ 344032.30503664, 164399.42412327 ], [ 344049.30542175, 164416.42357074 ], [ 344132.30795681, 164416.42175653 ], [ 344132.31017587, 164482.42792101 ], [ 344099.29623143, 164482.42860417 ], [ 344082.29658323, 164499.429159 ], [ 344082.30157881, 164649.432392 ], [ 344099.30193166, 164666.43180315 ], [ 344149.31611046, 164666.430765 ], [ 344163.23330957, 164659.15511765 ], [ 344166.31461511, 164616.43228049 ], [ 344182.31176054, 164616.43194869 ], [ 344182.31619731, 164749.43534328 ], [ 344199.31655101, 164766.43478894 ], [ 344299.31893955, 164766.43260817 ], [ 344312.86832423, 164759.66319747 ], [ 344316.31741086, 164716.43423547 ], [ 344332.31477158, 164716.43391186 ], [ 344335.39883917, 164759.15673559 ], [ 344349.31617387, 164766.43159387 ], [ 344549.31591585, 164766.42777337 ], [ 344563.23311092, 164759.15215986 ], [ 344566.31454701, 164716.42943007 ], [ 344609.03685508, 164713.34581937 ], [ 344616.31176099, 164699.4282564 ], [ 344616.31020488, 164649.42124882 ], [ 344599.30987401, 164632.42177783 ], [ 344566.31194541, 164632.42242007 ], [ 344566.30940799, 164549.41609573 ], [ 344549.30907968, 164532.41662886 ], [ 344499.31129374, 164532.41759446 ], [ 344482.31162207, 164549.41813191 ], [ 344482.3142466, 164632.42395464 ], [ 344416.30981613, 164632.42523874 ], [ 344413.22576733, 164589.70241995 ], [ 344399.30846039, 164582.42754742 ], [ 344316.31297772, 164582.42907986 ], [ 344316.3107617, 164516.42402445 ], [ 344332.30822819, 164516.4237047 ], [ 344335.3923716, 164559.14554741 ], [ 344349.30969069, 164566.42039042 ], [ 344449.30513007, 164566.41855998 ], [ 344466.30483585, 164549.41801825 ], [ 344466.30225702, 164466.41313184 ], [ 344649.3023203, 164466.40979029 ], [ 344666.30199438, 164449.40930006 ], [ 344666.29819479, 164316.40647088 ], [ 344682.29607552, 164316.40616816 ], [ 344685.37990024, 164359.13890938 ], [ 344699.29723655, 164366.41383264 ], [ 344749.29507223, 164366.41298119 ], [ 344766.29478272, 164349.41257183 ], [ 344766.29398788, 164316.40471235 ], [ 344849.29770296, 164316.40320691 ], [ 344866.29738107, 164299.4028107 ], [ 344866.296612, 164266.40495119 ], [ 344999.29933946, 164266.40261213 ], [ 345016.29901926, 164249.40226797 ], [ 345016.29800685, 164199.39441434 ], [ 344999.29772246, 164182.39475851 ], [ 344966.28267187, 164182.39531081 ], [ 344966.28199247, 164149.39828654 ], [ 344959.00648247, 164135.48118003 ], [ 344916.29159979, 164132.39925094 ], [ 344913.20791229, 164089.66655916 ], [ 344899.29056224, 164082.39160348 ], [ 344749.28849883, 164082.39417952 ], [ 344732.28877937, 164099.3945872 ], [ 344732.29077029, 164182.3993577 ], [ 344466.29387308, 164182.40403294 ], [ 344466.2900377, 164049.40073755 ], [ 344459.01450655, 164035.48374325 ], [ 344416.29151271, 164032.40175513 ], [ 344412.83980388, 163989.1637065 ], [ 344399.29029825, 163982.3950163 ], [ 344299.29431356, 163982.39678688 ], [ 344285.37711413, 163989.67239554 ], [ 344282.29566565, 164032.40416243 ], [ 344216.29325888, 164032.40558043 ], [ 344216.29076667, 163949.40030628 ], [ 344209.0151947, 163935.48330311 ], [ 344166.2930258, 163932.40147737 ], [ 344163.20899823, 163889.67865726 ], [ 344149.2916464, 163882.40379386 ], [ 343999.29097562, 163882.40695404 ], [ 343982.29135642, 163899.4074553 ], [ 343982.29232941, 163932.40533589 ], [ 343916.28187478, 163932.40668385 ], [ 343916.28083152, 163899.40845629 ], [ 343899.28048481, 163882.40899376 ], [ 343766.29665265, 163882.41177161 ], [ 343766.29614355, 163866.40466489 ], [ 343849.29038107, 163866.40297469 ], [ 343866.29003484, 163849.40247019 ], [ 343866.28750566, 163766.39645236 ], [ 343909.00129301, 163763.31280953 ], [ 343916.2761896, 163749.3952447 ], [ 343916.2751466, 163716.39830012 ], [ 344099.2719556, 163716.39458578 ], [ 344116.27161046, 163699.39405291 ], [ 344116.2705758, 163666.38617504 ], [ 344149.28474977, 163666.38543972 ], [ 344166.28437112, 163649.38490791 ], [ 344166.27728955, 163416.37586984 ], [ 344208.99923563, 163413.29225115 ], [ 344216.27415885, 163399.37474706 ], [ 344216.27327016, 163366.37788005 ], [ 344249.27050829, 163366.37721657 ], [ 344266.27016646, 163349.37676166 ], [ 344266.26635281, 163199.37395364 ], [ 344249.26601331, 163182.37437446 ], [ 344216.26851608, 163182.37503346 ], [ 344216.26680564, 163116.36906929 ], [ 344299.26951157, 163116.36741916 ], [ 344316.26917359, 163099.36696742 ], [ 344316.26829651, 163066.36021949 ], [ 344449.26419916, 163066.35855678 ], [ 344463.18144291, 163059.08305068 ], [ 344466.26321787, 163016.36038646 ], [ 344549.26965013, 163016.35937037 ], [ 344566.26944199, 162999.35901915 ], [ 344566.26840882, 162949.35106636 ], [ 344559.49918923, 162935.80178878 ], [ 344516.26918916, 162932.35181843 ], [ 344512.81770931, 162889.12392453 ], [ 344499.26822504, 162882.3551677 ], [ 344466.26018591, 162882.35556536 ], [ 344463.17649919, 162839.63278484 ], [ 344449.25921191, 162832.35780825 ], [ 344416.26012807, 162832.35820259 ], [ 344416.2593645, 162799.35009684 ], [ 344399.25916304, 162782.35043898 ], [ 344299.26135926, 162782.35175101 ], [ 344285.3441071, 162789.62731945 ], [ 344282.26243998, 162832.35996308 ], [ 344149.26208509, 162832.36257674 ], [ 344135.34491618, 162839.63815363 ], [ 344132.26331207, 162882.36086214 ], [ 344116.24881372, 162882.36114544 ], [ 344116.247112, 162816.35523897 ], [ 344199.25894563, 162816.35361177 ], [ 344216.25861235, 162799.35318873 ], [ 344216.25478019, 162649.35034213 ], [ 344208.97925695, 162635.43329906 ], [ 344166.25678345, 162632.35134144 ], [ 344166.25506488, 162566.34644021 ], [ 344208.97725166, 162563.26285979 ], [ 344216.25219304, 162549.34537942 ], [ 344216.25137507, 162516.34752533 ], [ 344299.25437033, 162516.34598544 ], [ 344316.25404142, 162499.34570633 ], [ 344316.25158016, 162349.33328332 ], [ 344299.25128936, 162332.33356206 ], [ 344199.24786683, 162332.33537262 ], [ 344185.33074991, 162339.61086137 ], [ 344182.24875507, 162382.34351455 ], [ 344139.52638924, 162385.42706699 ], [ 344132.25141726, 162399.34447761 ], [ 344132.25302916, 162482.34911619 ], [ 344049.24987482, 162482.3506214 ], [ 344032.2501696, 162499.35104966 ], [ 344032.25142916, 162549.34903518 ], [ 344039.52697035, 162563.26608538 ], [ 344082.24047983, 162566.3479678 ], [ 344082.24091499, 162582.3449551 ], [ 344039.52772468, 162585.4285468 ], [ 344032.25279758, 162599.34606101 ], [ 344032.25500376, 162682.35190533 ], [ 343989.53189725, 162685.43550126 ], [ 343982.25697183, 162699.35301727 ], [ 343982.25962688, 162799.35786621 ], [ 343989.0289172, 162812.907114 ], [ 344032.25856832, 162816.35685114 ], [ 344032.25899257, 162832.36477527 ], [ 343949.26323235, 162832.36640539 ], [ 343932.26356624, 162849.36687674 ], [ 343932.26448118, 162882.36473372 ], [ 343866.26151456, 162882.36603274 ], [ 343866.2591857, 162799.35984539 ], [ 343849.25885272, 162782.36037058 ], [ 343799.26130526, 162782.3613499 ], [ 343782.26163825, 162799.36187792 ], [ 343782.26408094, 162882.36765169 ], [ 343766.26654711, 162882.36793446 ], [ 343762.81482527, 162839.13890377 ], [ 343749.26527652, 162832.37023209 ], [ 343699.25983704, 162832.37121352 ], [ 343682.26017069, 162849.37169905 ], [ 343682.26455538, 162999.37474891 ], [ 343689.03389088, 163012.9239457 ], [ 343732.27045273, 163016.373577 ], [ 343732.27232772, 163082.37865094 ], [ 343599.27227916, 163082.38122529 ], [ 343582.27261661, 163099.38175083 ], [ 343582.27560825, 163199.38773714 ], [ 343599.27591322, 163216.38724558 ], [ 343632.28147859, 163216.38665346 ], [ 343632.28193859, 163232.38369609 ], [ 343499.28106757, 163232.38635395 ], [ 343482.28140727, 163249.38688536 ], [ 343482.28297018, 163299.38490012 ], [ 343499.28331063, 163316.38436871 ], [ 343582.27909227, 163316.38270644 ], [ 343582.28581219, 163532.4019405 ], [ 343449.29320512, 163532.40462712 ], [ 343432.29354853, 163549.40517426 ], [ 343432.2967669, 163649.40037089 ], [ 343449.29711115, 163666.39982372 ], [ 343582.29009881, 163666.39713035 ], [ 343582.29221055, 163732.40232061 ], [ 343499.2968636, 163732.40400573 ], [ 343485.37967331, 163739.67962932 ], [ 343482.29826909, 163782.4124987 ], [ 343466.30104821, 163782.41282387 ], [ 343463.21698588, 163739.67987705 ], [ 343449.29964071, 163732.40502073 ], [ 343399.29441769, 163732.4060357 ], [ 343385.74501491, 163739.17541388 ], [ 343382.29582734, 163782.41453114 ], [ 343339.06782124, 163785.86599195 ], [ 343332.29915569, 163799.41575117 ], [ 343332.30183851, 163882.42075037 ], [ 343316.30462383, 163882.42107625 ], [ 343313.22055368, 163839.68922441 ], [ 343299.30320912, 163832.41437 ], [ 343149.30347246, 163832.41742536 ], [ 343135.38626914, 163839.69307064 ], [ 343132.30496141, 163882.42493534 ], [ 343116.30787116, 163882.42526826 ], [ 343116.30679481, 163849.41801272 ], [ 343099.30644068, 163832.41856709 ], [ 343049.29241595, 163832.41960896 ], [ 343035.37522964, 163839.69523971 ], [ 343032.29384706, 163882.42711647 ], [ 343016.30478868, 163882.42744922 ], [ 343012.85281756, 163839.18936554 ], [ 342999.30329092, 163832.42075051 ], [ 342949.30626595, 163832.4217921 ], [ 342935.38906759, 163839.69744023 ], [ 342932.30776435, 163882.42923109 ], [ 342849.30585193, 163882.431024 ], [ 342832.30620562, 163899.43158004 ], [ 342832.30784096, 163949.42972863 ], [ 342849.30822821, 163966.42917259 ], [ 343649.30474521, 163966.41223428 ], [ 343663.22190664, 163959.13660094 ], [ 343666.30331041, 163916.41384417 ], [ 343732.29773408, 163916.41249878 ], [ 343735.3817818, 163959.1353343 ], [ 343735.3817818, 163959.1353343 ] ] ], [ [ [ 332904.87858723, 163407.42829601 ], [ 332932.19311585, 163416.3357151 ], [ 332932.19302269, 163482.86257095 ], [ 332940.67896432, 163513.15721692 ], [ 332982.19158791, 163516.34271369 ], [ 332982.19153766, 163656.20292102 ], [ 332998.81328629, 163714.88123324 ], [ 333032.19001402, 163716.35631429 ], [ 333032.18999172, 163848.42324875 ], [ 333044.58870868, 163914.2638525 ], [ 333082.19651365, 163916.36899135 ], [ 333082.19640345, 164155.37817674 ], [ 333108.19668161, 164314.69493488 ], [ 333132.19483284, 164316.38693153 ], [ 333132.19521404, 164599.40801394 ], [ 333149.19539664, 164616.40794754 ], [ 333232.19242155, 164616.40712202 ], [ 333232.19248756, 164632.40609245 ], [ 333189.46912786, 164635.48917805 ], [ 333182.1939834, 164649.40644746 ], [ 333182.19638302, 165249.43966998 ], [ 333189.47171373, 165263.35693328 ], [ 333232.19509342, 165266.43933519 ], [ 333232.19543317, 165349.44610871 ], [ 333249.19556901, 165366.44603915 ], [ 333349.20097324, 165366.44523995 ], [ 333363.11816127, 165359.16991989 ], [ 333366.20069503, 165316.44722768 ], [ 333408.92522066, 165313.3641658 ], [ 333416.20036843, 165299.44688705 ], [ 333416.20014706, 165249.43790861 ], [ 333409.43105015, 165235.88844812 ], [ 333366.20033244, 165232.43825089 ], [ 333366.20018993, 165199.43933933 ], [ 333358.924857, 165185.52208013 ], [ 333316.20144885, 165182.43968142 ], [ 333316.20047238, 164966.42697593 ], [ 333382.1986919, 164966.42635609 ], [ 333382.19883846, 164999.42426734 ], [ 333399.19898027, 165016.42419184 ], [ 333499.20430766, 165016.42335766 ], [ 333516.20416587, 164999.42324439 ], [ 333516.20383272, 164949.42526098 ], [ 333508.92848504, 164935.50803125 ], [ 333466.19714705, 164932.42565122 ], [ 333466.19655238, 164816.40977101 ], [ 333508.92790737, 164813.32661085 ], [ 333516.2030325, 164799.40934367 ], [ 333516.20234474, 164666.40339005 ], [ 333559.43191072, 164662.95242131 ], [ 333566.20080632, 164649.4029558 ], [ 333566.20034258, 164566.3949809 ], [ 333649.19750497, 164566.39418523 ], [ 333666.19735551, 164549.39406594 ], [ 333666.19695946, 164449.38732987 ], [ 333649.19680817, 164432.38734525 ], [ 333549.1997979, 164432.38823511 ], [ 333535.28264288, 164439.66352978 ], [ 333532.19997438, 164482.39732832 ], [ 333516.20141703, 164482.39746977 ], [ 333513.11862401, 164439.66396632 ], [ 333499.20124274, 164432.38878001 ], [ 333466.1948783, 164432.38907367 ], [ 333466.19491556, 164416.39025822 ], [ 333499.20156334, 164416.38996346 ], [ 333516.20141153, 164399.38996944 ], [ 333516.20158228, 164199.37560251 ], [ 333509.43248823, 164185.82606316 ], [ 333466.19502723, 164182.37596161 ], [ 333466.19503827, 164149.37824038 ], [ 333449.19484963, 164132.37823469 ], [ 333266.19199488, 164132.38016523 ], [ 333263.10923783, 164089.64673829 ], [ 333249.1918479, 164082.37154514 ], [ 333216.19347786, 164082.37184634 ], [ 333216.19355893, 164016.36519738 ], [ 333258.91688199, 164013.28203057 ], [ 333266.19202809, 163999.36483226 ], [ 333266.19215333, 163899.36724928 ], [ 333249.1919619, 163882.36721098 ], [ 333166.19502196, 163882.36807956 ], [ 333166.19503589, 163816.3614677 ], [ 333199.19376771, 163816.36115994 ], [ 333216.19360916, 163799.36116393 ], [ 333216.19362867, 163716.3543521 ], [ 333299.19897001, 163716.35340643 ], [ 333312.74829136, 163709.58433766 ], [ 333316.19878558, 163666.34440158 ], [ 333349.19755745, 163666.34402449 ], [ 333363.11467277, 163659.06872528 ], [ 333366.1973732, 163616.34501767 ], [ 333399.19714709, 163616.34463946 ], [ 333416.19695226, 163599.34464712 ], [ 333416.19697478, 163549.34684667 ], [ 333399.19677942, 163532.34683902 ], [ 333199.19361311, 163532.34903606 ], [ 333182.19377424, 163549.34903 ], [ 333182.19376247, 163582.3470263 ], [ 333116.19661336, 163582.34778256 ], [ 333116.19678976, 163449.34277214 ], [ 333099.19663325, 163432.34276081 ], [ 333016.19162935, 163432.3435909 ], [ 333016.19179579, 163299.32856915 ], [ 332999.19164596, 163282.32856062 ], [ 332966.19320533, 163282.32885145 ], [ 332963.110449, 163239.60540805 ], [ 332949.19303756, 163232.33022183 ], [ 332899.19443553, 163232.33075585 ], [ 332882.1946171, 163249.33075021 ], [ 332882.19457933, 163363.89713288 ], [ 332904.87858723, 163407.42829601 ], [ 332904.87858723, 163407.42829601 ] ] ], [ [ [ 348785.8513861, 165259.62333817 ], [ 348799.40091323, 165266.39223503 ], [ 348932.40732753, 165266.39112147 ], [ 348935.85820103, 165309.62973579 ], [ 348949.40773042, 165316.3986337 ], [ 349682.42550536, 165316.39201595 ], [ 349682.42563777, 165332.38873804 ], [ 349639.70147516, 165335.47183374 ], [ 349632.42635219, 165349.38915997 ], [ 349632.42662438, 165382.39692107 ], [ 349549.41866386, 165382.39762944 ], [ 349532.41880894, 165399.39776862 ], [ 349532.420037, 165549.39993621 ], [ 349549.42018195, 165566.39979705 ], [ 349582.41170876, 165566.39951574 ], [ 349582.41239074, 165649.40392256 ], [ 349599.41253559, 165666.4037829 ], [ 349699.42854027, 165666.40283057 ], [ 349716.42836137, 165649.4026899 ], [ 349716.42808823, 165616.39602924 ], [ 349749.42752622, 165616.39574787 ], [ 349766.42738128, 165599.39560667 ], [ 349766.4262106, 165466.39343361 ], [ 349882.43256611, 165466.39234342 ], [ 349882.43284313, 165499.3890977 ], [ 349899.43302223, 165516.38895498 ], [ 350049.44038086, 165516.3875745 ], [ 350063.35758641, 165509.11221592 ], [ 350066.43995577, 165466.39067226 ], [ 350132.44692218, 165466.39011313 ], [ 350135.53001678, 165509.11150356 ], [ 350149.44734061, 165516.3866276 ], [ 350199.44689204, 165516.38622456 ], [ 350216.446755, 165499.38604574 ], [ 350216.44640792, 165466.38942907 ], [ 350232.44592564, 165466.38929982 ], [ 350232.4466319, 165549.39372532 ], [ 350239.21575114, 165562.94313343 ], [ 350282.44632731, 165566.39331519 ], [ 350282.4470329, 165649.39774283 ], [ 350289.72238724, 165663.31494605 ], [ 350332.4547273, 165666.39733389 ], [ 350332.45595686, 165799.39955846 ], [ 350349.4560922, 165816.39938006 ], [ 350582.45454247, 165816.39752489 ], [ 350585.905437, 165859.62625851 ], [ 350599.45495627, 165866.39515451 ], [ 350649.46250424, 165866.39475712 ], [ 350666.46236915, 165849.39461369 ], [ 350666.46160296, 165766.40008971 ], [ 350732.46856628, 165766.39956282 ], [ 350735.55165619, 165809.12106918 ], [ 350749.46897943, 165816.39619468 ], [ 350849.46797595, 165816.39539802 ], [ 350866.4678405, 165799.39525525 ], [ 350866.4675634, 165766.39849301 ], [ 350882.46811193, 165766.39836525 ], [ 350882.46838872, 165799.39514224 ], [ 350899.46852418, 165816.39499963 ], [ 350949.46797236, 165816.39460122 ], [ 350966.46783689, 165799.39445877 ], [ 350966.46756042, 165766.39769448 ], [ 351032.47455745, 165766.39716732 ], [ 351035.55764515, 165809.11867828 ], [ 351049.47496879, 165816.39380425 ], [ 351149.47396498, 165816.39300717 ], [ 351166.47382947, 165799.39286539 ], [ 351166.47313723, 165716.38842208 ], [ 351449.47915935, 165716.3860385 ], [ 351466.47902123, 165699.38589784 ], [ 351466.47695305, 165449.37923732 ], [ 351449.47681762, 165432.37937793 ], [ 351399.48525559, 165432.3797762 ], [ 351382.48539102, 165449.37991701 ], [ 351382.48566432, 165482.37668563 ], [ 351316.47764054, 165482.37721335 ], [ 351316.47695127, 165399.38265476 ], [ 351309.20159732, 165385.4654485 ], [ 351266.46925667, 165382.38306292 ], [ 351266.46856646, 165299.37860665 ], [ 351249.46842801, 165282.37874801 ], [ 351216.47687226, 165282.37901671 ], [ 351216.4761893, 165199.37347351 ], [ 351199.47605029, 165182.37361231 ], [ 351166.46854203, 165182.37388223 ], [ 351166.46798474, 165099.36962351 ], [ 351149.46784637, 165082.36975117 ], [ 351116.46833557, 165082.37001976 ], [ 351116.46740081, 164949.36802265 ], [ 351109.19205111, 164935.45080612 ], [ 351066.46774878, 164932.36841727 ], [ 351066.46718896, 164849.36305302 ], [ 351049.46705222, 164832.36318119 ], [ 351016.46753492, 164832.36344662 ], [ 351016.46697381, 164749.35907975 ], [ 351009.6978602, 164735.80965972 ], [ 350966.45928362, 164732.35947238 ], [ 350966.45875523, 164649.35513686 ], [ 350959.68965296, 164635.80569172 ], [ 350916.45906315, 164632.35549444 ], [ 350916.45843345, 164549.35022227 ], [ 350899.45829869, 164532.35035123 ], [ 350866.45783933, 164532.35061284 ], [ 350866.45682832, 164399.348498 ], [ 350849.45669451, 164382.34862722 ], [ 350649.45062439, 164382.35020091 ], [ 350632.45075811, 164399.3502973 ], [ 350632.4509452, 164432.34797869 ], [ 350499.44430719, 164432.34902703 ], [ 350482.44444115, 164449.34915829 ], [ 350482.44546835, 164582.36130214 ], [ 350449.44590049, 164582.36156401 ], [ 350435.5286914, 164589.63691301 ], [ 350432.44629087, 164632.35934682 ], [ 350416.437827, 164632.35947412 ], [ 350416.43757097, 164599.36182883 ], [ 350399.4374361, 164582.36196074 ], [ 350249.43884311, 164582.36315043 ], [ 350232.43897792, 164599.36328321 ], [ 350232.44001685, 164732.36534048 ], [ 350149.44089024, 164732.36600311 ], [ 350135.52368116, 164739.64135328 ], [ 350132.44128491, 164782.3638978 ], [ 350089.20287384, 164785.81478699 ], [ 350082.43397638, 164799.36430605 ], [ 350082.4342361, 164832.37100586 ], [ 350066.43474309, 164832.37117469 ], [ 350063.35174959, 164789.63974389 ], [ 350049.43440359, 164782.36459992 ], [ 349749.42060434, 164782.36736475 ], [ 349735.87122281, 164789.13649461 ], [ 349732.42104623, 164832.3741982 ], [ 349699.4215752, 164832.37454621 ], [ 349685.50439922, 164839.64991121 ], [ 349682.42201742, 164882.3723455 ], [ 349616.40606393, 164882.37297552 ], [ 349616.40580017, 164849.3752648 ], [ 349599.40565493, 164832.37540069 ], [ 349399.40784657, 164832.3772089 ], [ 349382.40799173, 164849.37734563 ], [ 349382.40825712, 164882.3751081 ], [ 349216.41044987, 164882.37659123 ], [ 349216.41018286, 164849.37887875 ], [ 349199.41003777, 164832.3790163 ], [ 348849.39682505, 164832.38218722 ], [ 348835.47961987, 164839.65754196 ], [ 348832.3972358, 164882.38001744 ], [ 348789.67294397, 164885.46318496 ], [ 348782.39783611, 164899.38049836 ], [ 348782.40077091, 165249.39237172 ], [ 348785.8513861, 165259.62333817 ], [ 348785.8513861, 165259.62333817 ] ] ], [ [ [ 345535.40771113, 165339.70509177 ], [ 345532.32639407, 165399.43796525 ], [ 345549.32664271, 165416.43754969 ], [ 345582.31755568, 165416.43706716 ], [ 345585.76908224, 165459.66604497 ], [ 345599.31856804, 165466.43478919 ], [ 345682.324022, 165466.43366916 ], [ 345682.32439815, 165482.43060008 ], [ 345566.32842387, 165482.4321811 ], [ 345566.32761671, 165449.43500803 ], [ 345549.32736697, 165432.43542387 ], [ 345449.32321207, 165432.43716812 ], [ 345435.77385093, 165439.20648848 ], [ 345432.32438317, 165482.4344983 ], [ 345416.32701769, 165482.43482673 ], [ 345413.24322519, 165439.7131078 ], [ 345399.32583614, 165432.43819337 ], [ 345366.32834815, 165432.43886995 ], [ 345366.3274441, 165399.44076922 ], [ 345359.05186457, 165385.52372974 ], [ 345316.32069704, 165382.44197682 ], [ 345313.23681479, 165339.70926907 ], [ 345299.31944008, 165332.43437399 ], [ 345216.32454027, 165332.43607134 ], [ 345216.32362097, 165299.4389583 ], [ 345199.32323984, 165282.43943192 ], [ 345066.32299856, 165282.442248 ], [ 345066.32215045, 165249.43417423 ], [ 345059.04659802, 165235.51712472 ], [ 345016.32421807, 165232.43528335 ], [ 345013.24043009, 165189.71266711 ], [ 344999.32304323, 165182.43775074 ], [ 344949.30862545, 165182.43876576 ], [ 344932.30897046, 165199.43919761 ], [ 344932.31317618, 165349.44215093 ], [ 344949.3135236, 165366.44162999 ], [ 345032.32543338, 165366.43993332 ], [ 345032.32636852, 165399.44805836 ], [ 345039.60193596, 165413.36507362 ], [ 345082.32422732, 165416.44690135 ], [ 345082.32515721, 165449.44492203 ], [ 345089.60072408, 165463.36193943 ], [ 345132.31490546, 165466.44376681 ], [ 345132.31583028, 165499.44088325 ], [ 345139.59139651, 165513.3579028 ], [ 345182.32966769, 165516.43972944 ], [ 345185.41357052, 165559.17248709 ], [ 345199.33097096, 165566.4473681 ], [ 345332.33198608, 165566.44453525 ], [ 345332.33239255, 165582.44251935 ], [ 345289.60149326, 165585.52615704 ], [ 345282.32657705, 165599.44366698 ], [ 345282.32748691, 165632.45053362 ], [ 345239.60553082, 165635.53417268 ], [ 345232.33061568, 165649.45168463 ], [ 345232.33430394, 165782.45452342 ], [ 345189.61247256, 165785.53816585 ], [ 345182.33755892, 165799.4556796 ], [ 345182.33980849, 165882.4615327 ], [ 345139.60194942, 165885.54518535 ], [ 345132.32704782, 165899.46272741 ], [ 345132.32855077, 165949.46071621 ], [ 345149.32890324, 165966.46020518 ], [ 345282.33649877, 165966.45734691 ], [ 345282.33740948, 165999.46444877 ], [ 345299.33779648, 166016.46397972 ], [ 345349.34398124, 166016.46284132 ], [ 345366.34359423, 165999.46237493 ], [ 345366.3426887, 165966.45557045 ], [ 345399.33980147, 165966.45481992 ], [ 345413.25691896, 165959.17924156 ], [ 345416.33858072, 165916.45648484 ], [ 345449.33570346, 165916.45580105 ], [ 345463.25285852, 165909.18021792 ], [ 345466.33445619, 165866.44746741 ], [ 345509.05627335, 165863.36383518 ], [ 345516.33120305, 165849.44636172 ], [ 345516.33038273, 165816.44854732 ], [ 345599.32703465, 165816.44738697 ], [ 345613.24427186, 165809.1718694 ], [ 345616.32601234, 165766.45019266 ], [ 345649.33226463, 165766.4497597 ], [ 345666.33204162, 165749.44938803 ], [ 345666.33016106, 165666.44360349 ], [ 345682.32862735, 165666.4433958 ], [ 345685.41232533, 165709.16607015 ], [ 345699.32962612, 165716.44103923 ], [ 345732.32832065, 165716.44060847 ], [ 345735.41193677, 165759.17336981 ], [ 345749.32927863, 165766.44834743 ], [ 345782.31991652, 165766.44784834 ], [ 345785.77132832, 165809.67579242 ], [ 345799.32086533, 165816.44454841 ], [ 345849.33628865, 165816.4437883 ], [ 345866.33603028, 165799.44343795 ], [ 345866.33396977, 165699.43863051 ], [ 345859.05850719, 165685.5215571 ], [ 345816.31805938, 165682.43941181 ], [ 345816.31622415, 165599.4344302 ], [ 345809.04073331, 165585.51737615 ], [ 345766.32527685, 165582.43531167 ], [ 345766.32493749, 165566.43738645 ], [ 345799.31539778, 165566.43696261 ], [ 345816.31517938, 165549.43657354 ], [ 345816.3133458, 165466.43189889 ], [ 345932.32633007, 165466.43029229 ], [ 345932.32898242, 165599.43312031 ], [ 345949.32923621, 165616.43278118 ], [ 346049.3343726, 165616.4313883 ], [ 346066.33415282, 165599.43105991 ], [ 346066.33254967, 165516.42539203 ], [ 346149.32980506, 165516.42423018 ], [ 346166.32955355, 165499.42391277 ], [ 346166.32807012, 165416.42931685 ], [ 346209.05940683, 165413.34595215 ], [ 346216.33443399, 165399.42855533 ], [ 346216.33227248, 165266.41611144 ], [ 346299.32979792, 165266.41501147 ], [ 346316.32958611, 165249.41480677 ], [ 346316.32898409, 165199.41703574 ], [ 346299.32873974, 165182.41724043 ], [ 345999.3107973, 165182.42115018 ], [ 345982.31104134, 165199.42141699 ], [ 345982.31245777, 165282.42699135 ], [ 345799.30954819, 165282.4293791 ], [ 345785.39232156, 165289.70486457 ], [ 345782.31044898, 165332.42648316 ], [ 345549.32495819, 165332.42957541 ], [ 345535.40771113, 165339.70509177 ], [ 345535.40771113, 165339.70509177 ] ] ], [ [ [ 342212.91661342, 166009.75372352 ], [ 342216.36697759, 165999.522637 ], [ 342216.36521793, 165899.51850299 ], [ 342209.0897556, 165885.60136199 ], [ 342166.37535967, 165882.51929834 ], [ 342166.37482196, 165849.51171055 ], [ 342159.09935975, 165835.59456438 ], [ 342116.37708502, 165832.51250676 ], [ 342116.37655759, 165799.51493624 ], [ 342099.37628696, 165782.51520797 ], [ 341999.37300136, 165782.5166175 ], [ 341982.37320996, 165799.51687648 ], [ 341982.37371265, 165832.51425838 ], [ 341916.37719085, 165832.51469741 ], [ 341916.37678077, 165799.51719498 ], [ 341899.37664657, 165782.51740625 ], [ 341849.37843265, 165782.51780093 ], [ 341832.37856685, 165799.51800534 ], [ 341832.38136467, 166032.52396057 ], [ 341789.65828548, 166035.60699061 ], [ 341782.38315419, 166049.52434516 ], [ 341782.38363307, 166099.5317418 ], [ 341789.15272981, 166113.08111493 ], [ 341832.38237106, 166116.53143098 ], [ 341832.38316076, 166182.51523861 ], [ 341816.38459283, 166182.51530285 ], [ 341813.30139475, 166139.80309393 ], [ 341799.38413913, 166132.52797524 ], [ 341766.38556746, 166132.52811565 ], [ 341766.38519904, 166099.5316137 ], [ 341749.38512264, 166082.53180351 ], [ 341666.37909004, 166082.53224268 ], [ 341663.29601427, 166039.80013515 ], [ 341649.37873334, 166032.52499182 ], [ 341566.38186059, 166032.52545121 ], [ 341563.29880741, 165989.80336594 ], [ 341549.38149214, 165982.5282279 ], [ 341499.37510063, 165982.52857701 ], [ 341482.37521931, 165999.52869883 ], [ 341482.37619287, 166149.52947638 ], [ 341489.65152512, 166163.44668716 ], [ 341532.38277313, 166166.52914773 ], [ 341532.38302198, 166199.51650634 ], [ 341539.65833727, 166213.43369864 ], [ 341582.38166726, 166216.51624489 ], [ 341585.46458074, 166259.25818257 ], [ 341599.38187511, 166266.53336519 ], [ 341682.37890022, 166266.5330398 ], [ 341685.46147215, 166309.25352928 ], [ 341699.37881886, 166316.5287866 ], [ 341732.38615969, 166316.52865635 ], [ 341735.46873183, 166359.26014454 ], [ 341749.38607885, 166366.53540169 ], [ 341849.38324773, 166366.53500449 ], [ 341863.30043665, 166359.25978114 ], [ 341866.38332832, 166316.52812723 ], [ 341932.38049691, 166316.52786641 ], [ 341932.38013513, 166382.53148268 ], [ 341899.38137239, 166382.53161466 ], [ 341885.46418379, 166389.80683819 ], [ 341882.38129241, 166432.53749202 ], [ 341866.38274171, 166432.53755636 ], [ 341863.30024703, 166389.80708856 ], [ 341849.38288788, 166382.53181455 ], [ 341799.38430329, 166382.53201436 ], [ 341782.38437122, 166399.53190402 ], [ 341782.38382219, 166499.53456066 ], [ 341789.65907268, 166513.45191185 ], [ 341832.38233085, 166516.53450359 ], [ 341832.38195852, 166599.53807911 ], [ 341849.38202806, 166616.53815536 ], [ 342132.38001005, 166616.53640147 ], [ 342135.4627237, 166659.25696053 ], [ 342149.38013761, 166666.53215744 ], [ 342232.38503293, 166666.53136136 ], [ 342235.83557072, 166709.76921174 ], [ 342249.38514738, 166716.53817993 ], [ 342282.38316529, 166716.5379115 ], [ 342285.46590629, 166759.25943468 ], [ 342299.383254, 166766.53464612 ], [ 342349.38133579, 166766.53435182 ], [ 342366.38123573, 166749.53435111 ], [ 342366.38122917, 166616.5342491 ], [ 342409.09619892, 166613.45117247 ], [ 342416.37135244, 166599.53392318 ], [ 342416.37127149, 166566.52678216 ], [ 342499.38339144, 166566.52598136 ], [ 342513.30054987, 166559.25068293 ], [ 342516.38320027, 166516.52877001 ], [ 342599.388308, 166516.5279497 ], [ 342616.38815355, 166499.52788146 ], [ 342616.38802108, 166466.53060967 ], [ 342632.3858961, 166466.53042846 ], [ 342635.83664612, 166509.75848473 ], [ 342649.38622964, 166516.52739562 ], [ 342749.38217234, 166516.5263881 ], [ 342766.38201809, 166499.52630015 ], [ 342766.38184739, 166466.52901164 ], [ 342809.61874283, 166463.07801533 ], [ 342816.38762915, 166449.52854362 ], [ 342816.38744539, 166416.52227912 ], [ 342859.10208575, 166413.43914503 ], [ 342866.37720158, 166399.52182858 ], [ 342866.37614172, 166266.52102704 ], [ 342909.61298003, 166263.06994782 ], [ 342916.38179937, 166249.52034593 ], [ 342916.3762167, 166016.51260887 ], [ 342949.37363325, 166016.51217488 ], [ 342963.29088943, 166009.23663086 ], [ 342966.37250819, 165966.50509506 ], [ 343149.37181612, 165966.50239049 ], [ 343166.37155564, 165949.50187063 ], [ 343166.37054658, 165916.5041523 ], [ 343209.59884665, 165913.05284134 ], [ 343216.36754984, 165899.50307889 ], [ 343216.36653174, 165866.49528966 ], [ 343259.07930967, 165863.4116468 ], [ 343266.35421847, 165849.49411896 ], [ 343266.35326399, 165816.49629472 ], [ 343349.3645373, 165816.49458308 ], [ 343366.36418674, 165799.49405472 ], [ 343366.36167302, 165716.48929215 ], [ 343409.08348269, 165713.40563604 ], [ 343416.35837846, 165699.48807941 ], [ 343416.35735028, 165666.49028513 ], [ 343459.08711072, 165663.40663468 ], [ 343466.36201653, 165649.48910369 ], [ 343466.3610516, 165616.48227383 ], [ 343482.35817917, 165616.48194142 ], [ 343485.4422166, 165659.21371307 ], [ 343499.35959922, 165666.48856371 ], [ 343599.35495762, 165666.48638969 ], [ 343616.35460501, 165649.48585481 ], [ 343616.35205926, 165566.48107699 ], [ 343799.34856731, 165566.47716676 ], [ 343813.26574866, 165559.20154338 ], [ 343816.34716461, 165516.46879072 ], [ 343832.34435105, 165516.46842498 ], [ 343832.34540228, 165549.47656708 ], [ 343849.3457563, 165566.47602566 ], [ 343899.33494538, 165566.47498462 ], [ 343916.33459134, 165549.47444191 ], [ 343916.3335376, 165516.4666387 ], [ 343932.34672403, 165516.46630466 ], [ 343932.34778031, 165549.4743873 ], [ 343939.62337057, 165563.39135622 ], [ 343982.3455148, 165566.47315612 ], [ 343985.79738524, 165609.70216128 ], [ 343999.34692669, 165616.47079708 ], [ 344132.34770176, 165616.46793243 ], [ 344132.34876801, 165649.47512928 ], [ 344149.34915474, 165666.47458011 ], [ 344382.34336123, 165666.46955404 ], [ 344382.34387945, 165682.4675611 ], [ 344349.34684485, 165682.46824033 ], [ 344332.3471948, 165699.46879366 ], [ 344332.34882251, 165749.47690174 ], [ 344349.34920685, 165766.47634841 ], [ 344482.35014978, 165766.47350724 ], [ 344482.35387216, 165882.47652173 ], [ 344439.11687722, 165885.92799652 ], [ 344432.34821416, 165899.47775271 ], [ 344432.35257023, 166032.48060849 ], [ 344389.63084383, 166035.56434938 ], [ 344382.35597238, 166049.48191045 ], [ 344382.35759353, 166099.48991762 ], [ 344399.35798077, 166116.48936651 ], [ 344432.35531455, 166116.48861486 ], [ 344432.35799267, 166199.47378775 ], [ 344439.63358443, 166213.39075307 ], [ 344482.36464098, 166216.47255163 ], [ 344482.3700169, 166399.49331453 ], [ 344499.3703673, 166416.49282486 ], [ 344582.36485587, 166416.49111416 ], [ 344582.3673617, 166499.49611327 ], [ 344599.36771009, 166516.49558653 ], [ 344782.36452494, 166516.4917362 ], [ 344785.44856251, 166559.21450896 ], [ 344799.36594087, 166566.48936089 ], [ 344849.36302827, 166566.48823917 ], [ 344866.36264686, 166549.48773864 ], [ 344866.36167531, 166516.48998072 ], [ 344899.35874008, 166516.48923845 ], [ 344916.35835765, 166499.48870233 ], [ 344916.35678087, 166449.49082328 ], [ 344909.58743365, 166435.94163414 ], [ 344866.35906805, 166432.49203764 ], [ 344866.35803019, 166399.48487621 ], [ 344849.35767976, 166382.48541076 ], [ 344766.35525166, 166382.48718766 ], [ 344766.3547515, 166366.48925038 ], [ 344809.08449389, 166363.4055945 ], [ 344816.35938884, 166349.48803512 ], [ 344816.35835389, 166316.48024225 ], [ 344949.34156683, 166316.47738515 ], [ 344966.34121435, 166299.47684734 ], [ 344966.33865425, 166216.46206592 ], [ 344999.35256022, 166216.46137766 ], [ 345016.3522058, 166199.46089204 ], [ 345016.35077783, 166149.47289971 ], [ 344999.35042386, 166132.47338534 ], [ 344916.34702792, 166132.47517973 ], [ 344916.34456688, 166049.47008717 ], [ 344899.34421374, 166032.47057765 ], [ 344866.34686111, 166032.4712631 ], [ 344866.34438767, 165949.46613087 ], [ 344849.34400138, 165932.4666239 ], [ 344766.34146625, 165932.46844385 ], [ 344766.33437206, 165699.45930595 ], [ 344749.33402189, 165682.45980398 ], [ 344666.33926649, 165682.4615795 ], [ 344666.33664315, 165599.45642504 ], [ 344649.33629387, 165582.45696227 ], [ 344516.34424722, 165582.45969458 ], [ 344516.34158545, 165499.45349026 ], [ 344499.34120312, 165482.45403536 ], [ 344399.33760443, 165482.4561845 ], [ 344382.33795278, 165499.45673492 ], [ 344382.3390215, 165532.46453993 ], [ 344316.34445257, 165532.46596741 ], [ 344313.26036694, 165489.73308666 ], [ 344299.34298992, 165482.45824714 ], [ 344166.34327239, 165482.46118843 ], [ 344166.34059066, 165399.46602602 ], [ 344149.34023467, 165382.46657533 ], [ 343916.32925928, 165382.47165514 ], [ 343913.24519684, 165339.73886381 ], [ 343899.32781469, 165332.46401974 ], [ 343749.34439369, 165332.46736645 ], [ 343732.34478435, 165349.46790533 ], [ 343732.34583067, 165382.47570788 ], [ 343666.35147866, 165382.47708974 ], [ 343666.34946226, 165316.47219143 ], [ 343699.33842092, 165316.47143205 ], [ 343716.33802959, 165299.47088016 ], [ 343716.33476768, 165199.46480632 ], [ 343699.33441105, 165182.46536341 ], [ 343616.33986879, 165182.46717034 ], [ 343616.33763792, 165116.46198278 ], [ 343659.57357634, 165113.01041812 ], [ 343666.3422185, 165099.46066863 ], [ 343666.33775841, 164966.45764231 ], [ 343732.33210694, 164966.45619891 ], [ 343732.33263088, 164982.45330598 ], [ 343689.09666141, 164985.90479951 ], [ 343682.32801399, 164999.4545865 ], [ 343682.32975246, 165049.46262852 ], [ 343699.33010798, 165066.46203753 ], [ 343782.33255479, 165066.46023554 ], [ 343785.41664822, 165109.18314829 ], [ 343799.33402503, 165116.45798569 ], [ 343849.33119714, 165116.45683873 ], [ 343866.33080715, 165099.45628248 ], [ 343866.32972742, 165066.45844438 ], [ 343932.33200652, 165066.45699753 ], [ 343932.33478569, 165149.45333675 ], [ 343949.33517614, 165166.45278101 ], [ 343999.33234738, 165166.45163269 ], [ 344016.33195692, 165149.45104322 ], [ 344016.33081272, 165116.45324107 ], [ 344059.05350965, 165113.36956959 ], [ 344066.32839521, 165099.45199463 ], [ 344066.32676234, 165049.45386023 ], [ 344049.32637259, 165032.45441544 ], [ 344016.32803418, 165032.45517199 ], [ 344016.32695578, 164999.4468707 ], [ 344009.05134418, 164985.52989829 ], [ 343966.32919249, 164982.44818186 ], [ 343966.32804784, 164949.45084507 ], [ 343959.0524256, 164935.53389948 ], [ 343916.31438369, 164932.45219003 ], [ 343916.31215916, 164866.44604961 ], [ 343949.3251332, 164866.4453618 ], [ 343966.32477901, 164849.44477218 ], [ 343966.3214103, 164749.43963334 ], [ 343949.32105685, 164732.44018901 ], [ 343799.32162431, 164732.44340789 ], [ 343785.77222495, 164739.21279266 ], [ 343782.32305789, 164782.44183516 ], [ 343739.60129597, 164785.52558705 ], [ 343732.32643754, 164799.44317852 ], [ 343732.32758441, 164832.4500167 ], [ 343649.33346881, 164832.45181138 ], [ 343632.33382292, 164849.45240266 ], [ 343632.33497063, 164882.45030852 ], [ 343616.32979507, 164882.45064216 ], [ 343616.32864683, 164849.45236116 ], [ 343599.32829283, 164832.45295271 ], [ 343549.33121665, 164832.45399384 ], [ 343532.33157067, 164849.45455166 ], [ 343532.33265342, 164882.45242707 ], [ 343489.60989354, 164885.53618055 ], [ 343482.33503581, 164899.45377286 ], [ 343482.33956827, 165032.46680872 ], [ 343299.34321242, 165032.47079962 ], [ 343285.42602544, 165039.74643298 ], [ 343282.34465311, 165082.46930555 ], [ 343216.34237368, 165082.47068609 ], [ 343213.25820451, 165039.74782129 ], [ 343199.34087336, 165032.47298921 ], [ 343166.34348747, 165032.47366449 ], [ 343166.34240182, 164999.46540156 ], [ 343159.06681415, 164985.54844951 ], [ 343116.34467227, 164982.46661931 ], [ 343116.34358975, 164949.46925188 ], [ 343109.06800215, 164935.55229844 ], [ 343066.32886645, 164932.47047003 ], [ 343066.32778658, 164899.4622071 ], [ 343049.32744559, 164882.46276326 ], [ 342999.33828277, 164882.46376597 ], [ 342982.33862378, 164899.4643546 ], [ 342982.34143194, 164982.46929379 ], [ 342939.11348231, 164985.9207413 ], [ 342932.34481501, 164999.47050541 ], [ 342932.34588885, 165032.47833266 ], [ 342849.34385168, 165032.47998503 ], [ 342832.3441901, 165049.48053507 ], [ 342832.34687542, 165132.47649518 ], [ 342749.35285328, 165132.47803922 ], [ 342735.43562976, 165139.75364976 ], [ 342732.35421787, 165182.48550704 ], [ 342549.35667327, 165182.48902281 ], [ 342532.35700914, 165199.48956365 ], [ 342532.35859978, 165249.48758549 ], [ 342539.63416245, 165263.40453841 ], [ 342582.36533364, 165266.48646017 ], [ 342582.36638345, 165299.49472097 ], [ 342589.13572528, 165313.04390154 ], [ 342632.36397871, 165316.49353046 ], [ 342632.37006271, 165582.49787962 ], [ 342549.36633196, 165582.49935851 ], [ 342535.44917435, 165589.77489382 ], [ 342532.3674023, 165632.50628627 ], [ 342499.37010619, 165632.50682863 ], [ 342485.45293359, 165639.78233244 ], [ 342482.37106279, 165682.50484402 ], [ 342449.37371487, 165682.50538051 ], [ 342432.37399127, 165699.50572389 ], [ 342432.37500136, 165749.51335384 ], [ 342439.14424978, 165763.06266088 ], [ 342482.37282015, 165766.51247991 ], [ 342482.37318021, 165782.50911545 ], [ 342439.65100685, 165785.59254297 ], [ 342432.376011, 165799.50998322 ], [ 342432.37667714, 165832.50763667 ], [ 342389.13233588, 165835.95885697 ], [ 342382.36355313, 165849.50845925 ], [ 342382.36543937, 165949.51373355 ], [ 342399.36570044, 165966.51339595 ], [ 342432.37938085, 165966.51288895 ], [ 342435.46295562, 166009.24437044 ], [ 342449.38030443, 166016.51935689 ], [ 342482.37810932, 166016.51885609 ], [ 342482.37843687, 166032.51649072 ], [ 342416.36708688, 166032.51741464 ], [ 342413.2835247, 165989.79500507 ], [ 342399.3661739, 165982.52001593 ], [ 342349.37655975, 165982.52077494 ], [ 342335.45937648, 165989.79626354 ], [ 342332.37746234, 166032.51860664 ], [ 342289.65520142, 166035.60191021 ], [ 342282.38016484, 166049.51932828 ], [ 342282.38165898, 166132.52348754 ], [ 342266.38393767, 166132.52372186 ], [ 342266.38338043, 166099.52709153 ], [ 342259.10793981, 166085.6099705 ], [ 342216.36835407, 166082.52780213 ], [ 342212.91711236, 166039.28922836 ], [ 342199.36755164, 166032.52043663 ], [ 342166.37790173, 166032.52093193 ], [ 342166.37764141, 166016.5233883 ], [ 342199.36720188, 166016.52295305 ], [ 342212.91661342, 166009.75372352 ], [ 342212.91661342, 166009.75372352 ] ] ], [ [ [ 346685.80792159, 166759.69575494 ], [ 346699.35743175, 166766.46456764 ], [ 346732.35669786, 166766.46420135 ], [ 346732.35724123, 166799.4710774 ], [ 346739.63266519, 166813.38819409 ], [ 346782.35668128, 166816.47042984 ], [ 346782.35721752, 166849.46829941 ], [ 346789.63262365, 166863.38540729 ], [ 346832.34864268, 166866.46772008 ], [ 346832.34997408, 166949.47229837 ], [ 346849.35013164, 166966.47202564 ], [ 346982.36439296, 166966.47062647 ], [ 346985.44768929, 167009.19314454 ], [ 346999.36502729, 167016.46820954 ], [ 347032.3561778, 167016.46783616 ], [ 347032.35661279, 167049.47564071 ], [ 347039.63200384, 167063.39279015 ], [ 347082.37187518, 167066.47510771 ], [ 347082.37211461, 167082.47181312 ], [ 347039.63242733, 167085.55505084 ], [ 347032.357372, 167099.47246601 ], [ 347032.35790898, 167132.48020578 ], [ 346899.36906362, 167132.48163312 ], [ 346882.3692248, 167149.48195686 ], [ 346882.3698532, 167182.47977167 ], [ 346849.3540035, 167182.4801541 ], [ 346832.35420042, 167199.48048166 ], [ 346832.35516398, 167249.48732895 ], [ 346839.63060772, 167263.40441182 ], [ 346882.37135334, 167266.48661542 ], [ 346882.37254497, 167332.48240299 ], [ 346849.35678929, 167332.482796 ], [ 346832.35699167, 167349.48312382 ], [ 346832.35882043, 167449.48788523 ], [ 346849.35902644, 167466.4875913 ], [ 346899.37484759, 167466.48698522 ], [ 346916.37464159, 167449.48669505 ], [ 346916.37407837, 167416.48983868 ], [ 346999.37175596, 167416.48884119 ], [ 347016.37155163, 167399.48852467 ], [ 347016.36895927, 167249.48506463 ], [ 347009.09354683, 167235.56795847 ], [ 346966.36970843, 167232.48566706 ], [ 346966.3694391, 167216.47879829 ], [ 347032.359283, 167216.47803319 ], [ 347035.44269733, 167259.20972454 ], [ 347049.36002271, 167266.48476196 ], [ 347149.37395132, 167266.48359118 ], [ 347166.37375227, 167249.4833202 ], [ 347166.37295515, 167199.476505 ], [ 347159.09753008, 167185.5593787 ], [ 347116.37370532, 167182.47715884 ], [ 347116.37344683, 167166.47927439 ], [ 347149.37231976, 167166.47896108 ], [ 347166.37215835, 167149.47869162 ], [ 347166.3702077, 167016.46641925 ], [ 347199.3692018, 167016.46604562 ], [ 347213.28639448, 167009.19063762 ], [ 347216.36859616, 166966.4681873 ], [ 347249.3766041, 166966.46781489 ], [ 347266.37641229, 166949.46760584 ], [ 347266.3751828, 166849.46317702 ], [ 347249.37502639, 166832.46338597 ], [ 347216.36681941, 166832.46368967 ], [ 347213.28356582, 166789.74126395 ], [ 347199.36625105, 166782.46617974 ], [ 347149.36718921, 166782.46663764 ], [ 347132.3673449, 166799.46685395 ], [ 347132.36776476, 166832.4645964 ], [ 347099.36863952, 166832.46496591 ], [ 347085.45143081, 166839.74039393 ], [ 347082.3693232, 166882.47282758 ], [ 347016.36313442, 166882.47356917 ], [ 347016.36118913, 166749.46117488 ], [ 346999.36100026, 166732.4614362 ], [ 346916.36260677, 166732.46235822 ], [ 346916.36215125, 166699.46453385 ], [ 346899.36199717, 166682.46476853 ], [ 346716.35612583, 166682.46659292 ], [ 346716.35464225, 166599.46189014 ], [ 346699.35443343, 166582.4622075 ], [ 346666.34763897, 166582.46261293 ], [ 346666.34733399, 166566.45482283 ], [ 346699.35401616, 166566.45442077 ], [ 346716.35380909, 166549.45413759 ], [ 346716.35214367, 166449.45866478 ], [ 346699.351974, 166432.45894787 ], [ 346649.34503623, 166432.45944698 ], [ 346632.34520591, 166449.45977064 ], [ 346632.34583416, 166482.45755227 ], [ 346616.34783434, 166482.45784765 ], [ 346616.34719524, 166449.46003551 ], [ 346609.07171119, 166435.54292632 ], [ 346566.34884951, 166432.46090439 ], [ 346566.34819967, 166399.45404553 ], [ 346559.07271484, 166385.53694124 ], [ 346516.34983164, 166382.45491621 ], [ 346516.34917129, 166349.4570449 ], [ 346499.34889706, 166332.4573851 ], [ 346416.35263041, 166332.45872384 ], [ 346416.35194845, 166299.45082881 ], [ 346409.58269796, 166285.90152803 ], [ 346366.34539589, 166282.45170867 ], [ 346363.2617088, 166239.7301164 ], [ 346349.34436706, 166232.45515792 ], [ 346266.34697813, 166232.45647801 ], [ 346266.34659962, 166216.43854584 ], [ 346309.06937855, 166213.35513502 ], [ 346316.34439335, 166199.43773847 ], [ 346316.34276122, 166099.45310874 ], [ 346299.34249524, 166082.45337761 ], [ 346199.34597819, 166082.45484205 ], [ 346182.34621013, 166099.45512166 ], [ 346182.34767235, 166182.43987237 ], [ 346149.34153752, 166182.44039345 ], [ 346132.34180592, 166199.44080636 ], [ 346132.34302077, 166249.45865106 ], [ 346139.61852743, 166263.37569258 ], [ 346182.34960801, 166266.45771352 ], [ 346182.35119042, 166332.46249567 ], [ 346149.34527734, 166332.46302736 ], [ 346132.3455512, 166349.46344071 ], [ 346132.34798307, 166449.46823053 ], [ 346149.34826057, 166466.46781708 ], [ 346199.35427448, 166466.46700082 ], [ 346213.27146911, 166459.19146803 ], [ 346216.3532051, 166416.45988541 ], [ 346232.35122951, 166416.4596259 ], [ 346232.35201052, 166449.4665867 ], [ 346249.35228816, 166466.46618445 ], [ 346382.35550062, 166466.46394591 ], [ 346382.35618316, 166499.46190401 ], [ 346389.63169218, 166513.37900825 ], [ 346432.35452498, 166516.46094357 ], [ 346432.35621544, 166599.46670243 ], [ 346439.12548549, 166613.01602283 ], [ 346482.35451866, 166616.46574017 ], [ 346485.80590297, 166659.69347648 ], [ 346499.35546541, 166666.46223068 ], [ 346532.35336108, 166666.46167704 ], [ 346532.35367682, 166682.46948168 ], [ 346489.6311711, 166685.55294718 ], [ 346482.356183, 166699.47037993 ], [ 346482.35818963, 166799.47509657 ], [ 346499.35851432, 166816.4747554 ], [ 346599.35410648, 166816.47284532 ], [ 346616.35378172, 166799.47251536 ], [ 346616.35314105, 166766.46575863 ], [ 346649.35091205, 166766.46519768 ], [ 346662.90026591, 166759.69595908 ], [ 346666.3500596, 166716.46719326 ], [ 346682.35669274, 166716.46699329 ], [ 346685.80792159, 166759.69575494 ], [ 346685.80792159, 166759.69575494 ] ] ], [ [ [ 339789.12418878, 166763.09326315 ], [ 339799.35523238, 166766.54382116 ], [ 339882.3612352, 166766.54367424 ], [ 339882.36060968, 166849.54590812 ], [ 339899.36062356, 166866.54603624 ], [ 339932.3590613, 166866.54600928 ], [ 339935.44151231, 166909.27746622 ], [ 339949.35886077, 166916.55275552 ], [ 339982.35726928, 166916.55266519 ], [ 339982.35702392, 166949.54825612 ], [ 339999.35703512, 166966.54838254 ], [ 340082.35406739, 166966.54826191 ], [ 340082.35382536, 166999.54486369 ], [ 340089.62903098, 167013.46223192 ], [ 340132.36028827, 167016.54496929 ], [ 340132.36017168, 167032.55167754 ], [ 340089.62881699, 167035.63447903 ], [ 340082.35355857, 167049.55163534 ], [ 340082.35331651, 167082.54747276 ], [ 339949.35740951, 167082.54759506 ], [ 339932.35741672, 167099.54746775 ], [ 339932.35685072, 167182.55100213 ], [ 339849.35955386, 167182.5510245 ], [ 339835.81015244, 167189.31994893 ], [ 339832.3592084, 167232.55662585 ], [ 339799.351424, 167232.55663112 ], [ 339782.35142672, 167249.55648319 ], [ 339782.35099165, 167299.55307605 ], [ 339799.35099245, 167316.55322397 ], [ 339949.35581082, 167316.5532171 ], [ 339966.35581007, 167299.55336025 ], [ 339966.35608792, 167266.55660478 ], [ 340009.07954895, 167263.47389834 ], [ 340016.3548327, 167249.55674119 ], [ 340016.35510746, 167216.55097969 ], [ 340199.35764217, 167216.55083157 ], [ 340216.35763773, 167199.5509594 ], [ 340216.35788585, 167166.55416297 ], [ 340249.3566139, 167166.55415168 ], [ 340263.2738348, 167159.27897089 ], [ 340266.35684519, 167116.54732726 ], [ 340349.36315835, 167116.54722648 ], [ 340366.36315123, 167099.54731287 ], [ 340366.363927, 166966.54790771 ], [ 340449.36119325, 166966.54778752 ], [ 340466.36118215, 166949.54787216 ], [ 340466.36143103, 166899.55207298 ], [ 340449.36141861, 166882.55198834 ], [ 340416.36303464, 166882.55201247 ], [ 340416.3632006, 166849.54531495 ], [ 340399.36315282, 166832.54522947 ], [ 340316.34916319, 166832.54539675 ], [ 340313.26669767, 166789.82390841 ], [ 340299.34934931, 166782.54862297 ], [ 340166.36185845, 166782.54890742 ], [ 340166.36203276, 166749.5432704 ], [ 340159.08681272, 166735.62592696 ], [ 340116.35564938, 166732.54321266 ], [ 340116.35573469, 166716.54650528 ], [ 340149.36244863, 166716.54640465 ], [ 340166.3623968, 166699.54652841 ], [ 340166.36276084, 166649.53975229 ], [ 340159.08753318, 166635.6223697 ], [ 340116.35631653, 166632.53973176 ], [ 340113.27385764, 166589.81929819 ], [ 340099.35650391, 166582.54401274 ], [ 340049.36593765, 166582.54417306 ], [ 340035.44875576, 166589.8193676 ], [ 340032.3657486, 166632.53989452 ], [ 339966.36071274, 166632.54010107 ], [ 339966.36123382, 166549.53772646 ], [ 339949.36117793, 166532.53763326 ], [ 339899.36271432, 166532.53779763 ], [ 339882.36277021, 166549.53766956 ], [ 339882.36252157, 166582.54457486 ], [ 339799.3563067, 166582.54477531 ], [ 339782.35636127, 166599.54464549 ], [ 339782.3552158, 166749.54369132 ], [ 339789.12418878, 166763.09326315 ], [ 339789.12418878, 166763.09326315 ] ] ], [ [ [ 348039.17096032, 168313.05974151 ], [ 348082.41038424, 168316.50981272 ], [ 348082.41058898, 168332.50762432 ], [ 348049.40226609, 168332.50796948 ], [ 348035.85284159, 168339.27715452 ], [ 348032.40293635, 168382.50492778 ], [ 347999.40368892, 168382.50520871 ], [ 347982.40383365, 168399.5054646 ], [ 347982.40458638, 168449.51328133 ], [ 347999.40473209, 168466.51302545 ], [ 348099.41233244, 168466.51216819 ], [ 348113.32956309, 168459.2367726 ], [ 348116.41176413, 168416.50417843 ], [ 348149.41098146, 168416.50383135 ], [ 348162.96039167, 168409.73466395 ], [ 348166.41038441, 168366.5068797 ], [ 348182.40967855, 168366.5067443 ], [ 348182.41141408, 168499.50922904 ], [ 348199.41156092, 168516.5090156 ], [ 348232.41096876, 168516.50873056 ], [ 348232.41178948, 168582.51333728 ], [ 348216.41252254, 168582.51347732 ], [ 348212.96137791, 168539.28465277 ], [ 348199.41186024, 168532.51582091 ], [ 348149.41262303, 168532.51635557 ], [ 348132.41280482, 168549.51657124 ], [ 348132.41459248, 168682.518931 ], [ 348066.40711682, 168682.51958204 ], [ 348063.32376971, 168639.79801799 ], [ 348049.4064741, 168632.52295265 ], [ 347999.40724898, 168632.52339276 ], [ 347982.40739862, 168649.52364893 ], [ 347982.40930308, 168782.52603049 ], [ 347916.39488553, 168782.52668874 ], [ 347916.39437973, 168749.51875768 ], [ 347899.39419423, 168732.51901819 ], [ 347849.4029813, 168732.5195637 ], [ 347832.4031668, 168749.51979233 ], [ 347832.40512782, 168882.53231059 ], [ 347749.40895775, 168882.53361537 ], [ 347732.409225, 168899.53389017 ], [ 347732.41124328, 169049.5359799 ], [ 347749.41150557, 169066.53577444 ], [ 347799.40963278, 169066.53500304 ], [ 347813.32676923, 169059.25957584 ], [ 347816.40896869, 169016.53811558 ], [ 347882.39815221, 169016.53723077 ], [ 347885.48139571, 169059.25869341 ], [ 347899.39873896, 169066.53377091 ], [ 347932.41382994, 169066.53340398 ], [ 347932.41402115, 169082.53103566 ], [ 347849.40782048, 169082.53196235 ], [ 347832.40801108, 169099.53217083 ], [ 347832.40841588, 169132.53981551 ], [ 347699.39715881, 169132.54175708 ], [ 347682.3974154, 169149.54196092 ], [ 347682.39861437, 169249.54617124 ], [ 347699.39886527, 169266.54596744 ], [ 347799.41202206, 169266.54459134 ], [ 347813.3291937, 169259.26917858 ], [ 347816.41140345, 169216.5367157 ], [ 347932.41562322, 169216.53539915 ], [ 347935.49885513, 169259.26775399 ], [ 347949.41617139, 169266.54284357 ], [ 348082.42258108, 169266.54154298 ], [ 348085.87360475, 169309.77016039 ], [ 348099.42311837, 169316.53902495 ], [ 348132.42221089, 169316.53872778 ], [ 348132.42374607, 169449.55078088 ], [ 348149.42393202, 169466.55058463 ], [ 348249.42196466, 169466.54959078 ], [ 348263.33916991, 169459.27422282 ], [ 348266.4215047, 169416.54176548 ], [ 348309.15329836, 169413.45856405 ], [ 348316.42838462, 169399.54121288 ], [ 348316.42751921, 169316.53687051 ], [ 348349.41856451, 169316.5365733 ], [ 348363.33576754, 169309.26120684 ], [ 348366.41811071, 169266.53867871 ], [ 348499.4233716, 169266.53737744 ], [ 348516.42321805, 169249.53722804 ], [ 348516.42292797, 169216.52947885 ], [ 348549.41399156, 169216.52918007 ], [ 348566.4138376, 169199.52903251 ], [ 348566.41340361, 169149.53228693 ], [ 348549.41321527, 169132.5324345 ], [ 348516.42208994, 169132.53280001 ], [ 348513.33897378, 169089.80034921 ], [ 348499.42161133, 169082.52524372 ], [ 348466.42247905, 169082.52561001 ], [ 348462.97156234, 169039.29704129 ], [ 348449.42203071, 169032.52815537 ], [ 348416.4228576, 169032.52845639 ], [ 348416.42271375, 169016.53177979 ], [ 348459.14654424, 169013.44858021 ], [ 348466.42164155, 168999.53126104 ], [ 348466.42134838, 168966.52357864 ], [ 348532.41171625, 168966.52290761 ], [ 348535.49482813, 169009.2552913 ], [ 348549.41219184, 169016.53039752 ], [ 348649.42751852, 169016.52938277 ], [ 348666.42736303, 168999.52920502 ], [ 348666.4270179, 168966.52147883 ], [ 348699.42618141, 168966.52117622 ], [ 348713.34338256, 168959.24580852 ], [ 348716.42572346, 168916.52324926 ], [ 348732.41591293, 168916.52310338 ], [ 348735.49903098, 168959.24550387 ], [ 348749.41636654, 168966.52061772 ], [ 348799.43255186, 168966.52015907 ], [ 348813.34975146, 168959.24479361 ], [ 348816.43210258, 168916.5222028 ], [ 348849.43123212, 168916.5218356 ], [ 348863.34840624, 168909.24645909 ], [ 348866.43074753, 168866.51397912 ], [ 348982.4363338, 168866.51279453 ], [ 348982.43661682, 168899.52051161 ], [ 348999.43679717, 168916.52036584 ], [ 349049.43621796, 168916.51983543 ], [ 349063.35339637, 168909.24446538 ], [ 349066.43575634, 168866.51203514 ], [ 349082.43630811, 168866.51190014 ], [ 349082.43822873, 169099.51936295 ], [ 349099.43837515, 169116.51922497 ], [ 349199.44556509, 169116.5183635 ], [ 349216.44541864, 169099.51821656 ], [ 349216.4447011, 169016.52378336 ], [ 349299.44373767, 169016.52300685 ], [ 349313.36095888, 169009.24762516 ], [ 349316.44322314, 168966.51518021 ], [ 349382.4423108, 168966.51455093 ], [ 349385.52546089, 169009.24705003 ], [ 349399.44281079, 169016.52215052 ], [ 349432.45040464, 169016.52180181 ], [ 349432.45059607, 169032.51851143 ], [ 349399.4430702, 169032.51879509 ], [ 349382.4432163, 169049.51899395 ], [ 349382.44380116, 169099.51663858 ], [ 349389.71917795, 169113.43380321 ], [ 349432.45160078, 169116.5161551 ], [ 349432.45179216, 169132.523899 ], [ 349399.44423879, 169132.52418455 ], [ 349382.44438585, 169149.52438325 ], [ 349382.44497023, 169199.52102795 ], [ 349399.44511778, 169216.52082924 ], [ 349549.45202052, 169216.51942696 ], [ 349563.00142745, 169209.75026021 ], [ 349566.45142714, 169166.5226394 ], [ 349582.44307565, 169166.52250095 ], [ 349582.44419903, 169249.52684849 ], [ 349589.21334711, 169263.07620663 ], [ 349632.46109101, 169266.52634428 ], [ 349632.46201464, 169332.53072075 ], [ 349589.21443891, 169335.98164833 ], [ 349582.44557208, 169349.53122664 ], [ 349582.44599191, 169382.52889911 ], [ 349539.72951958, 169385.61202852 ], [ 349532.45443231, 169399.52943514 ], [ 349532.45490938, 169432.53701429 ], [ 349489.22421951, 169435.9880196 ], [ 349482.45536612, 169449.53757873 ], [ 349482.45637739, 169532.53190683 ], [ 349439.22563985, 169535.98283515 ], [ 349432.4567694, 169549.53240244 ], [ 349432.45796052, 169649.53678987 ], [ 349449.45814648, 169666.53658742 ], [ 349599.44977145, 169666.53504636 ], [ 349616.44958541, 169649.53483047 ], [ 349616.44779588, 169516.53287759 ], [ 349659.18929879, 169513.44974376 ], [ 349666.46438277, 169499.53233056 ], [ 349666.46388856, 169466.53569723 ], [ 349709.18833012, 169463.45257114 ], [ 349716.46342365, 169449.53518066 ], [ 349716.46298649, 169416.52758562 ], [ 349759.18736285, 169413.44438171 ], [ 349766.46243811, 169399.52699937 ], [ 349766.46125026, 169316.52277649 ], [ 349849.46853691, 169316.52198431 ], [ 349866.46838818, 169299.52171145 ], [ 349866.46597989, 169149.51971546 ], [ 349859.69681372, 169135.97040006 ], [ 349816.45009965, 169132.52027448 ], [ 349816.44747536, 168966.51064345 ], [ 349899.46240371, 168966.50983367 ], [ 349916.46222434, 168949.50962725 ], [ 349916.46133473, 168866.50444938 ], [ 349949.4607847, 168866.50416986 ], [ 349966.4606407, 168849.50402431 ], [ 349966.46021263, 168799.50740933 ], [ 349949.46006942, 168782.50755489 ], [ 349866.46106442, 168782.50825402 ], [ 349863.37796745, 168739.77589959 ], [ 349849.46063965, 168732.50077747 ], [ 349749.45363695, 168732.5016148 ], [ 349732.45377929, 168749.50176018 ], [ 349732.45463457, 168849.50610878 ], [ 349749.45481248, 168866.50596338 ], [ 349782.44633141, 168866.5056181 ], [ 349782.44646835, 168882.51330704 ], [ 349699.45546596, 168882.51401329 ], [ 349682.45561062, 168899.5142103 ], [ 349682.45669463, 168982.51952534 ], [ 349616.44059532, 168982.52009123 ], [ 349616.43960703, 168899.51477114 ], [ 349609.16423317, 168885.59760252 ], [ 349566.44797622, 168882.51524452 ], [ 349566.44443825, 168499.49684259 ], [ 349549.44430002, 168482.49702178 ], [ 349516.44484228, 168482.49729011 ], [ 349516.44456052, 168449.49964781 ], [ 349509.16920535, 168435.58244467 ], [ 349466.44486471, 168432.50005971 ], [ 349466.44472808, 168416.49242272 ], [ 349509.16890791, 168413.40934541 ], [ 349516.44403357, 168399.49201235 ], [ 349516.44317984, 168299.49764195 ], [ 349499.44304478, 168282.4977871 ], [ 349466.44348438, 168282.49804926 ], [ 349466.44139591, 168049.48065226 ], [ 349449.44126483, 168032.48079732 ], [ 349416.43376893, 168032.48105183 ], [ 349413.35060245, 167989.75954953 ], [ 349399.43329493, 167982.48443947 ], [ 349349.43384556, 167982.48482301 ], [ 349335.51662906, 167989.76017624 ], [ 349332.43425326, 168032.4816994 ], [ 349289.20384494, 168035.93256758 ], [ 349282.43494627, 168049.48209868 ], [ 349282.435654, 168132.48737476 ], [ 349216.43665387, 168132.48788936 ], [ 349216.43475423, 167899.48045739 ], [ 349199.43465652, 167882.48055488 ], [ 349149.43510684, 167882.48084225 ], [ 349135.5178689, 167889.75617942 ], [ 349132.43545992, 167932.48873079 ], [ 349116.42794416, 167932.48885417 ], [ 349116.42736776, 167849.48444269 ], [ 349099.4272354, 167832.48457426 ], [ 349049.42668554, 167832.48496356 ], [ 349035.87727003, 167839.25407636 ], [ 349032.42707336, 167882.4817487 ], [ 349016.42762357, 167882.48187265 ], [ 349016.42698081, 167799.47746948 ], [ 348999.42684249, 167782.47760112 ], [ 348949.42742928, 167782.47800797 ], [ 348932.42756761, 167799.47814054 ], [ 348932.42853907, 167932.49030002 ], [ 348889.69636124, 167935.57337793 ], [ 348882.42123257, 167949.49070143 ], [ 348882.42162513, 167999.48835224 ], [ 348889.6969768, 168013.40556461 ], [ 348932.4292055, 168016.48795113 ], [ 348932.42955036, 168049.48474968 ], [ 348939.19868125, 168063.03413363 ], [ 348982.42909288, 168066.48430304 ], [ 348982.42937435, 168099.49196784 ], [ 348989.19849139, 168113.04137399 ], [ 349032.42900122, 168116.49156689 ], [ 349032.42916946, 168132.4893235 ], [ 348989.7049285, 168135.57239191 ], [ 348982.42980087, 168149.48972625 ], [ 348982.43057527, 168232.49414067 ], [ 348966.43123463, 168232.49427478 ], [ 348963.34813383, 168189.77287745 ], [ 348949.43080734, 168182.49775594 ], [ 348916.42338646, 168182.49803062 ], [ 348913.34020321, 168139.76551147 ], [ 348899.42289008, 168132.49040774 ], [ 348866.4235598, 168132.49068039 ], [ 348866.4231999, 168099.49296845 ], [ 348849.42306047, 168082.49315386 ], [ 348749.4072767, 168082.49397402 ], [ 348735.85784597, 168089.26311639 ], [ 348732.40778424, 168132.49182113 ], [ 348716.41739649, 168132.49198515 ], [ 348713.33419417, 168089.76948369 ], [ 348699.41688487, 168082.49438386 ], [ 348666.41747217, 168082.4946543 ], [ 348666.41661107, 167999.49005818 ], [ 348649.4164393, 167982.49024543 ], [ 348616.41706969, 167982.49057886 ], [ 348616.41680105, 167949.49286411 ], [ 348609.1414478, 167935.57565555 ], [ 348566.40025618, 167932.49327029 ], [ 348563.31717454, 167889.76088696 ], [ 348549.39984789, 167882.48576033 ], [ 348516.40843813, 167882.48602825 ], [ 348516.40816642, 167849.48927911 ], [ 348499.40802823, 167832.4894191 ], [ 348449.40861782, 167832.48982551 ], [ 348435.49140808, 167839.76518017 ], [ 348432.40902931, 167882.48671029 ], [ 348399.40962405, 167882.48697819 ], [ 348385.49241388, 167889.76233322 ], [ 348382.41003708, 167932.49476254 ], [ 348316.41122394, 167932.49529768 ], [ 348316.41042439, 167849.49086723 ], [ 348309.13504164, 167835.57367693 ], [ 348266.40286956, 167832.49137867 ], [ 348263.31977673, 167789.75892976 ], [ 348249.40245161, 167782.48380564 ], [ 348199.40303846, 167782.48421229 ], [ 348185.85362271, 167789.25333324 ], [ 348182.40345802, 167832.49209509 ], [ 348099.40464314, 167832.49276927 ], [ 348085.48743133, 167839.76812677 ], [ 348082.40506568, 167882.48955079 ], [ 347899.38243958, 167882.49103527 ], [ 347882.38257743, 167899.49118511 ], [ 347882.38337513, 167982.49655672 ], [ 347749.3945688, 167982.49823172 ], [ 347732.39479589, 167999.49844871 ], [ 347732.39623688, 168099.50322562 ], [ 347749.39649903, 168116.5029527 ], [ 347799.39506764, 168116.50218166 ], [ 347816.39480548, 168099.50191374 ], [ 347816.39428525, 168066.49410101 ], [ 347882.38439362, 168066.49334284 ], [ 347882.38636084, 168199.50703097 ], [ 347899.38650154, 168216.50677107 ], [ 347982.40128017, 168216.50601788 ], [ 347985.48463697, 168259.22770314 ], [ 347999.4019523, 168266.50275935 ], [ 348032.40137136, 168266.50241813 ], [ 348032.40179776, 168299.51037558 ], [ 348039.17096032, 168313.05974151 ], [ 348039.17096032, 168313.05974151 ] ] ], [ [ [ 348762.98050413, 170559.80816765 ], [ 348766.43044618, 170499.56937655 ], [ 348759.66143613, 170486.02009496 ], [ 348716.44076567, 170482.56932 ], [ 348716.44058246, 170466.57165364 ], [ 348749.42990792, 170466.57181212 ], [ 348762.97950445, 170459.80274232 ], [ 348766.42962243, 170416.56522838 ], [ 348899.44231367, 170416.56578434 ], [ 348916.44238491, 170399.56564563 ], [ 348916.44197696, 170349.56769321 ], [ 348899.44200316, 170332.56783192 ], [ 348716.43908332, 170332.56728685 ], [ 348713.3559874, 170289.84476835 ], [ 348699.43878648, 170282.56960402 ], [ 348666.43982234, 170282.56957615 ], [ 348663.35663384, 170239.83811129 ], [ 348649.43943787, 170232.56297024 ], [ 348616.44056332, 170232.56296419 ], [ 348613.35736019, 170189.84053629 ], [ 348599.44015736, 170182.56540147 ], [ 348566.42417229, 170182.56541724 ], [ 348563.3409468, 170139.83311525 ], [ 348549.42371069, 170132.55799744 ], [ 348516.43271541, 170132.55810101 ], [ 348513.34939747, 170089.83685294 ], [ 348499.43216634, 170082.56175842 ], [ 348466.43319461, 170082.56188382 ], [ 348466.43201638, 169999.55696454 ], [ 348449.4318955, 169982.55721934 ], [ 348366.42595495, 169982.55774392 ], [ 348366.42475885, 169899.5541978 ], [ 348349.42458147, 169882.5544292 ], [ 348316.43352767, 169882.55477341 ], [ 348316.43257843, 169799.56066635 ], [ 348309.66343323, 169786.01125126 ], [ 348266.42538952, 169782.56117938 ], [ 348263.34217459, 169739.82870894 ], [ 348249.42483126, 169732.55362373 ], [ 348216.42581887, 169732.55398024 ], [ 348213.34259989, 169689.83151047 ], [ 348199.42525689, 169682.55642627 ], [ 348166.42627169, 169682.5567835 ], [ 348166.42537851, 169599.55239793 ], [ 348149.42522772, 169582.55259437 ], [ 348116.42616279, 169582.55288707 ], [ 348116.425778, 169549.54520412 ], [ 348099.42562685, 169532.5454023 ], [ 347599.41376452, 169532.55077068 ], [ 347582.41396447, 169549.5509712 ], [ 347582.41487757, 169632.55503941 ], [ 347449.41240538, 169632.55655983 ], [ 347435.49522009, 169639.8319599 ], [ 347432.41298, 169682.56421336 ], [ 347199.41308973, 169682.56664001 ], [ 347185.49587866, 169689.84202457 ], [ 347182.41361253, 169732.56431475 ], [ 347166.41545808, 169732.56446054 ], [ 347163.33233392, 169689.84230686 ], [ 347149.41497021, 169682.56720397 ], [ 347066.40264188, 169682.56807451 ], [ 347066.40235168, 169649.56068784 ], [ 347049.40215695, 169632.56083729 ], [ 346999.41197632, 169632.56140992 ], [ 346985.8626019, 169639.33055077 ], [ 346982.41245824, 169682.56898849 ], [ 346899.41607805, 169682.56982552 ], [ 346882.41623599, 169699.57000433 ], [ 346882.41658305, 169732.56738427 ], [ 346866.40142906, 169732.56756242 ], [ 346862.95052112, 169689.33926777 ], [ 346849.40095897, 169682.57039025 ], [ 346799.41077411, 169682.57095496 ], [ 346785.86139985, 169689.34009202 ], [ 346782.4112412, 169732.56839709 ], [ 346716.41486469, 169732.56906475 ], [ 346712.96399621, 169689.34090108 ], [ 346699.41451608, 169682.57198465 ], [ 346666.40806615, 169682.57214081 ], [ 346663.32501001, 169639.84014081 ], [ 346649.40772401, 169632.56499387 ], [ 346549.41092546, 169632.5655828 ], [ 346532.4110426, 169649.56570655 ], [ 346532.41194423, 169782.57729312 ], [ 346516.41352458, 169782.57736395 ], [ 346513.33057348, 169739.84539761 ], [ 346499.41324812, 169732.57023539 ], [ 346466.41483607, 169732.57045268 ], [ 346466.41472879, 169716.57325394 ], [ 346499.41312514, 169716.57303154 ], [ 346516.41301057, 169699.57294662 ], [ 346516.41216038, 169549.56233378 ], [ 346499.4120379, 169532.56241888 ], [ 346466.41372689, 169532.56265662 ], [ 346466.41357089, 169499.56550204 ], [ 346449.41344575, 169482.56558241 ], [ 346316.4096899, 169482.56646175 ], [ 346316.40936759, 169399.56317349 ], [ 346299.40923706, 169382.56323953 ], [ 345999.39491917, 169382.56544444 ], [ 345982.39501585, 169399.56544749 ], [ 345982.39503904, 169532.56574872 ], [ 345949.40566882, 169532.56598711 ], [ 345932.40579166, 169549.56598505 ], [ 345932.40578138, 169632.56914283 ], [ 345899.4072832, 169632.5693711 ], [ 345882.40740081, 169649.56936401 ], [ 345882.40727871, 169782.58047971 ], [ 345839.68402274, 169785.66338243 ], [ 345832.40881665, 169799.58061451 ], [ 345832.4086893, 169882.57369796 ], [ 345789.16218911, 169886.0243766 ], [ 345782.39319395, 169899.57377209 ], [ 345782.39288222, 169982.57662927 ], [ 345699.40372065, 169982.57699124 ], [ 345682.40379478, 169999.57692262 ], [ 345682.40278442, 170249.58011923 ], [ 345699.40290051, 170266.58018802 ], [ 345732.40131433, 170266.57996268 ], [ 345732.40125175, 170282.58584533 ], [ 345699.40249829, 170282.58600777 ], [ 345685.48531931, 170289.86123996 ], [ 345682.40244831, 170332.58294679 ], [ 345639.67897234, 170335.66593589 ], [ 345632.40376935, 170349.58310696 ], [ 345632.40355977, 170399.57993155 ], [ 345649.40368058, 170416.58000281 ], [ 345682.40210785, 170416.57976828 ], [ 345682.40177111, 170499.58231872 ], [ 345689.17081449, 170513.13188277 ], [ 345732.40033546, 170516.5821469 ], [ 345735.48293531, 170559.3135939 ], [ 345749.40029773, 170566.58883849 ], [ 345932.40390189, 170566.58765056 ], [ 345932.40379069, 170599.58429835 ], [ 345939.67907672, 170613.50165525 ], [ 345982.39341519, 170616.58410818 ], [ 345982.39337448, 170649.58975213 ], [ 345989.66867283, 170663.5070814 ], [ 346032.40900854, 170666.58952233 ], [ 346035.49172709, 170709.31097289 ], [ 346049.40910313, 170716.586181 ], [ 346082.40761565, 170716.58592712 ], [ 346082.40758393, 170749.58256321 ], [ 346089.68288542, 170763.49989003 ], [ 346132.40630263, 170766.58232247 ], [ 346132.40756752, 170849.58424109 ], [ 346139.6830236, 170863.50119874 ], [ 346182.41513147, 170866.58351036 ], [ 346185.49965904, 170909.31363346 ], [ 346199.41676724, 170916.58844279 ], [ 346232.4162348, 170916.58817087 ], [ 346232.41780079, 170949.58300432 ], [ 346239.69336781, 170963.49969512 ], [ 346282.41741799, 170966.58192253 ], [ 346282.41817978, 170982.5870203 ], [ 346249.41999654, 170982.58736417 ], [ 346232.42017371, 170999.58817091 ], [ 346232.42481862, 171099.57737078 ], [ 346249.42496479, 171116.57659808 ], [ 346382.43122154, 171116.57535405 ], [ 346382.43280165, 171149.58117531 ], [ 346399.43298347, 171166.58036145 ], [ 346482.43139464, 171166.57953957 ], [ 346485.5160346, 171209.29965456 ], [ 346499.43313321, 171216.57443665 ], [ 346532.43268329, 171216.57414655 ], [ 346532.43434335, 171249.57889271 ], [ 346549.43449435, 171266.57803765 ], [ 346732.43883034, 171266.57622836 ], [ 346732.44541753, 171399.5720416 ], [ 346749.44561615, 171416.57121236 ], [ 346799.44474649, 171416.57062814 ], [ 346816.44454784, 171399.56976442 ], [ 346816.44039703, 171316.57037872 ], [ 346899.44682088, 171316.56941025 ], [ 346916.44662253, 171299.56857955 ], [ 346916.44250099, 171216.57016301 ], [ 347032.43167653, 171216.56881138 ], [ 347032.43249185, 171232.57283472 ], [ 346949.44300747, 171232.57380259 ], [ 346932.44320573, 171249.57466777 ], [ 346932.44819471, 171349.57468196 ], [ 346949.44835925, 171366.57385089 ], [ 347049.43855112, 171366.57278293 ], [ 347066.43835251, 171349.57191689 ], [ 347066.43667117, 171316.5675613 ], [ 347132.4507934, 171316.56679076 ], [ 347132.45241066, 171349.57244763 ], [ 347149.45260927, 171366.57161463 ], [ 347482.4556841, 171366.56782296 ], [ 347482.45737352, 171399.56351397 ], [ 347499.45753839, 171416.56264355 ], [ 347782.46959546, 171416.55943175 ], [ 347782.47122474, 171449.56408854 ], [ 347799.47138988, 171466.56324933 ], [ 348099.47769704, 171466.56841835 ], [ 348113.39561407, 171459.29291427 ], [ 348116.47657006, 171416.56466015 ], [ 348182.47264086, 171416.56637637 ], [ 348185.55713554, 171459.29619807 ], [ 348199.47378364, 171466.5711684 ], [ 348249.47180972, 171466.57244411 ], [ 348266.47224346, 171449.57167067 ], [ 348266.46521932, 171299.56656017 ], [ 348259.18992814, 171285.65006142 ], [ 348216.46634107, 171282.56657461 ], [ 348213.01404704, 171239.33955476 ], [ 348199.4651652, 171232.57079779 ], [ 348166.4657689, 171232.57002166 ], [ 348166.46019954, 171116.5651288 ], [ 348182.45841557, 171116.56544924 ], [ 348185.54292791, 171159.29621576 ], [ 348199.45964193, 171166.57115954 ], [ 348599.46228741, 171166.57958625 ], [ 348616.46263751, 171149.57887944 ], [ 348616.46126528, 171116.5741597 ], [ 348659.18359796, 171113.49204591 ], [ 348666.45877631, 171099.5740871 ], [ 348666.45524851, 171016.58456044 ], [ 348709.17761939, 171013.50240944 ], [ 348716.45279089, 170999.58446022 ], [ 348716.44508498, 170816.58306801 ], [ 348749.43352832, 170816.58356783 ], [ 348766.43378589, 170799.58331235 ], [ 348766.43303436, 170749.57677007 ], [ 348749.43325027, 170732.57702556 ], [ 348716.44346716, 170732.57660658 ], [ 348716.44277535, 170666.58131358 ], [ 348749.43185827, 170666.58162373 ], [ 348766.4320181, 170649.58146815 ], [ 348766.43156043, 170599.57481613 ], [ 348749.43174323, 170582.57497171 ], [ 348716.44181164, 170582.57461698 ], [ 348716.44162822, 170566.5769519 ], [ 348749.4308654, 170566.57721921 ], [ 348762.98050413, 170559.80816765 ], [ 348762.98050413, 170559.80816765 ] ] ], [ [ [ 339849.15158075, 171209.08429331 ], [ 339855.57509548, 171216.61177462 ], [ 339882.32812457, 171216.61179109 ], [ 339882.51438687, 171255.62921325 ], [ 339892.16781548, 171262.89322748 ], [ 339913.22460178, 171316.61636295 ], [ 340049.33302122, 171316.61623921 ], [ 340066.3329841, 171299.61631131 ], [ 340066.33333616, 171216.61200066 ], [ 340082.32437319, 171216.61200986 ], [ 340085.40693919, 171259.34334701 ], [ 340099.32422994, 171266.61862442 ], [ 340132.33129775, 171266.61863038 ], [ 340132.33070463, 171382.62140922 ], [ 340116.32366832, 171382.62142478 ], [ 340116.32380839, 171349.62390744 ], [ 340099.32376456, 171332.62383527 ], [ 339999.32562587, 171332.62399257 ], [ 339982.32563553, 171349.62392059 ], [ 339982.32542381, 171399.62156507 ], [ 339999.32543999, 171416.62163706 ], [ 340032.33248801, 171416.62160562 ], [ 340032.33242017, 171432.62827204 ], [ 339989.60044668, 171435.71111789 ], [ 339982.32521211, 171449.6283102 ], [ 339985.18335467, 171500.31042739 ], [ 340007.12188438, 171516.62599858 ], [ 340032.33196416, 171516.62590477 ], [ 340032.33184183, 171545.49343275 ], [ 340063.2261442, 171566.62351101 ], [ 340164.19056783, 171609.60208583 ], [ 340193.17015914, 171655.91422201 ], [ 340202.35812303, 171687.47390481 ], [ 340203.79354421, 171717.0164484 ], [ 340194.94547565, 171750.06339203 ], [ 340207.78405231, 171816.63853361 ], [ 340232.32691614, 171816.63833559 ], [ 340232.32683578, 171832.63629827 ], [ 340210.74119252, 171835.08270759 ], [ 340215.84878658, 171860.87606175 ], [ 340184.66233559, 171881.1620245 ], [ 340191.75686027, 171932.4149316 ], [ 340183.4336409, 171943.92372208 ], [ 340213.09206421, 171976.65324168 ], [ 340208.73838316, 171996.78414085 ], [ 340219.66535065, 172023.3414784 ], [ 340231.0442284, 172028.68920095 ], [ 340254.56784595, 172068.10577861 ], [ 340280.11867692, 172100.69479409 ], [ 340278.79724534, 172115.14813245 ], [ 340303.23524266, 172135.31559683 ], [ 340299.26410371, 172168.8561104 ], [ 340318.579453, 172204.99234801 ], [ 340340.2462623, 172230.42542484 ], [ 340378.60091213, 172265.77310483 ], [ 340393.66052047, 172294.91651732 ], [ 340416.47168569, 172316.65338676 ], [ 340432.32886962, 172316.65317867 ], [ 340432.32866649, 172344.45329908 ], [ 340468.36114065, 172381.04514366 ], [ 340488.1097067, 172416.65719782 ], [ 340532.33433742, 172416.65650132 ], [ 340532.33391201, 172483.89736372 ], [ 340563.46258264, 172516.6617953 ], [ 340582.33273856, 172516.66148632 ], [ 340582.33263764, 172535.67014303 ], [ 340612.74368827, 172566.6578158 ], [ 340699.33891109, 172566.65637027 ], [ 340713.25591533, 172559.38110246 ], [ 340716.33886857, 172516.6592565 ], [ 340732.33893453, 172516.65896212 ], [ 340735.42152321, 172559.38023953 ], [ 340749.3390433, 172566.65543501 ], [ 340782.33766668, 172566.65488349 ], [ 340785.78799349, 172609.88340981 ], [ 340799.33774877, 172616.65237009 ], [ 340882.34346452, 172616.6508564 ], [ 340882.34334739, 172632.65853622 ], [ 340839.10508504, 172636.10979118 ], [ 340832.33619121, 172649.65905027 ], [ 340832.3351248, 172791.68813059 ], [ 340853.63311232, 172824.90178386 ], [ 340860.92708273, 172846.32211717 ], [ 340886.87288211, 172872.84234137 ], [ 340890.65431068, 172912.73720145 ], [ 340899.34173391, 172916.66575466 ], [ 340982.34005548, 172916.6639335 ], [ 340985.79035729, 172959.89261909 ], [ 340999.34017112, 172966.66156534 ], [ 341049.33995533, 172966.66041002 ], [ 341063.2568683, 172959.3851172 ], [ 341066.33984077, 172916.66206976 ], [ 341299.34817006, 172916.65697474 ], [ 341312.89731871, 172909.88791888 ], [ 341316.34809646, 172866.65866343 ], [ 341359.06391048, 172863.57515799 ], [ 341366.33902963, 172849.65815425 ], [ 341366.34012809, 172716.64516815 ], [ 341599.36436636, 172716.64021031 ], [ 341616.36401653, 172699.64014139 ], [ 341616.36388275, 172666.64358491 ], [ 341749.37235401, 172666.64081675 ], [ 341766.37200855, 172649.6406926 ], [ 341766.37164337, 172599.63348819 ], [ 341749.37130262, 172582.63361234 ], [ 341716.36291529, 172582.63427396 ], [ 341716.36240827, 172499.641062 ], [ 341699.36207703, 172482.64117945 ], [ 341566.36353858, 172482.64367002 ], [ 341566.36341723, 172449.6365797 ], [ 341559.59423589, 172436.0870431 ], [ 341516.35581468, 172432.63727541 ], [ 341516.35579432, 172416.63994192 ], [ 341699.36213797, 172416.63664537 ], [ 341713.27918527, 172409.36126106 ], [ 341716.36165328, 172366.63014558 ], [ 341782.36965058, 172366.62904564 ], [ 341785.45267891, 172409.3598622 ], [ 341799.37016293, 172416.63495115 ], [ 341882.36911288, 172416.63344387 ], [ 341882.36939596, 172449.63036282 ], [ 341899.36968911, 172466.63021697 ], [ 342049.37647834, 172466.62742924 ], [ 342066.37615097, 172449.62722831 ], [ 342066.37437678, 172299.62716929 ], [ 342049.37409754, 172282.62737052 ], [ 341866.36844647, 172282.63044101 ], [ 341863.28533425, 172239.898663 ], [ 341849.36790201, 172232.62357953 ], [ 341766.36924932, 172232.62491737 ], [ 341766.36863679, 172149.63166289 ], [ 341749.36837241, 172132.63178842 ], [ 341716.36025936, 172132.63230176 ], [ 341713.27720521, 172089.9004604 ], [ 341699.35980344, 172082.62535121 ], [ 341666.3607137, 172082.62578907 ], [ 341666.3606405, 172066.62853147 ], [ 341709.08470495, 172063.54518928 ], [ 341716.3597796, 172049.6279178 ], [ 341716.35954865, 172016.62160624 ], [ 341749.36784275, 172016.62118633 ], [ 341766.36762649, 171999.62109419 ], [ 341766.36698405, 171899.61666036 ], [ 341759.09160004, 171885.69941835 ], [ 341716.3587432, 171882.61718826 ], [ 341716.35866283, 171866.62097985 ], [ 341759.0915135, 171863.53775657 ], [ 341766.36661218, 171849.62046077 ], [ 341766.36636645, 171816.62319084 ], [ 341799.3655519, 171816.62280731 ], [ 341816.36535433, 171799.62269664 ], [ 341816.36444531, 171616.6172794 ], [ 341859.08808964, 171613.53418868 ], [ 341866.36323, 171599.61691099 ], [ 341866.36307592, 171566.61126962 ], [ 341909.08670193, 171563.52818669 ], [ 341916.36184273, 171549.61090401 ], [ 341916.36159553, 171499.61434032 ], [ 341899.36145445, 171482.61442437 ], [ 341816.36375547, 171482.61517894 ], [ 341816.36295593, 171316.60988342 ], [ 341999.35808761, 171316.60863486 ], [ 342016.35796218, 171299.60850715 ], [ 342016.35721067, 171199.60662942 ], [ 342009.08188806, 171185.68943159 ], [ 341966.35843502, 171182.60691928 ], [ 341966.35819567, 171149.61042941 ], [ 341959.08287653, 171135.69322953 ], [ 341916.35943831, 171132.61070689 ], [ 341916.35920763, 171099.604106 ], [ 341909.08389195, 171085.68690404 ], [ 341866.36046853, 171082.60437107 ], [ 341866.36024661, 171049.60885926 ], [ 341859.59116806, 171036.05945151 ], [ 341816.36155979, 171032.60911194 ], [ 341816.36148842, 171016.61253171 ], [ 341859.08482914, 171013.52962758 ], [ 341866.36001007, 170999.61232055 ], [ 341866.35940992, 170849.60362758 ], [ 341859.59037286, 170836.0541459 ], [ 341816.36104246, 170832.60374593 ], [ 341816.36121974, 170799.60708822 ], [ 341799.36116332, 170782.60699688 ], [ 341716.35532573, 170782.60720629 ], [ 341713.27286718, 170739.87670848 ], [ 341699.35551184, 170732.60142348 ], [ 341616.35857259, 170732.60169893 ], [ 341616.35868978, 170716.60489406 ], [ 341649.35743151, 170716.60478446 ], [ 341666.35737505, 170699.60487522 ], [ 341666.35837597, 170549.60549435 ], [ 341649.35835336, 170532.60536956 ], [ 341616.359938, 170532.60541344 ], [ 341616.36044637, 170449.60191706 ], [ 341599.36038968, 170432.60182645 ], [ 341566.36207298, 170432.60193648 ], [ 341563.27953532, 170389.87145609 ], [ 341549.36219181, 170382.5961885 ], [ 341516.35590827, 170382.59629862 ], [ 341516.35641479, 170299.6027367 ], [ 341509.08117469, 170285.68537886 ], [ 341466.35803914, 170282.60275672 ], [ 341462.90770006, 170239.36604055 ], [ 341449.35815713, 170232.59700918 ], [ 341366.34427084, 170232.59722063 ], [ 341366.34517235, 170099.5979552 ], [ 341349.3451154, 170082.59783152 ], [ 341316.35572767, 170082.59794203 ], [ 341316.35596741, 170049.59131861 ], [ 341309.08073775, 170035.67393489 ], [ 341266.35752186, 170032.59130572 ], [ 341266.35776118, 169999.59468238 ], [ 341249.35773817, 169982.59455908 ], [ 341066.35467125, 169982.59500648 ], [ 341063.27212853, 169939.87449283 ], [ 341049.35478554, 169932.59922641 ], [ 340866.35226729, 169932.59943708 ], [ 340863.26971605, 169889.86787029 ], [ 340849.352514, 169882.59255958 ], [ 340666.34754567, 169882.59148419 ], [ 340666.34774767, 169849.59470095 ], [ 340649.34782985, 169832.59459688 ], [ 340516.33485703, 169832.59385366 ], [ 340513.25231564, 169789.87327212 ], [ 340499.33511354, 169782.59795876 ], [ 340099.33429504, 169782.59560158 ], [ 340082.33421174, 169799.595525 ], [ 340082.33406311, 169832.59134976 ], [ 339999.33612871, 169832.59084652 ], [ 339985.41879731, 169839.86601077 ], [ 339982.33586117, 169882.58766601 ], [ 339899.3378875, 169882.58720018 ], [ 339882.33780559, 169899.58712123 ], [ 339882.33765231, 169932.59395905 ], [ 339766.33168213, 169932.59333885 ], [ 339763.24916763, 169889.86170376 ], [ 339749.33198473, 169882.58637682 ], [ 339549.32695449, 169882.58455664 ], [ 339535.40959837, 169889.85971361 ], [ 339532.32666551, 169932.59137309 ], [ 339499.32754101, 169932.59103035 ], [ 339485.77798357, 169939.35992213 ], [ 339482.32712439, 169982.58690389 ], [ 339449.32791547, 169982.58663965 ], [ 339435.77839162, 169989.35554036 ], [ 339432.32752159, 170032.58364862 ], [ 339399.31930053, 170032.58339984 ], [ 339385.40197872, 170039.85853374 ], [ 339382.31891815, 170082.5904416 ], [ 339349.31969616, 170082.59020836 ], [ 339332.319576, 170099.59007923 ], [ 339332.31881656, 170199.593453 ], [ 339339.59398087, 170213.51079687 ], [ 339382.31788648, 170216.59371747 ], [ 339385.76811115, 170259.82187274 ], [ 339399.31760523, 170266.59095081 ], [ 339432.32569553, 170266.59100391 ], [ 339432.32372386, 170532.60160257 ], [ 339389.08446758, 170536.05215172 ], [ 339382.31542753, 170549.60151454 ], [ 339382.31517435, 170582.59887652 ], [ 339249.31770343, 170582.59937401 ], [ 339235.76832667, 170589.36834365 ], [ 339232.31752407, 170632.60568615 ], [ 339199.31017349, 170632.60582475 ], [ 339182.31024487, 170649.60573553 ], [ 339182.3099825, 170699.60310088 ], [ 339189.58523435, 170713.52046586 ], [ 339232.31694048, 170716.60303558 ], [ 339235.39949157, 170759.32495065 ], [ 339249.31688597, 170766.60019782 ], [ 339299.31592944, 170766.59983899 ], [ 339313.2330585, 170759.32462368 ], [ 339316.3160534, 170716.60254127 ], [ 339332.31513419, 170716.60246596 ], [ 339332.31419537, 170849.60284022 ], [ 339349.3143342, 170866.60296862 ], [ 339399.31336693, 170866.60256031 ], [ 339413.23048173, 170859.3273414 ], [ 339416.31348078, 170816.60525882 ], [ 339459.04654323, 170813.52224906 ], [ 339466.32174887, 170799.60510279 ], [ 339466.32193913, 170766.59883589 ], [ 339482.32104628, 170766.59872026 ], [ 339485.77130358, 170809.83559178 ], [ 339499.32091783, 170816.60461935 ], [ 339582.31882426, 170816.60397807 ], [ 339582.31855779, 170849.6006835 ], [ 339589.59382466, 170863.51810683 ], [ 339632.32545477, 170866.60054921 ], [ 339632.32532751, 170882.60760207 ], [ 339589.59334836, 170885.69072037 ], [ 339582.31816336, 170899.60784066 ], [ 339582.31761822, 170999.61268639 ], [ 339599.31780168, 171016.61276206 ], [ 339632.32464608, 171016.61240586 ], [ 339632.32443556, 171049.61006395 ], [ 339649.32462115, 171066.61017241 ], [ 339749.32276724, 171066.60918052 ], [ 339766.32261558, 171049.60925249 ], [ 339766.32296692, 170966.6034528 ], [ 339832.33014306, 170966.60369654 ], [ 339835.41269486, 171009.33627378 ], [ 339849.32993302, 171016.6115724 ], [ 339882.32897009, 171016.61170945 ], [ 339882.32890244, 171032.60949562 ], [ 339839.60508757, 171035.69206491 ], [ 339832.32979245, 171049.60929945 ], [ 339832.32958131, 171099.60609875 ], [ 339839.60478696, 171113.52341426 ], [ 339882.32854728, 171116.60621623 ], [ 339882.3284796, 171132.61400352 ], [ 339849.32938718, 171132.61397051 ], [ 339832.32937018, 171149.61389875 ], [ 339832.32916191, 171198.94722471 ], [ 339849.15158075, 171209.08429331 ], [ 339849.15158075, 171209.08429331 ] ] ], [ [ [ 343759.12114969, 171485.68062423 ], [ 343749.39643256, 171482.59804395 ], [ 343649.39868458, 171482.59896661 ], [ 343632.39882442, 171499.59936585 ], [ 343632.40077343, 171582.59973901 ], [ 343549.39509607, 171582.60044504 ], [ 343535.84559844, 171589.36968345 ], [ 343532.39599843, 171632.59652055 ], [ 343516.39605852, 171632.59665885 ], [ 343516.39537512, 171599.60061796 ], [ 343499.39523069, 171582.60097005 ], [ 343366.3902409, 171582.60209958 ], [ 343366.38958238, 171549.59704752 ], [ 343349.3894406, 171532.5973867 ], [ 343299.39048885, 171532.59780368 ], [ 343282.39063063, 171549.59813855 ], [ 343282.39128075, 171582.60291219 ], [ 343099.38766798, 171582.60464198 ], [ 343082.38782121, 171599.60496033 ], [ 343082.38930932, 171682.60684429 ], [ 343039.14241774, 171686.05789164 ], [ 343032.37359307, 171699.60750194 ], [ 343032.37441701, 171749.602517 ], [ 343039.64982832, 171763.51962458 ], [ 343082.39076691, 171766.60191829 ], [ 343082.39260713, 171849.6049827 ], [ 343099.392811, 171866.60457986 ], [ 343149.39195099, 171866.60398023 ], [ 343166.39174711, 171849.60357281 ], [ 343166.39095631, 171816.60718401 ], [ 343209.62077589, 171813.15610583 ], [ 343216.38957569, 171799.60644737 ], [ 343216.38792116, 171716.60541179 ], [ 343232.37792526, 171716.60522955 ], [ 343235.46144736, 171759.32498143 ], [ 343249.37871782, 171766.60000792 ], [ 343349.393757, 171766.59901647 ], [ 343366.39357143, 171749.59867751 ], [ 343366.39291357, 171716.60397556 ], [ 343382.39190804, 171716.60380315 ], [ 343382.39374471, 171799.60515617 ], [ 343399.39393166, 171816.60475827 ], [ 343432.40118461, 171816.60439529 ], [ 343432.40201021, 171849.60118164 ], [ 343449.40219959, 171866.60075629 ], [ 343499.40122067, 171866.6001993 ], [ 343516.40103129, 171849.59977174 ], [ 343516.40020141, 171816.60357115 ], [ 343532.40025234, 171816.60339505 ], [ 343532.40241631, 171899.59560615 ], [ 343549.40260817, 171916.59517642 ], [ 343649.40876409, 171916.59404759 ], [ 343666.40857217, 171899.59357943 ], [ 343666.40628665, 171816.6020534 ], [ 343732.40438737, 171816.60139208 ], [ 343735.85596373, 171859.82886069 ], [ 343749.40539448, 171866.59761128 ], [ 343782.4048353, 171866.59730887 ], [ 343782.40715309, 171949.5994276 ], [ 343799.40734764, 171966.59895293 ], [ 343932.4128397, 171966.59743033 ], [ 343932.41329259, 171982.59381215 ], [ 343849.40739358, 171982.59477399 ], [ 343832.40759056, 171999.59525078 ], [ 343832.41039534, 172099.59703784 ], [ 343849.41059701, 172116.59656104 ], [ 343932.4170858, 172116.59557629 ], [ 343932.41943494, 172199.59851586 ], [ 343939.69493125, 172213.51548219 ], [ 343982.41908604, 172216.59763391 ], [ 343982.41954078, 172232.59300967 ], [ 343939.18970196, 172236.04414001 ], [ 343932.42094979, 172249.59389603 ], [ 343932.42377928, 172349.59665718 ], [ 343949.4240268, 172366.59617618 ], [ 344049.42336758, 172366.59481997 ], [ 344066.42315399, 172349.59430055 ], [ 344066.42068394, 172266.59197743 ], [ 344149.42675683, 172266.59095698 ], [ 344166.42654783, 172249.59043305 ], [ 344166.42405598, 172166.59911333 ], [ 344199.42286623, 172166.59865055 ], [ 344216.42262781, 172149.59815838 ], [ 344216.41963232, 172049.59563349 ], [ 344199.4194666, 172032.59615976 ], [ 344166.42005946, 172032.59648143 ], [ 344166.41809066, 171966.5948822 ], [ 344282.42333918, 171966.59361694 ], [ 344282.42383863, 171982.58991647 ], [ 344239.69221743, 171985.67314103 ], [ 344232.41722676, 171999.59076237 ], [ 344232.41878126, 172049.59610063 ], [ 344249.41898109, 172066.59557216 ], [ 344282.42636108, 172066.59518415 ], [ 344282.42895189, 172149.59797811 ], [ 344289.70446294, 172163.51490538 ], [ 344332.42854686, 172166.59705033 ], [ 344332.43114785, 172249.58892854 ], [ 344349.43135721, 172266.58839577 ], [ 344649.43524014, 172266.58456543 ], [ 344666.43502808, 172249.58401998 ], [ 344666.43342396, 172199.58884351 ], [ 344659.15790591, 172185.67192619 ], [ 344616.43380531, 172182.589795 ], [ 344616.43275059, 172149.59327609 ], [ 344609.15723467, 172135.6763582 ], [ 344566.43304032, 172132.59421982 ], [ 344566.43039719, 172049.59149903 ], [ 344549.43019677, 172032.59204041 ], [ 344499.43104021, 172032.5926299 ], [ 344482.43124064, 172049.59316919 ], [ 344482.43228737, 172082.58903424 ], [ 344366.42601391, 172082.59041861 ], [ 344366.42394497, 172016.58897422 ], [ 344599.42811891, 172016.58636658 ], [ 344613.34544926, 172009.3108018 ], [ 344616.42690024, 171966.58998783 ], [ 344659.15043164, 171963.50668769 ], [ 344666.42540114, 171949.58906395 ], [ 344666.42434176, 171916.58327622 ], [ 344882.42774556, 171916.58099976 ], [ 344885.87959317, 171959.81814699 ], [ 344899.42898662, 171966.58684055 ], [ 344982.43661012, 171966.58598667 ], [ 344982.43941158, 172049.5873848 ], [ 344999.43961278, 172066.58682457 ], [ 345049.43877047, 172066.58623279 ], [ 345066.43856926, 172049.58563646 ], [ 345066.43741153, 172016.58102605 ], [ 345082.43653127, 172016.5808393 ], [ 345085.52060086, 172059.31074756 ], [ 345099.43782845, 172066.58564078 ], [ 345199.44401055, 172066.58455604 ], [ 345216.44384312, 172049.58398742 ], [ 345216.44100077, 171966.58339433 ], [ 345282.43919671, 171966.58263407 ], [ 345282.44037467, 171999.57901112 ], [ 345299.44057345, 172016.57840422 ], [ 345449.44683068, 172016.57664932 ], [ 345466.44663171, 171999.57603614 ], [ 345466.44544158, 171966.58061238 ], [ 345499.44417095, 171966.58023157 ], [ 345513.36150103, 171959.3046205 ], [ 345516.44278024, 171916.57420606 ], [ 345549.44939877, 171916.57383061 ], [ 345566.44920538, 171899.57321315 ], [ 345566.44157613, 171699.5823154 ], [ 345549.44139286, 171682.58305286 ], [ 345466.43482877, 171682.58388169 ], [ 345463.35039576, 171639.85361304 ], [ 345449.43326791, 171632.57878473 ], [ 345349.43527671, 171632.57964669 ], [ 345332.43542322, 171649.58033212 ], [ 345332.43883568, 171732.57952139 ], [ 345289.70640331, 171735.66273746 ], [ 345282.43143325, 171749.58042806 ], [ 345282.43441259, 171832.58179692 ], [ 345166.42125222, 171832.58299393 ], [ 345166.41836931, 171749.58064616 ], [ 345149.41818397, 171732.58125228 ], [ 344866.42254264, 171732.58406863 ], [ 344863.33838939, 171689.86467076 ], [ 344849.4212176, 171682.58978172 ], [ 344749.41517213, 171682.59075395 ], [ 344732.41535437, 171699.59131722 ], [ 344732.41644757, 171732.58535784 ], [ 344649.41878921, 171732.58619366 ], [ 344632.41897391, 171749.58674172 ], [ 344632.42164535, 171832.58851436 ], [ 344366.41827598, 171832.59120894 ], [ 344366.41627603, 171766.58897034 ], [ 344399.414974, 171766.58860729 ], [ 344416.41478697, 171749.58807555 ], [ 344416.41322321, 171699.59346903 ], [ 344399.41307263, 171682.59400077 ], [ 344366.41373441, 171682.59429307 ], [ 344366.41277636, 171649.58833671 ], [ 344349.4125943, 171632.58883015 ], [ 344249.40666377, 171632.58980096 ], [ 344232.40681176, 171649.59028576 ], [ 344232.40924465, 171732.5903098 ], [ 344066.40520219, 171732.59196706 ], [ 344062.95363907, 171689.36615167 ], [ 344049.40421079, 171682.5973968 ], [ 343949.40518999, 171682.59837952 ], [ 343935.48791685, 171689.8738912 ], [ 343932.40619854, 171732.59323721 ], [ 343866.40019587, 171732.59389483 ], [ 343866.39938812, 171699.59894529 ], [ 343849.3992383, 171682.59936147 ], [ 343766.40099578, 171682.6000928 ], [ 343766.39900542, 171599.59823519 ], [ 343749.39882665, 171582.5986429 ], [ 343716.39166934, 171582.59899001 ], [ 343716.39132152, 171566.59418569 ], [ 343759.12278355, 171563.51095869 ], [ 343766.397806, 171549.59343546 ], [ 343766.39660643, 171499.59763606 ], [ 343759.12114969, 171485.68062423 ], [ 343759.12114969, 171485.68062423 ] ] ], [ [ [ 347535.5850133, 172189.82689978 ], [ 347532.50259593, 172199.55197084 ], [ 347532.50718462, 172299.55181811 ], [ 347549.50740623, 172316.55102108 ], [ 347682.49743587, 172316.54918687 ], [ 347682.49899075, 172349.54515576 ], [ 347689.77461419, 172363.46189148 ], [ 347732.51594676, 172366.54385412 ], [ 347732.51743848, 172399.54874858 ], [ 347749.51769825, 172416.54798023 ], [ 347799.51688974, 172416.54721616 ], [ 347816.51662993, 172399.54644647 ], [ 347816.51513566, 172366.54261424 ], [ 347882.50517866, 172366.54216676 ], [ 347885.58962879, 172409.27139323 ], [ 347899.50615289, 172416.54641655 ], [ 347932.52143925, 172416.54757226 ], [ 347932.52220057, 172432.54286449 ], [ 347889.78429132, 172435.62448978 ], [ 347882.50902537, 172449.54258131 ], [ 347882.5137802, 172549.54219414 ], [ 347899.51321623, 172566.54138577 ], [ 347999.52516, 172566.54480379 ], [ 348016.52575802, 172549.54399391 ], [ 348016.51942227, 172416.55041303 ], [ 348032.51740512, 172416.55097314 ], [ 348032.51897863, 172449.54764383 ], [ 348039.79417675, 172463.4640745 ], [ 348082.52677434, 172466.54799055 ], [ 348082.52834964, 172499.55476549 ], [ 348089.80356453, 172513.47120715 ], [ 348132.52704845, 172516.55504717 ], [ 348132.52781259, 172532.54938252 ], [ 348099.53123395, 172532.54822172 ], [ 348082.53063592, 172549.54903312 ], [ 348082.53459728, 172632.54835674 ], [ 347999.53102169, 172632.54542758 ], [ 347982.53042175, 172649.54588441 ], [ 347982.53874785, 172999.5505895 ], [ 347999.53821201, 173016.55018839 ], [ 348049.53628627, 173016.55176432 ], [ 348063.08630015, 173009.78274148 ], [ 348066.53603504, 172966.54557027 ], [ 348099.54225118, 172966.54661946 ], [ 348116.54279157, 172949.54620969 ], [ 348116.53958526, 172816.54831409 ], [ 348149.53664532, 172816.54939033 ], [ 348166.53719978, 172799.54897604 ], [ 348166.53386471, 172666.55122113 ], [ 348199.53079557, 172666.55238562 ], [ 348216.53139549, 172649.55157279 ], [ 348216.52742676, 172566.55223757 ], [ 348349.52001647, 172566.55681616 ], [ 348366.52058054, 172549.55600091 ], [ 348366.51098956, 172349.5565746 ], [ 348349.51158387, 172332.55738983 ], [ 348266.51421602, 172332.55455457 ], [ 348266.51345033, 172316.55921157 ], [ 348299.51802093, 172316.56036332 ], [ 348316.51861415, 172299.55954886 ], [ 348316.51224186, 172166.56581692 ], [ 348359.22612011, 172163.48425438 ], [ 348366.50139812, 172149.5661475 ], [ 348366.49899997, 172099.56076569 ], [ 348349.49955552, 172082.56158099 ], [ 348266.5023489, 172082.55880293 ], [ 348263.41787745, 172039.83784491 ], [ 348249.50132379, 172032.56283721 ], [ 348216.50198989, 172032.56176078 ], [ 348216.49802013, 171949.56074606 ], [ 348199.49860679, 171932.56155917 ], [ 348149.50074491, 171932.55983384 ], [ 348132.50015828, 171949.56064618 ], [ 348132.50405817, 172032.55898678 ], [ 348116.50615865, 172032.55843293 ], [ 348113.05390321, 171989.32238393 ], [ 348099.50513668, 171982.55357652 ], [ 348016.4989449, 171982.55080766 ], [ 348016.49580013, 171916.55014702 ], [ 348059.21768977, 171913.46849689 ], [ 348066.49294971, 171899.55040699 ], [ 348066.4881805, 171799.56077634 ], [ 348049.4887303, 171782.56158719 ], [ 348016.48941543, 171782.56052 ], [ 348016.48542544, 171699.55957872 ], [ 347999.48596867, 171682.5604007 ], [ 347949.48810834, 171682.5588031 ], [ 347932.48756515, 171699.55962761 ], [ 347932.49394105, 171832.55306238 ], [ 347916.47998456, 171832.55254368 ], [ 347916.47841517, 171799.55582757 ], [ 347899.47849766, 171782.55663611 ], [ 347849.48788523, 171782.5563936 ], [ 347832.48780278, 171799.55719899 ], [ 347832.49166841, 171882.54624151 ], [ 347649.48682564, 171882.54855969 ], [ 347632.48703166, 171899.54935957 ], [ 347632.49318988, 172032.55388856 ], [ 347516.48783691, 172032.5553997 ], [ 347516.48635786, 171999.55043774 ], [ 347509.21077097, 171985.63368826 ], [ 347466.48643773, 171982.55160663 ], [ 347466.48496151, 171949.5556382 ], [ 347449.48475385, 171932.55639878 ], [ 347366.48595861, 171932.55741261 ], [ 347366.48219223, 171849.55700446 ], [ 347349.48198861, 171832.55776241 ], [ 347166.47604963, 171832.5599536 ], [ 347166.47312781, 171766.55895392 ], [ 347209.70276953, 171763.10776016 ], [ 347216.47141474, 171749.55774529 ], [ 347216.46654785, 171649.55852923 ], [ 347199.46638232, 171632.55936264 ], [ 347149.46724489, 171632.55984951 ], [ 347132.46741046, 171649.56071644 ], [ 347132.46909355, 171682.5651717 ], [ 347066.4549167, 171682.56588096 ], [ 347066.443347, 171449.57099746 ], [ 347049.44314812, 171432.57182955 ], [ 346949.45298468, 171432.5729993 ], [ 346932.45318356, 171449.57383044 ], [ 346932.45562784, 171499.56885472 ], [ 346949.45582683, 171516.56802359 ], [ 346982.45559259, 171516.56763727 ], [ 346982.45888697, 171582.56678527 ], [ 346939.73548251, 171585.65016701 ], [ 346932.46061653, 171599.56803727 ], [ 346932.46229558, 171632.56239599 ], [ 346816.45608476, 171632.56375684 ], [ 346813.00352262, 171589.33736718 ], [ 346799.45420921, 171582.56883055 ], [ 346699.45615212, 171582.56999843 ], [ 346682.45634999, 171599.57082647 ], [ 346682.46039247, 171682.57031944 ], [ 346449.45784108, 171682.57297582 ], [ 346432.45803964, 171699.57378569 ], [ 346432.46391077, 171832.56861891 ], [ 346366.45774512, 171832.56940525 ], [ 346366.4564069, 171799.57327829 ], [ 346349.45620622, 171782.57396775 ], [ 346249.45718442, 171782.57504813 ], [ 346232.45735107, 171799.57573284 ], [ 346232.45868003, 171832.57100082 ], [ 346189.22891939, 171836.02216642 ], [ 346182.46023003, 171849.57207589 ], [ 346182.46434318, 171949.57252113 ], [ 346199.46454903, 171966.57180496 ], [ 346249.46359775, 171966.57119948 ], [ 346266.46339187, 171949.57051492 ], [ 346266.46206283, 171916.56524476 ], [ 346499.4659932, 171916.56244503 ], [ 346513.38335712, 171909.28677353 ], [ 346516.46437092, 171866.56761779 ], [ 346599.46201414, 171866.56662819 ], [ 346613.37936916, 171859.29097186 ], [ 346616.46045016, 171816.57081307 ], [ 346632.45951526, 171816.5706239 ], [ 346632.46094717, 171849.56676957 ], [ 346649.46114996, 171866.56603183 ], [ 346782.46691514, 171866.56444438 ], [ 346782.4705434, 171949.56516974 ], [ 346799.47075042, 171966.56442666 ], [ 346832.46234263, 171966.56402489 ], [ 346835.54682586, 172009.28460446 ], [ 346849.46399661, 172016.55940494 ], [ 346932.47975265, 172016.55838416 ], [ 346935.56424267, 172059.28785214 ], [ 346949.48141416, 172066.56265065 ], [ 347082.48734322, 172066.56099854 ], [ 347082.48880112, 172099.55699686 ], [ 347099.48901436, 172116.55624572 ], [ 347232.49595759, 172116.5545769 ], [ 347235.58046689, 172159.28501149 ], [ 347249.49763892, 172166.55980464 ], [ 347282.49735114, 172166.55938653 ], [ 347282.49881936, 172199.55536306 ], [ 347289.77440841, 172213.47211942 ], [ 347332.49875228, 172216.55418459 ], [ 347332.50255167, 172299.55461856 ], [ 347349.50277306, 172316.5538269 ], [ 347449.50107342, 172316.55242435 ], [ 347466.50081795, 172299.55166401 ], [ 347466.49858141, 172249.54624569 ], [ 347459.22299007, 172235.62949164 ], [ 347416.49864307, 172232.54743211 ], [ 347416.49336349, 172116.55213238 ], [ 347482.49163503, 172116.55123707 ], [ 347485.57623761, 172159.28166291 ], [ 347499.49339565, 172166.55643555 ], [ 347582.50022158, 172166.55538245 ], [ 347582.50097289, 172182.55078515 ], [ 347549.50237822, 172182.55120771 ], [ 347535.5850133, 172189.82689978 ], [ 347535.5850133, 172189.82689978 ] ] ], [ [ [ 345685.56039212, 172789.85010919 ], [ 345682.47783388, 172799.5749488 ], [ 345682.47976777, 172899.57794499 ], [ 345699.48003445, 172916.57761622 ], [ 345799.4706332, 172916.57604747 ], [ 345813.38780889, 172909.30055738 ], [ 345816.46972682, 172866.57888863 ], [ 345949.4845083, 172866.57680797 ], [ 345966.48424234, 172849.57651129 ], [ 345966.48366632, 172816.57055741 ], [ 345982.47394776, 172816.570308 ], [ 345982.47556426, 172899.57333963 ], [ 345999.47583111, 172916.57300854 ], [ 346032.49214541, 172916.57249028 ], [ 346035.57569623, 172959.29421477 ], [ 346049.49305659, 172966.56920381 ], [ 346099.49230719, 172966.5684162 ], [ 346116.4920394, 172949.56811834 ], [ 346116.49146125, 172916.5712054 ], [ 346332.49694475, 172916.56787848 ], [ 346335.58050093, 172959.28958871 ], [ 346349.49786064, 172966.56457652 ], [ 346532.50313077, 172966.56169103 ], [ 346535.58669086, 173009.29339135 ], [ 346549.50405082, 173016.56837807 ], [ 346599.50330266, 173016.5675869 ], [ 346616.50303365, 172999.56728518 ], [ 346616.50115872, 172899.56344611 ], [ 346609.73191564, 172886.01413547 ], [ 346566.50147381, 172882.56430068 ], [ 346566.50017183, 172816.56149256 ], [ 346582.4995195, 172816.56124263 ], [ 346585.95088761, 172859.79806674 ], [ 346599.50043774, 172866.56682947 ], [ 346882.51308715, 172866.56246276 ], [ 346882.51374642, 172899.55937019 ], [ 346899.51401724, 172916.55903054 ], [ 347032.50373845, 172916.55691157 ], [ 347032.50406038, 172932.55384299 ], [ 346999.51291173, 172932.55437033 ], [ 346982.51318347, 172949.55471158 ], [ 346982.51519095, 173049.55737786 ], [ 346999.51546431, 173066.55703658 ], [ 347082.52201595, 173066.55570188 ], [ 347085.60567237, 173109.2873928 ], [ 347099.5230219, 173116.56235702 ], [ 347249.52970165, 173116.55983705 ], [ 347266.52942738, 173099.55949169 ], [ 347266.52875684, 173066.55274224 ], [ 347449.525682, 173066.54979744 ], [ 347466.52540839, 173049.54944873 ], [ 347466.52473156, 173016.55371306 ], [ 347799.53631004, 173016.5483667 ], [ 347816.536037, 172999.54801224 ], [ 347816.5339517, 172899.54442277 ], [ 347799.5336803, 172882.54477729 ], [ 347766.53428077, 172882.54530411 ], [ 347766.53359424, 172849.54842485 ], [ 347749.53332375, 172832.54877854 ], [ 347699.51710877, 172832.5495744 ], [ 347682.51737927, 172849.54992727 ], [ 347682.51806419, 172882.54664512 ], [ 347666.52684794, 172882.54690038 ], [ 347663.44324943, 172839.82534783 ], [ 347649.52589414, 172832.55036997 ], [ 347599.52667944, 172832.55116551 ], [ 347582.52694993, 172849.55151672 ], [ 347582.52763164, 172882.54824093 ], [ 347399.52274342, 172882.55116046 ], [ 347385.97335584, 172889.3204203 ], [ 347382.52368986, 172932.54824622 ], [ 347366.5244713, 172932.54850217 ], [ 347366.52277684, 172849.55469467 ], [ 347349.52250655, 172832.55504176 ], [ 347266.52396848, 172832.5563613 ], [ 347263.44030736, 172789.82577508 ], [ 347249.52296247, 172782.5508106 ], [ 347149.51553842, 172782.55239527 ], [ 347132.51580779, 172799.55273903 ], [ 347132.51748626, 172882.55531771 ], [ 347116.5182703, 172882.55557272 ], [ 347116.51558716, 172749.55601644 ], [ 347099.51535272, 172732.55635942 ], [ 346699.50452268, 172732.56256753 ], [ 346685.95513528, 172739.33182034 ], [ 346682.50544192, 172782.55968028 ], [ 346666.49809491, 172782.55993037 ], [ 346666.49655379, 172699.55609445 ], [ 346649.49628993, 172682.55639656 ], [ 346549.49773398, 172682.55784854 ], [ 346532.49796381, 172699.55818387 ], [ 346532.49861488, 172732.565068 ], [ 346516.49926914, 172732.56531707 ], [ 346516.49861882, 172699.55828945 ], [ 346499.49835507, 172682.55862439 ], [ 346349.49252017, 172682.56095136 ], [ 346332.49278384, 172699.56128514 ], [ 346332.4944136, 172782.56504661 ], [ 346216.49547309, 172782.56675716 ], [ 346213.41192796, 172739.84515023 ], [ 346199.49459703, 172732.57014992 ], [ 346166.48724904, 172732.57059726 ], [ 346163.40370487, 172689.83895333 ], [ 346149.48637449, 172682.56395254 ], [ 345849.48257126, 172682.5684012 ], [ 345835.93318415, 172689.33765002 ], [ 345832.48347513, 172732.57565566 ], [ 345799.4672947, 172732.57616862 ], [ 345785.9179203, 172739.34540155 ], [ 345782.46813247, 172782.57339248 ], [ 345699.47756892, 172782.57462007 ], [ 345685.56039212, 172789.85010919 ], [ 345685.56039212, 172789.85010919 ] ] ], [ [ [ 348113.11766672, 174309.80618323 ], [ 348116.56820167, 174299.57496565 ], [ 348116.56679469, 174199.57151869 ], [ 348099.56713034, 174182.57177487 ], [ 348016.56037327, 174182.57013578 ], [ 348016.55995083, 174149.57235532 ], [ 347999.56029025, 174132.57257295 ], [ 347949.56169532, 174132.57157467 ], [ 347935.64408873, 174139.84681532 ], [ 347932.56177385, 174182.56854084 ], [ 347916.54710566, 174182.56828518 ], [ 347916.54662838, 174149.57051127 ], [ 347909.27116816, 174135.65333554 ], [ 347866.55511455, 174132.57130674 ], [ 347866.55463837, 174099.56498757 ], [ 347859.27916138, 174085.64779955 ], [ 347816.55516085, 174082.56584819 ], [ 347816.55475194, 174049.5685972 ], [ 347809.78554245, 174036.01918713 ], [ 347766.55517686, 174032.56935695 ], [ 347766.55476912, 173999.57217204 ], [ 347749.55448645, 173982.5723821 ], [ 347666.54683382, 173982.57376241 ], [ 347666.54642838, 173949.56757773 ], [ 347649.54614584, 173932.56778656 ], [ 347566.54759811, 173932.56916597 ], [ 347566.54719513, 173899.57198167 ], [ 347549.54691277, 173882.5721893 ], [ 347466.5403697, 173882.57363395 ], [ 347466.53996901, 173849.56638385 ], [ 347449.53968681, 173832.56659022 ], [ 347316.54179163, 173832.56889787 ], [ 347316.54159916, 173816.57253693 ], [ 347349.5410324, 173816.57198947 ], [ 347366.54075036, 173799.57178431 ], [ 347366.54014687, 173749.56442351 ], [ 347359.77092366, 173736.01499766 ], [ 347316.54058833, 173732.56524188 ], [ 347316.53979409, 173666.56055396 ], [ 347349.53912153, 173666.56000726 ], [ 347366.53883989, 173649.55980207 ], [ 347366.53823642, 173599.56344148 ], [ 347349.53792091, 173582.56364668 ], [ 347249.53935785, 173582.56540252 ], [ 347232.53963934, 173599.56560649 ], [ 347232.54003523, 173632.56204546 ], [ 347199.5317072, 173632.56259217 ], [ 347185.61458702, 173639.83802365 ], [ 347182.53238357, 173682.5702358 ], [ 347049.51834887, 173682.57243969 ], [ 347032.5186305, 173699.57264119 ], [ 347032.52040837, 173849.57363026 ], [ 347049.52069039, 173866.57342877 ], [ 347132.5352262, 173866.57205149 ], [ 347132.53561975, 173899.5792345 ], [ 347139.8110658, 173913.49644344 ], [ 347182.53518238, 173916.57848394 ], [ 347185.61845063, 173959.30052569 ], [ 347199.53589339, 173966.57556362 ], [ 347282.54340397, 173966.57408481 ], [ 347285.62667514, 174009.30512642 ], [ 347299.54411762, 174016.58016369 ], [ 347382.54263284, 174016.57868413 ], [ 347382.54303223, 174049.57596774 ], [ 347389.81849657, 174063.49318632 ], [ 347432.54260346, 174066.57514715 ], [ 347432.54340467, 174132.57883366 ], [ 347416.54403683, 174132.5791 ], [ 347413.46076282, 174089.84805897 ], [ 347399.54332054, 174082.57302241 ], [ 347366.5441656, 174082.57363743 ], [ 347363.4609007, 174039.85164114 ], [ 347349.54348472, 174032.57659345 ], [ 347299.54411993, 174032.57742487 ], [ 347282.54440262, 174049.5776294 ], [ 347282.54479962, 174082.57506888 ], [ 347239.82067129, 174085.65849401 ], [ 347232.54563758, 174099.57582173 ], [ 347232.54623735, 174149.58218347 ], [ 347249.54655428, 174166.58197957 ], [ 347282.54581025, 174166.58136437 ], [ 347282.54660429, 174232.5860533 ], [ 347216.53896144, 174232.5871528 ], [ 347216.53856677, 174199.57997049 ], [ 347199.53828374, 174182.58017376 ], [ 347099.53954353, 174182.58183852 ], [ 347082.53982652, 174199.58204056 ], [ 347082.54042085, 174249.58940352 ], [ 347089.81586716, 174263.50661328 ], [ 347132.53999544, 174266.58865187 ], [ 347135.99106239, 174309.81581145 ], [ 347149.54067211, 174316.58463119 ], [ 347232.54824033, 174316.58324798 ], [ 347232.54863617, 174349.59043043 ], [ 347249.54891963, 174366.59022655 ], [ 347349.54767087, 174366.58855912 ], [ 347363.4647902, 174359.31312615 ], [ 347366.54698917, 174316.58091468 ], [ 347449.54574917, 174316.57943116 ], [ 347463.46284261, 174309.30398681 ], [ 347466.54503126, 174266.58285375 ], [ 347499.54451427, 174266.58223788 ], [ 347516.544197, 174249.58203093 ], [ 347516.54318648, 174166.57733529 ], [ 347599.5498997, 174166.57595331 ], [ 347613.09922906, 174159.80675524 ], [ 347616.54921243, 174116.56931134 ], [ 347682.53988109, 174116.56814695 ], [ 347682.54158562, 174249.57901414 ], [ 347699.54186894, 174266.57880473 ], [ 347782.55747496, 174266.57735505 ], [ 347782.55856939, 174349.58096333 ], [ 347799.55888706, 174366.5807527 ], [ 347849.55816294, 174366.57981838 ], [ 347866.55784526, 174349.57960714 ], [ 347866.55743512, 174316.57224358 ], [ 347882.54880973, 174316.57194482 ], [ 347885.63197813, 174359.30378091 ], [ 347899.54900267, 174366.57898407 ], [ 347982.562862, 174366.58025775 ], [ 347982.56462903, 174499.58158508 ], [ 347999.56434869, 174516.58136771 ], [ 348082.57121005, 174516.5827363 ], [ 348082.57159015, 174549.58056372 ], [ 348099.57131257, 174566.5803679 ], [ 348182.5691806, 174566.58172298 ], [ 348182.56955909, 174599.58943967 ], [ 348189.3384854, 174613.13865282 ], [ 348232.56840963, 174616.5898442 ], [ 348232.56879178, 174649.5865865 ], [ 348249.56851967, 174666.58638961 ], [ 348299.57527923, 174666.58719007 ], [ 348313.4928278, 174659.31193636 ], [ 348316.57516539, 174616.59123587 ], [ 348359.29030595, 174613.5090878 ], [ 348366.56562032, 174599.59156815 ], [ 348366.56502961, 174549.58434697 ], [ 348349.56534093, 174532.58454778 ], [ 348316.57417904, 174532.58394361 ], [ 348316.57222556, 174399.58291476 ], [ 348299.57254656, 174382.58318004 ], [ 348249.56591701, 174382.58223581 ], [ 348236.01611471, 174389.35126202 ], [ 348232.56610643, 174432.57812798 ], [ 348166.56873883, 174432.57696104 ], [ 348166.56823736, 174399.58028833 ], [ 348159.29307644, 174385.66333298 ], [ 348116.56938611, 174382.57992301 ], [ 348116.56895503, 174349.58217263 ], [ 348109.29380743, 174335.66519038 ], [ 348066.5610129, 174332.58176382 ], [ 348066.56080593, 174316.57455001 ], [ 348099.56787317, 174316.57518782 ], [ 348113.11766672, 174309.80618323 ], [ 348113.11766672, 174309.80618323 ] ] ], [ [ [ 343638.54220776, 175591.53034822 ], [ 343658.35702732, 175616.70244879 ], [ 343682.40208558, 175616.70193356 ], [ 343682.96755468, 175637.38628982 ], [ 343709.15986503, 175666.7093254 ], [ 343732.40933181, 175666.70878016 ], [ 343732.40886692, 175696.7669159 ], [ 343769.2305852, 175701.66531654 ], [ 343801.22351893, 175716.70514828 ], [ 343832.4086978, 175716.70441596 ], [ 343832.40824589, 175745.93280514 ], [ 343843.38421619, 175773.51011913 ], [ 343836.95677417, 175786.68133895 ], [ 343848.22781383, 175799.78595032 ], [ 343866.04794417, 175865.52019929 ], [ 343882.39849826, 175866.70618239 ], [ 343885.84852675, 175909.94376175 ], [ 343900.40664365, 175916.71273793 ], [ 343982.41379943, 175916.71080343 ], [ 343982.41318401, 175960.80244366 ], [ 344009.76369201, 176003.58727871 ], [ 344044.23636288, 176026.38615931 ], [ 344090.80327052, 176065.92228715 ], [ 344118.20322548, 176100.21983536 ], [ 344116.40229571, 176116.71847297 ], [ 344182.41998969, 176116.71697431 ], [ 344182.41954909, 176149.48444838 ], [ 344219.13310925, 176166.71401506 ], [ 344260.01305732, 176216.71097606 ], [ 344282.4265521, 176216.71044358 ], [ 344282.42618126, 176240.72727325 ], [ 344292.12346751, 176250.7426852 ], [ 344332.42590039, 176266.7162245 ], [ 344364.62845488, 176316.71342638 ], [ 344382.425149, 176316.71300256 ], [ 344382.42485574, 176335.71105208 ], [ 344417.6138222, 176366.72013128 ], [ 344459.65586816, 176363.2687552 ], [ 344466.42476007, 176349.71960122 ], [ 344466.42594131, 176266.71307429 ], [ 344482.43500724, 176266.71272877 ], [ 344482.43456378, 176299.70999947 ], [ 344489.70993246, 176313.62758442 ], [ 344532.4343341, 176316.70945067 ], [ 344532.43382456, 176349.7167548 ], [ 344539.70918235, 176363.63436605 ], [ 344582.43369473, 176366.7162404 ], [ 344582.43344763, 176382.71320793 ], [ 344539.70827625, 176385.79679631 ], [ 344532.43315242, 176399.71371847 ], [ 344532.4310482, 176534.28851718 ], [ 344555.74122447, 176554.99568971 ], [ 344592.4205069, 176576.3753175 ], [ 344624.15990225, 176579.90561442 ], [ 344677.81355481, 176599.61480587 ], [ 344705.0172589, 176616.72122246 ], [ 344732.43008805, 176616.72057633 ], [ 344732.42976222, 176637.54988756 ], [ 344744.96624678, 176646.89230024 ], [ 344777.07483987, 176649.70284284 ], [ 344804.50480807, 176645.70191218 ], [ 344861.09683281, 176613.99403446 ], [ 344888.69448612, 176616.71689291 ], [ 345032.44748127, 176616.71360393 ], [ 345032.44696467, 176649.710908 ], [ 345039.74780983, 176662.17100184 ], [ 345076.0126462, 176654.27694956 ], [ 345111.14770992, 176666.70971867 ], [ 345199.45556197, 176666.70763556 ], [ 345216.45516099, 176649.70786781 ], [ 345216.45792732, 176466.70655727 ], [ 345282.45809217, 176466.70500289 ], [ 345282.45757515, 176499.70230449 ], [ 345299.45797568, 176516.70257085 ], [ 345482.46653822, 176516.69832439 ], [ 345482.46602094, 176549.69455753 ], [ 345499.46642173, 176566.69482403 ], [ 345632.47394181, 176566.69178284 ], [ 345632.47342418, 176599.69897901 ], [ 345649.47379434, 176616.6992456 ], [ 345782.46531278, 176616.69618376 ], [ 345782.46400896, 176699.70035117 ], [ 345799.46441234, 176716.70061818 ], [ 345849.48143041, 176716.69943138 ], [ 345866.48102702, 176699.69969855 ], [ 345866.48154576, 176666.69215708 ], [ 345982.47269951, 176666.68940169 ], [ 345982.47139286, 176749.69357746 ], [ 345999.47176191, 176766.69384507 ], [ 346049.4887795, 176766.69275925 ], [ 346063.40566755, 176759.41753639 ], [ 346066.4889302, 176716.69438115 ], [ 346082.4889477, 176716.6940014 ], [ 346082.48842768, 176749.6913057 ], [ 346099.4888308, 176766.69157361 ], [ 346149.48884802, 176766.69038794 ], [ 346166.48844489, 176749.69065601 ], [ 346166.48896521, 176716.6920077 ], [ 346182.49708286, 176716.69162778 ], [ 346182.49656226, 176749.68893396 ], [ 346189.77191971, 176763.6065507 ], [ 346232.49631113, 176766.6884196 ], [ 346232.49605848, 176782.69639834 ], [ 346149.48735375, 176782.69836492 ], [ 346132.48775649, 176799.69809689 ], [ 346132.48644787, 176882.70362065 ], [ 346049.48574602, 176882.70558347 ], [ 346032.48614804, 176899.70531576 ], [ 346032.48536071, 176949.70329037 ], [ 346039.76071757, 176963.62090621 ], [ 346082.48510836, 176966.7027784 ], [ 346085.56731684, 177009.42510503 ], [ 346099.48498978, 177016.70035241 ], [ 346182.49235064, 177016.69839304 ], [ 346182.49183013, 177049.70470167 ], [ 346199.49223107, 177066.70496976 ], [ 346299.49236025, 177066.70261126 ], [ 346316.4919593, 177049.70287964 ], [ 346316.49320381, 176966.69734943 ], [ 346359.72565805, 176963.24595485 ], [ 346366.49455369, 176949.69680424 ], [ 346366.49576511, 176866.69020491 ], [ 346482.50391366, 176866.68752472 ], [ 346482.5026001, 176949.69275606 ], [ 346499.50300182, 176966.69302509 ], [ 346532.50234632, 176966.69224529 ], [ 346532.50209303, 176982.69023029 ], [ 346499.50140755, 176982.6910094 ], [ 346482.50180891, 176999.69074043 ], [ 346482.5010177, 177049.69772491 ], [ 346489.77637382, 177063.61534151 ], [ 346532.50076308, 177066.69721551 ], [ 346532.49587612, 177382.7110093 ], [ 346489.77072069, 177385.7945955 ], [ 346482.4955963, 177399.71151773 ], [ 346482.49507974, 177432.71013276 ], [ 346449.49443385, 177432.71084117 ], [ 346456.70350641, 177480.23778645 ], [ 346454.62753095, 177514.35276822 ], [ 346482.49379879, 177516.71711691 ], [ 346485.57608094, 177559.43939504 ], [ 346499.4937131, 177566.71463605 ], [ 346599.49378023, 177566.71239001 ], [ 346616.4933814, 177549.71265554 ], [ 346616.49416235, 177499.71467116 ], [ 346599.49376345, 177482.71440563 ], [ 346566.49437843, 177482.71517994 ], [ 346566.4945967, 177466.70819553 ], [ 346632.49469305, 177466.70664661 ], [ 346632.49417809, 177499.71296713 ], [ 346649.49454299, 177516.71323235 ], [ 346799.50263161, 177516.70961152 ], [ 346816.50216442, 177499.70987773 ], [ 346816.50268129, 177466.70207935 ], [ 347099.51879764, 177466.69277142 ], [ 347116.5182442, 177449.69310875 ], [ 347116.51889898, 177416.69448304 ], [ 347232.52719412, 177416.69075616 ], [ 347235.97696957, 177459.91877456 ], [ 347249.52699175, 177466.68778407 ], [ 347332.52556249, 177466.68501179 ], [ 347335.60750733, 177509.41569988 ], [ 347349.52537846, 177516.6909527 ], [ 347432.52375719, 177516.68804096 ], [ 347432.52295335, 177549.68441454 ], [ 347449.52355776, 177566.68482867 ], [ 347499.52318371, 177566.68305102 ], [ 347513.43983583, 177559.40783008 ], [ 347516.52339513, 177516.68519275 ], [ 347554.26041828, 177516.68387735 ], [ 347588.3552582, 177480.8283852 ], [ 347636.09657215, 177474.31279856 ], [ 347630.8316699, 177464.96073173 ], [ 347553.81239173, 177369.09822225 ], [ 347550.68335965, 177345.4391274 ], [ 347563.06177378, 177335.33472629 ], [ 347577.83446485, 177344.79790429 ], [ 347616.53612908, 177316.6749203 ], [ 347649.53690989, 177316.67395305 ], [ 347666.53641161, 177299.67430096 ], [ 347666.5374348, 177249.67670762 ], [ 347649.53694119, 177232.67635973 ], [ 347616.5379458, 177232.67731791 ], [ 347616.53826211, 177216.66964916 ], [ 347749.54771457, 177216.66564545 ], [ 347766.54719007, 177199.6659874 ], [ 347766.54785377, 177166.66854861 ], [ 347899.54032551, 177166.66463422 ], [ 347913.08927951, 177159.89561938 ], [ 347916.5404793, 177116.65656028 ], [ 348099.557522, 177116.64877494 ], [ 348116.55676985, 177099.6491918 ], [ 348116.55757898, 177066.65074163 ], [ 348299.55606421, 177066.64296466 ], [ 348316.55535991, 177049.64346161 ], [ 348316.55632477, 177016.6363248 ], [ 348399.55230696, 177016.63295778 ], [ 348416.5516172, 176999.63351198 ], [ 348416.55269289, 176966.63552291 ], [ 348459.78190189, 176963.18358412 ], [ 348466.55077751, 176949.6347787 ], [ 348466.5524418, 176899.63816435 ], [ 348449.55181606, 176882.63759845 ], [ 348316.56037885, 176882.64259132 ], [ 348316.56297565, 176799.64095429 ], [ 348299.56238135, 176782.64042231 ], [ 348266.55776269, 176782.64157612 ], [ 348266.56163906, 176649.63268919 ], [ 348249.56115864, 176632.63220199 ], [ 348216.56427951, 176632.63313449 ], [ 348216.56520345, 176599.6370587 ], [ 348209.79614904, 176586.08708073 ], [ 348166.5676982, 176582.63741905 ], [ 348166.56996825, 176499.63506382 ], [ 348149.56956808, 176482.63459877 ], [ 348116.5722839, 176482.63537551 ], [ 348116.57271096, 176466.6381719 ], [ 348149.57162169, 176466.6374246 ], [ 348163.12063684, 176459.86850975 ], [ 348166.57214054, 176416.63001516 ], [ 348199.57114713, 176416.62936272 ], [ 348216.57081101, 176399.62976944 ], [ 348216.57341553, 176149.62516201 ], [ 348199.57321639, 176132.6250336 ], [ 347999.5705874, 176132.62737122 ], [ 347982.57078565, 176149.62729942 ], [ 347982.5706463, 176182.6251837 ], [ 347939.84733788, 176185.70838501 ], [ 347932.5721828, 176199.62552802 ], [ 347932.57205465, 176232.63256631 ], [ 347899.55645014, 176232.63320858 ], [ 347886.00725391, 176239.40229259 ], [ 347882.55664935, 176282.63137522 ], [ 347866.56463236, 176282.63175301 ], [ 347866.56490721, 176216.6272182 ], [ 347909.28191856, 176213.54358742 ], [ 347916.55697995, 176199.62651112 ], [ 347916.55770728, 176016.62633022 ], [ 347959.2978293, 176013.5430307 ], [ 347966.57296309, 175999.6259031 ], [ 347966.57374933, 175799.61625896 ], [ 347949.57360155, 175782.61619194 ], [ 347916.55863431, 175782.61647892 ], [ 347913.47597698, 175739.8941242 ], [ 347899.55841047, 175732.61896258 ], [ 347816.56709677, 175732.6206921 ], [ 347816.5672391, 175699.61444834 ], [ 347799.56688611, 175682.61437504 ], [ 347749.56707469, 175682.61541324 ], [ 347735.65010745, 175689.89072703 ], [ 347732.56727939, 175732.62254219 ], [ 347616.55876217, 175732.62505864 ], [ 347616.55924595, 175649.62092744 ], [ 347609.28383939, 175635.70345863 ], [ 347566.55956685, 175632.62159043 ], [ 347563.10922927, 175589.38313776 ], [ 347549.55945446, 175582.61418713 ], [ 347466.55234864, 175582.61589771 ], [ 347466.55284805, 175516.61137453 ], [ 347499.55313273, 175516.61063318 ], [ 347516.55275082, 175499.61072466 ], [ 347516.55301987, 175449.61293262 ], [ 347499.55263917, 175432.61284115 ], [ 347466.55329212, 175432.61358013 ], [ 347463.47033949, 175389.89249062 ], [ 347449.55282493, 175382.61739139 ], [ 347399.55306657, 175382.61840807 ], [ 347382.55341225, 175399.61846842 ], [ 347382.55352941, 175432.61532701 ], [ 347339.828934, 175435.69882259 ], [ 347332.55382498, 175449.61586513 ], [ 347332.55356352, 175482.61415031 ], [ 347316.55389296, 175482.61447763 ], [ 347316.55336353, 175249.60790102 ], [ 347299.55302275, 175232.60797277 ], [ 347199.54466785, 175232.60997728 ], [ 347185.62764182, 175239.88535805 ], [ 347182.54513455, 175282.61778487 ], [ 347099.54544904, 175282.61955576 ], [ 347082.54582526, 175299.61961374 ], [ 347082.54610827, 175382.62495048 ], [ 347049.53006369, 175382.62562105 ], [ 347035.6130602, 175389.90097595 ], [ 347032.53042924, 175432.62256053 ], [ 346816.53082509, 175432.6270597 ], [ 346816.53082724, 175399.63079834 ], [ 346809.25541271, 175385.71340815 ], [ 346766.53115161, 175382.63147309 ], [ 346766.53115197, 175366.62386691 ], [ 346799.53116377, 175366.62319443 ], [ 346816.53081734, 175349.623191 ], [ 346816.53079697, 175249.61798584 ], [ 346799.53045403, 175232.61798934 ], [ 346766.53115435, 175232.61865503 ], [ 346766.53115566, 175049.62056883 ], [ 346749.5308051, 175032.62056878 ], [ 346599.52338598, 175032.62376163 ], [ 346582.52377045, 175049.62371804 ], [ 346582.52361393, 175149.61799326 ], [ 346589.29278455, 175163.16759369 ], [ 346632.52342094, 175166.61731665 ], [ 346632.52341481, 175182.62493465 ], [ 346499.52348526, 175182.62781198 ], [ 346482.52384022, 175199.62779586 ], [ 346482.52369544, 175282.63253001 ], [ 346439.79887106, 175285.71607736 ], [ 346432.52380428, 175299.63320549 ], [ 346432.52376662, 175332.63131896 ], [ 346416.52385364, 175332.63165725 ], [ 346416.52419579, 175199.63005598 ], [ 346399.523841, 175182.62999952 ], [ 346366.5164333, 175182.63068837 ], [ 346363.43375878, 175139.89855785 ], [ 346349.51619575, 175132.62339971 ], [ 346316.51569929, 175132.6240854 ], [ 346316.51612681, 175016.62204717 ], [ 346399.52514109, 175016.62024471 ], [ 346416.52475843, 174999.62026689 ], [ 346416.52493262, 174916.6156223 ], [ 346449.52510046, 174916.61495126 ], [ 346466.52475477, 174899.61497015 ], [ 346466.52496571, 174799.60963679 ], [ 346459.24957035, 174785.69220837 ], [ 346416.52527433, 174782.61024906 ], [ 346413.07478622, 174739.3828762 ], [ 346399.52504191, 174732.61395382 ], [ 346299.51666639, 174732.61595996 ], [ 346282.5170074, 174749.61589765 ], [ 346282.51688645, 174782.61294931 ], [ 346199.51708838, 174782.6146213 ], [ 346182.51743082, 174799.61455258 ], [ 346182.51729739, 174832.62272135 ], [ 346149.50922892, 174832.62338906 ], [ 346135.59225308, 174839.89870217 ], [ 346132.50943314, 174882.62149504 ], [ 346099.5092509, 174882.62216552 ], [ 346085.59227735, 174889.89747751 ], [ 346082.50945031, 174932.62921176 ], [ 346039.78467508, 174935.71279837 ], [ 346032.50960108, 174949.62987267 ], [ 346032.50944884, 174982.62796922 ], [ 345999.49223861, 174982.62864568 ], [ 345982.49258691, 174999.62856401 ], [ 345982.49200634, 175099.63307906 ], [ 345999.4923577, 175116.63319479 ], [ 346032.50872993, 175116.63251241 ], [ 346032.50834599, 175199.63752298 ], [ 346049.50870051, 175216.63760163 ], [ 346082.50805722, 175216.63691345 ], [ 346082.50695422, 175449.64311399 ], [ 346099.50735043, 175466.64318975 ], [ 346132.50661164, 175466.64242064 ], [ 346132.50344405, 175699.65038532 ], [ 346149.50380866, 175716.65063688 ], [ 346199.5117896, 175716.64956433 ], [ 346216.51142499, 175699.6498149 ], [ 346216.51191135, 175666.65120332 ], [ 346482.5206198, 175666.64513856 ], [ 346482.52042166, 175682.64302656 ], [ 346439.79533718, 175685.72662448 ], [ 346432.52022998, 175699.64358917 ], [ 346432.51981925, 175732.65112129 ], [ 346399.51925837, 175732.65183042 ], [ 346382.51962368, 175749.65161784 ], [ 346382.51796055, 175882.65500174 ], [ 346339.78487261, 175885.73859647 ], [ 346332.50975501, 175899.65553244 ], [ 346332.50861207, 175982.66199905 ], [ 346316.50761442, 175982.66237735 ], [ 346313.42528414, 175939.93003967 ], [ 346299.50762972, 175932.65481902 ], [ 346266.50828505, 175932.6555981 ], [ 346263.42603495, 175889.93327629 ], [ 346249.50836876, 175882.6580379 ], [ 346216.5089935, 175882.65881591 ], [ 346213.42667563, 175839.92758624 ], [ 346199.5090478, 175832.65235346 ], [ 346166.50167582, 175832.65306449 ], [ 346166.50280409, 175749.65781914 ], [ 346149.50240495, 175732.65760156 ], [ 346016.48617349, 175732.66062434 ], [ 346016.48660172, 175699.65437456 ], [ 345999.48623716, 175682.654154 ], [ 345799.47841535, 175682.65864218 ], [ 345782.47877974, 175699.65838361 ], [ 345782.47827771, 175732.66601678 ], [ 345699.48575394, 175732.66796442 ], [ 345685.93667696, 175739.43698011 ], [ 345682.48564701, 175782.66624246 ], [ 345649.48500091, 175782.66701784 ], [ 345635.93592468, 175789.43603323 ], [ 345632.48489253, 175832.66539838 ], [ 345549.48420022, 175832.66736026 ], [ 345532.48460305, 175849.66709764 ], [ 345532.48409316, 175882.67464384 ], [ 345416.47589462, 175882.6773907 ], [ 345416.47717689, 175799.67309811 ], [ 345399.47677389, 175782.67283548 ], [ 345366.47730672, 175782.67361776 ], [ 345366.47858906, 175699.66942705 ], [ 345349.47818563, 175682.66916443 ], [ 345299.46915261, 175682.6703512 ], [ 345285.55228946, 175689.94558754 ], [ 345282.46904612, 175732.67763195 ], [ 345266.4689793, 175732.67801145 ], [ 345263.01887185, 175689.44042094 ], [ 345249.46901975, 175682.67143783 ], [ 345116.46148715, 175682.67459418 ], [ 345116.46199696, 175649.67728575 ], [ 345109.1866375, 175635.75967313 ], [ 345066.46219275, 175632.67780665 ], [ 345066.4648233, 175449.66764481 ], [ 345049.46441891, 175432.66742671 ], [ 344999.46438689, 175432.66861609 ], [ 344982.46479128, 175449.66839769 ], [ 344982.46436735, 175482.66698199 ], [ 344939.72213637, 175485.75058146 ], [ 344932.44701572, 175499.66750455 ], [ 344932.44650573, 175532.67604394 ], [ 344916.45447303, 175532.67642411 ], [ 344913.00445189, 175489.43796627 ], [ 344899.45461265, 175482.66895635 ], [ 344866.45516962, 175482.66967522 ], [ 344866.45559572, 175449.67240329 ], [ 344859.18022228, 175435.75482394 ], [ 344816.45577013, 175432.6729685 ], [ 344816.45677561, 175349.66878153 ], [ 344799.45637299, 175332.66857562 ], [ 344766.44896291, 175332.66935735 ], [ 344762.99880794, 175289.44078312 ], [ 344749.44896441, 175282.67180928 ], [ 344716.44956121, 175282.67258929 ], [ 344716.4497586, 175266.66467096 ], [ 344749.45034437, 175266.66395844 ], [ 344766.44997733, 175249.66416618 ], [ 344766.45099152, 175166.65875774 ], [ 344799.45959694, 175166.65798209 ], [ 344816.45919747, 175149.65818788 ], [ 344816.45980269, 175099.66023976 ], [ 344799.45940401, 175082.66003398 ], [ 344766.45201762, 175082.66080807 ], [ 344766.45242064, 175049.66456406 ], [ 344749.45205675, 175032.66435642 ], [ 344666.45275836, 175032.66619902 ], [ 344663.00261292, 174989.42761885 ], [ 344649.45277171, 174982.65864177 ], [ 344566.45342181, 174982.66058021 ], [ 344563.0032851, 174939.43199688 ], [ 344549.4534432, 174932.66301774 ], [ 344466.44520759, 174932.66488615 ], [ 344466.44563252, 174899.65860292 ], [ 344449.44527199, 174882.65838406 ], [ 344399.44527402, 174882.65944445 ], [ 344382.44563456, 174899.65922474 ], [ 344382.44449576, 174982.66473579 ], [ 344339.71936282, 174985.74824489 ], [ 344332.44423386, 174999.66521617 ], [ 344332.44380648, 175032.67379759 ], [ 344299.44318193, 175032.67456457 ], [ 344285.52630949, 175039.94980233 ], [ 344282.44308296, 175082.67182676 ], [ 344199.43441191, 175082.67375711 ], [ 344185.51752809, 175089.94901159 ], [ 344182.4343776, 175132.67202125 ], [ 344149.43364899, 175132.67278918 ], [ 344135.88455581, 175139.44182205 ], [ 344132.43361406, 175182.68112056 ], [ 343966.42449828, 175182.68485376 ], [ 343966.42575492, 175099.67962741 ], [ 343949.42539377, 175082.67937004 ], [ 343866.41789228, 175082.68119957 ], [ 343863.33566316, 175039.95986516 ], [ 343849.41799855, 175032.68462058 ], [ 343816.41860891, 175032.68538711 ], [ 343816.41904497, 174999.67803137 ], [ 343809.14367799, 174985.76045147 ], [ 343766.41929609, 174982.67857274 ], [ 343763.33706899, 174939.95623671 ], [ 343749.41940461, 174932.68099153 ], [ 343699.41139777, 174932.68215128 ], [ 343682.41179202, 174949.68189185 ], [ 343682.41059139, 175032.68839959 ], [ 343649.41796227, 175032.6891659 ], [ 343635.50109148, 175039.96440092 ], [ 343632.41785279, 175082.68643841 ], [ 343599.40918754, 175082.68720546 ], [ 343585.86010752, 175089.45622006 ], [ 343582.40907745, 175132.68554515 ], [ 343549.40844452, 175132.68624657 ], [ 343532.40880585, 175149.68598596 ], [ 343532.40737272, 175249.69097858 ], [ 343549.40776861, 175266.69120521 ], [ 343582.4071263, 175266.69043674 ], [ 343582.4059558, 175349.6957718 ], [ 343599.40635223, 175366.695998 ], [ 343649.41436859, 175366.69483184 ], [ 343662.96345971, 175359.92580062 ], [ 343666.41441048, 175316.69655792 ], [ 343682.40649173, 175316.69618518 ], [ 343685.85652697, 175359.92476595 ], [ 343699.40638469, 175366.6937658 ], [ 343732.41374565, 175366.692996 ], [ 343732.41324284, 175399.70031682 ], [ 343739.68860004, 175413.6179242 ], [ 343782.41310172, 175416.69980552 ], [ 343782.41285838, 175432.69678107 ], [ 343739.68770473, 175435.78036412 ], [ 343732.41258114, 175449.69729136 ], [ 343732.41130438, 175532.70381218 ], [ 343649.41060491, 175532.70575447 ], [ 343632.41100274, 175549.70549146 ], [ 343632.41039846, 175588.76463034 ], [ 343638.54220776, 175591.53034822 ], [ 343638.54220776, 175591.53034822 ] ] ], [ [ [ 356813.26178593, 156409.41187634 ], [ 356816.71241006, 156366.18337014 ], [ 356832.7108223, 156366.18368887 ], [ 356836.16127877, 156409.41267219 ], [ 356849.71048128, 156416.18179229 ], [ 356882.71836253, 156416.18247498 ], [ 356885.80102702, 156458.91626674 ], [ 356899.71798216, 156466.19162859 ], [ 356949.70841427, 156466.19280085 ], [ 356966.70881291, 156449.19278744 ], [ 356966.7086813, 156366.18636066 ], [ 357132.72468667, 156366.18489843 ], [ 357132.72502804, 156499.19078602 ], [ 357149.72536608, 156516.1907636 ], [ 357182.71488861, 156516.19010762 ], [ 357185.79781886, 156558.9127072 ], [ 357199.71529877, 156566.18782391 ], [ 357249.71310491, 156566.18694533 ], [ 357266.71280619, 156549.18688692 ], [ 357266.71239071, 156399.18037685 ], [ 357249.71200834, 156382.18043527 ], [ 357216.714536, 156382.18117746 ], [ 357216.71448196, 156366.1830512 ], [ 357259.43717453, 156363.09949655 ], [ 357266.71221884, 156349.18230646 ], [ 357266.71204694, 156299.17313551 ], [ 357249.71165415, 156282.17319394 ], [ 357066.71292736, 156282.17725701 ], [ 357063.2622239, 156238.9475266 ], [ 357049.71263269, 156232.17860636 ], [ 356916.71812545, 156232.17773103 ], [ 356913.63535305, 156189.44391582 ], [ 356899.71830726, 156182.16861301 ], [ 356866.71076197, 156182.16809551 ], [ 356866.71075092, 156149.17015607 ], [ 356859.43563613, 156135.25298092 ], [ 356816.71238811, 156132.1696695 ], [ 356816.71237944, 156049.16215262 ], [ 356799.7125733, 156032.16215442 ], [ 356766.70604425, 156032.16177805 ], [ 356766.70604628, 156016.16413732 ], [ 356809.43706059, 156013.08174171 ], [ 356816.71237398, 155999.16442098 ], [ 356816.71237027, 155966.155925 ], [ 356899.71766168, 155966.15658234 ], [ 356916.71779638, 155949.15657235 ], [ 356916.71777699, 155916.1578626 ], [ 356949.70788133, 155916.15803364 ], [ 356966.70796947, 155899.15797043 ], [ 356966.70778353, 155849.14953886 ], [ 356949.70786089, 155832.14960207 ], [ 356866.71033687, 155832.14922479 ], [ 356866.71004177, 155749.1501279 ], [ 356849.71009561, 155732.15018836 ], [ 356816.71191014, 155732.15008384 ], [ 356816.71179882, 155699.14157595 ], [ 356809.94277621, 155685.59215338 ], [ 356766.70561374, 155682.14161757 ], [ 356766.70535518, 155549.13459848 ], [ 356749.70529435, 155532.13461879 ], [ 356699.71515759, 155532.13479765 ], [ 356682.71521842, 155549.13484879 ], [ 356682.71531768, 155582.133077 ], [ 356516.72298144, 155582.13339602 ], [ 356516.72297724, 155566.13539069 ], [ 356549.71303646, 155566.13533732 ], [ 356563.63028575, 155558.86008453 ], [ 356566.71299403, 155516.12613572 ], [ 356609.43581319, 155513.0432343 ], [ 356616.71101338, 155499.12598329 ], [ 356616.71084916, 155399.12772271 ], [ 356599.71071909, 155382.12776765 ], [ 356499.72273627, 155382.12843323 ], [ 356486.17333843, 155388.89747453 ], [ 356482.72284145, 155432.1275475 ], [ 356466.70882719, 155432.12765942 ], [ 356463.62606267, 155389.40401495 ], [ 356449.70869381, 155382.12881685 ], [ 356366.71181346, 155382.12945475 ], [ 356366.71183703, 155299.12300179 ], [ 356349.71164892, 155282.12299698 ], [ 356249.71580484, 155282.12400388 ], [ 356232.7159591, 155299.12395873 ], [ 356232.7157716, 155432.12906711 ], [ 356149.71150723, 155432.12958609 ], [ 356132.71162711, 155449.12956847 ], [ 356132.71142335, 155549.13654718 ], [ 356149.71148607, 155566.13659883 ], [ 356232.71558252, 155566.13629292 ], [ 356232.71542689, 155649.14253165 ], [ 356249.7154321, 155666.14257706 ], [ 356332.71163016, 155666.14255192 ], [ 356332.71162022, 155699.14123224 ], [ 356339.48060706, 155712.6906902 ], [ 356382.70978195, 155716.14131638 ], [ 356382.70977207, 155799.14800267 ], [ 356399.70970802, 155816.14800471 ], [ 356432.70895565, 155816.14812904 ], [ 356432.70895264, 155899.15496529 ], [ 356439.98414898, 155913.07220449 ], [ 356482.72309746, 155916.15513479 ], [ 356482.72282348, 155999.1615796 ], [ 356489.99795553, 156013.07882836 ], [ 356532.71302991, 156016.16198532 ], [ 356532.71284093, 156099.16770036 ], [ 356549.71263507, 156116.1677526 ], [ 356599.71098347, 156116.16835805 ], [ 356616.71118933, 156099.16837229 ], [ 356616.71121697, 156066.16017039 ], [ 356632.70952378, 156066.16035228 ], [ 356636.15990247, 156109.39986817 ], [ 356649.70923168, 156116.16896407 ], [ 356682.71578041, 156116.16936448 ], [ 356685.79844149, 156158.89270227 ], [ 356699.715515, 156166.16802591 ], [ 356732.7060266, 156166.16851734 ], [ 356732.70602208, 156199.16636035 ], [ 356739.98112804, 156213.08353734 ], [ 356782.71239642, 156216.16687942 ], [ 356782.71240262, 156282.17411166 ], [ 356699.71593737, 156282.17258803 ], [ 356682.71561182, 156299.17258151 ], [ 356682.71557992, 156382.17824223 ], [ 356639.9845842, 156385.26016084 ], [ 356632.70915382, 156399.17751644 ], [ 356632.70899109, 156499.18437785 ], [ 356639.98402203, 156513.10151107 ], [ 356682.71542747, 156516.18518532 ], [ 356682.71541438, 156549.18313918 ], [ 356699.71499098, 156566.18314591 ], [ 356749.70554598, 156566.18439099 ], [ 356766.70596938, 156549.18439372 ], [ 356766.70597469, 156516.18721399 ], [ 356799.71201012, 156516.1880115 ], [ 356816.71242089, 156499.18801017 ], [ 356816.71241697, 156449.18938418 ], [ 356809.437376, 156435.27225599 ], [ 356766.70598792, 156432.18861278 ], [ 356766.70599038, 156416.18001072 ], [ 356799.71202765, 156416.18075865 ], [ 356813.26178593, 156409.41187634 ], [ 356813.26178593, 156409.41187634 ] ] ], [ [ [ 353936.09835465, 157138.92331637 ], [ 353932.64719158, 157199.15043695 ], [ 353949.6471481, 157216.15062797 ], [ 353982.63900735, 157216.15071234 ], [ 353982.63659534, 157449.15579693 ], [ 353999.63658615, 157466.1559875 ], [ 354032.64445224, 157466.15600534 ], [ 354036.09461483, 157509.39314572 ], [ 354049.64410601, 157516.16224084 ], [ 354149.6531685, 157516.16239444 ], [ 354166.6531776, 157499.16254971 ], [ 354166.65501507, 157316.15540012 ], [ 354182.64705842, 157316.15540887 ], [ 354182.64564703, 157449.15600649 ], [ 354199.6456379, 157466.15619534 ], [ 354249.65375096, 157466.15622219 ], [ 354266.65376008, 157449.1563766 ], [ 354266.65457999, 157366.1517802 ], [ 354299.65476952, 157366.1517981 ], [ 354316.65477874, 157349.15195209 ], [ 354316.65559648, 157266.15835674 ], [ 354449.66379885, 157266.15842943 ], [ 354466.66380812, 157249.1586161 ], [ 354466.66465363, 157166.15498901 ], [ 354549.67380776, 157166.15503471 ], [ 354566.67381711, 157149.15522053 ], [ 354566.67517106, 157016.14337055 ], [ 354582.68317315, 157016.14337948 ], [ 354582.68182258, 157149.1549768 ], [ 354599.68181326, 157166.15516218 ], [ 354649.67381842, 157166.1551896 ], [ 354666.67382774, 157149.15537455 ], [ 354666.67418685, 157116.1479756 ], [ 354682.67418986, 157116.14798532 ], [ 354682.67339036, 157199.15129046 ], [ 354699.67293505, 157216.15144099 ], [ 354799.6789968, 157216.15402742 ], [ 354813.59653037, 157208.87901325 ], [ 354816.67977535, 157166.15826816 ], [ 354949.67653376, 157166.16175273 ], [ 354966.67699194, 157149.16190079 ], [ 354966.6779629, 157049.15740277 ], [ 354949.67838742, 157032.15722071 ], [ 354916.67910103, 157032.15639665 ], [ 354913.59681104, 156989.42421557 ], [ 354899.67984757, 156982.14875559 ], [ 354866.67252773, 156982.14786501 ], [ 354863.22245108, 156938.92041699 ], [ 354849.67327487, 156932.15118944 ], [ 354799.68226595, 156932.14983982 ], [ 354782.68180701, 156949.14969114 ], [ 354782.68151843, 156982.1456985 ], [ 354749.6748188, 156982.14480786 ], [ 354736.12507034, 156988.91357953 ], [ 354732.67400505, 157032.15160134 ], [ 354716.67499504, 157032.15120173 ], [ 354716.67720431, 156799.14673271 ], [ 354699.67726045, 156782.14658362 ], [ 354666.67742107, 156782.14647464 ], [ 354663.59511495, 156739.4145281 ], [ 354649.67779056, 156732.1391918 ], [ 354616.68593661, 156732.1391717 ], [ 354613.60355367, 156689.41715322 ], [ 354599.6862413, 156682.14183362 ], [ 354549.67824724, 156682.14180191 ], [ 354536.12882423, 156688.91073468 ], [ 354532.67794172, 156732.13902039 ], [ 354499.66880495, 156732.13900019 ], [ 354482.66879455, 156749.13881394 ], [ 354482.66795109, 156832.14251556 ], [ 354449.66784484, 156832.14243076 ], [ 354432.66780115, 156849.14227806 ], [ 354432.66650643, 156982.1431955 ], [ 354349.66636032, 156982.14314886 ], [ 354332.66635077, 156999.14296131 ], [ 354332.66598661, 157032.15036454 ], [ 354316.65798416, 157032.15035558 ], [ 354313.20788633, 156988.91211982 ], [ 354299.65835874, 156982.1430207 ], [ 354199.65025568, 156982.14296424 ], [ 354182.65024608, 156999.14280939 ], [ 354182.64994541, 157032.15018034 ], [ 353999.64078918, 157032.14997707 ], [ 353982.64077956, 157049.14978648 ], [ 353982.63991501, 157132.15442007 ], [ 353949.64776289, 157132.15440159 ], [ 353936.09835465, 157138.92331637 ], [ 353936.09835465, 157138.92331637 ] ] ], [ [ [ 352536.02967059, 157759.40012619 ], [ 352549.57922166, 157766.16921881 ], [ 352599.57939435, 157766.16916331 ], [ 352613.49659189, 157758.89399737 ], [ 352616.57968611, 157716.1618087 ], [ 352632.58885903, 157716.16179104 ], [ 352635.67122882, 157758.89369325 ], [ 352649.58856724, 157766.16900775 ], [ 352682.59646269, 157766.16897105 ], [ 352685.67884372, 157808.88989033 ], [ 352699.59620806, 157816.16519326 ], [ 352732.58807221, 157816.16509047 ], [ 352735.67045979, 157858.89708779 ], [ 352749.58782315, 157866.17238926 ], [ 352782.58768803, 157866.17228638 ], [ 352785.67007606, 157908.89428355 ], [ 352799.58743939, 157916.16958493 ], [ 352882.59547895, 157916.16939192 ], [ 352882.59360942, 158099.1773898 ], [ 352889.36258021, 158112.72701901 ], [ 352932.59359608, 158116.17747563 ], [ 352932.59292865, 158182.18107861 ], [ 352916.5927863, 158182.18112872 ], [ 352916.59315335, 158149.17401937 ], [ 352899.59310016, 158132.17383033 ], [ 352699.59249598, 158132.17435589 ], [ 352685.6753354, 158139.4495178 ], [ 352682.59218087, 158182.181661 ], [ 352639.85907745, 158185.26447996 ], [ 352632.58381451, 158199.18160839 ], [ 352632.58351202, 158232.17906932 ], [ 352616.574335, 158232.17911939 ], [ 352616.57463778, 158199.18197654 ], [ 352599.57458465, 158182.18182055 ], [ 352499.58236575, 158182.18203305 ], [ 352482.58238487, 158199.18184275 ], [ 352482.58182519, 158249.17919492 ], [ 352489.85703175, 158263.09662919 ], [ 352532.57381189, 158266.17928207 ], [ 352532.57363289, 158282.18560032 ], [ 352466.57337828, 158282.18574074 ], [ 352466.57374801, 158249.17963194 ], [ 352449.5736949, 158232.17944151 ], [ 352399.56551772, 158232.17959775 ], [ 352386.01615636, 158238.94853322 ], [ 352382.56520079, 158282.18597039 ], [ 352339.84012495, 158285.26871363 ], [ 352332.5648452, 158299.18585291 ], [ 352332.56382376, 158399.18042136 ], [ 352349.56384315, 158416.18061201 ], [ 352399.56400853, 158416.18055498 ], [ 352416.56398914, 158399.18074556 ], [ 352416.56435908, 158366.18318341 ], [ 352432.57247133, 158366.18316537 ], [ 352432.57216769, 158399.18024207 ], [ 352439.84738502, 158413.09765005 ], [ 352482.58008999, 158416.18029518 ], [ 352482.57978661, 158449.18643808 ], [ 352499.57983988, 158466.18659433 ], [ 352682.58921245, 158466.18618679 ], [ 352686.03931379, 158509.41432899 ], [ 352699.5888637, 158516.18341943 ], [ 352749.5810428, 158516.18336254 ], [ 352766.58102345, 158499.18355202 ], [ 352766.58188259, 158416.17970543 ], [ 352849.58241407, 158416.17954514 ], [ 352866.58239475, 158399.17973433 ], [ 352866.58276197, 158366.18214018 ], [ 352932.5910522, 158366.18199918 ], [ 352936.04123329, 158409.41015727 ], [ 352949.59077095, 158416.17923136 ], [ 352999.59084927, 158416.17917441 ], [ 353016.59082991, 158399.17936313 ], [ 353016.59119623, 158366.18180364 ], [ 353132.59166425, 158366.18157151 ], [ 353132.59136485, 158399.17864904 ], [ 353149.59138426, 158416.1788033 ], [ 353199.60046276, 158416.17874617 ], [ 353216.60044334, 158399.17893427 ], [ 353216.60154978, 158299.18423212 ], [ 353199.60149642, 158282.18404402 ], [ 353066.59220597, 158282.18439544 ], [ 353066.59287214, 158216.18079281 ], [ 353109.83214316, 158212.73026398 ], [ 353116.60120339, 158199.1809438 ], [ 353116.60156924, 158166.17338479 ], [ 353159.31854327, 158163.09065074 ], [ 353166.59383351, 158149.1735357 ], [ 353166.59468686, 158066.16969194 ], [ 353199.60406967, 158066.16958859 ], [ 353216.60401645, 158049.16977675 ], [ 353216.60456982, 157999.1724258 ], [ 353199.60451663, 157982.17223763 ], [ 353066.59523432, 157982.17258775 ], [ 353066.59560045, 157949.17654439 ], [ 353059.32041044, 157935.25912328 ], [ 353016.59561503, 157932.17639289 ], [ 353016.59802819, 157699.16114497 ], [ 352999.59800931, 157682.16098471 ], [ 352949.59793665, 157682.16104022 ], [ 352932.59795553, 157699.160846 ], [ 352932.59757842, 157732.16839242 ], [ 352899.59719264, 157732.16842928 ], [ 352886.0478062, 157738.93735285 ], [ 352882.59683867, 157782.16478898 ], [ 352866.58873174, 157782.16480687 ], [ 352863.13855844, 157738.93766088 ], [ 352849.58901991, 157732.16858508 ], [ 352816.58912638, 157732.16862186 ], [ 352813.50674925, 157689.43671028 ], [ 352799.58938447, 157682.16140647 ], [ 352716.59738606, 157682.16159826 ], [ 352716.5982336, 157599.16830728 ], [ 352699.59821508, 157582.16814719 ], [ 352649.59014195, 157582.16820167 ], [ 352635.67295601, 157589.4433504 ], [ 352632.58978381, 157632.16448958 ], [ 352616.58061071, 157632.16453914 ], [ 352613.49831877, 157589.4436878 ], [ 352599.58096882, 157582.1683561 ], [ 352549.58079583, 157582.16841047 ], [ 352532.58081431, 157599.16821648 ], [ 352532.57920279, 157749.16902486 ], [ 352536.02967059, 157759.40012619 ], [ 352536.02967059, 157759.40012619 ] ] ], [ [ [ 358339.48044637, 159685.78268658 ], [ 358332.71137179, 159699.33228808 ], [ 358332.71161605, 159749.328856 ], [ 358339.98678045, 159763.24598851 ], [ 358382.71955903, 159766.32916827 ], [ 358385.80253254, 159809.06170685 ], [ 358399.71959598, 159816.33694965 ], [ 358449.71953924, 159816.33755847 ], [ 358466.71974624, 159799.33742411 ], [ 358466.71948536, 159766.33017454 ], [ 358482.71931206, 159766.33036625 ], [ 358482.71986739, 159832.33555418 ], [ 358439.99534429, 159835.41783446 ], [ 358432.72004105, 159849.33527991 ], [ 358432.72043546, 159899.33176707 ], [ 358449.72018774, 159916.33163296 ], [ 358582.72861586, 159916.33340539 ], [ 358582.7289928, 159949.34143001 ], [ 358599.72874159, 159966.34123588 ], [ 358649.72076325, 159966.34197461 ], [ 358666.72101446, 159949.34177175 ], [ 358666.72062059, 159916.33456193 ], [ 358732.72966567, 159916.33539244 ], [ 358732.73058685, 159982.34077791 ], [ 358649.72186529, 159982.33960086 ], [ 358632.72161074, 159999.33980347 ], [ 358632.72280218, 160099.34415552 ], [ 358649.72257494, 160116.34395306 ], [ 358749.73193986, 160116.34539008 ], [ 358763.64948738, 160109.07012237 ], [ 358766.73177418, 160066.33796826 ], [ 358809.46434869, 160063.25569805 ], [ 358816.73962874, 160049.33817435 ], [ 358816.73844552, 159966.34420914 ], [ 358899.73797836, 159966.34537038 ], [ 358916.73822971, 159949.34508989 ], [ 358916.73657926, 159849.34053827 ], [ 358899.73678994, 159832.34081892 ], [ 358866.72833463, 159832.34040985 ], [ 358866.72727814, 159766.33497081 ], [ 358999.74236666, 159766.33656724 ], [ 359016.74257072, 159749.33623474 ], [ 359016.74094706, 159666.33217268 ], [ 359049.74918814, 159666.33255597 ], [ 359066.74938554, 159649.33221448 ], [ 359066.74776311, 159566.32793104 ], [ 359109.46294229, 159563.24548318 ], [ 359116.73816071, 159549.32791767 ], [ 359116.73755182, 159516.33033956 ], [ 359159.46160176, 159513.24788064 ], [ 359166.73682401, 159499.33033581 ], [ 359166.73626057, 159466.33270553 ], [ 359199.73528551, 159466.3329782 ], [ 359213.2849776, 159459.56385916 ], [ 359216.73477586, 159416.32492863 ], [ 359249.75083347, 159416.32518753 ], [ 359266.75096677, 159399.32484207 ], [ 359266.74883419, 159299.31939889 ], [ 359249.74895302, 159282.31977847 ], [ 358966.72770659, 159282.31806976 ], [ 358963.64442115, 159239.59514784 ], [ 358949.72729986, 159232.32000823 ], [ 358849.7208387, 159232.31955543 ], [ 358832.72076178, 159249.31971579 ], [ 358832.72161045, 159332.32513318 ], [ 358616.72384578, 159332.32370965 ], [ 358613.27309561, 159289.08495204 ], [ 358599.72375353, 159282.31595671 ], [ 358516.71700084, 159282.31544888 ], [ 358516.71696323, 159249.31776042 ], [ 358509.44175507, 159235.40053405 ], [ 358466.71762768, 159232.31763202 ], [ 358463.26709239, 159189.08001696 ], [ 358449.71767878, 159182.31099108 ], [ 358266.71289805, 159182.31025197 ], [ 358266.71322197, 159099.30548953 ], [ 358259.94424782, 159085.75598015 ], [ 358216.72226977, 159082.30537446 ], [ 358216.72241707, 159049.30907233 ], [ 358199.72301556, 159032.30899644 ], [ 358149.71539017, 159032.30723591 ], [ 358132.71479168, 159049.30715836 ], [ 358132.71464117, 159082.30298667 ], [ 358099.70843286, 159082.30182288 ], [ 358085.79072705, 159089.57683335 ], [ 358082.70767966, 159132.30857009 ], [ 358016.71834717, 159132.30623946 ], [ 358013.63601589, 159089.57388548 ], [ 357999.71917279, 159082.29839682 ], [ 357949.71244274, 159082.29663356 ], [ 357932.71184332, 159099.2965494 ], [ 357932.71136638, 159182.30064519 ], [ 357849.70657019, 159182.29777531 ], [ 357832.70596888, 159199.29765381 ], [ 357832.70535415, 159299.30125581 ], [ 357849.704785, 159316.30134332 ], [ 357899.70343432, 159316.30301722 ], [ 357913.25328791, 159309.53425208 ], [ 357916.70423612, 159266.30638278 ], [ 357982.71756261, 159266.3086551 ], [ 357982.71740235, 159299.30648273 ], [ 357999.71683318, 159316.30656528 ], [ 358082.70672199, 159316.30940975 ], [ 358082.70623488, 159399.3134944 ], [ 358099.70562997, 159416.31360769 ], [ 358149.71238929, 159416.31538706 ], [ 358166.71299419, 159399.31546471 ], [ 358166.71314489, 159366.31964104 ], [ 358232.71217542, 159366.32108276 ], [ 358232.7120452, 159399.31753284 ], [ 358239.98719822, 159413.23480708 ], [ 358282.71150493, 159416.31785506 ], [ 358285.79407584, 159459.05007344 ], [ 358299.71125584, 159466.32538614 ], [ 358332.71082975, 159466.32565552 ], [ 358332.71078205, 159599.32717333 ], [ 358339.47971629, 159612.87658194 ], [ 358382.71854844, 159616.3274784 ], [ 358382.71903757, 159682.33259385 ], [ 358339.48044637, 159685.78268658 ], [ 358339.48044637, 159685.78268658 ] ] ], [ [ [ 356359.39191504, 161485.38540324 ], [ 356349.6674199, 161482.30242397 ], [ 356249.67019933, 161482.29877825 ], [ 356232.66957959, 161499.29863586 ], [ 356232.66881842, 161582.30250431 ], [ 356016.65963331, 161582.29448937 ], [ 356013.20968558, 161539.05605675 ], [ 355999.66064364, 161532.28674891 ], [ 355916.65391343, 161532.28362088 ], [ 355913.20383562, 161489.05503282 ], [ 355899.65462836, 161482.28581643 ], [ 355849.66359056, 161482.28458318 ], [ 355832.66317118, 161499.28439632 ], [ 355832.66232491, 161582.28850742 ], [ 355799.65548329, 161582.28763084 ], [ 355785.73791798, 161589.56265132 ], [ 355782.65473537, 161632.28340238 ], [ 355766.65562932, 161632.28300973 ], [ 355763.2056299, 161589.05563475 ], [ 355749.65640915, 161582.2864028 ], [ 355716.65710388, 161582.28559225 ], [ 355716.65784876, 161499.28094593 ], [ 355699.65826698, 161482.28079337 ], [ 355549.65304431, 161482.27700295 ], [ 355532.65262605, 161499.27685065 ], [ 355532.65181655, 161582.28097221 ], [ 355499.65300757, 161582.28016149 ], [ 355485.73548017, 161589.55517592 ], [ 355482.65222857, 161632.27590446 ], [ 355449.66145375, 161632.27502845 ], [ 355432.66100235, 161649.2748764 ], [ 355432.6605551, 161699.28207187 ], [ 355449.66010401, 161716.28222391 ], [ 355532.65048246, 161716.28435989 ], [ 355532.65018698, 161749.2818182 ], [ 355539.41894903, 161762.831254 ], [ 355582.64907419, 161766.28277926 ], [ 355586.0991526, 161809.52017326 ], [ 355599.64836217, 161816.28938866 ], [ 355682.65477046, 161816.2914214 ], [ 355682.65459496, 161832.28861251 ], [ 355639.93087758, 161835.37035037 ], [ 355632.65536957, 161849.28761861 ], [ 355632.6550078, 161882.28458108 ], [ 355616.64793497, 161882.28418968 ], [ 355616.64823056, 161849.28673361 ], [ 355599.64864661, 161832.28658132 ], [ 355549.64960765, 161832.28535768 ], [ 355532.6491916, 161849.28517147 ], [ 355532.64819637, 161949.28959289 ], [ 355539.92317995, 161963.20683422 ], [ 355582.64708252, 161966.29055143 ], [ 355585.72937318, 162009.01171141 ], [ 355599.64637193, 162016.28715958 ], [ 355732.65184872, 162016.29040679 ], [ 355732.6517051, 162032.29759721 ], [ 355649.65379178, 162032.29557244 ], [ 355632.65337705, 162049.2953861 ], [ 355632.65301537, 162082.29234991 ], [ 355599.64620581, 162082.29154531 ], [ 355582.64579141, 162099.29135909 ], [ 355582.64479601, 162199.29467893 ], [ 355599.64434824, 162216.29483114 ], [ 355649.6513853, 162216.29614828 ], [ 355663.20112431, 162209.52737466 ], [ 355666.6521947, 162166.29937044 ], [ 355682.65126583, 162166.29976015 ], [ 355682.65012602, 162282.30030036 ], [ 355639.92635007, 162285.38197454 ], [ 355632.65083726, 162299.29928013 ], [ 355632.64942803, 162449.29987116 ], [ 355649.64901619, 162466.30001391 ], [ 355732.64746275, 162466.30202455 ], [ 355732.64732939, 162482.30921804 ], [ 355699.64845915, 162482.30841987 ], [ 355682.64804796, 162499.30827767 ], [ 355682.64762977, 162549.30547228 ], [ 355699.64721919, 162566.30561447 ], [ 355849.65254374, 162566.30923699 ], [ 355863.57008148, 162559.03419739 ], [ 355866.65322697, 162516.31255896 ], [ 355949.65163905, 162516.3151536 ], [ 355966.65224986, 162499.31528806 ], [ 355966.65304051, 162399.31190942 ], [ 355949.65364999, 162382.31177506 ], [ 355816.6473071, 162382.30796892 ], [ 355813.56501005, 162339.57581293 ], [ 355799.64801045, 162332.3003668 ], [ 355766.64871408, 162332.29956553 ], [ 355766.64937201, 162266.29618573 ], [ 355849.65521837, 162266.29820415 ], [ 355866.65563173, 162249.29839083 ], [ 355866.65599407, 162216.30142962 ], [ 355899.64680376, 162216.30223251 ], [ 355913.56432789, 162209.02721714 ], [ 355916.64758002, 162166.30575798 ], [ 355999.65358859, 162166.30878161 ], [ 356013.20346056, 162159.54006422 ], [ 356016.65456856, 162116.30321871 ], [ 356032.66126391, 162116.30380549 ], [ 356032.66044037, 162199.30762029 ], [ 356049.65981652, 162216.30780249 ], [ 356099.65058467, 162216.30963701 ], [ 356113.20046985, 162209.54090242 ], [ 356116.65149343, 162166.3131728 ], [ 356149.65778092, 162166.31438328 ], [ 356163.57548235, 162159.03941361 ], [ 356166.65868658, 162116.30881789 ], [ 356282.67187102, 162116.31317052 ], [ 356282.67159703, 162149.31984364 ], [ 356289.44026554, 162162.86919813 ], [ 356332.6612215, 162166.32119472 ], [ 356332.66095029, 162199.31887032 ], [ 356349.66029256, 162216.31901004 ], [ 356449.65876351, 162216.32277887 ], [ 356466.65938721, 162199.32291578 ], [ 356466.66019247, 162099.31952866 ], [ 356449.6608156, 162082.31939179 ], [ 356366.66191184, 162082.31628343 ], [ 356366.66218301, 162049.31857416 ], [ 356359.89351377, 162035.76922053 ], [ 356316.67256821, 162032.31722559 ], [ 356316.67363094, 161916.30668556 ], [ 356349.66275932, 161916.30795875 ], [ 356366.66341543, 161899.30809841 ], [ 356366.66382613, 161849.31090659 ], [ 356349.66448196, 161832.31076695 ], [ 356266.66662396, 161832.3076313 ], [ 356266.66696648, 161799.3099959 ], [ 356259.39209397, 161785.39280753 ], [ 356216.66040915, 161782.30861284 ], [ 356216.6605766, 161766.30242314 ], [ 356249.66676427, 161766.30362918 ], [ 356263.58446494, 161759.02865733 ], [ 356266.6676619, 161716.3070939 ], [ 356399.66316404, 161716.31201751 ], [ 356416.66378495, 161699.31215568 ], [ 356416.66459773, 161599.30877031 ], [ 356399.66521806, 161582.30863215 ], [ 356316.67650158, 161582.30560375 ], [ 356316.67663432, 161566.29841239 ], [ 356349.66576951, 161566.29961575 ], [ 356366.66638964, 161549.29975532 ], [ 356366.66680006, 161499.30256352 ], [ 356359.39191504, 161485.38540324 ], [ 356359.39191504, 161485.38540324 ] ] ], [ [ [ 356736.1110395, 162889.12136661 ], [ 356732.66043226, 162949.34898134 ], [ 356739.93533923, 162963.26598941 ], [ 356782.66768751, 162966.35027752 ], [ 356782.66795264, 163032.35495495 ], [ 356699.67026352, 163032.3516039 ], [ 356682.66957711, 163049.35162608 ], [ 356682.66962018, 163082.3572942 ], [ 356649.6630915, 163082.35595774 ], [ 356632.66240316, 163099.35600785 ], [ 356632.66259765, 163199.36061863 ], [ 356639.93749557, 163213.2776328 ], [ 356682.66999396, 163216.36194707 ], [ 356685.75261333, 163259.08355757 ], [ 356699.66930786, 163266.35901774 ], [ 356882.67668651, 163266.3666949 ], [ 356882.68103739, 163499.37495595 ], [ 356899.68028933, 163516.37460484 ], [ 356999.67981625, 163516.37900499 ], [ 357013.59780821, 163509.10379585 ], [ 357016.67976705, 163466.38196719 ], [ 357032.67940645, 163466.38266726 ], [ 357032.68111638, 163532.38824715 ], [ 356999.68252406, 163532.38678671 ], [ 356982.68177168, 163549.38719699 ], [ 356982.68418444, 163649.3817592 ], [ 356999.68342352, 163666.3813491 ], [ 357032.68458439, 163666.38282622 ], [ 357035.76808325, 163709.11606729 ], [ 357049.684505, 163716.39138074 ], [ 357149.70405294, 163716.3972364 ], [ 357166.70514345, 163699.3967754 ], [ 357166.69899, 163466.3904331 ], [ 357299.70608562, 163466.39895043 ], [ 357316.70717415, 163449.39848773 ], [ 357316.70581298, 163399.39068574 ], [ 357299.70690114, 163382.3911485 ], [ 357166.69677957, 163382.38263405 ], [ 357166.69392578, 163216.38407346 ], [ 357249.68953561, 163216.3893498 ], [ 357266.69061635, 163199.38919275 ], [ 357266.69031137, 163166.38287639 ], [ 357282.70171385, 163166.38389132 ], [ 357286.15235407, 163209.62314522 ], [ 357299.70095286, 163216.392429 ], [ 357432.70960745, 163216.40088573 ], [ 357432.71341904, 163399.40118156 ], [ 357449.71233079, 163416.40075108 ], [ 357632.73206035, 163416.41246677 ], [ 357632.73380625, 163482.41808576 ], [ 357589.99941633, 163485.49842037 ], [ 357582.72376678, 163499.41640341 ], [ 357582.72503779, 163549.4242123 ], [ 357599.72394846, 163566.42378019 ], [ 357632.73607827, 163566.42589554 ], [ 357635.81963529, 163609.1484431 ], [ 357649.73589433, 163616.42379461 ], [ 357749.74994499, 163616.43020584 ], [ 357766.75103469, 163599.42977208 ], [ 357766.74885075, 163516.42667057 ], [ 357832.75389527, 163516.43089886 ], [ 357832.75433677, 163532.43871298 ], [ 357789.51259821, 163535.88686164 ], [ 357782.7432319, 163549.43706611 ], [ 357782.74598676, 163649.43169269 ], [ 357799.74489666, 163666.43122431 ], [ 357949.76949331, 163666.44094469 ], [ 357966.7706174, 163649.4404747 ], [ 357966.76704018, 163516.43948329 ], [ 357999.77605322, 163516.44159767 ], [ 358016.77714215, 163499.44112711 ], [ 358016.77346049, 163366.44023179 ], [ 358059.49191949, 163363.35988512 ], [ 358066.76755615, 163349.44187211 ], [ 358066.76536168, 163266.43771024 ], [ 358082.76781295, 163266.43873118 ], [ 358082.77279764, 163449.4506552 ], [ 358099.7717091, 163466.4501835 ], [ 358199.79374966, 163466.45658804 ], [ 358213.71201584, 163459.18147276 ], [ 358216.79398624, 163416.44965625 ], [ 358299.78798272, 163416.45257638 ], [ 358316.78838773, 163399.4521003 ], [ 358316.78558722, 163299.44732848 ], [ 358299.78598998, 163282.44780452 ], [ 358216.79029463, 163282.44490413 ], [ 358216.78937961, 163249.44572543 ], [ 358210.0207274, 163235.89699355 ], [ 358166.77740463, 163232.44409068 ], [ 358166.77394188, 163099.44013224 ], [ 358149.77501714, 163082.4405622 ], [ 357999.76785139, 163082.43117378 ], [ 357986.21745728, 163089.20003207 ], [ 357982.76760031, 163132.42788293 ], [ 357949.75868637, 163132.42578934 ], [ 357932.75760816, 163149.42618871 ], [ 357932.75955807, 163232.42926137 ], [ 357916.74905602, 163232.42824013 ], [ 357916.74720913, 163149.42222575 ], [ 357899.74825335, 163132.42261757 ], [ 357866.74446044, 163132.42059032 ], [ 357866.74378034, 163099.42143562 ], [ 357849.74485533, 163082.42178601 ], [ 357766.73872801, 163082.41660286 ], [ 357766.73844435, 163066.40989162 ], [ 357809.4557264, 163063.32953716 ], [ 357816.73139571, 163049.41162918 ], [ 357816.73038692, 162999.41387784 ], [ 357809.45555719, 162985.49723698 ], [ 357766.73682112, 162982.41221217 ], [ 357766.73518253, 162899.40645657 ], [ 357759.96654838, 162885.857603 ], [ 357716.72366829, 162882.40479491 ], [ 357716.72335946, 162866.40709237 ], [ 357799.72633266, 162866.41216585 ], [ 357816.72735834, 162849.41181407 ], [ 357816.7252375, 162749.40738424 ], [ 357799.726257, 162732.40776187 ], [ 357766.73188277, 162732.40578319 ], [ 357766.73156629, 162716.39803697 ], [ 357809.95485372, 162712.94975094 ], [ 357816.72422649, 162699.39966569 ], [ 357816.72321524, 162649.40201342 ], [ 357799.72422856, 162632.40235729 ], [ 357766.72993893, 162632.40039061 ], [ 357766.72965424, 162616.39264413 ], [ 357799.72119331, 162616.39460466 ], [ 357816.72220353, 162599.3942606 ], [ 357816.72017928, 162499.3998553 ], [ 357799.72114933, 162482.40019952 ], [ 357699.71756877, 162482.39439382 ], [ 357682.71656494, 162499.39468881 ], [ 357682.71903811, 162632.39538381 ], [ 357649.71840631, 162632.39341709 ], [ 357632.71739317, 162649.39370411 ], [ 357632.71886047, 162732.39774783 ], [ 357499.70604697, 162732.38977324 ], [ 357482.70502786, 162749.39003725 ], [ 357482.70709264, 162882.39050284 ], [ 357466.70491617, 162882.38950278 ], [ 357466.70441886, 162849.39069612 ], [ 357449.70547814, 162832.39095235 ], [ 357299.69906059, 162832.3818057 ], [ 357282.69803548, 162849.38200508 ], [ 357282.69842253, 162882.37833831 ], [ 357249.68846692, 162882.37634187 ], [ 357236.13815872, 162889.14510324 ], [ 357232.68781084, 162932.3717621 ], [ 357189.45524093, 162935.81996515 ], [ 357182.68579772, 162949.36991005 ], [ 357182.68608889, 162982.37616815 ], [ 357116.68165074, 162982.37208631 ], [ 357116.68138905, 162949.36345902 ], [ 357109.91275259, 162935.81440353 ], [ 357066.672425, 162932.36187774 ], [ 357063.58954198, 162889.63996248 ], [ 357049.67284843, 162882.36457303 ], [ 356949.66650746, 162882.36057114 ], [ 356936.11648568, 162889.12941282 ], [ 356932.66606086, 162932.35629765 ], [ 356916.67491334, 162932.35565576 ], [ 356913.22436681, 162889.1277629 ], [ 356899.67543749, 162882.35857051 ], [ 356749.66102878, 162882.3525681 ], [ 356736.1110395, 162889.12136661 ], [ 356736.1110395, 162889.12136661 ] ] ], [ [ [ 353839.8354963, 165363.27446603 ], [ 353882.56021687, 165366.35704018 ], [ 353882.56021037, 165382.36447466 ], [ 353849.56014082, 165382.36461148 ], [ 353835.64292889, 165389.63987215 ], [ 353832.56020401, 165432.36221971 ], [ 353789.32919119, 165435.81291531 ], [ 353782.56021698, 165449.36235808 ], [ 353782.56021363, 165549.36623856 ], [ 353799.56028752, 165566.36623909 ], [ 353832.56017521, 165566.36609566 ], [ 353836.01072574, 165609.594585 ], [ 353849.56027738, 165616.36355865 ], [ 353949.56805517, 165616.36301692 ], [ 353966.56798006, 165599.36302664 ], [ 353966.56800866, 165549.36559652 ], [ 353959.79896944, 165535.81609465 ], [ 353916.56008443, 165532.36573039 ], [ 353916.56017659, 165466.36176579 ], [ 353999.56022074, 165466.36141579 ], [ 354016.56014903, 165449.36142879 ], [ 354016.56021265, 165366.35649326 ], [ 354059.29300529, 165363.27361343 ], [ 354066.56822659, 165349.35640867 ], [ 354066.56874361, 165166.34853704 ], [ 354132.57786976, 165166.34828226 ], [ 354132.57762577, 165199.35447542 ], [ 354149.57769188, 165216.35460108 ], [ 354299.57787356, 165216.35401752 ], [ 354316.5778074, 165199.35414707 ], [ 354316.57897719, 165066.35294365 ], [ 354359.31194125, 165063.27009576 ], [ 354366.58719604, 165049.35296624 ], [ 354366.58798985, 164966.34912589 ], [ 354399.59627999, 164966.34900053 ], [ 354416.59621542, 164949.34918461 ], [ 354416.5967569, 164899.34182206 ], [ 354399.59669262, 164882.34163798 ], [ 354266.58060201, 164882.34214082 ], [ 354263.13047019, 164839.11391203 ], [ 354249.58088978, 164832.34484014 ], [ 354216.57295152, 164832.34496428 ], [ 354216.57308921, 164816.33869871 ], [ 354249.58145037, 164816.33857514 ], [ 354266.58138673, 164799.33872238 ], [ 354266.58181979, 164749.34135752 ], [ 354259.30659446, 164735.42395313 ], [ 354216.57391192, 164732.3413333 ], [ 354216.57447998, 164666.33770243 ], [ 354249.58284899, 164666.33758054 ], [ 354266.5827862, 164649.33772787 ], [ 354266.58357162, 164566.33288869 ], [ 354309.81478032, 164562.88225984 ], [ 354316.58381838, 164549.33295027 ], [ 354316.58479122, 164449.32918849 ], [ 354299.58472957, 164432.32904011 ], [ 354266.5848015, 164432.32915979 ], [ 354266.58558742, 164349.33573969 ], [ 354249.58552638, 164332.33559222 ], [ 354216.57755679, 164332.33571075 ], [ 354213.49514671, 164289.60370071 ], [ 354199.5777805, 164282.32840625 ], [ 354149.58570076, 164282.32858491 ], [ 354132.58576151, 164299.32840537 ], [ 354132.58495094, 164382.33227888 ], [ 354116.57580954, 164382.33233661 ], [ 354113.49347267, 164339.61134123 ], [ 354099.57609509, 164332.33603077 ], [ 354049.57591792, 164332.33621018 ], [ 354032.57597892, 164349.33606661 ], [ 354032.5746124, 164499.33707087 ], [ 354049.57467427, 164516.33721437 ], [ 354132.5837702, 164516.33697829 ], [ 354132.58360136, 164532.33327895 ], [ 354049.57412827, 164532.33358245 ], [ 354032.57419042, 164549.333439 ], [ 354032.571216, 164882.34302449 ], [ 353989.83824604, 164885.42587163 ], [ 353982.56299291, 164899.34300676 ], [ 353982.56229832, 164982.34685227 ], [ 353966.57015754, 164982.34691315 ], [ 353966.57043175, 164949.35074907 ], [ 353959.29520402, 164935.43334896 ], [ 353916.562529, 164932.35073282 ], [ 353913.48010398, 164889.61871648 ], [ 353899.56273734, 164882.34342619 ], [ 353849.5626915, 164882.34361469 ], [ 353832.56275559, 164899.34344136 ], [ 353832.56241905, 164932.35105091 ], [ 353799.56213834, 164932.35117585 ], [ 353785.64496857, 164939.62636705 ], [ 353782.56193417, 164982.34757907 ], [ 353749.56972515, 164982.34763851 ], [ 353732.56975577, 164999.34750118 ], [ 353732.56861551, 165132.34982469 ], [ 353599.55128137, 165132.35035126 ], [ 353582.55138573, 165149.35027169 ], [ 353582.5511745, 165232.35432598 ], [ 353516.55172499, 165232.35473961 ], [ 353513.10105519, 165189.1263227 ], [ 353499.55153836, 165182.35736773 ], [ 353349.53631544, 165182.35834577 ], [ 353332.53643757, 165199.35840388 ], [ 353332.53660846, 165249.3558765 ], [ 353349.53669786, 165266.35581839 ], [ 353432.54407327, 165266.35531578 ], [ 353432.5441766, 165299.36281093 ], [ 353449.54430135, 165316.36275772 ], [ 353582.55126695, 165316.36184739 ], [ 353582.55135601, 165349.35825649 ], [ 353599.55143122, 165366.35821061 ], [ 353649.5522908, 165366.3579894 ], [ 353663.46950331, 165359.0827211 ], [ 353666.55219918, 165316.36137138 ], [ 353749.56828101, 165316.36103904 ], [ 353766.56821294, 165299.36103682 ], [ 353766.56820863, 165266.35352876 ], [ 353832.56024162, 165266.35326873 ], [ 353832.56022253, 165349.35717088 ], [ 353839.8354963, 165363.27446603 ], [ 353839.8354963, 165363.27446603 ] ] ], [ [ [ 352609.24501508, 165985.4732452 ], [ 352566.52068592, 165982.39086702 ], [ 352566.52042892, 165949.38424257 ], [ 352549.52028837, 165932.38437493 ], [ 352499.5288317, 165932.38478825 ], [ 352485.61162589, 165939.66014065 ], [ 352482.52923404, 165982.39156772 ], [ 352466.52168113, 165982.39170123 ], [ 352466.52074716, 165866.37968184 ], [ 352482.52831428, 165866.37955159 ], [ 352485.61139358, 165909.1120331 ], [ 352499.52874914, 165916.3871508 ], [ 352549.52021305, 165916.38664122 ], [ 352566.52003976, 165899.38654296 ], [ 352566.51871674, 165716.37687271 ], [ 352609.74927536, 165712.92600103 ], [ 352616.51817755, 165699.37648258 ], [ 352616.51703466, 165549.3744942 ], [ 352599.51690426, 165532.37462368 ], [ 352499.52567493, 165532.37539061 ], [ 352482.52580531, 165549.37552501 ], [ 352482.5260662, 165582.37315972 ], [ 352466.51846149, 165582.37328428 ], [ 352466.51819598, 165549.37563925 ], [ 352449.51805895, 165532.37577603 ], [ 352399.51049833, 165532.37617912 ], [ 352382.51063536, 165549.37631609 ], [ 352382.51130416, 165632.38070159 ], [ 352366.51184458, 165632.38083155 ], [ 352366.51157825, 165599.37408858 ], [ 352349.51144074, 165582.37422575 ], [ 352266.5124207, 165582.3748971 ], [ 352266.51174913, 165499.3695033 ], [ 352259.74263241, 165485.82008999 ], [ 352216.5030501, 165482.36990564 ], [ 352216.50278277, 165449.373256 ], [ 352209.22743076, 165435.45604764 ], [ 352166.50308311, 165432.37365739 ], [ 352166.50240983, 165349.36825554 ], [ 352159.73329376, 165335.81884307 ], [ 352116.49477471, 165332.36865499 ], [ 352116.49376866, 165216.3665036 ], [ 352199.50085758, 165216.36595265 ], [ 352216.50075824, 165199.36590352 ], [ 352216.50061371, 165149.35931322 ], [ 352199.50048117, 165132.35936235 ], [ 352166.50102598, 165132.35961964 ], [ 352166.50100953, 165116.36202801 ], [ 352199.50070111, 165116.36177225 ], [ 352216.50056935, 165099.36172321 ], [ 352216.50042514, 165049.36413317 ], [ 352199.50029417, 165032.36418221 ], [ 352099.4932252, 165032.36495256 ], [ 352082.49335612, 165049.36497239 ], [ 352082.49351908, 165132.36017445 ], [ 351999.49429932, 165132.36082116 ], [ 351985.94490958, 165139.12989975 ], [ 351982.49454582, 165182.36755392 ], [ 351939.26394122, 165185.81842501 ], [ 351932.49504081, 165199.36794901 ], [ 351932.49530578, 165232.36569936 ], [ 351899.49584458, 165232.36595861 ], [ 351885.57863193, 165239.6413108 ], [ 351882.49624767, 165282.37375043 ], [ 351799.49722519, 165282.37440486 ], [ 351785.94780824, 165289.14352177 ], [ 351782.49762946, 165332.37130016 ], [ 351599.49048152, 165332.372748 ], [ 351582.49061597, 165349.372888 ], [ 351582.4910278, 165399.38055531 ], [ 351599.49116278, 165416.38041531 ], [ 351632.49973038, 165416.38015321 ], [ 351632.5000018, 165449.37792367 ], [ 351649.50013737, 165466.37778384 ], [ 351749.49016128, 165466.37698639 ], [ 351763.40737256, 165459.10163324 ], [ 351766.48975503, 165416.37908888 ], [ 351849.50577598, 165416.37842923 ], [ 351863.42298751, 165409.10307644 ], [ 351866.50537094, 165366.3706352 ], [ 351982.49595932, 165366.36971665 ], [ 351982.49622815, 165399.37737515 ], [ 351989.26534463, 165412.92678736 ], [ 352032.50392898, 165416.37697419 ], [ 352032.50501098, 165549.37913656 ], [ 352049.50514784, 165566.37899826 ], [ 352082.49670968, 165566.37873266 ], [ 352082.4976523, 165682.38088923 ], [ 351949.49907502, 165682.38197219 ], [ 351932.49921342, 165699.38211092 ], [ 351932.50002961, 165799.386524 ], [ 351949.50016908, 165816.38638524 ], [ 352049.507285, 165816.3855647 ], [ 352066.50714551, 165799.38539232 ], [ 352066.50681093, 165766.38867239 ], [ 352082.49833504, 165766.38854163 ], [ 352085.58142222, 165809.11003847 ], [ 352099.49877678, 165816.38515436 ], [ 352132.50629919, 165816.38481741 ], [ 352132.50724089, 165932.38793598 ], [ 351999.50066924, 165932.38904017 ], [ 351982.50081034, 165949.38917877 ], [ 351982.50107943, 165982.39593702 ], [ 351966.5016236, 165982.39607031 ], [ 351966.50135413, 165949.38941632 ], [ 351949.50121308, 165932.38955511 ], [ 351849.51010073, 165932.39038473 ], [ 351832.51024176, 165949.3905579 ], [ 351832.51116056, 166049.39494376 ], [ 351849.51130267, 166066.39480455 ], [ 351932.50230948, 166066.39411076 ], [ 351935.95319503, 166109.63272981 ], [ 351949.50272169, 166116.40162556 ], [ 351999.5021762, 166116.40120588 ], [ 352016.50203351, 166099.40106726 ], [ 352016.50176436, 166066.39337436 ], [ 352032.50931933, 166066.39320849 ], [ 352032.50958811, 166099.40092452 ], [ 352049.50973086, 166116.40078609 ], [ 352132.50873172, 166116.40008911 ], [ 352132.50899323, 166149.3967298 ], [ 352149.50913613, 166166.39659507 ], [ 352199.50869002, 166166.39617475 ], [ 352213.42589392, 166159.12082173 ], [ 352216.50828594, 166116.39928353 ], [ 352249.51674872, 166116.39900623 ], [ 352263.43395376, 166109.12365169 ], [ 352266.51633862, 166066.39118243 ], [ 352349.5153531, 166066.39042154 ], [ 352363.06476312, 166059.62130281 ], [ 352366.51494431, 166016.39263561 ], [ 352382.51449956, 166016.39250213 ], [ 352385.59757728, 166059.1148765 ], [ 352399.51490802, 166066.3900028 ], [ 352599.52089301, 166066.38822179 ], [ 352616.52074988, 166049.38809183 ], [ 352616.52036766, 165999.3904617 ], [ 352609.24501508, 165985.4732452 ], [ 352609.24501508, 165985.4732452 ] ] ], [ [ [ 355589.40929265, 166985.87676155 ], [ 355582.63979943, 166999.42599922 ], [ 355582.63863949, 167032.43389705 ], [ 355549.6384422, 167032.43261345 ], [ 355532.63778099, 167049.43154118 ], [ 355532.62843012, 167199.43450015 ], [ 355549.6277264, 167216.4355701 ], [ 355599.62692043, 167216.43763974 ], [ 355616.62762408, 167199.43884199 ], [ 355616.62995773, 167166.44033705 ], [ 355699.63752624, 167166.44377163 ], [ 355713.18700704, 167159.67566342 ], [ 355716.64100017, 167116.43623716 ], [ 355759.36631988, 167113.35540346 ], [ 355766.64239604, 167099.43911696 ], [ 355766.64543841, 167066.44085915 ], [ 355849.65497006, 167066.44399296 ], [ 355863.20455072, 167059.67566993 ], [ 355866.65757797, 167016.43639712 ], [ 355899.65055886, 167016.43759614 ], [ 355916.65117667, 166999.43746193 ], [ 355916.65052143, 166916.44342239 ], [ 355959.38464932, 166913.36209634 ], [ 355966.66016242, 166899.44450827 ], [ 355966.65990819, 166866.43780717 ], [ 356009.38690751, 166863.35738831 ], [ 356016.66261782, 166849.43965727 ], [ 356016.6622152, 166799.44180339 ], [ 355999.66327325, 166782.44194032 ], [ 355966.6592607, 166782.43988621 ], [ 355966.65862014, 166699.43388616 ], [ 355949.65924056, 166682.4340174 ], [ 355916.64867462, 166682.43281266 ], [ 355916.64801974, 166599.42725534 ], [ 355899.64857263, 166582.42738947 ], [ 355816.64681071, 166582.4246243 ], [ 355813.56389272, 166539.69155514 ], [ 355799.64709793, 166532.41620854 ], [ 355766.64582579, 166532.41514305 ], [ 355763.19512013, 166489.18589898 ], [ 355749.64610854, 166482.41677654 ], [ 355666.64424939, 166482.41411592 ], [ 355666.64318767, 166349.41104929 ], [ 355649.64372088, 166332.41118499 ], [ 355516.63327401, 166332.40711323 ], [ 355516.63300867, 166299.3986817 ], [ 355499.63350394, 166282.39881837 ], [ 355449.64091081, 166282.39736192 ], [ 355432.64041554, 166299.3974989 ], [ 355432.64243064, 166549.40494849 ], [ 355449.64188205, 166566.40481143 ], [ 355482.63515565, 166566.40587612 ], [ 355482.63568657, 166632.41035566 ], [ 355466.64309988, 166632.40980032 ], [ 355466.6428338, 166599.41242382 ], [ 355449.64342011, 166582.41256092 ], [ 355399.63393229, 166582.41083616 ], [ 355382.63334599, 166599.41097357 ], [ 355382.63401691, 166682.41465162 ], [ 355339.9010459, 166685.49613193 ], [ 355332.62556841, 166699.41370207 ], [ 355332.62637885, 166799.41795408 ], [ 355349.62577713, 166816.41781629 ], [ 355532.63775035, 166816.42419515 ], [ 355536.08844404, 166859.65342646 ], [ 355549.63740941, 166866.42256816 ], [ 355582.63873401, 166866.42374426 ], [ 355586.08942607, 166909.66288944 ], [ 355599.63838866, 166916.43203256 ], [ 355632.64771599, 166916.43321645 ], [ 355632.64824341, 166982.42779548 ], [ 355589.40929265, 166985.87676155 ], [ 355589.40929265, 166985.87676155 ] ] ], [ [ [ 350385.9370818, 169389.28872228 ], [ 350382.48676689, 169399.51984636 ], [ 350382.48923116, 169499.52383934 ], [ 350399.48951915, 169516.52342051 ], [ 350432.49917443, 169516.52286129 ], [ 350435.58296369, 169559.24508239 ], [ 350449.50033658, 169566.52000303 ], [ 350532.50948837, 169566.5184671 ], [ 350532.51195946, 169649.52248405 ], [ 350549.51229953, 169666.52196449 ], [ 350649.51352681, 169666.51996386 ], [ 350663.06293098, 169659.75059035 ], [ 350666.51213504, 169616.52326815 ], [ 350709.74350549, 169613.07183175 ], [ 350716.51217507, 169599.52206591 ], [ 350716.50940812, 169516.5177431 ], [ 350732.51783646, 169516.51747117 ], [ 350735.60201221, 169559.23957267 ], [ 350749.51932685, 169566.51440844 ], [ 350782.52915797, 169566.51377007 ], [ 350782.53034102, 169599.52135983 ], [ 350799.53067584, 169616.52075052 ], [ 350882.52407417, 169616.51911573 ], [ 350882.52536572, 169649.5156211 ], [ 350899.52570663, 169666.51495569 ], [ 350949.52632424, 169666.51395296 ], [ 350963.44356327, 169659.23826528 ], [ 350966.52467019, 169616.51746022 ], [ 350982.53326703, 169616.51714462 ], [ 350985.98546929, 169659.74438799 ], [ 350999.53497691, 169666.51294979 ], [ 351049.53559574, 169666.51184632 ], [ 351063.45281593, 169659.23613662 ], [ 351066.53386428, 169616.51548787 ], [ 351099.53408765, 169616.51483674 ], [ 351116.53375222, 169599.51409272 ], [ 351116.52573912, 169416.50753896 ], [ 351132.52610673, 169416.50727726 ], [ 351135.61063312, 169459.23921537 ], [ 351149.52785819, 169466.5139864 ], [ 351282.53756864, 169466.51166313 ], [ 351282.5391661, 169499.50803749 ], [ 351299.53945466, 169516.50721446 ], [ 351349.53991333, 169516.5063657 ], [ 351363.4572467, 169509.23061734 ], [ 351366.53801274, 169466.51015806 ], [ 351399.54708928, 169466.50960592 ], [ 351413.09663776, 169459.74011424 ], [ 351416.54518938, 169416.50250142 ], [ 351549.54649467, 169416.50018258 ], [ 351566.54621102, 169399.49934557 ], [ 351566.54374936, 169349.50253211 ], [ 351549.54346657, 169332.50336912 ], [ 351516.54220075, 169332.50391813 ], [ 351516.53802174, 169249.50069981 ], [ 351499.53774065, 169232.50156928 ], [ 351349.52692944, 169232.50404974 ], [ 351332.52721052, 169249.50491439 ], [ 351332.53387467, 169382.50389942 ], [ 351316.53340084, 169382.50416324 ], [ 351313.44872257, 169339.78234935 ], [ 351299.53153002, 169332.50760862 ], [ 351216.53055061, 169332.50893908 ], [ 351216.52899478, 169299.502441 ], [ 351199.52872839, 169282.50324233 ], [ 351099.52034555, 169282.50480925 ], [ 351085.97081421, 169289.27425414 ], [ 351082.52205847, 169332.51108507 ], [ 350966.51339192, 169332.51294064 ], [ 350966.51014807, 169249.50932365 ], [ 350949.50988816, 169232.51000165 ], [ 350916.50932512, 169232.51050621 ], [ 350916.50803001, 169199.5029269 ], [ 350909.23246804, 169185.58610024 ], [ 350866.50638519, 169182.50402084 ], [ 350863.42218084, 169139.78301202 ], [ 350849.50496363, 169132.50815175 ], [ 350649.49697632, 169132.51076618 ], [ 350632.49722386, 169149.51130988 ], [ 350632.49987798, 169232.51460808 ], [ 350549.49995843, 169232.515807 ], [ 350532.50021749, 169249.51632803 ], [ 350532.50269496, 169332.51986492 ], [ 350449.49447876, 169332.52118604 ], [ 350432.49474929, 169349.52161641 ], [ 350432.49558464, 169382.51889098 ], [ 350399.48649063, 169382.51942737 ], [ 350385.9370818, 169389.28872228 ], [ 350385.9370818, 169389.28872228 ] ] ], [ [ [ 351844.04949704, 169733.45285358 ], [ 351832.59314942, 169749.5014499 ], [ 351832.59573899, 169799.50824938 ], [ 351839.87142101, 169813.42494683 ], [ 351882.58902358, 169816.50673936 ], [ 351882.59024362, 169849.50325405 ], [ 351899.59053181, 169866.50262548 ], [ 352149.60206002, 169866.49818719 ], [ 352166.60177185, 169849.49757708 ], [ 352166.60058767, 169816.50155202 ], [ 352232.61099346, 169816.50035767 ], [ 352235.6951764, 169859.22155598 ], [ 352249.61248463, 169866.49639193 ], [ 352299.60412937, 169866.49544444 ], [ 352313.52134381, 169859.21981902 ], [ 352316.602712, 169816.49885368 ], [ 352359.33701167, 169813.41517779 ], [ 352366.61180486, 169799.49732691 ], [ 352366.60916802, 169749.49055169 ], [ 352359.33348123, 169735.57386693 ], [ 352316.59852075, 169732.49207687 ], [ 352316.59678371, 169699.49472824 ], [ 352299.59646071, 169682.49562316 ], [ 352116.5851061, 169682.49893384 ], [ 352116.58426957, 169666.49214741 ], [ 352159.31721024, 169663.4085567 ], [ 352166.59202376, 169649.49069792 ], [ 352166.58940585, 169599.49491326 ], [ 352149.58911864, 169582.49580343 ], [ 352016.5785075, 169582.49815079 ], [ 352016.57678865, 169549.49076074 ], [ 351999.57646831, 169532.49164601 ], [ 351916.57454103, 169532.49314409 ], [ 351916.5728287, 169499.49575156 ], [ 351909.80338234, 169485.94683284 ], [ 351866.57932042, 169482.49725383 ], [ 351866.57761119, 169449.50089369 ], [ 351849.57732661, 169432.5017743 ], [ 351749.55908002, 169432.50344866 ], [ 351732.55936461, 169449.50432605 ], [ 351732.56358189, 169532.49644271 ], [ 351716.56291708, 169532.49671211 ], [ 351713.11030569, 169489.26869473 ], [ 351699.56093185, 169482.50019195 ], [ 351599.55964272, 169482.50197053 ], [ 351582.55996206, 169499.50280906 ], [ 351582.56158962, 169532.49906787 ], [ 351539.32238406, 169535.95047274 ], [ 351532.55379574, 169549.50049422 ], [ 351532.5579816, 169632.50263874 ], [ 351499.55788912, 169632.50319733 ], [ 351485.64055351, 169639.77894774 ], [ 351482.55979839, 169682.51033622 ], [ 351399.55905252, 169682.51181102 ], [ 351385.64171863, 169689.78756009 ], [ 351382.56095596, 169732.5089555 ], [ 351299.55101472, 169732.51059782 ], [ 351282.55135968, 169749.51141949 ], [ 351282.55377669, 169799.51825725 ], [ 351299.55412638, 169816.51743558 ], [ 351332.55527651, 169816.5167567 ], [ 351332.556805, 169899.51087034 ], [ 351349.5570922, 169916.51081084 ], [ 351449.55950813, 169916.50902128 ], [ 351466.55918689, 169899.50896605 ], [ 351466.55907968, 169866.51043329 ], [ 351582.57718037, 169866.50833418 ], [ 351582.57720916, 169899.50640179 ], [ 351599.57753031, 169916.50638695 ], [ 351749.57951702, 169916.50375291 ], [ 351763.12877282, 169909.73464735 ], [ 351766.57921345, 169866.5050465 ], [ 351799.58927369, 169866.50442088 ], [ 351816.58895149, 169849.50375139 ], [ 351816.58269188, 169716.50433082 ], [ 351932.58483713, 169716.5022603 ], [ 351932.58566865, 169732.49905564 ], [ 351844.04949704, 169733.45285358 ], [ 351844.04949704, 169733.45285358 ] ] ], [ [ [ 353689.44210069, 170635.96439723 ], [ 353682.67319282, 170649.51372371 ], [ 353682.67285862, 170732.51109242 ], [ 353639.94875585, 170735.59438695 ], [ 353632.67360033, 170749.5114527 ], [ 353632.67223116, 170899.52626263 ], [ 353649.6724568, 170916.52644043 ], [ 353682.67124991, 170916.52600245 ], [ 353685.75370461, 170959.24815911 ], [ 353699.67122285, 170966.5233913 ], [ 353799.67639862, 170966.52198113 ], [ 353816.67617586, 170949.52214144 ], [ 353816.67648705, 170916.52410828 ], [ 353859.40019723, 170913.44083286 ], [ 353866.67537239, 170899.52381094 ], [ 353866.67695006, 170766.50850153 ], [ 353909.40068409, 170763.42521035 ], [ 353916.67583885, 170749.50813959 ], [ 353916.6765061, 170666.51061553 ], [ 353999.67467069, 170666.50941558 ], [ 354013.59167286, 170659.2341859 ], [ 354016.67477024, 170616.50160659 ], [ 354082.68057152, 170616.5006629 ], [ 354082.67958911, 170699.50637624 ], [ 354099.67984765, 170716.50657738 ], [ 354282.68355214, 170716.50389396 ], [ 354285.7657081, 170759.2269296 ], [ 354299.68324519, 170766.50223605 ], [ 354332.68946455, 170766.50180146 ], [ 354332.68780253, 170849.50748427 ], [ 354349.68802591, 170866.50782462 ], [ 354532.6911644, 170866.50525346 ], [ 354532.6891997, 170949.51094611 ], [ 354549.68945669, 170966.51134844 ], [ 354582.69538905, 170966.51084949 ], [ 354582.69459448, 170999.5188103 ], [ 354599.69481729, 171016.51921952 ], [ 354699.68390564, 171016.51780896 ], [ 354713.60081475, 171009.24271679 ], [ 354716.68453688, 170966.5089235 ], [ 354782.68971725, 170966.5079914 ], [ 354782.68880177, 170999.51592658 ], [ 354799.68908836, 171016.51639808 ], [ 354849.67925011, 171016.51555532 ], [ 354866.67896351, 170999.51599378 ], [ 354866.67981488, 170966.50649957 ], [ 354882.685557, 170966.50618167 ], [ 354882.68197485, 171099.51015555 ], [ 354899.68233748, 171116.51062621 ], [ 354999.68695355, 171116.50839249 ], [ 355016.68655676, 171099.50882541 ], [ 355016.68739709, 171066.51055798 ], [ 355082.68293812, 171066.50911461 ], [ 355082.6807767, 171149.51412558 ], [ 355099.6811823, 171166.51455472 ], [ 355149.67897912, 171166.51336184 ], [ 355163.59578319, 171159.23820742 ], [ 355166.67940316, 171116.50459087 ], [ 355182.6851964, 171116.50421665 ], [ 355182.68437044, 171149.51174297 ], [ 355189.95967944, 171163.42948276 ], [ 355232.68970983, 171166.51138032 ], [ 355232.68882165, 171199.50874191 ], [ 355249.68923605, 171216.50919949 ], [ 355299.6790387, 171216.5079809 ], [ 355316.67862429, 171199.50843662 ], [ 355316.67950888, 171166.50937387 ], [ 355349.67816807, 171166.50858525 ], [ 355366.67776179, 171149.50900504 ], [ 355366.67899663, 171099.5008288 ], [ 355359.4036898, 171085.58309613 ], [ 355316.68162662, 171082.50118154 ], [ 355316.68202342, 171066.50398997 ], [ 355359.40504274, 171063.42046698 ], [ 355366.68023127, 171049.50368724 ], [ 355366.68111211, 171016.50477673 ], [ 355449.69437524, 171016.50301283 ], [ 355466.69402746, 170999.5034288 ], [ 355466.69657454, 170899.49841098 ], [ 355449.6962773, 170882.49796098 ], [ 355416.69022256, 170882.49853809 ], [ 355413.24057772, 170839.25989514 ], [ 355399.69074496, 170832.49078565 ], [ 355316.68802703, 170832.49226146 ], [ 355316.69018527, 170749.48764455 ], [ 355299.68991329, 170732.48718904 ], [ 355266.70036289, 170732.48771682 ], [ 355266.69722745, 170549.49229797 ], [ 355249.6972522, 170532.49263885 ], [ 355216.69222, 170532.49259082 ], [ 355216.69100011, 170449.48893941 ], [ 355199.69121519, 170432.48920309 ], [ 355066.68537368, 170432.48741476 ], [ 355063.60272854, 170389.75613115 ], [ 355049.68571428, 170382.48078364 ], [ 355016.69852792, 170382.4801446 ], [ 355016.69863874, 170366.48258164 ], [ 355059.40995393, 170363.40078243 ], [ 355066.68539974, 170349.48337585 ], [ 355066.68541222, 170299.48596611 ], [ 355049.68593114, 170282.48596187 ], [ 354966.69478662, 170282.48349324 ], [ 354966.69620506, 170149.47041271 ], [ 354949.69695891, 170132.47021935 ], [ 354849.69973828, 170132.46578286 ], [ 354832.69898368, 170149.46539799 ], [ 354832.69613299, 170282.47988463 ], [ 354816.70749678, 170282.47964092 ], [ 354813.62575186, 170239.74715758 ], [ 354799.70814608, 170232.47176316 ], [ 354666.70300549, 170232.47373975 ], [ 354663.62111863, 170189.75074748 ], [ 354649.70350623, 170182.47539343 ], [ 354499.6965966, 170182.47764195 ], [ 354486.14742113, 170189.24656746 ], [ 354482.6961757, 170232.47657845 ], [ 354466.69694296, 170232.47679623 ], [ 354466.69844582, 170149.47011589 ], [ 354449.69817891, 170132.46982156 ], [ 354349.69953176, 170132.47139152 ], [ 354336.15036172, 170139.2403559 ], [ 354332.6992591, 170182.48025637 ], [ 354266.69260802, 170182.48128964 ], [ 354266.69304958, 170149.47318888 ], [ 354249.69278273, 170132.47296147 ], [ 354166.69461001, 170132.4741984 ], [ 354163.24449615, 170089.24586102 ], [ 354149.69475224, 170082.4768417 ], [ 354066.68741364, 170082.47814836 ], [ 354066.68817042, 170016.47107616 ], [ 354149.69663235, 170016.46976212 ], [ 354166.69636325, 169999.46997374 ], [ 354166.69698562, 169949.47238407 ], [ 354159.4216771, 169935.55485771 ], [ 354116.68861617, 169932.47269643 ], [ 354113.23848423, 169889.2333933 ], [ 354099.68874072, 169882.46437854 ], [ 354016.68200306, 169882.46569993 ], [ 354013.5996391, 169839.7426356 ], [ 353999.68209511, 169832.46738747 ], [ 353816.68357859, 169832.47030872 ], [ 353816.68320019, 169799.47338415 ], [ 353799.68292619, 169782.47357911 ], [ 353516.67284834, 169782.47825382 ], [ 353516.67141606, 169749.47069738 ], [ 353499.67109931, 169732.47143504 ], [ 353449.66264672, 169732.47236687 ], [ 353432.66296351, 169749.47310929 ], [ 353432.66440498, 169782.47967144 ], [ 353366.65541768, 169782.48075887 ], [ 353363.57089271, 169739.74879331 ], [ 353349.65364075, 169732.47403079 ], [ 353199.65211423, 169732.47662742 ], [ 353182.65239723, 169749.47742764 ], [ 353182.65529879, 169982.48522024 ], [ 353099.65312568, 169982.48656045 ], [ 353082.65340019, 169999.48650006 ], [ 353082.65304503, 170099.49349948 ], [ 353089.92840326, 170113.41090961 ], [ 353132.64550133, 170116.49302926 ], [ 353132.6452053, 170199.49869786 ], [ 353149.64547753, 170216.49875848 ], [ 353282.66349045, 170216.49662825 ], [ 353282.66337114, 170249.49475064 ], [ 353299.66364287, 170266.4948121 ], [ 353382.66413812, 170266.49348545 ], [ 353382.66401771, 170299.50071134 ], [ 353399.66428887, 170316.50077336 ], [ 353482.67281655, 170316.49944933 ], [ 353482.67276108, 170349.49761225 ], [ 353499.67303167, 170366.49764082 ], [ 353599.67382316, 170366.49614893 ], [ 353616.67358652, 170349.49621209 ], [ 353616.67370911, 170316.49731182 ], [ 353632.67512237, 170316.49705656 ], [ 353632.67487612, 170382.49409058 ], [ 353589.44230223, 170385.94522593 ], [ 353582.67340083, 170399.49455173 ], [ 353582.67302958, 170499.50068379 ], [ 353589.94838471, 170513.4180945 ], [ 353632.67441039, 170516.50022479 ], [ 353635.75712618, 170559.23324105 ], [ 353649.67458171, 170566.50842362 ], [ 353732.6885004, 170566.50724565 ], [ 353732.68814017, 170632.51328761 ], [ 353689.44210069, 170635.96439723 ], [ 353689.44210069, 170635.96439723 ] ] ], [ [ [ 351786.03699109, 171159.79718338 ], [ 351799.58670717, 171166.56616872 ], [ 351832.59482384, 171166.56565367 ], [ 351832.59428952, 171232.57188472 ], [ 351789.860786, 171235.65519162 ], [ 351782.58563494, 171249.57226092 ], [ 351782.58456204, 171382.57850501 ], [ 351749.57474871, 171382.5790158 ], [ 351732.57501177, 171399.57887915 ], [ 351732.57394277, 171532.58418344 ], [ 351689.34234224, 171536.03520351 ], [ 351682.57339707, 171549.5844894 ], [ 351682.57232952, 171682.59979176 ], [ 351649.58056073, 171682.60023124 ], [ 351632.58078718, 171699.60008751 ], [ 351632.57899649, 171899.6028254 ], [ 351649.57925746, 171916.6029691 ], [ 351699.5706622, 171916.60220165 ], [ 351713.48767742, 171909.32695082 ], [ 351716.57068018, 171866.60430677 ], [ 351799.58089495, 171866.60303312 ], [ 351813.4978984, 171859.32779941 ], [ 351816.5809792, 171816.60413912 ], [ 351899.58219384, 171816.60296597 ], [ 351916.58196706, 171799.60310978 ], [ 351916.5822463, 171766.59400655 ], [ 351999.58346098, 171766.59279987 ], [ 352016.58320031, 171749.59294376 ], [ 352016.58347959, 171716.59490765 ], [ 352149.59306567, 171716.59296887 ], [ 352166.59283909, 171699.59314389 ], [ 352166.59317892, 171666.58401639 ], [ 352249.60342746, 171666.58280832 ], [ 352266.60316653, 171649.5829493 ], [ 352266.60344019, 171616.58392076 ], [ 352282.59484696, 171616.58367485 ], [ 352282.59457246, 171649.58189946 ], [ 352299.5947994, 171666.58204088 ], [ 352399.60464583, 171666.58060574 ], [ 352416.60438487, 171649.58074804 ], [ 352416.60480338, 171599.582118 ], [ 352409.83573542, 171586.03246245 ], [ 352366.60453788, 171582.58241714 ], [ 352366.60467146, 171566.57475371 ], [ 352449.61385865, 171566.5735752 ], [ 352466.61363082, 171549.57375198 ], [ 352466.61397396, 171516.57461556 ], [ 352532.61478875, 171516.57365196 ], [ 352535.69717514, 171559.29677276 ], [ 352549.61471454, 171566.57201635 ], [ 352582.61477142, 171566.57149228 ], [ 352582.61442718, 171599.578777 ], [ 352589.38350382, 171613.12847396 ], [ 352632.62368817, 171616.57842956 ], [ 352636.07395831, 171659.80780381 ], [ 352649.62368051, 171666.5767903 ], [ 352699.63208474, 171666.57599447 ], [ 352716.6318142, 171649.5761378 ], [ 352716.63209244, 171616.57709397 ], [ 352749.62490999, 171616.57656933 ], [ 352763.54190622, 171609.30133239 ], [ 352766.62498401, 171566.56856969 ], [ 352809.35041529, 171563.48525132 ], [ 352816.62556547, 171549.56818884 ], [ 352816.62598721, 171499.56956033 ], [ 352799.62571742, 171482.56941694 ], [ 352766.62572643, 171482.56994063 ], [ 352766.62600476, 171449.57172453 ], [ 352759.85691737, 171436.02205329 ], [ 352716.6337441, 171432.57210418 ], [ 352716.63402247, 171399.56478678 ], [ 352709.35869266, 171385.64731366 ], [ 352666.62576137, 171382.56516605 ], [ 352663.17549177, 171339.33579148 ], [ 352649.6257708, 171332.56680441 ], [ 352549.61596189, 171332.56838623 ], [ 352535.69895268, 171339.84363976 ], [ 352532.61595252, 171382.56728664 ], [ 352449.61472763, 171382.56858088 ], [ 352432.61499079, 171399.56843808 ], [ 352432.61471352, 171432.5764752 ], [ 352416.60630167, 171432.57672258 ], [ 352416.60657808, 171399.56949735 ], [ 352399.60634891, 171382.56935499 ], [ 352316.59689425, 171382.57053993 ], [ 352313.51442732, 171339.84740324 ], [ 352299.59690532, 171332.57217559 ], [ 352266.60589633, 171332.57268718 ], [ 352266.60617026, 171299.56436541 ], [ 352259.33084232, 171285.64689587 ], [ 352216.59689548, 171282.56473694 ], [ 352216.59716853, 171249.56651671 ], [ 352199.59690408, 171232.56637604 ], [ 352116.58840898, 171232.56760128 ], [ 352116.58857263, 171216.55994429 ], [ 352149.59742937, 171216.55942999 ], [ 352163.14664946, 171209.79040161 ], [ 352166.59743679, 171166.56054102 ], [ 352199.59826155, 171166.56002594 ], [ 352216.5979962, 171149.56016667 ], [ 352216.59841015, 171099.55154147 ], [ 352199.59814437, 171082.55140075 ], [ 351999.58839624, 171082.55442752 ], [ 351986.03915081, 171089.32344569 ], [ 351982.58835817, 171132.56337884 ], [ 351966.58793846, 171132.56359656 ], [ 351963.50546427, 171089.83043462 ], [ 351949.58794167, 171082.55520915 ], [ 351916.58792492, 171082.55572501 ], [ 351913.50544961, 171039.83359873 ], [ 351899.58792679, 171032.55837361 ], [ 351799.58711694, 171032.55983934 ], [ 351782.5873491, 171049.5596681 ], [ 351782.5864419, 171149.56603153 ], [ 351786.03699109, 171159.79718338 ], [ 351786.03699109, 171159.79718338 ] ] ], [ [ [ 356359.35700566, 172635.65235662 ], [ 356316.64034703, 172632.56954398 ], [ 356316.64125735, 172616.56029038 ], [ 356359.86557125, 172613.10978823 ], [ 356366.63479191, 172599.56090695 ], [ 356366.63861733, 172499.56439279 ], [ 356349.63856854, 172482.56384181 ], [ 356266.63685861, 172482.56401348 ], [ 356263.5556905, 172439.83102088 ], [ 356249.63818567, 172432.5554377 ], [ 356149.62804003, 172432.5554285 ], [ 356132.62803835, 172449.55461342 ], [ 356132.6232416, 172549.56117805 ], [ 356139.89825514, 172563.47910159 ], [ 356182.62388064, 172566.56187031 ], [ 356182.62022748, 172632.57003435 ], [ 356099.60812862, 172632.5702391 ], [ 356085.69123773, 172639.84497746 ], [ 356082.60618038, 172682.56846463 ], [ 355949.6047329, 172682.56996425 ], [ 355932.60518372, 172699.56895591 ], [ 355932.60322576, 172732.57945568 ], [ 355916.59785529, 172732.5798924 ], [ 355916.59978946, 172699.57223284 ], [ 355909.32463091, 172685.65402868 ], [ 355866.61234477, 172682.57214224 ], [ 355866.61418935, 172649.57554787 ], [ 355849.61372003, 172632.57459755 ], [ 355799.60918878, 172632.57597807 ], [ 355782.60965814, 172649.57507391 ], [ 355782.60517791, 172732.58344905 ], [ 355699.61118876, 172732.58561415 ], [ 355685.6945612, 172739.86054951 ], [ 355682.60991178, 172782.58506262 ], [ 355639.88809024, 172785.66865707 ], [ 355632.61280667, 172799.58509111 ], [ 355632.61112347, 172832.59429586 ], [ 355549.60955031, 172832.59643482 ], [ 355532.60997492, 172849.59562644 ], [ 355532.60840572, 172882.59581969 ], [ 355489.88671139, 172885.6793474 ], [ 355482.61144132, 172899.59587662 ], [ 355482.60996219, 172932.59601268 ], [ 355399.61560469, 172932.59815918 ], [ 355382.61605787, 172949.59745584 ], [ 355382.6118208, 173049.60409967 ], [ 355399.61223451, 173066.60483685 ], [ 355499.60503378, 173066.60240313 ], [ 355513.52170314, 173059.32743085 ], [ 355516.60616418, 173016.6040981 ], [ 355632.60197902, 173016.60119067 ], [ 355636.05071354, 173059.82950068 ], [ 355649.60081173, 173066.59875284 ], [ 355682.59533296, 173066.59788392 ], [ 355682.59362845, 173099.60554512 ], [ 355699.59403939, 173116.60642299 ], [ 355782.58434655, 173116.60441682 ], [ 355785.66510439, 173159.32744481 ], [ 355799.58300374, 173166.60300819 ], [ 355849.58677696, 173166.60180758 ], [ 355863.13561639, 173159.833096 ], [ 355866.58814349, 173116.60238633 ], [ 355899.57737739, 173116.60158887 ], [ 355913.49399142, 173109.32670029 ], [ 355916.5788316, 173066.59215658 ], [ 356399.61073662, 173066.59121235 ], [ 356416.61079492, 173049.59217081 ], [ 356416.61361382, 172999.59378817 ], [ 356399.61363164, 172982.59282971 ], [ 356366.61283904, 172982.59279517 ], [ 356366.61760572, 172899.58511192 ], [ 356349.61764437, 172882.58414921 ], [ 356266.61522035, 172882.58402684 ], [ 356266.61905788, 172816.57656127 ], [ 356349.62341091, 172816.57641982 ], [ 356366.62336843, 172799.57738237 ], [ 356366.63196113, 172649.57041998 ], [ 356359.35700566, 172635.65235662 ], [ 356359.35700566, 172635.65235662 ] ] ], [ [ [ 353735.7459424, 173189.92343843 ], [ 353732.66262877, 173249.64675764 ], [ 353739.43169054, 173263.19645747 ], [ 353782.65127771, 173266.646467 ], [ 353782.65057671, 173332.65278042 ], [ 353716.64901364, 173332.65360978 ], [ 353713.19884056, 173289.41520985 ], [ 353699.64910956, 173282.64620135 ], [ 353649.6497317, 173282.64697423 ], [ 353632.64999449, 173299.64678565 ], [ 353632.64962834, 173332.65486573 ], [ 353616.64822325, 173332.65511891 ], [ 353613.56586302, 173289.92301456 ], [ 353599.64832056, 173282.64776496 ], [ 353449.63910525, 173282.65003688 ], [ 353432.63937402, 173299.64984826 ], [ 353432.63900777, 173332.65802985 ], [ 353416.63860267, 173332.65828294 ], [ 353416.63942384, 173249.65235788 ], [ 353399.63915524, 173232.65220321 ], [ 353349.63075, 173232.65299336 ], [ 353332.6310186, 173249.65283867 ], [ 353332.63019736, 173332.65951163 ], [ 353289.40653568, 173336.11062134 ], [ 353282.63760377, 173349.65987881 ], [ 353282.63659393, 173449.66719513 ], [ 353299.63686307, 173466.66738377 ], [ 353349.62926809, 173466.66659228 ], [ 353366.62899895, 173449.66678091 ], [ 353366.62936521, 173416.65769838 ], [ 353432.63817575, 173416.65665385 ], [ 353432.63780955, 173449.66482035 ], [ 353439.40688198, 173463.21452541 ], [ 353482.64606033, 173466.66448635 ], [ 353482.64576025, 173499.66168607 ], [ 353499.64599556, 173516.66184067 ], [ 353649.64824531, 173516.65956406 ], [ 353663.19745699, 173509.89054092 ], [ 353666.64827595, 173466.66161238 ], [ 353682.64769274, 173466.66139653 ], [ 353685.73012792, 173509.38354062 ], [ 353699.6476133, 173516.65878893 ], [ 353732.65986461, 173516.65837634 ], [ 353732.65871303, 173632.66327862 ], [ 353716.64614656, 173632.66350959 ], [ 353713.19588784, 173589.43502577 ], [ 353699.64617532, 173582.66603294 ], [ 353666.64714807, 173582.66652997 ], [ 353666.64743217, 173549.66832595 ], [ 353649.6471658, 173532.66817959 ], [ 353549.65440493, 173532.66964674 ], [ 353532.65463743, 173549.66951284 ], [ 353532.65369072, 173682.67448712 ], [ 353499.64396835, 173682.67496392 ], [ 353485.72693543, 173689.95021811 ], [ 353482.64396682, 173732.67361213 ], [ 353449.63540969, 173732.67400953 ], [ 353432.63561436, 173749.6739226 ], [ 353432.63474841, 173899.68828996 ], [ 353439.91005329, 173913.60568925 ], [ 353482.64269178, 173916.68802006 ], [ 353482.64244567, 173949.68625171 ], [ 353489.9177172, 173963.60366782 ], [ 353532.65146429, 173966.68610174 ], [ 353532.65120628, 173999.69328889 ], [ 353539.92647232, 174013.61070725 ], [ 353582.64209972, 174016.69315893 ], [ 353585.72454215, 174059.41633679 ], [ 353599.64195821, 174066.69160607 ], [ 353632.64269876, 174066.69135699 ], [ 353636.09292102, 174109.92078668 ], [ 353649.64251187, 174116.68983151 ], [ 353749.65425406, 174116.68884247 ], [ 353763.57126961, 174109.41361922 ], [ 353766.65437435, 174066.69001147 ], [ 353849.63916618, 174066.68899653 ], [ 353863.18841991, 174059.91999892 ], [ 353866.63928072, 174016.69016259 ], [ 353909.36056375, 174013.60699977 ], [ 353916.63576506, 173999.68996522 ], [ 353916.63637416, 173949.68223814 ], [ 353899.63616538, 173932.68203108 ], [ 353866.64023626, 173932.68243632 ], [ 353866.64219507, 173766.6688317 ], [ 353982.6314293, 173766.66739551 ], [ 353985.71370157, 173809.40052996 ], [ 353999.6312098, 173816.67581458 ], [ 354082.63152525, 173816.67478871 ], [ 354082.63100351, 173849.67194157 ], [ 354089.90626374, 173863.58949135 ], [ 354132.63610451, 173866.67180319 ], [ 354135.71825248, 173909.40491475 ], [ 354149.63577903, 173916.68022679 ], [ 354182.62354379, 173916.67982054 ], [ 354182.62216652, 173999.685698 ], [ 354189.39117989, 174013.2354518 ], [ 354232.62605929, 174016.68557522 ], [ 354232.62543286, 174049.68367951 ], [ 354249.62564097, 174066.68400224 ], [ 354299.62183617, 174066.68339017 ], [ 354313.53882766, 174059.40824932 ], [ 354316.62226776, 174016.68451087 ], [ 354332.62647569, 174016.68428253 ], [ 354332.62483384, 174099.68107974 ], [ 354349.62504156, 174116.68141599 ], [ 354432.61679854, 174116.68040179 ], [ 354432.61643721, 174132.68804206 ], [ 354399.62779203, 174132.68844445 ], [ 354382.6279994, 174149.68810165 ], [ 354382.6259833, 174249.69548054 ], [ 354389.90121851, 174263.61308655 ], [ 354432.6136479, 174266.69542244 ], [ 354432.6129698, 174299.69260699 ], [ 354449.61317591, 174316.69295634 ], [ 354532.61355915, 174316.69188406 ], [ 354532.61041021, 174449.69622632 ], [ 354549.61061667, 174466.69663829 ], [ 354699.5981888, 174466.69481582 ], [ 354716.59798215, 174449.69529049 ], [ 354716.59890354, 174416.69701311 ], [ 354759.82616862, 174413.24612458 ], [ 354766.59522959, 174399.69707251 ], [ 354766.5965767, 174349.69842464 ], [ 354759.82762218, 174336.1485396 ], [ 354716.60102255, 174332.69836604 ], [ 354716.60141552, 174316.68961872 ], [ 354849.59001265, 174316.68800531 ], [ 354866.58980636, 174299.68847726 ], [ 354866.59072247, 174266.69009184 ], [ 354899.59409278, 174266.68958096 ], [ 354916.59382963, 174249.69005814 ], [ 354916.59663729, 174149.68263384 ], [ 354899.59636616, 174132.68215648 ], [ 354816.60628618, 174132.68335671 ], [ 354816.60855956, 174049.67763142 ], [ 354799.60835123, 174032.67716574 ], [ 354699.6079679, 174032.67839117 ], [ 354685.69101926, 174039.95347065 ], [ 354682.6072988, 174082.67727971 ], [ 354666.61118578, 174082.6775073 ], [ 354666.61198393, 174049.67941496 ], [ 354659.84301292, 174036.12956421 ], [ 354616.62419566, 174032.67940793 ], [ 354613.17454005, 173989.45010151 ], [ 354599.62477217, 173982.68097204 ], [ 354566.62113168, 173982.68137712 ], [ 354566.621838, 173949.67420636 ], [ 354559.34659117, 173935.75657119 ], [ 354516.61696177, 173932.67431445 ], [ 354516.61880581, 173849.66756499 ], [ 354509.34358431, 173835.74992007 ], [ 354466.62281636, 173832.66758116 ], [ 354466.62356282, 173799.67053515 ], [ 354449.62335251, 173782.67015058 ], [ 354366.63111052, 173782.67117717 ], [ 354366.6317649, 173749.66308616 ], [ 354359.35652584, 173735.74548306 ], [ 354316.62758012, 173732.6631581 ], [ 354316.62822137, 173699.66496232 ], [ 354309.35296293, 173685.74735239 ], [ 354266.6320753, 173682.66510763 ], [ 354266.63359004, 173599.65930515 ], [ 354249.63337816, 173582.65898134 ], [ 354216.62929704, 173582.65939267 ], [ 354216.62984659, 173549.66125334 ], [ 354209.3545896, 173535.74369152 ], [ 354166.64155977, 173532.6613822 ], [ 354163.55949011, 173489.92829015 ], [ 354149.64194896, 173482.65296183 ], [ 354066.64009127, 173482.6540001 ], [ 354066.64060157, 173449.65684627 ], [ 354059.36533784, 173435.73929991 ], [ 354016.63618841, 173432.65699686 ], [ 354013.55391861, 173389.92386553 ], [ 353999.63640736, 173382.64858125 ], [ 353916.64342054, 173382.64962279 ], [ 353916.64578419, 173199.64644171 ], [ 353899.64553539, 173182.64623125 ], [ 353866.64915793, 173182.64671416 ], [ 353863.56683789, 173139.91450134 ], [ 353849.64930527, 173132.63923765 ], [ 353799.65235575, 173132.6399704 ], [ 353782.6526049, 173149.63977254 ], [ 353782.65222075, 173182.64780938 ], [ 353749.66297687, 173182.64822615 ], [ 353735.7459424, 173189.92343843 ], [ 353735.7459424, 173189.92343843 ] ] ], [ [ [ 351294.65777568, 175615.92206996 ], [ 351332.60407642, 175616.68195208 ], [ 351332.60206275, 175682.68246665 ], [ 351289.87889478, 175685.76388131 ], [ 351282.6032319, 175699.68094452 ], [ 351282.60072453, 175782.68050998 ], [ 351239.8696248, 175785.76200201 ], [ 351232.59397022, 175799.67902713 ], [ 351232.59293677, 175832.67430365 ], [ 351166.59646792, 175832.67234285 ], [ 351166.5974294, 175799.67707501 ], [ 351149.59795309, 175782.67657963 ], [ 351099.59973251, 175782.67503945 ], [ 351086.05004499, 175789.44364373 ], [ 351082.59825034, 175832.66989692 ], [ 351049.59992854, 175832.66894928 ], [ 351032.59944034, 175849.66845706 ], [ 351032.5949974, 175999.67330812 ], [ 351049.5945138, 176016.67380024 ], [ 351149.59091888, 176016.67664473 ], [ 351166.59140243, 175999.67717393 ], [ 351166.59242986, 175966.67188834 ], [ 351299.59509448, 175966.67578266 ], [ 351313.51256474, 175959.40094695 ], [ 351316.59654966, 175916.68104124 ], [ 351382.60203519, 175916.68293394 ], [ 351385.68341791, 175959.40296059 ], [ 351399.60045571, 175966.67864051 ], [ 351482.5968816, 175966.68126387 ], [ 351482.59583708, 175999.68646731 ], [ 351499.59530222, 176016.68700529 ], [ 351549.59351365, 176016.68857835 ], [ 351563.5110092, 176009.41377787 ], [ 351566.59509414, 175966.68391828 ], [ 351582.60134068, 175966.68442401 ], [ 351585.68280395, 176009.41449899 ], [ 351599.59985921, 176016.69015135 ], [ 351682.5962421, 176016.69266182 ], [ 351682.59519333, 176049.68683268 ], [ 351689.36379009, 176063.23653118 ], [ 351732.59286194, 176066.68834015 ], [ 351732.59181186, 176099.69346711 ], [ 351749.5912821, 176116.69400797 ], [ 351832.60468517, 176116.69652872 ], [ 351832.60363308, 176149.69163823 ], [ 351839.37223158, 176163.24133972 ], [ 351882.5932963, 176166.69313767 ], [ 351882.59224313, 176199.68823743 ], [ 351899.59175225, 176216.68878005 ], [ 351982.58810753, 176216.69124243 ], [ 351982.58705195, 176249.69525867 ], [ 351989.86187482, 176263.61277862 ], [ 352032.5928099, 176266.69675051 ], [ 352032.58860762, 176349.69531953 ], [ 352049.58812739, 176366.69638902 ], [ 352149.58448994, 176366.69921322 ], [ 352166.58496997, 176349.70029581 ], [ 352166.58707174, 176316.69574524 ], [ 352182.58523149, 176316.69623442 ], [ 352186.03306668, 176359.93093255 ], [ 352199.582571, 176366.70062499 ], [ 352349.58607866, 176366.70495913 ], [ 352363.50334701, 176359.43045536 ], [ 352366.58881214, 176316.70155932 ], [ 352409.81872444, 176313.25235622 ], [ 352416.58815564, 176299.70311629 ], [ 352416.58922005, 176266.70807614 ], [ 352499.60165029, 176266.71055814 ], [ 352513.51913186, 176259.43575902 ], [ 352516.60323899, 176216.70708294 ], [ 352549.59350179, 176216.70803417 ], [ 352566.59399195, 176199.70858439 ], [ 352566.5999808, 176016.71979984 ], [ 352582.59798462, 176016.72017444 ], [ 352582.59520634, 176099.71885199 ], [ 352599.5948062, 176116.71940745 ], [ 352649.60177377, 176116.72058448 ], [ 352666.60217389, 176099.72114598 ], [ 352666.60326401, 176066.71600563 ], [ 352699.60941326, 176066.71677683 ], [ 352716.60981046, 176049.71737855 ], [ 352716.61158, 175999.7233935 ], [ 352699.61197426, 175982.72279179 ], [ 352666.60613907, 175982.72202635 ], [ 352666.60898225, 175899.72237507 ], [ 352649.60937053, 175882.72177914 ], [ 352566.60435255, 175882.71994372 ], [ 352566.60487064, 175866.71601675 ], [ 352609.32796815, 175863.63429641 ], [ 352616.60357909, 175849.71732522 ], [ 352616.60465853, 175816.72214923 ], [ 352699.61817995, 175816.72395036 ], [ 352716.61856232, 175799.72451871 ], [ 352716.62140332, 175716.72532132 ], [ 352799.61008033, 175716.72699355 ], [ 352816.61042288, 175699.72760822 ], [ 352816.61161588, 175666.73232968 ], [ 352849.6102167, 175666.73298893 ], [ 352863.52753202, 175659.4581678 ], [ 352866.61176152, 175616.72831334 ], [ 352899.61828881, 175616.72896702 ], [ 352916.61862548, 175599.729628 ], [ 352916.62622752, 175366.73433512 ], [ 352982.62324125, 175366.73551601 ], [ 352982.62313909, 175382.7422675 ], [ 352949.6249421, 175382.74163681 ], [ 352932.62461719, 175399.74100341 ], [ 352932.62079211, 175499.73013017 ], [ 352949.62046125, 175516.73079744 ], [ 352982.61849696, 175516.73143964 ], [ 352985.69961296, 175559.46112549 ], [ 352999.61685629, 175566.73680921 ], [ 353082.62112447, 175566.73843931 ], [ 353082.6204799, 175582.73249247 ], [ 353039.88917736, 175585.81430142 ], [ 353032.61355298, 175599.73115962 ], [ 353032.61223494, 175632.73664588 ], [ 352949.61534664, 175632.73498711 ], [ 352932.61500691, 175649.73432035 ], [ 352932.61304605, 175699.72935001 ], [ 352949.61270333, 175716.73001676 ], [ 352982.61068046, 175716.73068198 ], [ 352982.61004727, 175732.73478318 ], [ 352939.88682735, 175735.81649695 ], [ 352932.6111854, 175749.7333797 ], [ 352932.60922529, 175799.72850907 ], [ 352939.88407932, 175813.64617305 ], [ 352982.60672441, 175816.72985229 ], [ 352985.68783083, 175859.44953909 ], [ 352999.60503371, 175866.72523888 ], [ 353249.60463143, 175866.73061109 ], [ 353266.60498321, 175849.73131365 ], [ 353266.60847921, 175766.74062773 ], [ 353309.33973688, 175763.65893163 ], [ 353316.6154031, 175749.74210806 ], [ 353316.61902999, 175666.74232414 ], [ 353349.60965526, 175666.74298402 ], [ 353366.60999527, 175649.74373308 ], [ 353366.61881044, 175449.74393465 ], [ 353349.61913863, 175432.74318513 ], [ 353266.62276112, 175432.7416491 ], [ 353263.54179036, 175390.02288561 ], [ 353249.62451777, 175382.7471723 ], [ 353216.62597824, 175382.74654123 ], [ 353213.54376998, 175340.01482809 ], [ 353199.62668312, 175332.73938688 ], [ 353116.62824727, 175332.73788197 ], [ 353116.62814413, 175316.74035899 ], [ 353199.62592911, 175316.74178695 ], [ 353216.62620811, 175299.74176908 ], [ 353216.6259524, 175149.72996667 ], [ 353199.626205, 175132.72998409 ], [ 353166.6180992, 175132.72949363 ], [ 353166.61797701, 175099.73170218 ], [ 353149.61818671, 175082.73176514 ], [ 353066.6201393, 175082.73067565 ], [ 353066.61997192, 175049.73392132 ], [ 353049.62017252, 175032.73400755 ], [ 352999.62121122, 175032.73341755 ], [ 352982.62101062, 175049.73354954 ], [ 352982.62165543, 175132.72699648 ], [ 352966.62285084, 175132.72679126 ], [ 352966.6225714, 175099.72905685 ], [ 352949.62278051, 175082.72920083 ], [ 352849.61702348, 175082.72797116 ], [ 352832.61681453, 175099.72817263 ], [ 352832.61779866, 175182.73215166 ], [ 352799.61950051, 175182.73164616 ], [ 352782.61924009, 175199.73189385 ], [ 352782.6203838, 175282.73475558 ], [ 352739.89730313, 175285.81690946 ], [ 352732.62200589, 175299.73447608 ], [ 352732.62289544, 175382.73772464 ], [ 352666.62593559, 175382.73653007 ], [ 352666.62398739, 175249.72528397 ], [ 352649.62425601, 175232.72556711 ], [ 352599.61662756, 175232.72477693 ], [ 352585.69904822, 175240.00007994 ], [ 352582.6169315, 175282.73148956 ], [ 352549.6189092, 175282.7309513 ], [ 352536.06911222, 175289.50002842 ], [ 352532.61929357, 175332.72726079 ], [ 352366.61809173, 175332.7216117 ], [ 352363.53469737, 175289.99944184 ], [ 352349.61801223, 175282.72418739 ], [ 352316.60978394, 175282.7230328 ], [ 352313.52630049, 175239.99084402 ], [ 352299.60959921, 175232.71561884 ], [ 352249.62034418, 175232.71397784 ], [ 352235.70252092, 175239.98921668 ], [ 352232.62046542, 175282.72019475 ], [ 352189.88899114, 175285.8016436 ], [ 352182.61356397, 175299.71939157 ], [ 352182.61424572, 175332.71528052 ], [ 352139.38554459, 175336.16457877 ], [ 352132.61634943, 175349.71442311 ], [ 352132.61680745, 175382.72019207 ], [ 352049.62114328, 175382.7173793 ], [ 352032.6205806, 175399.71683452 ], [ 352032.6173765, 175499.70588647 ], [ 352049.61678455, 175516.70643121 ], [ 352132.61328658, 175516.70925485 ], [ 352132.61277269, 175532.71426937 ], [ 352089.37544765, 175536.16339079 ], [ 352082.60600063, 175549.71264571 ], [ 352082.60494234, 175582.70665717 ], [ 352039.88986291, 175585.78800114 ], [ 352032.61417254, 175599.70503903 ], [ 352032.61311519, 175632.71005923 ], [ 351999.60679847, 175632.70898983 ], [ 351985.68929244, 175639.98378251 ], [ 351982.60519174, 175682.7034749 ], [ 351939.8821141, 175685.78482957 ], [ 351932.60642645, 175699.70186676 ], [ 351932.6053715, 175732.70597059 ], [ 351866.61693115, 175732.70378414 ], [ 351866.61957868, 175649.70457099 ], [ 351849.62012974, 175632.7040287 ], [ 351766.60657345, 175632.70133777 ], [ 351766.60762399, 175599.69615952 ], [ 351759.83905348, 175586.14647999 ], [ 351716.60993964, 175582.69454388 ], [ 351713.52856953, 175539.97550283 ], [ 351699.61154493, 175532.69981514 ], [ 351666.62226814, 175532.69873607 ], [ 351666.62483878, 175449.69835635 ], [ 351659.8562713, 175436.14868014 ], [ 351616.61814803, 175432.69672749 ], [ 351616.61865562, 175416.70254119 ], [ 351659.35101855, 175413.62101836 ], [ 351666.62642711, 175399.70327442 ], [ 351666.62341627, 175266.69434849 ], [ 351849.62364992, 175266.70055171 ], [ 351866.6242416, 175249.70019134 ], [ 351866.62318175, 175199.70444233 ], [ 351859.34810576, 175185.78764768 ], [ 351816.6164602, 175182.70372507 ], [ 351816.61575806, 175149.69606704 ], [ 351799.6163104, 175132.69642867 ], [ 351649.62131841, 175132.69155512 ], [ 351635.70349408, 175139.96680363 ], [ 351632.62147577, 175182.69758413 ], [ 351616.61418009, 175182.69702962 ], [ 351613.16286636, 175139.45883057 ], [ 351599.61395398, 175132.68983064 ], [ 351449.60296048, 175132.68495794 ], [ 351432.60240833, 175149.68536273 ], [ 351432.60319425, 175182.69088968 ], [ 351349.60654813, 175182.68819181 ], [ 351336.05652314, 175189.45720919 ], [ 351332.60678187, 175232.68322844 ], [ 351149.60659539, 175232.67723878 ], [ 351132.6060142, 175249.67763149 ], [ 351132.60822437, 175349.68093629 ], [ 351139.88330678, 175363.59773707 ], [ 351182.61497971, 175366.68162832 ], [ 351182.61438369, 175449.68270253 ], [ 351199.61388335, 175466.68316631 ], [ 351332.60873762, 175466.68724597 ], [ 351332.60672343, 175532.68772792 ], [ 351289.88349311, 175535.76920988 ], [ 351282.60784492, 175549.68626269 ], [ 351283.55835027, 175605.22375469 ], [ 351294.65777568, 175615.92206996 ], [ 351294.65777568, 175615.92206996 ] ] ], [ [ [ 350519.37075214, 178797.66671568 ], [ 350550.94722784, 178787.19031523 ], [ 350562.94005858, 178810.38903234 ], [ 350484.95636932, 178854.02033149 ], [ 350499.42553183, 178866.58315188 ], [ 350582.41892255, 178866.5825283 ], [ 350585.49969752, 178909.31258269 ], [ 350599.41737806, 178916.58821371 ], [ 350682.41871373, 178916.58752223 ], [ 350682.41700869, 178949.5811376 ], [ 350699.41716407, 178966.58201613 ], [ 350882.41355853, 178966.5801391 ], [ 350882.41271253, 178982.58556596 ], [ 350839.68919927, 178985.66855689 ], [ 350832.41376721, 178999.58503367 ], [ 350832.41103957, 179049.58045327 ], [ 350839.68611166, 179063.49852892 ], [ 350882.40823897, 179066.58089371 ], [ 350882.4048278, 179132.58123923 ], [ 350839.68135592, 179135.66441846 ], [ 350832.40599779, 179149.58096538 ], [ 350832.40443414, 179182.57815776 ], [ 350789.18474509, 179186.02922662 ], [ 350782.41563577, 179199.578007 ], [ 350782.41337938, 179249.58320579 ], [ 350799.41370685, 179266.58397288 ], [ 350882.39842951, 179266.58237398 ], [ 350885.84718793, 179309.80891001 ], [ 350899.39719566, 179316.57818766 ], [ 351032.39483503, 179316.57554409 ], [ 351032.3908193, 179399.57619389 ], [ 351049.39117737, 179416.57701637 ], [ 351132.38373535, 179416.5752018 ], [ 351135.46457657, 179459.30406094 ], [ 351149.38245845, 179466.57960755 ], [ 351182.38611417, 179466.57882644 ], [ 351182.38529626, 179482.57460592 ], [ 351149.37920018, 179482.57540624 ], [ 351135.83033435, 179489.34415832 ], [ 351132.37799976, 179532.57162735 ], [ 351099.37994483, 179532.57244626 ], [ 351082.38036673, 179549.57158593 ], [ 351082.37783611, 179599.57651475 ], [ 351099.37830183, 179616.57737507 ], [ 351132.37379495, 179616.57647109 ], [ 351132.36964005, 179699.57674224 ], [ 351139.1385931, 179713.1270312 ], [ 351182.37353499, 179716.57666384 ], [ 351182.3718489, 179749.56998195 ], [ 351189.64706244, 179763.48809735 ], [ 351232.35972696, 179766.56988864 ], [ 351235.4405807, 179809.29952989 ], [ 351249.35857209, 179816.57503691 ], [ 351282.36189289, 179816.57398896 ], [ 351282.36110735, 179831.79756613 ], [ 351309.34823346, 179842.88743599 ], [ 351321.15951895, 179839.61739449 ], [ 351339.14251686, 179882.42109952 ], [ 351363.19952712, 179916.5615788 ], [ 351382.35894954, 179916.56094773 ], [ 351382.35770112, 179940.52659295 ], [ 351413.3242065, 179966.56556347 ], [ 351432.3456464, 179966.56517794 ], [ 351432.34449051, 179987.82881453 ], [ 351460.58753962, 180016.56267097 ], [ 351482.34976401, 180016.56714885 ], [ 351482.9764398, 180038.53427757 ], [ 351510.3741027, 180066.56546693 ], [ 351532.34612822, 180066.56563135 ], [ 351535.4272689, 180109.29636147 ], [ 351549.34470988, 180116.57197319 ], [ 351582.35074908, 180116.57213896 ], [ 351582.3494143, 180149.56772914 ], [ 351589.6243976, 180163.48550409 ], [ 351632.35642972, 180166.56856744 ], [ 351632.35300096, 180249.56929752 ], [ 351649.35293887, 180266.56998628 ], [ 351682.34194252, 180266.57010676 ], [ 351682.33857462, 180349.57167706 ], [ 351699.33856202, 180366.57236686 ], [ 351732.33650843, 180366.5723913 ], [ 351732.33516749, 180399.56674013 ], [ 351739.10394687, 180413.11672575 ], [ 351782.34209695, 180416.56744028 ], [ 351782.3407536, 180449.57285818 ], [ 351789.10955231, 180463.12285932 ], [ 351832.34664452, 180466.57347814 ], [ 351832.34523335, 180499.56869697 ], [ 351839.62024854, 180513.48653332 ], [ 351882.33515376, 180516.56940292 ], [ 351882.33176486, 180599.56952009 ], [ 351899.33182522, 180616.57021421 ], [ 351932.32964361, 180616.57009702 ], [ 351932.32687872, 180682.57089123 ], [ 351899.32750657, 180682.57103817 ], [ 351923.03107096, 180732.2247591 ], [ 351928.638668, 180727.86628948 ], [ 351950.80642489, 180765.57016899 ], [ 351982.32194099, 180766.56652752 ], [ 351982.32058943, 180799.57153184 ], [ 351989.08941226, 180813.12155531 ], [ 352032.32645268, 180816.57205064 ], [ 352032.64084388, 180870.3308698 ], [ 352061.71529622, 180915.65225371 ], [ 352082.31283794, 180916.57217822 ], [ 352082.31151974, 180947.17127768 ], [ 352093.35398622, 180964.97078252 ], [ 352132.31778039, 180966.56752302 ], [ 352132.31706592, 181024.91422132 ], [ 352156.92629808, 181065.59899693 ], [ 352182.31516988, 181066.57076006 ], [ 352182.3147924, 181099.56784842 ], [ 352189.59004597, 181113.4853195 ], [ 352232.32216419, 181116.56775265 ], [ 352232.32141493, 181181.21683512 ], [ 352253.83313472, 181215.66419603 ], [ 352282.31055563, 181216.57120089 ], [ 352282.31016814, 181249.5782421 ], [ 352289.0791821, 181263.1279142 ], [ 352332.31741106, 181266.57814585 ], [ 352332.31658569, 181335.99102643 ], [ 352352.82630585, 181366.58180859 ], [ 352449.32157092, 181366.58083278 ], [ 352462.87082483, 181359.81186099 ], [ 352466.32178532, 181316.57426128 ], [ 352499.32858297, 181316.57396342 ], [ 352516.32842956, 181299.57417356 ], [ 352516.33100287, 181099.5654133 ], [ 352509.05575423, 181085.64792985 ], [ 352466.32464257, 181082.56549359 ], [ 352466.32504578, 181049.56843339 ], [ 352459.04977975, 181035.65094043 ], [ 352416.31877492, 181032.56858038 ], [ 352416.3191731, 180999.57244793 ], [ 352409.55014716, 180986.02276129 ], [ 352366.32080993, 180982.57259557 ], [ 352366.32123848, 180949.56564134 ], [ 352359.04597628, 180935.64813809 ], [ 352316.31445706, 180932.56577649 ], [ 352313.23330254, 180889.84592365 ], [ 352299.3156797, 180882.57037568 ], [ 352266.32696936, 180882.57065025 ], [ 352266.32982582, 180816.57045366 ], [ 352299.32028194, 180816.57020881 ], [ 352313.23720693, 180809.29528122 ], [ 352316.32152047, 180766.56454141 ], [ 352399.32853706, 180766.56402761 ], [ 352412.87765552, 180759.79532846 ], [ 352416.32985308, 180716.56851304 ], [ 352459.56797945, 180713.11798854 ], [ 352466.33719298, 180699.56910336 ], [ 352466.33863005, 180666.57377884 ], [ 352482.34523281, 180666.57371311 ], [ 352482.34161294, 180749.56268575 ], [ 352489.11041809, 180763.11274116 ], [ 352532.33146754, 180766.56326173 ], [ 352532.330026, 180799.56770395 ], [ 352539.60506866, 180813.48557476 ], [ 352582.32804718, 180816.56830016 ], [ 352582.32439155, 180899.56705324 ], [ 352599.32376533, 180916.56780194 ], [ 352632.33444499, 180916.56901791 ], [ 352635.41531953, 180959.28917151 ], [ 352649.3323615, 180966.56498699 ], [ 352749.33592642, 180966.56878579 ], [ 352766.33659024, 180949.56953753 ], [ 352766.33804928, 180916.57408865 ], [ 352899.35154928, 180916.57915529 ], [ 352916.35220958, 180899.57991185 ], [ 352916.35367841, 180866.57441558 ], [ 352949.35561646, 180866.57562872 ], [ 352963.27309361, 180859.30098391 ], [ 352966.35777847, 180816.58198307 ], [ 353049.36156719, 180816.58502721 ], [ 353066.36219066, 180799.58578777 ], [ 353066.36366725, 180766.58037137 ], [ 353099.37361996, 180766.5815791 ], [ 353113.29109343, 180759.30693536 ], [ 353116.37578682, 180716.58681743 ], [ 353299.39233221, 180716.59359841 ], [ 353316.39295277, 180699.59436566 ], [ 353316.39444188, 180666.59981788 ], [ 353359.11322459, 180663.51868283 ], [ 353366.38902983, 180649.6018222 ], [ 353366.39058791, 180616.59623325 ], [ 353449.40238841, 180616.59934957 ], [ 353463.31988177, 180609.32471992 ], [ 353466.40460305, 180566.60448687 ], [ 353499.4145868, 180566.60574946 ], [ 353512.96425904, 180559.83733351 ], [ 353516.41680282, 180516.60184695 ], [ 353599.42072469, 180516.60494901 ], [ 353613.33821445, 180509.33032046 ], [ 353616.42294426, 180466.61003631 ], [ 353649.425976, 180466.6112271 ], [ 353663.34343774, 180459.33658793 ], [ 353666.42816298, 180416.60640859 ], [ 353749.44814132, 180416.60939675 ], [ 353763.36560063, 180409.33475889 ], [ 353766.45033317, 180366.61559804 ], [ 353809.17000772, 180363.53451413 ], [ 353816.44582822, 180349.61765801 ], [ 353816.44741524, 180316.62207208 ], [ 353849.45034981, 180316.62337875 ], [ 353863.00003422, 180309.8549769 ], [ 353866.45261615, 180266.61850675 ], [ 353899.45556325, 180266.61981159 ], [ 353916.45623536, 180249.62066941 ], [ 353916.46118117, 180149.62064133 ], [ 353909.18652127, 180135.70295546 ], [ 353866.45918597, 180132.61858247 ], [ 353863.0107041, 180089.39201431 ], [ 353849.46144859, 180082.62240197 ], [ 353799.45862347, 180082.62043352 ], [ 353785.54112096, 180089.89505125 ], [ 353782.45636667, 180132.61530475 ], [ 353739.73646733, 180135.69632022 ], [ 353732.46063259, 180149.61318907 ], [ 353732.45665434, 180232.61337288 ], [ 353716.4387893, 180232.61279987 ], [ 353716.44036541, 180199.61856868 ], [ 353709.67190819, 180186.06870417 ], [ 353666.43922119, 180182.61658016 ], [ 353666.44079519, 180149.6112541 ], [ 353659.16609819, 180135.69355546 ], [ 353616.43864581, 180132.60933582 ], [ 353616.43940751, 180116.61384178 ], [ 353749.46242469, 180116.61856524 ], [ 353763.37987808, 180109.34392553 ], [ 353766.46461154, 180066.61369492 ], [ 353799.45969191, 180066.61499205 ], [ 353813.0094216, 180059.84652357 ], [ 353816.46168432, 180016.61791027 ], [ 353949.48177688, 180016.61642421 ], [ 353966.47901012, 179999.61675042 ], [ 353966.48331238, 179766.62419489 ], [ 353999.4779294, 179766.62542198 ], [ 354016.47856163, 179749.62571478 ], [ 354016.48005708, 179666.62750309 ], [ 354049.49067975, 179666.62879636 ], [ 354066.49134577, 179649.62908989 ], [ 354066.49220894, 179599.63429722 ], [ 354049.49287491, 179582.63400373 ], [ 354016.48163788, 179582.63271053 ], [ 354016.48220639, 179549.62864502 ], [ 354009.71360748, 179536.0791916 ], [ 353966.48763343, 179532.62705952 ], [ 353963.40571918, 179489.90719907 ], [ 353949.48886642, 179482.6316012 ], [ 353866.47465572, 179482.6284156 ], [ 353863.39273843, 179439.90858893 ], [ 353849.47588614, 179432.63299174 ], [ 353799.47301639, 179432.63103323 ], [ 353782.47235054, 179449.63070902 ], [ 353782.47172131, 179482.62519306 ], [ 353699.45937063, 179482.62221692 ], [ 353682.45877598, 179499.62188904 ], [ 353682.45813962, 179532.61645207 ], [ 353649.45690798, 179532.61537511 ], [ 353635.53932632, 179539.89027093 ], [ 353632.45570105, 179582.6185716 ], [ 353566.46055456, 179582.61634746 ], [ 353563.37875214, 179539.88760441 ], [ 353549.46179228, 179532.61201187 ], [ 353499.45133462, 179532.61038011 ], [ 353482.45077993, 179549.60998633 ], [ 353482.44856319, 179649.60847275 ], [ 353499.44797221, 179666.60883267 ], [ 353632.45404055, 179666.61335692 ], [ 353632.45273506, 179732.61186132 ], [ 353549.45758947, 179732.60903039 ], [ 353532.45699608, 179749.60867803 ], [ 353532.45631201, 179782.6132494 ], [ 353499.44574551, 179782.61216115 ], [ 353485.89599534, 179789.3808001 ], [ 353482.44441948, 179832.60627571 ], [ 353416.43284102, 179832.60402907 ], [ 353416.43494406, 179749.60443899 ], [ 353399.4355033, 179732.6039948 ], [ 353299.43213846, 179732.60060485 ], [ 353282.43154516, 179749.60014475 ], [ 353282.43065192, 179782.60477303 ], [ 353239.18984827, 179786.05383267 ], [ 353232.42041929, 179799.60318474 ], [ 353232.41957654, 179832.59778266 ], [ 353199.41794264, 179832.59662658 ], [ 353182.41734712, 179849.59615026 ], [ 353182.41454513, 179949.59456164 ], [ 353199.4139473, 179966.59503802 ], [ 353332.41971952, 179966.59964941 ], [ 353332.41460138, 180099.60376789 ], [ 353349.41403247, 180116.60457085 ], [ 353382.42376058, 180116.60567549 ], [ 353382.41756885, 180249.60080131 ], [ 353399.41696145, 180266.60157154 ], [ 353482.4285655, 180266.60447138 ], [ 353482.42780598, 180282.60995352 ], [ 353449.41776014, 180282.60877129 ], [ 353432.41715132, 180299.60796583 ], [ 353432.41091648, 180432.60339743 ], [ 353416.40901295, 180432.60282014 ], [ 353416.41057387, 180399.59760211 ], [ 353409.6421167, 180386.0477457 ], [ 353366.40143624, 180382.59561026 ], [ 353366.40299435, 180349.60139683 ], [ 353359.63453613, 180336.05154081 ], [ 353316.40991812, 180332.59940946 ], [ 353316.41140781, 180299.60416644 ], [ 353299.41201658, 180282.60339892 ], [ 353166.38952639, 180282.59863553 ], [ 353166.39335477, 180199.59915012 ], [ 353149.39396061, 180182.59835242 ], [ 352899.38437959, 180182.58944423 ], [ 352885.46690523, 180189.86411259 ], [ 352882.38230437, 180232.58320267 ], [ 352866.37235011, 180232.58263093 ], [ 352866.37604032, 180149.58315728 ], [ 352859.10134279, 180135.66551301 ], [ 352816.37493455, 180132.58122862 ], [ 352816.37786423, 180066.58061173 ], [ 352949.39185587, 180066.58521585 ], [ 352966.39242312, 180049.58589571 ], [ 352966.39775918, 179899.58239212 ], [ 352949.39832177, 179882.581808 ], [ 352866.38662694, 179882.57899503 ], [ 352863.30540149, 179839.86049626 ], [ 352849.38838675, 179832.58476633 ], [ 352799.38659479, 179832.58301511 ], [ 352785.46907639, 179839.85776162 ], [ 352782.38481957, 179882.57608139 ], [ 352739.15187021, 179886.02516904 ], [ 352732.38239674, 179899.57437343 ], [ 352732.38120095, 179932.5790509 ], [ 352689.15623525, 179936.02812563 ], [ 352682.38674745, 179949.57729878 ], [ 352682.38547022, 179982.57198008 ], [ 352649.37554971, 179982.57081748 ], [ 352635.45807006, 179989.84550342 ], [ 352632.37354051, 180032.57420489 ], [ 352599.36254622, 180032.57303773 ], [ 352585.44508458, 180039.84769443 ], [ 352582.36042426, 180082.57818285 ], [ 352566.36115448, 180082.57799986 ], [ 352562.91235008, 180039.34182777 ], [ 352549.36268706, 180032.57244153 ], [ 352516.37264747, 180032.5722669 ], [ 352516.38198858, 179799.58103084 ], [ 352499.38217651, 179782.58035137 ], [ 352466.37609574, 179782.57998654 ], [ 352466.37742461, 179749.5757144 ], [ 352449.37758467, 179732.57502991 ], [ 352399.37112278, 179732.57455911 ], [ 352382.37096274, 179749.57383547 ], [ 352382.3695578, 179782.57909132 ], [ 352149.36730774, 179782.57677436 ], [ 352132.36715306, 179799.57599075 ], [ 352132.36563214, 179832.57150076 ], [ 352066.3685276, 179832.57092278 ], [ 352066.37457174, 179699.5774371 ], [ 352059.09966697, 179685.65961099 ], [ 352016.36882601, 179682.57631891 ], [ 352016.37037678, 179649.57182351 ], [ 351999.37058404, 179632.57102474 ], [ 351949.37205501, 179632.57041523 ], [ 351932.37184779, 179649.56964529 ], [ 351932.35795649, 179949.56821893 ], [ 351949.35781929, 179966.56898927 ], [ 351982.35577723, 179966.56925555 ], [ 351982.35066279, 180082.57453212 ], [ 351899.35270249, 180082.5740211 ], [ 351882.35258426, 180099.57329264 ], [ 351882.34635732, 180249.57009998 ], [ 351889.11510902, 180263.1200683 ], [ 351932.34425895, 180266.57091329 ], [ 351932.34149301, 180332.57263527 ], [ 351916.34286747, 180332.57262404 ], [ 351916.34421505, 180299.57744731 ], [ 351899.34426884, 180282.57675301 ], [ 351816.3476514, 180282.5764902 ], [ 351816.34830297, 180266.57049415 ], [ 351859.58635172, 180263.12028505 ], [ 351866.35562622, 180249.57134099 ], [ 351866.36184324, 180099.57446621 ], [ 351859.08688229, 180085.65670117 ], [ 351816.35589426, 180082.57354268 ], [ 351816.35654598, 180066.5675484 ], [ 351849.3638564, 180066.56779348 ], [ 351866.36398261, 180049.56855447 ], [ 351866.37820038, 179749.56937013 ], [ 351849.37839599, 179732.56855572 ], [ 351816.37246139, 179732.56817596 ], [ 351816.37815276, 179616.5736005 ], [ 351832.38457095, 179616.57380164 ], [ 351832.38059549, 179699.57356094 ], [ 351849.38039396, 179716.57437518 ], [ 351899.37083758, 179716.57496775 ], [ 351916.37103908, 179699.57577684 ], [ 351916.37817789, 179549.57139039 ], [ 351899.37843145, 179532.57058145 ], [ 351816.38220122, 179532.56940946 ], [ 351816.38297205, 179516.57425265 ], [ 351999.37699832, 179516.57684544 ], [ 352016.37722357, 179499.57764396 ], [ 352016.38565194, 179316.57796182 ], [ 352049.39232205, 179316.57857757 ], [ 352063.30955984, 179309.30383574 ], [ 352066.39417841, 179266.58385995 ], [ 352199.38930786, 179266.58622006 ], [ 352216.38959662, 179249.58696347 ], [ 352216.40165047, 178999.59554409 ], [ 352199.40199219, 178982.59462828 ], [ 352166.40455633, 178982.59396504 ], [ 352166.40825278, 178916.59612268 ], [ 352299.403058, 178916.59880981 ], [ 352313.32026335, 178909.32415246 ], [ 352316.40523575, 178866.59474023 ], [ 352399.41088696, 178866.59642132 ], [ 352413.32809461, 178859.32176183 ], [ 352416.41305572, 178816.60235785 ], [ 352459.14430362, 178813.52062574 ], [ 352466.42001414, 178799.60396546 ], [ 352466.4218342, 178766.59996826 ], [ 352509.15308366, 178763.51823003 ], [ 352516.42878309, 178749.60154122 ], [ 352516.43593239, 178616.60881383 ], [ 352559.15109571, 178613.52716644 ], [ 352566.42682356, 178599.61048928 ], [ 352566.42863369, 178566.61557445 ], [ 352649.43753924, 178566.6178308 ], [ 352666.43803037, 178549.61871693 ], [ 352666.43975072, 178516.61395032 ], [ 352709.17323473, 178513.53261292 ], [ 352716.44901519, 178499.61584262 ], [ 352716.45329088, 178416.61756871 ], [ 352832.44601349, 178416.62095208 ], [ 352835.89456271, 178459.85541392 ], [ 352849.44395094, 178466.62496231 ], [ 352982.45264502, 178466.62884588 ], [ 352985.53355781, 178509.34803676 ], [ 352999.45070584, 178516.62380687 ], [ 353032.45084069, 178516.62475743 ], [ 353032.44941033, 178549.62905412 ], [ 353049.44891895, 178566.62979088 ], [ 353132.44955293, 178566.63225607 ], [ 353135.53060427, 178609.35148556 ], [ 353149.44770089, 178616.62723533 ], [ 353182.45709894, 178616.62825879 ], [ 353182.45579317, 178649.63157185 ], [ 353189.73055486, 178663.54917776 ], [ 353232.45570428, 178666.63327105 ], [ 353232.45441815, 178699.62770085 ], [ 353249.45392161, 178716.62836351 ], [ 353399.46373601, 178716.63284536 ], [ 353416.46423258, 178699.63344351 ], [ 353416.47225973, 178466.64164026 ], [ 353449.47269127, 178466.64258789 ], [ 353466.47317943, 178449.64314097 ], [ 353466.47480621, 178399.63955718 ], [ 353449.47529269, 178382.63900412 ], [ 353416.475143, 178382.63805979 ], [ 353413.39380849, 178339.91867068 ], [ 353399.47672065, 178332.64299431 ], [ 353366.46864695, 178332.64205316 ], [ 353363.38741283, 178289.92269225 ], [ 353349.47030837, 178282.64699433 ], [ 353266.47022212, 178282.64463595 ], [ 353263.02124943, 178239.41004872 ], [ 353249.47192112, 178232.64058888 ], [ 353216.47207661, 178232.63965459 ], [ 353213.3909886, 178189.92034296 ], [ 353199.47385904, 178182.64461397 ], [ 353166.46506548, 178182.64368283 ], [ 353166.46640554, 178149.63944029 ], [ 353159.19164088, 178135.72181474 ], [ 353116.47522725, 178132.63775687 ], [ 353116.47676296, 178099.64459144 ], [ 353099.47723851, 178082.64380016 ], [ 352999.46947999, 178082.64100265 ], [ 352985.55212794, 178089.91568169 ], [ 352982.46741662, 178132.63395744 ], [ 352966.46749644, 178132.6335079 ], [ 352963.38685225, 178089.91542925 ], [ 352949.46965181, 178082.63960407 ], [ 352866.46231415, 178082.6372825 ], [ 352866.46404607, 178049.63328555 ], [ 352849.46451939, 178032.63239347 ], [ 352616.45724774, 178032.62590702 ], [ 352616.46130006, 177966.6382034 ], [ 352659.19519696, 177963.55668624 ], [ 352666.4709657, 177949.64002697 ], [ 352666.47581166, 177866.64080051 ], [ 352699.48382044, 177866.64163676 ], [ 352716.48425111, 177849.64263597 ], [ 352716.48719016, 177799.63924061 ], [ 352709.2124817, 177785.72134614 ], [ 352666.48081566, 177782.63740931 ], [ 352666.48176826, 177766.64301779 ], [ 352799.48016467, 177766.64655459 ], [ 352816.48062518, 177749.64749248 ], [ 352816.48513799, 177666.64809455 ], [ 352949.49109946, 177666.6515648 ], [ 352966.49155581, 177649.65239405 ], [ 352966.49316521, 177616.6584919 ], [ 353132.48952433, 177616.66272793 ], [ 353135.9383194, 177659.88714506 ], [ 353149.4876947, 177666.6566345 ], [ 353382.50026383, 177666.66262599 ], [ 353385.58158238, 177709.381959 ], [ 353399.4986937, 177716.65763191 ], [ 353432.4977777, 177716.65852241 ], [ 353435.57905552, 177759.38789731 ], [ 353449.49619882, 177766.66357052 ], [ 353482.50343839, 177766.66439934 ], [ 353482.500771, 177849.6624709 ], [ 353499.50030585, 177866.66301731 ], [ 353682.49920411, 177866.6679253 ], [ 353685.58085832, 177909.38740894 ], [ 353699.49791006, 177916.66301109 ], [ 353732.51394009, 177916.66392232 ], [ 353735.59563086, 177959.39342554 ], [ 353749.51267107, 177966.66902158 ], [ 353782.50526624, 177966.66994641 ], [ 353785.58708872, 178009.38859879 ], [ 353799.50410489, 178016.66416736 ], [ 353832.50493613, 178016.66510203 ], [ 353832.50254532, 178149.65846536 ], [ 353839.7774436, 178163.57578802 ], [ 353882.50327173, 178166.65972206 ], [ 353885.95291709, 178209.8956428 ], [ 353899.50212714, 178216.66497004 ], [ 353932.51155151, 178216.66594107 ], [ 353935.96128921, 178259.8918801 ], [ 353949.51045533, 178266.66119886 ], [ 354032.51339719, 178266.66382459 ], [ 354032.51221987, 178349.66256437 ], [ 354049.51167486, 178366.66281914 ], [ 354082.51357762, 178366.66387715 ], [ 354082.51338538, 178382.65866227 ], [ 354049.51211829, 178382.65759735 ], [ 354032.51156972, 178399.657342 ], [ 354032.51081864, 178449.6611199 ], [ 354049.51026649, 178466.66137524 ], [ 354149.52268886, 178466.66462359 ], [ 354166.52324101, 178449.66481145 ], [ 354166.5236057, 178416.66137342 ], [ 354182.51726921, 178416.66188967 ], [ 354182.51700303, 178449.66611072 ], [ 354189.79190566, 178463.58328079 ], [ 354232.52664583, 178466.66738624 ], [ 354232.52641164, 178499.6626717 ], [ 354239.80133469, 178513.57983958 ], [ 354282.52815471, 178516.66387163 ], [ 354285.61060095, 178559.39390487 ], [ 354299.52745888, 178566.66935766 ], [ 354382.5479097, 178566.67215635 ], [ 354382.54783789, 178599.66756398 ], [ 354389.31655275, 178613.21684952 ], [ 354432.54196537, 178616.66876029 ], [ 354432.54197805, 178632.67265199 ], [ 354399.54839512, 178632.67155176 ], [ 354382.54782823, 178649.67154817 ], [ 354382.54781772, 178699.66639887 ], [ 354399.54721325, 178716.66640244 ], [ 354482.54437356, 178716.6693536 ], [ 354482.54440144, 178732.66422154 ], [ 354449.54277617, 178732.66304114 ], [ 354432.54216811, 178749.66305372 ], [ 354432.54220513, 178799.66701449 ], [ 354439.8171425, 178813.58405948 ], [ 354482.54468039, 178816.66818928 ], [ 354482.54498733, 178899.66870577 ], [ 354499.54433456, 178916.66864302 ], [ 354582.56734207, 178916.6717651 ], [ 354585.65023252, 178959.39100347 ], [ 354599.56697175, 178966.66637582 ], [ 354649.56173388, 178966.66820675 ], [ 354666.56235646, 178949.66802605 ], [ 354666.56200573, 178916.67482339 ], [ 354832.57266816, 178916.68096919 ], [ 354836.02369494, 178959.90655945 ], [ 354849.57260908, 178966.6756329 ], [ 354932.58376263, 178966.67817014 ], [ 354935.66719431, 179009.40843715 ], [ 354949.58403722, 179016.68362943 ], [ 354999.59298481, 179016.68478561 ], [ 355013.5106926, 179009.40947622 ], [ 355016.59262798, 178966.67995826 ], [ 355049.58280969, 178966.68064731 ], [ 355063.50049098, 178959.40532159 ], [ 355066.58239854, 178916.68690354 ], [ 355099.59045188, 178916.68758502 ], [ 355113.50813294, 178909.41225375 ], [ 355116.59001993, 178866.6827251 ], [ 355199.59681964, 178866.68441939 ], [ 355213.51451538, 178859.40906131 ], [ 355216.5962851, 178816.68953114 ], [ 355259.3283163, 178813.60748118 ], [ 355266.60358191, 178799.68973439 ], [ 355266.60006111, 178666.69566294 ], [ 355282.59164674, 178666.69594214 ], [ 355282.59394753, 178749.68742178 ], [ 355299.59364249, 178766.68695054 ], [ 355549.60084776, 178766.69183807 ], [ 355566.60118701, 178749.69129096 ], [ 355566.59303753, 178499.6951752 ], [ 355549.59335635, 178482.69575683 ], [ 355416.59333347, 178482.69336303 ], [ 355413.50955285, 178439.97285837 ], [ 355399.59269945, 178432.69776364 ], [ 355316.58515379, 178432.69629401 ], [ 355316.58338678, 178366.69667197 ], [ 355349.58190629, 178366.69720052 ], [ 355363.49955327, 178359.42180544 ], [ 355366.58124551, 178316.70209948 ], [ 355409.31276173, 178313.61986482 ], [ 355416.58797065, 178299.70209706 ], [ 355416.58499234, 178199.7024677 ], [ 355399.58525241, 178182.70295711 ], [ 355316.57830679, 178182.70168737 ], [ 355313.49454929, 178139.97125374 ], [ 355299.57764483, 178132.69616959 ], [ 355199.57944887, 178132.69476464 ], [ 355182.57922708, 178149.69522065 ], [ 355182.58138729, 178232.695002 ], [ 355099.57581424, 178232.69377948 ], [ 355082.57555037, 178249.69415047 ], [ 355082.57664159, 178299.69835972 ], [ 355089.85186496, 178313.61524619 ], [ 355132.57629263, 178316.69850891 ], [ 355132.57716072, 178349.69444529 ], [ 355149.57688862, 178366.69399804 ], [ 355232.59208284, 178366.69532688 ], [ 355232.59251929, 178382.69056781 ], [ 355189.35461771, 178386.1405789 ], [ 355182.58562919, 178399.69048675 ], [ 355182.5865131, 178432.6940499 ], [ 355166.5791773, 178432.69375397 ], [ 355163.49556137, 178389.9643396 ], [ 355149.57865177, 178382.68921901 ], [ 355116.57861784, 178382.68868295 ], [ 355113.49501994, 178339.96832124 ], [ 355099.57810426, 178332.69319786 ], [ 355066.56920764, 178332.69266976 ], [ 355066.56301739, 178099.69753619 ], [ 355049.56323653, 178082.69822299 ], [ 354899.56603982, 178082.69619001 ], [ 354882.56582079, 178099.69691438 ], [ 354882.56722665, 178132.69009385 ], [ 354849.55981333, 178132.68920095 ], [ 354836.00989826, 178139.45819302 ], [ 354832.55991065, 178182.69381319 ], [ 354766.557488, 178182.69173556 ], [ 354763.47428768, 178139.96145261 ], [ 354749.55752196, 178132.68617247 ], [ 354716.55531542, 178132.68514026 ], [ 354713.47155993, 178089.96555229 ], [ 354699.55484714, 178082.69040429 ], [ 354616.55989551, 178082.68793297 ], [ 354616.55781279, 177999.68674181 ], [ 354599.55832944, 177982.68715506 ], [ 354516.53906065, 177982.68469819 ], [ 354513.45567772, 177939.96539415 ], [ 354499.53889598, 177932.69016856 ], [ 354466.53755858, 177932.6892414 ], [ 354466.53622456, 177849.68832459 ], [ 354459.76734725, 177836.13922644 ], [ 354416.54376704, 177832.68769028 ], [ 354416.54334875, 177799.68298836 ], [ 354409.26827233, 177785.76604897 ], [ 354366.53498773, 177782.68230551 ], [ 354363.45191187, 177739.9621167 ], [ 354349.53503964, 177732.68683828 ], [ 354299.52704308, 177732.68559204 ], [ 354285.97720948, 177739.45452366 ], [ 354282.52687786, 177782.6801196 ], [ 354266.52676943, 177782.67968428 ], [ 354266.52640306, 177699.67929514 ], [ 354249.52685563, 177682.67937036 ], [ 354216.51852945, 177682.67849161 ], [ 354213.43577246, 177639.95852302 ], [ 354199.51884357, 177632.68317741 ], [ 354166.52678746, 177632.68237464 ], [ 354166.52679374, 177616.68842231 ], [ 354209.24294914, 177613.60661429 ], [ 354216.51837788, 177599.68916339 ], [ 354216.51827668, 177566.68472331 ], [ 354282.52517518, 177566.68622544 ], [ 354282.5258324, 177649.68574564 ], [ 354299.52541859, 177666.68561118 ], [ 354449.53254744, 177666.6893635 ], [ 354466.53299547, 177649.68908794 ], [ 354466.53164932, 177566.69059903 ], [ 354549.53879742, 177566.69257289 ], [ 354566.53920168, 177549.69221373 ], [ 354566.53512927, 177366.69336736 ], [ 354609.26631498, 177363.61134467 ], [ 354616.54159821, 177349.69362891 ], [ 354616.54078452, 177316.70031485 ], [ 354682.5303202, 177316.70165747 ], [ 354685.98199372, 177359.92734093 ], [ 354699.5310096, 177366.69621151 ], [ 354732.53075339, 177366.69689267 ], [ 354732.53358585, 177449.69838152 ], [ 354739.80881613, 177463.61505101 ], [ 354782.54138092, 177466.69855457 ], [ 354782.54439415, 177549.69903886 ], [ 354799.54398936, 177566.69842184 ], [ 354832.53649107, 177566.69920741 ], [ 354832.5378014, 177599.7056374 ], [ 354839.81310548, 177613.62227704 ], [ 354882.54588881, 177616.70554325 ], [ 354882.54653897, 177632.69986942 ], [ 354849.54012332, 177632.6992127 ], [ 354832.53978509, 177649.69988679 ], [ 354832.54176754, 177699.69523673 ], [ 354839.81704912, 177713.61186152 ], [ 354882.55005318, 177716.69522949 ], [ 354885.63432287, 177759.42588098 ], [ 354899.55119468, 177766.70083795 ], [ 354932.55114833, 177766.7012262 ], [ 354935.63549542, 177809.42185852 ], [ 354949.55235316, 177816.69679918 ], [ 355132.5584636, 177816.69898234 ], [ 355136.01053124, 177859.93484018 ], [ 355149.55960125, 177866.70358998 ], [ 355282.56568757, 177866.70519883 ], [ 355282.56703165, 177899.7015257 ], [ 355299.56682321, 177916.70083322 ], [ 355382.57388421, 177916.70191697 ], [ 355385.65815559, 177959.43264432 ], [ 355399.57501807, 177966.70760393 ], [ 355432.58405274, 177966.708014 ], [ 355432.58539786, 177999.70347068 ], [ 355449.58518387, 178016.70277765 ], [ 355532.57625287, 178016.70382231 ], [ 355532.57759872, 178049.70029802 ], [ 355549.57738196, 178066.69960462 ], [ 355599.57641333, 178066.70024211 ], [ 355616.57663007, 178049.69954853 ], [ 355616.57528393, 178016.70497985 ], [ 355659.81273995, 178013.25476664 ], [ 355666.58162121, 177999.70470167 ], [ 355666.57540016, 177849.70894803 ], [ 355649.57560606, 177832.70964179 ], [ 355566.56854835, 177832.70863651 ], [ 355566.56585647, 177766.70859338 ], [ 355609.79531622, 177763.25834891 ], [ 355616.56419118, 177749.70828893 ], [ 355616.56073907, 177666.70802328 ], [ 355799.56405846, 177666.71002331 ], [ 355816.56421958, 177649.709329 ], [ 355816.56287205, 177616.71560646 ], [ 355849.56901178, 177616.71598006 ], [ 355866.56920419, 177599.71528563 ], [ 355866.56501908, 177499.71391667 ], [ 355849.56517208, 177482.71464517 ], [ 355816.55729944, 177482.71434812 ], [ 355816.55595155, 177449.70889126 ], [ 355809.28058372, 177435.79222663 ], [ 355766.55613262, 177432.70922786 ], [ 355766.54925516, 177266.7177752 ], [ 355782.54827798, 177266.71790636 ], [ 355782.55380965, 177399.71467 ], [ 355789.32297507, 177413.26356507 ], [ 355832.56156247, 177416.71426224 ], [ 355835.64592122, 177459.43509439 ], [ 355849.56279211, 177466.71002756 ], [ 355882.55469575, 177466.71038529 ], [ 355885.63898428, 177509.44025496 ], [ 355899.55589127, 177516.71519522 ], [ 355932.56486456, 177516.7154924 ], [ 355935.64915266, 177559.43643796 ], [ 355949.56605743, 177566.71137897 ], [ 356132.5768412, 177566.7116657 ], [ 356132.57818395, 177599.71792053 ], [ 356149.57827211, 177616.71722894 ], [ 356732.61488252, 177616.71353772 ], [ 356732.61836413, 177699.70454871 ], [ 356739.8938789, 177713.62128311 ], [ 356782.62864958, 177716.70365086 ], [ 356782.63344277, 177832.70974501 ], [ 356599.61967415, 177832.71095828 ], [ 356582.61979614, 177849.71165071 ], [ 356582.62396916, 177949.71309041 ], [ 356599.62409103, 177966.71236405 ], [ 356632.62625547, 177966.71212744 ], [ 356635.71060024, 178009.43190446 ], [ 356649.62772141, 178016.70675864 ], [ 356782.6410747, 178016.70587132 ], [ 356782.64172656, 178032.7015588 ], [ 356749.63270302, 178032.70179528 ], [ 356735.71527635, 178039.97743864 ], [ 356732.63423555, 178082.7075704 ], [ 356649.6316514, 178082.70816479 ], [ 356632.63177314, 178099.70885615 ], [ 356632.63723471, 178232.70435429 ], [ 356589.40509218, 178236.15533426 ], [ 356582.63636671, 178249.70527776 ], [ 356582.64042135, 178349.70568963 ], [ 356589.40971077, 178363.2546827 ], [ 356632.64269748, 178366.70476781 ], [ 356636.09483008, 178409.93174916 ], [ 356649.64411964, 178416.70040526 ], [ 356682.65434239, 178416.70023961 ], [ 356682.65776839, 178499.70125953 ], [ 356699.65788681, 178516.70057132 ], [ 356732.65203788, 178516.70034145 ], [ 356732.65470754, 178582.7017602 ], [ 356699.66169911, 178582.70198831 ], [ 356682.66181667, 178599.70271049 ], [ 356682.66394094, 178649.70736897 ], [ 356699.66402402, 178666.70664679 ], [ 356782.66768229, 178666.70624112 ], [ 356782.6683288, 178682.7019358 ], [ 356739.428157, 178686.15291466 ], [ 356732.65944025, 178699.70288396 ], [ 356732.66289775, 178782.70266359 ], [ 356689.94499463, 178785.7857366 ], [ 356682.67001361, 178799.70351055 ], [ 356682.67416233, 178899.70496141 ], [ 356699.67424317, 178916.70423917 ], [ 356732.66835249, 178916.70408224 ], [ 356736.12056798, 178959.9301301 ], [ 356749.66986773, 178966.69876118 ], [ 356832.68147404, 178966.69826859 ], [ 356832.682807, 178999.70453712 ], [ 356849.68288694, 179016.70385057 ], [ 356932.68755678, 179016.70346019 ], [ 356932.68823376, 179032.69915879 ], [ 356799.68328326, 179032.69984683 ], [ 356782.68336277, 179049.70034129 ], [ 356782.68712029, 179182.69648385 ], [ 356739.95325309, 179185.7794878 ], [ 356732.67820123, 179199.69710383 ], [ 356732.67913406, 179232.70151067 ], [ 356699.68627942, 179232.70164505 ], [ 356682.68634867, 179249.70213422 ], [ 356682.68922649, 179349.70385458 ], [ 356699.68929043, 179366.70336531 ], [ 356732.68295739, 179366.70324119 ], [ 356732.68678742, 179499.70011138 ], [ 356749.68680939, 179516.69963011 ], [ 356782.69630138, 179516.69958744 ], [ 356782.69813768, 179582.70026637 ], [ 356766.68913812, 179582.7003141 ], [ 356763.60529143, 179539.97042923 ], [ 356749.68814987, 179532.69544751 ], [ 356716.69469731, 179532.69555108 ], [ 356716.69076597, 179399.69868569 ], [ 356709.4153398, 179385.78177652 ], [ 356666.68104211, 179382.69929436 ], [ 356666.67395577, 179149.7007463 ], [ 356659.90473439, 179136.151613 ], [ 356616.6719331, 179132.70145449 ], [ 356616.66920778, 179049.70038941 ], [ 356599.66912828, 179032.70098228 ], [ 356549.66766448, 179032.70121614 ], [ 356532.66774399, 179049.70178227 ], [ 356532.66884276, 179082.69607279 ], [ 356466.65780811, 179082.6963731 ], [ 356466.65458309, 178999.70534079 ], [ 356449.65446914, 178982.70603201 ], [ 356366.64982542, 178982.70652241 ], [ 356366.64914162, 178966.70083873 ], [ 356399.65009713, 178966.70061664 ], [ 356416.64998271, 178949.69992486 ], [ 356416.6465394, 178866.7001342 ], [ 356499.66607097, 178866.6996372 ], [ 356513.583502, 178859.42399692 ], [ 356516.66454932, 178816.70386821 ], [ 356532.65808674, 178816.70375931 ], [ 356532.66155559, 178899.70587657 ], [ 356549.66167042, 178916.70515261 ], [ 356649.66467411, 178916.704577 ], [ 356666.66459325, 178899.70388818 ], [ 356666.66054117, 178799.70247383 ], [ 356649.66045943, 178782.7031627 ], [ 356616.65827962, 178782.70332138 ], [ 356616.65278617, 178649.70654615 ], [ 356599.6526691, 178632.70723556 ], [ 356566.65051896, 178632.70746286 ], [ 356566.64784038, 178566.70705285 ], [ 356599.64874907, 178566.70682383 ], [ 356616.64863108, 178549.70613453 ], [ 356616.64457613, 178449.70472272 ], [ 356599.64445727, 178432.70541208 ], [ 356499.64932336, 178432.70601132 ], [ 356482.64940825, 178449.70670183 ], [ 356482.65284549, 178532.70753578 ], [ 356439.91095055, 178535.79069248 ], [ 356432.6359886, 178549.70845598 ], [ 356432.64149522, 178682.70393729 ], [ 356366.63734243, 178682.70432415 ], [ 356366.63599874, 178649.70806521 ], [ 356349.63591566, 178632.70875749 ], [ 356249.63286046, 178632.70924626 ], [ 356232.63294355, 178649.70993969 ], [ 356232.63428941, 178682.70507557 ], [ 356149.62371386, 178682.7055791 ], [ 356132.62383052, 178699.7063077 ], [ 356132.62732164, 178782.70604889 ], [ 356116.61781406, 178782.70612587 ], [ 356113.53339397, 178739.97641331 ], [ 356099.61631632, 178732.70156493 ], [ 356016.61443857, 178732.7011597 ], [ 356016.61100133, 178649.70888721 ], [ 355999.61133294, 178632.70957783 ], [ 355866.61068808, 178632.70704993 ], [ 355863.52650498, 178589.97717403 ], [ 355849.60972318, 178582.70216397 ], [ 355749.60270911, 178582.70023857 ], [ 355735.6849727, 178589.9756835 ], [ 355732.60357548, 178632.70447162 ], [ 355689.87982356, 178635.78658056 ], [ 355682.60460935, 178649.70443488 ], [ 355682.60995815, 178799.6999905 ], [ 355699.60961455, 178816.69938446 ], [ 355732.61022731, 178816.70005145 ], [ 355735.69428814, 178859.42091643 ], [ 355749.61107193, 178866.69595868 ], [ 355832.61961084, 178866.69765674 ], [ 355832.6208357, 178899.70422287 ], [ 355849.6204837, 178916.703592 ], [ 355932.62222822, 178916.70537656 ], [ 355932.62941497, 179099.69681035 ], [ 355949.6290114, 179116.69617913 ], [ 355999.62914345, 179116.69736606 ], [ 356016.62954699, 179099.69664912 ], [ 356016.62815556, 179066.70313227 ], [ 356132.63915232, 179066.70346664 ], [ 356132.64188059, 179132.70375197 ], [ 356099.6330339, 179132.70396356 ], [ 356082.63314288, 179149.70465637 ], [ 356082.63518038, 179199.70027339 ], [ 356089.91067648, 179213.61702858 ], [ 356132.6452616, 179216.69944013 ], [ 356132.64791911, 179282.69968407 ], [ 356016.63675262, 179282.69906679 ], [ 356016.63543654, 179249.70234292 ], [ 356009.36019282, 179235.78574836 ], [ 355966.63438171, 179232.70220289 ], [ 355966.63317491, 179199.69659275 ], [ 355959.35794605, 179185.77995223 ], [ 355916.62324445, 179182.69640784 ], [ 355916.61857887, 179049.69981089 ], [ 355899.61894315, 179032.70042466 ], [ 355449.61937815, 179032.6901893 ], [ 355432.61898035, 179049.69052127 ], [ 355432.62041635, 179149.68977353 ], [ 355439.89550111, 179163.6067777 ], [ 355482.61281667, 179166.69041025 ], [ 355482.61395405, 179249.6904846 ], [ 355499.61349947, 179266.69023828 ], [ 355532.61464588, 179266.69112073 ], [ 355532.6159568, 179349.6922969 ], [ 355539.89104799, 179363.60919386 ], [ 355582.61693997, 179366.69293431 ], [ 355582.61757034, 179399.68896939 ], [ 355589.89267642, 179413.60582043 ], [ 355632.62674434, 179416.68956224 ], [ 355632.62707118, 179432.69391717 ], [ 355499.61691877, 179432.69017368 ], [ 355482.61644039, 179449.69041805 ], [ 355482.61691468, 179482.68489755 ], [ 355439.89942577, 179485.76656277 ], [ 355432.62400194, 179499.68414487 ], [ 355432.62436521, 179532.67855802 ], [ 355416.61413244, 179532.6780965 ], [ 355413.53128797, 179489.9577789 ], [ 355399.61442943, 179482.68243361 ], [ 355299.6041201, 179482.67958643 ], [ 355282.60363616, 179499.67963715 ], [ 355282.60378534, 179549.67467501 ], [ 355299.60326146, 179566.67462427 ], [ 355332.60507949, 179566.67564129 ], [ 355332.60514835, 179582.6797243 ], [ 355249.61107648, 179582.67720378 ], [ 355235.69341137, 179589.95225555 ], [ 355232.61046737, 179632.67168799 ], [ 355199.60150888, 179632.67064812 ], [ 355182.60097333, 179649.67058404 ], [ 355182.60059527, 179749.66968723 ], [ 355199.60004782, 179766.66975169 ], [ 355232.61037459, 179766.67081471 ], [ 355232.61036703, 179782.67582754 ], [ 355189.36969354, 179786.12507305 ], [ 355182.6004045, 179799.67468774 ], [ 355182.60021259, 179849.66968884 ], [ 355189.87515152, 179863.58681251 ], [ 355232.61022533, 179866.67084023 ], [ 355232.61020819, 179899.66540905 ], [ 355249.60960871, 179916.66541787 ], [ 355332.60665835, 179916.66827875 ], [ 355332.60679502, 179949.6740676 ], [ 355349.60618948, 179966.6739972 ], [ 355399.61654869, 179966.67577856 ], [ 355413.16651678, 179959.90690924 ], [ 355416.61690728, 179916.67120782 ], [ 355449.62737368, 179916.67237227 ], [ 355466.62797336, 179899.67218785 ], [ 355466.62654274, 179749.67765529 ], [ 355449.62709057, 179732.67780649 ], [ 355366.60588795, 179732.67513126 ], [ 355366.6055418, 179666.67591078 ], [ 355382.61512123, 179666.67641541 ], [ 355386.06581413, 179709.91289892 ], [ 355399.61483011, 179716.68202313 ], [ 355499.61908026, 179716.68521141 ], [ 355516.61962233, 179699.68500264 ], [ 355516.619217, 179666.68054069 ], [ 355559.85139539, 179663.23117293 ], [ 355566.62056798, 179649.68131555 ], [ 355566.62005171, 179616.6868531 ], [ 355649.63004437, 179616.68937682 ], [ 355666.63057476, 179599.68903085 ], [ 355666.62990306, 179566.68554138 ], [ 355999.64689302, 179566.69542312 ], [ 356013.19696883, 179559.92625845 ], [ 356016.64607196, 179516.7003594 ], [ 356032.65526479, 179516.70084839 ], [ 356032.65662135, 179549.69766702 ], [ 356049.65661174, 179566.69696812 ], [ 356182.66047584, 179566.69679971 ], [ 356185.74476194, 179609.42651637 ], [ 356199.6618072, 179616.70141156 ], [ 356282.68140797, 179616.7012622 ], [ 356282.68262333, 179649.69758445 ], [ 356299.68267169, 179666.69695828 ], [ 356382.67617173, 179666.69678824 ], [ 356382.67735465, 179699.70304573 ], [ 356399.67736628, 179716.70243645 ], [ 356532.68953565, 179716.70227961 ], [ 356536.1413309, 179759.92827355 ], [ 356549.69061202, 179766.69701985 ], [ 356599.69142972, 179766.69699371 ], [ 356616.69142082, 179749.6964522 ], [ 356616.69036984, 179716.70218862 ], [ 356682.70013707, 179716.70207804 ], [ 356682.70115511, 179749.69736626 ], [ 356699.70116388, 179766.69684174 ], [ 357049.71596891, 179766.69656312 ], [ 357066.71596034, 179749.69616607 ], [ 357066.71292121, 179616.69972146 ], [ 357082.7219011, 179616.69967394 ], [ 357082.72258869, 179649.69594936 ], [ 357089.99794811, 179663.61294704 ], [ 357132.73189752, 179666.69556833 ], [ 357136.18322536, 179709.93259233 ], [ 357149.73258016, 179716.70143383 ], [ 357299.73255071, 179716.70282103 ], [ 357316.7328293, 179699.70255417 ], [ 357316.7323112, 179666.69704208 ], [ 357499.7281613, 179666.69981923 ], [ 357513.64566474, 179659.4246239 ], [ 357516.72827441, 179616.70368964 ], [ 357599.72638348, 179616.70483955 ], [ 357613.64382486, 179609.42966837 ], [ 357616.72660032, 179566.69959443 ], [ 357799.73171126, 179566.70196303 ], [ 357816.73195628, 179549.70211365 ], [ 357816.73269232, 179466.70852594 ], [ 357882.74075477, 179466.70918846 ], [ 357882.7388124, 179599.70890907 ], [ 357899.73858907, 179616.70916979 ], [ 358149.75053095, 179616.7127595 ], [ 358166.75078898, 179599.71322843 ], [ 358166.75483005, 179449.71231459 ], [ 358159.9860487, 179436.16254794 ], [ 358116.74769809, 179432.7115447 ], [ 358116.74979044, 179349.7083955 ], [ 358109.47474747, 179335.79085075 ], [ 358066.75034409, 179332.70772636 ], [ 358066.75068333, 179316.7005435 ], [ 358182.76735611, 179316.70125693 ], [ 358182.76495484, 179399.70553445 ], [ 358199.76481166, 179416.70602612 ], [ 358232.75604921, 179416.70630398 ], [ 358232.75338182, 179499.70981801 ], [ 358240.02834808, 179513.62744005 ], [ 358282.75219575, 179516.7107543 ], [ 358282.75163012, 179532.70818484 ], [ 358240.02729638, 179535.7903078 ], [ 358232.75177655, 179549.7072264 ], [ 358232.75017221, 179599.71363359 ], [ 358249.74994762, 179616.71417899 ], [ 358282.7487619, 179616.71461493 ], [ 358282.74759665, 179649.71178042 ], [ 358299.74732608, 179666.71238075 ], [ 358432.75098744, 179666.71558347 ], [ 358432.74976883, 179699.72321606 ], [ 358449.74916165, 179716.72384368 ], [ 358532.74580447, 179716.72680852 ], [ 358535.82696205, 179759.44864019 ], [ 358549.74396244, 179766.72439312 ], [ 358599.7503452, 179766.72623402 ], [ 358616.75097101, 179749.72686005 ], [ 358616.75218613, 179716.72981153 ], [ 358649.74258518, 179716.73099153 ], [ 358663.29228965, 179709.96247667 ], [ 358666.74440756, 179666.72336262 ], [ 358682.75078765, 179666.7238862 ], [ 358682.74763648, 179749.72935902 ], [ 358697.23552412, 179766.35707343 ], [ 358598.20806142, 180132.74230215 ], [ 358400.21659575, 180132.7338477 ], [ 357860.92967076, 179858.3010407 ], [ 357730.38081788, 179697.03481067 ], [ 357728.54348543, 179696.31330814 ], [ 357512.09776207, 179727.52632569 ], [ 357247.04652725, 179944.69733744 ], [ 357246.97443831, 179947.72939917 ], [ 357582.71974226, 180250.6051121 ], [ 357582.71841131, 180299.72233016 ], [ 357599.7180025, 180316.72279081 ], [ 357882.72498358, 180316.72959548 ], [ 357882.72418025, 180349.72619266 ], [ 357889.49286089, 180363.27582808 ], [ 357932.73003944, 180366.72739827 ], [ 357932.72802908, 180449.72959441 ], [ 357949.72762298, 180466.73000615 ], [ 358032.72438884, 180466.73198881 ], [ 358032.72359784, 180499.72858265 ], [ 358049.72319261, 180516.72899017 ], [ 358099.72158266, 180516.73018197 ], [ 358116.72198788, 180499.73058736 ], [ 358116.72437239, 180399.7274017 ], [ 358099.72477928, 180382.72699639 ], [ 358016.73602719, 180382.72500997 ], [ 358016.73641261, 180366.72941323 ], [ 358049.72678553, 180366.73020458 ], [ 358063.64422811, 180359.45529803 ], [ 358066.72798416, 180316.73401805 ], [ 359082.73586363, 180316.76872981 ], [ 359082.73402229, 180399.75925116 ], [ 359099.73341135, 180416.75964185 ], [ 359182.73046191, 180416.76262419 ], [ 359182.72977026, 180449.76843965 ], [ 359196.90519512, 180466.34635407 ], [ 359148.31212285, 180582.96217803 ], [ 359132.72802668, 180599.76245445 ], [ 359132.72622052, 180682.76252098 ], [ 359116.72781918, 180682.76207011 ], [ 359113.64609858, 180640.0425671 ], [ 359099.72910134, 180632.76696482 ], [ 359066.73953325, 180632.76594801 ], [ 359063.65773784, 180590.03535584 ], [ 359049.74076073, 180582.75976713 ], [ 358966.72681643, 180582.75715566 ], [ 358966.72757586, 180549.76119301 ], [ 358959.45273347, 180535.84381147 ], [ 358916.72953348, 180532.75974235 ], [ 358916.73022746, 180499.75460425 ], [ 358899.73078403, 180482.75424682 ], [ 358799.73398582, 180482.75097219 ], [ 358782.73342898, 180499.75061433 ], [ 358782.73273422, 180532.75543822 ], [ 358649.72072333, 180532.75116198 ], [ 358632.72017664, 180549.7507695 ], [ 358632.71832646, 180632.75305031 ], [ 358599.72809263, 180632.75203016 ], [ 358582.72756694, 180649.75163748 ], [ 358582.72571603, 180732.74313831 ], [ 358539.9945558, 180735.824705 ], [ 358532.71895502, 180749.74183196 ], [ 358532.71819237, 180782.74813611 ], [ 358489.99499227, 180785.82972681 ], [ 358482.71939665, 180799.74684995 ], [ 358482.71863379, 180832.74223058 ], [ 358466.72023045, 180832.7418394 ], [ 358466.72099369, 180799.74638243 ], [ 358449.7214542, 180782.7459892 ], [ 358366.71653401, 180782.7438361 ], [ 358366.71800076, 180716.74078499 ], [ 358449.72272511, 180716.74302165 ], [ 358463.27241664, 180709.97435641 ], [ 358466.72397018, 180666.74808094 ], [ 358509.44716366, 180663.66655615 ], [ 358516.72276462, 180649.74939543 ], [ 358516.72382075, 180599.74299425 ], [ 358499.72432362, 180582.74263522 ], [ 358399.72755665, 180582.73957672 ], [ 358382.7270196, 180599.73921727 ], [ 358382.72632173, 180632.74561264 ], [ 358366.71991726, 180632.7452098 ], [ 358363.27031381, 180589.50751025 ], [ 358349.72102102, 180582.73820113 ], [ 357716.71580673, 180582.72337319 ], [ 357713.63413258, 180540.00193748 ], [ 357699.71703156, 180532.72635702 ], [ 357666.71868983, 180532.72557154 ], [ 357666.72217806, 180399.71668111 ], [ 357649.72258522, 180382.71622253 ], [ 357549.72583193, 180382.71382732 ], [ 357532.72542469, 180399.71339846 ], [ 357532.72326463, 180482.71676101 ], [ 357366.72971706, 180482.7128002 ], [ 357366.7306322, 180449.71623658 ], [ 357359.45574539, 180435.79874421 ], [ 357316.7247232, 180432.71497583 ], [ 357316.72842817, 180299.71604771 ], [ 357309.45354327, 180285.79855459 ], [ 357266.72164022, 180282.71477996 ], [ 357266.72676033, 180099.70911067 ], [ 357249.72704134, 180082.70863506 ], [ 357199.72790595, 180082.7078086 ], [ 357186.17839694, 180089.47649725 ], [ 357182.72668696, 180132.70442286 ], [ 357166.7339642, 180132.70440299 ], [ 357166.73642911, 180049.70153079 ], [ 357159.46135029, 180035.78388529 ], [ 357116.72834562, 180032.70101761 ], [ 357116.72938084, 179999.70593256 ], [ 357109.96055065, 179986.15606578 ], [ 357066.72066852, 179982.70538688 ], [ 357063.63766236, 179939.97439714 ], [ 357049.72043775, 179932.69921644 ], [ 356949.7112096, 179932.69920471 ], [ 356932.71120763, 179949.69933988 ], [ 356932.71052205, 180032.70079695 ], [ 356899.71736033, 180032.70077559 ], [ 356882.71734934, 180049.70017543 ], [ 356882.71381835, 180149.70317414 ], [ 356889.48261985, 180163.25308613 ], [ 356932.7059891, 180166.70381477 ], [ 356932.70319702, 180249.70540378 ], [ 356939.97822782, 180263.62308286 ], [ 356982.71145866, 180266.70608758 ], [ 356982.71094052, 180282.71256008 ], [ 356949.70162367, 180282.71242522 ], [ 356935.78450836, 180289.98734609 ], [ 356932.70040387, 180332.70891369 ], [ 356899.70702629, 180332.70876954 ], [ 356882.70695202, 180349.70816858 ], [ 356882.70341668, 180449.71016468 ], [ 356899.70333264, 180466.71076571 ], [ 356999.70531412, 180466.71136017 ], [ 357016.70543219, 180449.71194483 ], [ 357016.7082207, 180366.70928102 ], [ 357032.70908911, 180366.70935107 ], [ 357032.70334814, 180549.71328031 ], [ 357049.70322015, 180566.71378905 ], [ 357132.72103622, 180566.71434817 ], [ 357132.72001421, 180599.71063468 ], [ 357149.71988118, 180616.71116123 ], [ 357232.71229339, 180616.71209623 ], [ 357232.71184541, 180632.71873029 ], [ 357199.71205124, 180632.71818562 ], [ 357182.71177065, 180649.717667 ], [ 357182.71024542, 180699.71329988 ], [ 357199.70996429, 180716.7138185 ], [ 357232.70949427, 180716.71436422 ], [ 357232.7057712, 180849.71327329 ], [ 357249.70540527, 180866.71374921 ], [ 357299.71283811, 180866.71482559 ], [ 357313.63022507, 180859.43993905 ], [ 357316.71412361, 180816.71959409 ], [ 357349.72062331, 180816.7203721 ], [ 357366.72102402, 180799.72084368 ], [ 357366.72241118, 180749.71411389 ], [ 357359.44750484, 180735.79660786 ], [ 357316.71646458, 180732.71292871 ], [ 357316.71691037, 180716.71623143 ], [ 357399.71380979, 180716.71819597 ], [ 357413.26341484, 180709.94954055 ], [ 357416.71512333, 180666.72297198 ], [ 357432.71353335, 180666.72335139 ], [ 357432.71262636, 180699.71891198 ], [ 357439.98751661, 180713.63640258 ], [ 357482.71060943, 180716.72016019 ], [ 357482.71020371, 180732.71678338 ], [ 357399.71323304, 180732.7148232 ], [ 357382.71283153, 180749.71435376 ], [ 357382.71060539, 180832.71677796 ], [ 357339.9952273, 180835.79848912 ], [ 357332.71963696, 180849.71553026 ], [ 357332.710331, 180982.72507893 ], [ 357299.70214872, 180982.724396 ], [ 357282.70179709, 180999.72256169 ], [ 357282.69640259, 181049.71796956 ], [ 357289.97088836, 181063.63654174 ], [ 357332.70146178, 181066.72047308 ], [ 357335.78005398, 181109.4409675 ], [ 357349.69767856, 181116.71720535 ], [ 357432.68638176, 181116.71885298 ], [ 357432.68316546, 181149.72378035 ], [ 357449.68283514, 181166.72543699 ], [ 357549.68911239, 181166.72737925 ], [ 357563.60607692, 181159.45304923 ], [ 357566.69256019, 181116.72151109 ], [ 357599.68484437, 181116.72216519 ], [ 357616.68518134, 181099.72367729 ], [ 357616.68962837, 181049.72749319 ], [ 357599.68997252, 181032.72598109 ], [ 357566.70035892, 181032.72531339 ], [ 357566.70183719, 181016.73011594 ], [ 357632.69938923, 181016.73147865 ], [ 357632.69657061, 181049.72554037 ], [ 357649.69622677, 181066.72699265 ], [ 357732.70195658, 181066.72867089 ], [ 357732.69923583, 181099.72363478 ], [ 357739.46762673, 181113.27403722 ], [ 357782.68801355, 181116.72568959 ], [ 357782.6867494, 181132.73173241 ], [ 357749.69550701, 181132.73115901 ], [ 357732.6952116, 181149.72979039 ], [ 357732.69118664, 181199.72481317 ], [ 357749.69089814, 181216.72618178 ], [ 357849.68950583, 181216.72797792 ], [ 357866.68982803, 181199.72926168 ], [ 357866.6960949, 181116.72735164 ], [ 357899.6960649, 181116.72800429 ], [ 357913.61316744, 181109.45348445 ], [ 357916.69877589, 181066.73242133 ], [ 357959.93727226, 181063.28305325 ], [ 357966.70684887, 181049.73435117 ], [ 357966.7091735, 181016.73856446 ], [ 357982.71594287, 181016.73889399 ], [ 357982.71045103, 181099.72884232 ], [ 357989.9851618, 181113.6468774 ], [ 358032.7004981, 181116.73063271 ], [ 358032.69948172, 181132.73643811 ], [ 357949.70032933, 181132.73483251 ], [ 357932.70000047, 181149.73366762 ], [ 357932.69657467, 181199.72860768 ], [ 357949.69628676, 181216.72977257 ], [ 358082.69358263, 181216.73212392 ], [ 358082.68961812, 181282.73369515 ], [ 358049.68924319, 181282.73316411 ], [ 358032.68896966, 181299.73208298 ], [ 358032.68578957, 181349.73688276 ], [ 358039.9605704, 181363.65490918 ], [ 358082.68456926, 181366.73841525 ], [ 358086.13269161, 181409.96485446 ], [ 358099.68232592, 181416.73442728 ], [ 358249.69119782, 181416.73661482 ], [ 358266.69142294, 181399.73749271 ], [ 358266.69570822, 181316.73665331 ], [ 358332.6951583, 181316.73771312 ], [ 358332.69214642, 181382.73781306 ], [ 358299.69162943, 181382.73737655 ], [ 358282.69140459, 181399.73655777 ], [ 358282.68899615, 181449.74215489 ], [ 358299.6887783, 181466.74297366 ], [ 358382.69607337, 181466.74410938 ], [ 358382.69464037, 181499.73808223 ], [ 358399.69438528, 181516.73882057 ], [ 358482.69175764, 181516.73999965 ], [ 358486.14064458, 181559.96622449 ], [ 358499.69017018, 181566.73563757 ], [ 358582.69569354, 181566.73678265 ], [ 358582.69438161, 181599.74169854 ], [ 358599.69417447, 181616.74237429 ], [ 358649.68517148, 181616.74298339 ], [ 358663.23457164, 181609.97434167 ], [ 358666.68661062, 181566.73787319 ], [ 358782.70056219, 181566.73939677 ], [ 358782.69756877, 181649.73839452 ], [ 358799.69736885, 181666.7390077 ], [ 358832.68798216, 181666.73939565 ], [ 358832.68680557, 181699.74416894 ], [ 358839.96177389, 181713.66185207 ], [ 358882.69328162, 181716.74508374 ], [ 358886.14247082, 181759.97106877 ], [ 358899.6919988, 181766.74040283 ], [ 358932.69068955, 181766.74076424 ], [ 358932.68960646, 181799.74543308 ], [ 358949.68946112, 181816.74599096 ], [ 359032.70390773, 181816.74670039 ], [ 359032.70183678, 181849.74137062 ], [ 359039.47040876, 181863.29157537 ], [ 359082.69067693, 181866.74279523 ], [ 359082.68395979, 181949.74723729 ], [ 359089.45242386, 181963.29766874 ], [ 359132.68203441, 181966.7489992 ], [ 359132.67940107, 181999.74467898 ], [ 359139.95410768, 182013.66292856 ], [ 359182.67768724, 182016.74643617 ], [ 359182.67645989, 182032.75438782 ], [ 359139.44496157, 182036.20409135 ], [ 359132.67540958, 182049.75261589 ], [ 359132.67141763, 182099.75045285 ], [ 359149.67116271, 182116.75181016 ], [ 359232.68674278, 182116.75298885 ], [ 359232.68424884, 182149.75890493 ], [ 359239.95895021, 182163.67707889 ], [ 359282.67498055, 182166.76069863 ], [ 359282.6725903, 182199.75773014 ], [ 359289.9473048, 182213.67586033 ], [ 359332.67139956, 182216.75948519 ], [ 359332.66322571, 182332.7625276 ], [ 359289.43116726, 182336.21208326 ], [ 359282.66161944, 182349.76072904 ], [ 359282.65799385, 182399.7687285 ], [ 359289.9326934, 182413.68684934 ], [ 359332.65726512, 182416.77054118 ], [ 359332.65497586, 182449.76678097 ], [ 359339.92967147, 182463.68484619 ], [ 359382.65442464, 182466.76862093 ], [ 359382.6487589, 182549.77388349 ], [ 359389.92343611, 182563.69191707 ], [ 359432.6564422, 182566.77579915 ], [ 359432.65422681, 182599.77320898 ], [ 359449.65386441, 182616.77435034 ], [ 359499.64684684, 182616.77541595 ], [ 359516.64720917, 182599.77650383 ], [ 359516.65251978, 182516.77949834 ], [ 359599.66230752, 182516.78161217 ], [ 359616.66279507, 182499.7826253 ], [ 359616.66476223, 182466.77386775 ], [ 359749.67529192, 182466.77762903 ], [ 359766.67577267, 182449.77851349 ], [ 359766.67748945, 182416.78071567 ], [ 359849.68631764, 182416.78302972 ], [ 359866.68679156, 182399.78383948 ], [ 359866.68836385, 182366.77506744 ], [ 359909.42151069, 182363.69357371 ], [ 359916.69722461, 182349.77672955 ], [ 359916.69869087, 182316.77788422 ], [ 359949.69097847, 182316.77877716 ], [ 359963.60834756, 182309.50405145 ], [ 359966.69286539, 182266.77162497 ], [ 359999.69301525, 182266.77243855 ], [ 360013.61037147, 182259.49767257 ], [ 360016.69475521, 182216.7743586 ], [ 360032.69458514, 182216.77474652 ], [ 360032.69336942, 182249.77314522 ], [ 360039.96820074, 182263.69075337 ], [ 360082.69259896, 182266.77458547 ], [ 360082.69202795, 182282.78221193 ], [ 360039.96707914, 182285.86382762 ], [ 360032.69142632, 182299.78075738 ], [ 360032.69020942, 182332.77952921 ], [ 359989.96511952, 182335.86103898 ], [ 359982.68942891, 182349.77794078 ], [ 359982.68541988, 182449.78412268 ], [ 359999.68493848, 182466.78480436 ], [ 360082.68555748, 182466.78715491 ], [ 360082.6849853, 182482.79584617 ], [ 359999.68390235, 182482.79339519 ], [ 359982.68341392, 182499.7927129 ], [ 359982.68008232, 182582.79003894 ], [ 359939.44825148, 182586.23915632 ], [ 359932.67875068, 182599.78826061 ], [ 359932.67731976, 182632.79602328 ], [ 359916.68453268, 182632.79551204 ], [ 359916.68600272, 182599.78817731 ], [ 359899.68653894, 182582.7874202 ], [ 359816.66947396, 182582.78486791 ], [ 359816.67028819, 182566.78645381 ], [ 359859.40389507, 182563.70503679 ], [ 359866.67964062, 182549.78822583 ], [ 359866.68202509, 182499.78979776 ], [ 359849.68251312, 182482.78898703 ], [ 359699.66413198, 182482.78458116 ], [ 359682.66364418, 182499.78367594 ], [ 359682.66188707, 182532.78241821 ], [ 359639.94520756, 182535.86372507 ], [ 359632.66939784, 182549.78043217 ], [ 359632.66753502, 182582.77913501 ], [ 359599.65733421, 182582.77816079 ], [ 359585.74001827, 182590.0527503 ], [ 359582.65492964, 182632.78484213 ], [ 359539.42276087, 182636.23386254 ], [ 359532.65314864, 182649.78271997 ], [ 359532.65000576, 182699.78092289 ], [ 359549.64945603, 182716.7819915 ], [ 359632.65992174, 182716.78467588 ], [ 359636.10823612, 182760.02414307 ], [ 359649.65760538, 182766.79375876 ], [ 359732.65960608, 182766.79648103 ], [ 359735.74083426, 182809.52004069 ], [ 359749.65788125, 182816.79575918 ], [ 359782.65904506, 182816.79683671 ], [ 359785.74038218, 182859.53131208 ], [ 359799.65741455, 182866.80700594 ], [ 359882.67584931, 182866.80977035 ], [ 359882.67482415, 182899.80942862 ], [ 359899.67427397, 182916.80995672 ], [ 359982.66894922, 182916.81264249 ], [ 359985.75048948, 182959.53613033 ], [ 359999.66749498, 182966.81177844 ], [ 360082.67041169, 182966.81445216 ], [ 360085.75209217, 183009.54895541 ], [ 360099.66907836, 183016.82457206 ], [ 360182.68123649, 183016.82723374 ], [ 360186.13084165, 183060.05788962 ], [ 360199.68002431, 183066.82723685 ], [ 360232.68173932, 183066.82829027 ], [ 360232.68116174, 183099.83708689 ], [ 360249.68062154, 183116.83738435 ], [ 360332.69211328, 183116.84002197 ], [ 360335.77410597, 183159.56445295 ], [ 360349.69105065, 183166.83999926 ], [ 360432.69478329, 183166.84262456 ], [ 360435.77691628, 183209.57707093 ], [ 360449.6938416, 183216.85258581 ], [ 360482.69597404, 183216.85362482 ], [ 360482.69521304, 183282.85146242 ], [ 360439.96861646, 183285.93293292 ], [ 360432.69304358, 183299.85022275 ], [ 360432.69201807, 183382.85885474 ], [ 360399.69028068, 183382.85783421 ], [ 360385.77269441, 183390.13277836 ], [ 360382.68925409, 183432.86584208 ], [ 360299.67710085, 183432.86338646 ], [ 360282.67661148, 183449.863101 ], [ 360282.6757719, 183499.86254611 ], [ 360299.67525092, 183516.86283156 ], [ 360332.68573219, 183516.86384319 ], [ 360332.68467562, 183582.87175882 ], [ 360289.94956368, 183585.95332253 ], [ 360282.67399087, 183599.87053644 ], [ 360282.67314951, 183649.87008193 ], [ 360299.6726697, 183666.87036799 ], [ 360332.68353316, 183666.87129968 ], [ 360332.6834682, 183682.88069454 ], [ 360266.67036025, 183682.8788409 ], [ 360263.58802333, 183640.14442099 ], [ 360249.67111179, 183632.86895648 ], [ 360166.66599133, 183632.86651301 ], [ 360166.67003954, 183449.85932745 ], [ 360149.67056311, 183432.85896709 ], [ 360049.65725056, 183432.85598665 ], [ 360035.73976118, 183440.13084307 ], [ 360032.65587646, 183482.85504562 ], [ 359949.65145214, 183482.85260012 ], [ 359932.65096478, 183499.85211706 ], [ 359932.65002682, 183532.86170992 ], [ 359916.65567356, 183532.86125356 ], [ 359916.65819838, 183449.85209576 ], [ 359909.88961042, 183436.30241366 ], [ 359866.64855556, 183432.85054812 ], [ 359866.65280984, 183299.8327426 ], [ 359849.65334089, 183282.8321991 ], [ 359799.6433751, 183282.83063691 ], [ 359782.64284406, 183299.83007976 ], [ 359782.64176223, 183332.83982363 ], [ 359766.63980487, 183332.83932593 ], [ 359766.64275749, 183249.83015733 ], [ 359749.64329103, 183232.82955271 ], [ 359716.63248506, 183232.82851669 ], [ 359713.18358282, 183189.59884372 ], [ 359699.63428688, 183182.82935429 ], [ 359666.64159913, 183182.82831392 ], [ 359666.64282521, 183149.81867308 ], [ 359659.36803821, 183135.90109062 ], [ 359616.63286108, 183132.81706217 ], [ 359613.55180357, 183090.09256597 ], [ 359599.6347158, 183082.816815 ], [ 359566.63326728, 183082.81577293 ], [ 359563.55221203, 183040.08230238 ], [ 359549.63502167, 183032.80658481 ], [ 359516.62574073, 183032.80578756 ], [ 359516.62716637, 182999.80635617 ], [ 359499.62757854, 182982.80562175 ], [ 359416.62475903, 182982.80360945 ], [ 359413.17605382, 182939.56292908 ], [ 359399.62663104, 182932.79343319 ], [ 359349.62517714, 182932.7922165 ], [ 359332.62476349, 182949.79142304 ], [ 359332.62095475, 183032.80134231 ], [ 359249.62543465, 183032.79923668 ], [ 359235.70810378, 183040.07392928 ], [ 359232.62341606, 183082.80760457 ], [ 359199.60438729, 183082.80680957 ], [ 359182.603978, 183099.80599047 ], [ 359182.59915918, 183199.81555338 ], [ 359189.87393586, 183213.73331577 ], [ 359232.61705927, 183216.8171618 ], [ 359232.61555116, 183249.81556832 ], [ 359249.61518018, 183266.81634525 ], [ 359449.62235465, 183266.8210088 ], [ 359466.62275943, 183249.82175212 ], [ 359466.62420229, 183216.82272126 ], [ 359482.6179227, 183216.82307151 ], [ 359482.612238, 183349.830876 ], [ 359489.38081638, 183363.38075472 ], [ 359532.62149831, 183366.83239124 ], [ 359535.70252772, 183409.55669191 ], [ 359549.61963339, 183416.83244454 ], [ 359582.62150866, 183416.833454 ], [ 359582.61818719, 183499.84168115 ], [ 359599.61769952, 183516.84236148 ], [ 359732.63335411, 183516.84624309 ], [ 359732.63039639, 183599.85440453 ], [ 359749.62991361, 183616.85501038 ], [ 359782.63224346, 183616.85594758 ], [ 359782.62969229, 183782.87313949 ], [ 359766.62708384, 183782.87269396 ], [ 359766.62734796, 183749.86290308 ], [ 359749.62782355, 183732.86276706 ], [ 359699.61622716, 183732.86136796 ], [ 359682.61575158, 183749.86119165 ], [ 359682.61540924, 183782.87035484 ], [ 359639.89714401, 183785.95196979 ], [ 359632.62161915, 183799.86928731 ], [ 359632.62089292, 183882.87710122 ], [ 359616.60918186, 183882.87665965 ], [ 359613.52697821, 183840.14308723 ], [ 359599.6099758, 183832.86761687 ], [ 359549.60737518, 183832.8663614 ], [ 359532.60694834, 183849.86616693 ], [ 359532.60580417, 183949.87423163 ], [ 359549.60534913, 183966.87442616 ], [ 359632.62005733, 183966.87660455 ], [ 359636.07013143, 184010.11737509 ], [ 359649.61930379, 184016.88660463 ], [ 359749.62491451, 184016.88923561 ], [ 359763.54246898, 184009.61420019 ], [ 359766.6256095, 183966.88024797 ], [ 359782.628286, 183966.88068706 ], [ 359782.62803339, 183999.89047082 ], [ 359789.3967804, 184013.43987327 ], [ 359832.63873282, 184016.89150209 ], [ 359832.6385583, 184049.89031669 ], [ 359839.91353836, 184063.80749351 ], [ 359882.64924869, 184066.89130327 ], [ 359882.64913791, 184082.89077341 ], [ 359849.6386191, 184082.88994719 ], [ 359832.63819361, 184099.88982311 ], [ 359832.63782861, 184149.89926417 ], [ 359849.6374054, 184166.89938824 ], [ 359882.64865582, 184166.90021004 ], [ 359886.09881208, 184210.13096662 ], [ 359899.64800603, 184216.90016737 ], [ 359982.64628236, 184216.90222239 ], [ 359982.64583346, 184299.91047986 ], [ 359989.9208314, 184313.82768465 ], [ 360032.64880313, 184316.91139347 ], [ 360032.64816465, 184499.92850305 ], [ 360049.64775756, 184516.92856859 ], [ 360199.66618449, 184516.93216057 ], [ 360216.66659149, 184499.93217327 ], [ 360216.66671933, 184416.92378266 ], [ 360299.67253272, 184416.92579189 ], [ 360316.6729442, 184399.92579183 ], [ 360316.6729441, 184366.92782465 ], [ 360499.69261652, 184366.93237786 ], [ 360516.69303011, 184349.93235257 ], [ 360516.69266562, 184216.91586993 ], [ 360582.70754604, 184216.91756821 ], [ 360582.70775193, 184249.9263352 ], [ 360589.98279899, 184263.84336327 ], [ 360632.71074975, 184266.9271067 ], [ 360632.71096764, 184299.92690474 ], [ 360649.71055195, 184316.92679248 ], [ 360732.73212255, 184316.92867684 ], [ 360735.81506577, 184359.66296243 ], [ 360749.73204569, 184366.93824101 ], [ 360782.72594025, 184366.93885378 ], [ 360782.72644305, 184449.93669602 ], [ 360799.72616464, 184466.93660655 ], [ 360882.72964983, 184466.93796586 ], [ 360882.73057994, 184599.9551027 ], [ 360889.49950235, 184613.50437542 ], [ 360932.7322288, 184616.9555013 ], [ 360932.73414911, 184799.96174964 ], [ 360949.73391634, 184816.96156192 ], [ 360999.74435973, 184816.96224668 ], [ 361013.29406868, 184810.19322768 ], [ 361016.74423109, 184766.9633891 ], [ 361082.7472229, 184766.9643651 ], [ 361082.74801703, 184849.97214748 ], [ 361090.02317156, 184863.88920727 ], [ 361132.74970292, 184866.97251283 ], [ 361135.83272176, 184909.69671658 ], [ 361149.74976019, 184916.97195542 ], [ 361199.75919412, 184916.97262998 ], [ 361216.75942342, 184899.97248388 ], [ 361216.75821462, 184766.96648009 ], [ 361282.76120565, 184766.96752151 ], [ 361282.76154917, 184799.96712947 ], [ 361290.03672882, 184813.88417897 ], [ 361332.763133, 184816.96740389 ], [ 361335.8461298, 184859.7005415 ], [ 361349.76314281, 184866.97579469 ], [ 361382.76501937, 184866.97630879 ], [ 361382.76535704, 184899.97580081 ], [ 361390.0405204, 184913.89284198 ], [ 361432.77492892, 184916.97613775 ], [ 361432.77560501, 184999.98473666 ], [ 361440.05075879, 185013.90180655 ], [ 361482.77816603, 185016.9851025 ], [ 361482.77843197, 185049.9935433 ], [ 361499.77817388, 185066.99340633 ], [ 361582.78150464, 185066.99460039 ], [ 361582.78163068, 185082.99370217 ], [ 361399.76726103, 185082.99104132 ], [ 361385.84974505, 185090.26627052 ], [ 361382.76727651, 185132.98994012 ], [ 361316.76445201, 185132.98901641 ], [ 361316.76431726, 185116.98988865 ], [ 361349.76533276, 185116.99038674 ], [ 361366.76558935, 185099.99024513 ], [ 361366.76517284, 185049.99108665 ], [ 361349.76539708, 185032.99122827 ], [ 361149.75165113, 185032.9883893 ], [ 361132.7513928, 185049.98853706 ], [ 361132.75236206, 185149.98682707 ], [ 361149.75210704, 185166.98664527 ], [ 361182.76191966, 185166.98714048 ], [ 361182.7620574, 185182.99531566 ], [ 361149.75305025, 185182.99482369 ], [ 361132.75279688, 185199.99497154 ], [ 361132.75323174, 185249.99414975 ], [ 361149.75301402, 185266.9940019 ], [ 361182.76281435, 185266.99442467 ], [ 361182.76359503, 185350.00213602 ], [ 361199.76338064, 185367.00198964 ], [ 361232.76513277, 185367.00240583 ], [ 361235.84814905, 185409.73655433 ], [ 361249.76520136, 185417.01178929 ], [ 361299.76658962, 185417.01241488 ], [ 361316.76680232, 185400.01227156 ], [ 361316.76610251, 185317.00540289 ], [ 361399.76850358, 185317.00655724 ], [ 361416.76875351, 185300.00638306 ], [ 361416.76796901, 185216.99850227 ], [ 361449.77698197, 185216.99899387 ], [ 361463.69449484, 185209.72376438 ], [ 361466.77696606, 185166.99109949 ], [ 361482.77937502, 185166.99133935 ], [ 361482.78004438, 185249.99891973 ], [ 361499.77982691, 185266.99878263 ], [ 361549.78122825, 185266.99942227 ], [ 361566.78144572, 185249.9993207 ], [ 361566.78088387, 185166.99249828 ], [ 361632.79170154, 185166.99342132 ], [ 361632.79234839, 185250.00093375 ], [ 361649.79213104, 185267.00080125 ], [ 361732.79524585, 185267.00192842 ], [ 361732.79533573, 185283.01098427 ], [ 361649.7928879, 185283.00983119 ], [ 361632.7926382, 185300.00996374 ], [ 361632.7928955, 185333.00771282 ], [ 361599.78388372, 185333.00723115 ], [ 361582.78363567, 185350.00736526 ], [ 361582.78403018, 185400.01650025 ], [ 361599.78381777, 185417.01636613 ], [ 361699.79459316, 185417.01761567 ], [ 361716.79480555, 185400.01748463 ], [ 361716.79455112, 185367.00880444 ], [ 361849.80634789, 185367.01057849 ], [ 361866.80659584, 185350.01045208 ], [ 361866.80533548, 185166.99657505 ], [ 361910.0371901, 185163.54633598 ], [ 361916.80623212, 185149.99674952 ], [ 361916.80605259, 185116.9978299 ], [ 361959.53120645, 185113.91506272 ], [ 361966.80640512, 185099.99769774 ], [ 361966.80615997, 185066.99881397 ], [ 362149.8170185, 185066.99878628 ], [ 362166.81701589, 185049.99866075 ], [ 362166.81637746, 184949.99169165 ], [ 362160.04733913, 184936.44229135 ], [ 362116.81573921, 184932.99178623 ], [ 362116.81556118, 184899.98269295 ], [ 362109.54029138, 184886.06549582 ], [ 362066.81488817, 184882.98278666 ], [ 362066.81464384, 184849.98365747 ], [ 362049.81464334, 184832.98378335 ], [ 361916.80407402, 184832.98378709 ], [ 361916.80382858, 184799.97565202 ], [ 361899.80396764, 184782.97577843 ], [ 361849.80295016, 184782.9753694 ], [ 361832.8028111, 184799.97549548 ], [ 361832.80355295, 184899.98251457 ], [ 361849.80341424, 184916.98238845 ], [ 361882.80466472, 184916.98265771 ], [ 361882.80508967, 184982.99067632 ], [ 361749.79357359, 184982.9889811 ], [ 361732.79334807, 184999.98907639 ], [ 361732.79353308, 185032.99674286 ], [ 361716.79207852, 185032.99650008 ], [ 361716.79182451, 184999.98808675 ], [ 361699.79205014, 184982.98821757 ], [ 361566.7794176, 184982.98628595 ], [ 361566.77915476, 184949.98685203 ], [ 361559.50400276, 184936.06978032 ], [ 361516.7774894, 184932.98647998 ], [ 361516.77736049, 184916.97740375 ], [ 361549.7785275, 184916.9778484 ], [ 361563.69602051, 184909.70261289 ], [ 361566.77849384, 184866.97907444 ], [ 361609.50446529, 184863.89691856 ], [ 361616.77979589, 184849.97945446 ], [ 361616.7794024, 184799.97142051 ], [ 361599.77966873, 184782.97155428 ], [ 361566.77782521, 184782.97103726 ], [ 361566.77730007, 184716.97286375 ], [ 361599.77834614, 184716.97338718 ], [ 361616.77861577, 184699.97325351 ], [ 361616.77757391, 184566.95745531 ], [ 361660.01790942, 184563.50752111 ], [ 361666.78700325, 184549.95785745 ], [ 361666.78623299, 184449.95068206 ], [ 361649.78651078, 184432.95081299 ], [ 361549.77549436, 184432.94917857 ], [ 361532.7752165, 184449.94930861 ], [ 361532.77585153, 184532.95609843 ], [ 361499.77469553, 184532.95556528 ], [ 361482.77442089, 184549.95569735 ], [ 361482.7750748, 184632.96348614 ], [ 361440.04808835, 184636.04562769 ], [ 361432.77275583, 184649.96309762 ], [ 361432.77383798, 184782.9689375 ], [ 361416.76429396, 184782.96868659 ], [ 361413.68130154, 184740.24462216 ], [ 361399.76429056, 184732.96936713 ], [ 361316.76088576, 184732.96805788 ], [ 361316.76075125, 184716.96889684 ], [ 361349.76188992, 184716.96942064 ], [ 361366.76215974, 184699.96924529 ], [ 361366.76164394, 184649.96118726 ], [ 361349.76191542, 184632.96136261 ], [ 361266.75848754, 184632.96003701 ], [ 361266.75820723, 184599.96045371 ], [ 361259.48305831, 184586.04339311 ], [ 361216.75661387, 184582.96006773 ], [ 361216.7557362, 184466.94363289 ], [ 361249.75688927, 184466.94417277 ], [ 361263.67441762, 184459.6689568 ], [ 361266.75692004, 184416.94527686 ], [ 361309.48300948, 184413.86315671 ], [ 361316.75834948, 184399.94569196 ], [ 361316.75759735, 184299.93845027 ], [ 361299.7579143, 184282.93857812 ], [ 361266.75594966, 184282.93796284 ], [ 361266.75576832, 184249.93847713 ], [ 361259.48065833, 184236.02139277 ], [ 361216.75408836, 184232.93795204 ], [ 361216.7535684, 184149.93028021 ], [ 361209.47846018, 184136.01319662 ], [ 361166.74392517, 184132.92974821 ], [ 361166.74374551, 184099.92014887 ], [ 361159.46862123, 184086.00305368 ], [ 361116.74207029, 184082.9196793 ], [ 361116.74182552, 184049.92007436 ], [ 361109.46670849, 184036.00301766 ], [ 361066.74025202, 184032.91956912 ], [ 361066.74000811, 183999.9210243 ], [ 361049.74033499, 183982.92114995 ], [ 360949.72834154, 183982.91922693 ], [ 360936.17858356, 183989.68818628 ], [ 360932.72825685, 184032.91713911 ], [ 360899.72712507, 184032.91657357 ], [ 360885.80958755, 184040.19178381 ], [ 360882.7270751, 184082.91545823 ], [ 360816.72407762, 184082.91426722 ], [ 360816.72333518, 183966.90755223 ], [ 360849.72442841, 183966.90819021 ], [ 360866.72475705, 183949.90806632 ], [ 360866.72439267, 183899.90885341 ], [ 360859.44927888, 183885.99179679 ], [ 360816.72282522, 183882.90833616 ], [ 360816.72270898, 183866.90011992 ], [ 360849.72369637, 183866.9007642 ], [ 360866.72402826, 183849.90067432 ], [ 360866.72339949, 183749.89211465 ], [ 360859.95449282, 183736.34284542 ], [ 360816.72183591, 183732.89165393 ], [ 360816.72139056, 183649.88373673 ], [ 360799.72172976, 183632.88380666 ], [ 360749.72829609, 183632.88280916 ], [ 360732.72795689, 183649.88287741 ], [ 360732.72808943, 183682.89168866 ], [ 360699.71072748, 183682.89099666 ], [ 360685.79315303, 183690.16616683 ], [ 360682.71053716, 183732.88874762 ], [ 360666.70794254, 183732.88830071 ], [ 360666.70786664, 183616.88143057 ], [ 360849.72263062, 183616.88554932 ], [ 360866.72300797, 183599.88561163 ], [ 360866.72319123, 183549.88725718 ], [ 360849.72353885, 183532.88719487 ], [ 360666.70843754, 183532.88303682 ], [ 360666.7089677, 183449.87388227 ], [ 360659.43402859, 183435.9567019 ], [ 360616.7069077, 183432.8727447 ], [ 360616.70703525, 183416.86434398 ], [ 360659.4336836, 183413.78284246 ], [ 360666.70922601, 183399.86548577 ], [ 360666.70975343, 183316.85706886 ], [ 360682.71174277, 183316.85753596 ], [ 360682.71159952, 183349.86734727 ], [ 360699.71118758, 183366.86742104 ], [ 360782.72240831, 183366.86940703 ], [ 360782.72234812, 183399.86914099 ], [ 360799.72198771, 183416.869172 ], [ 360882.72500748, 183416.87099756 ], [ 360882.72495822, 183449.87960813 ], [ 360899.72456823, 183466.87963349 ], [ 360982.73670664, 183466.88147158 ], [ 360982.73660235, 183499.88099017 ], [ 360990.01163211, 183513.79816545 ], [ 361032.73799485, 183516.88179238 ], [ 361032.737962, 183549.89136546 ], [ 361049.73761478, 183566.89138237 ], [ 361132.74078656, 183566.89307754 ], [ 361135.82341619, 183609.61624936 ], [ 361149.74042191, 183616.89160388 ], [ 361232.75161227, 183616.89327755 ], [ 361235.8342558, 183659.61742435 ], [ 361249.75126297, 183666.89277464 ], [ 361449.76510399, 183666.89675441 ], [ 361466.76544211, 183649.89674869 ], [ 361466.76543099, 183616.89809254 ], [ 361749.78284723, 183616.90378821 ], [ 361763.70040052, 183609.6286279 ], [ 361766.78307892, 183566.90630555 ], [ 361849.79361492, 183566.90799545 ], [ 361866.793961, 183549.90793295 ], [ 361866.7936557, 183466.90053204 ], [ 361899.79429891, 183466.90081088 ], [ 361913.34388548, 183460.13183659 ], [ 361916.79438626, 183416.89306746 ], [ 361932.79504179, 183416.89311922 ], [ 361932.79515961, 183449.90102671 ], [ 361949.79514091, 183466.90096602 ], [ 361999.79575785, 183466.90102103 ], [ 362016.79577655, 183449.90096265 ], [ 362016.79549159, 183366.89457408 ], [ 362049.80514075, 183366.894619 ], [ 362066.80516388, 183349.89456301 ], [ 362066.80489061, 183266.88719009 ], [ 362109.53034143, 183263.8045092 ], [ 362116.80557849, 183249.88719 ], [ 362116.8053829, 183166.88086681 ], [ 362159.53075273, 183163.79828206 ], [ 362166.80602061, 183149.88097773 ], [ 362166.8058707, 183066.87463622 ], [ 362199.80651981, 183066.87477294 ], [ 362216.80659025, 183049.87472413 ], [ 362216.80644669, 182999.87596643 ], [ 362199.80651936, 182982.87601524 ], [ 362166.80571814, 182982.87587417 ], [ 362166.80538607, 182816.86196063 ], [ 362182.80618837, 182816.86206948 ], [ 362186.25672524, 182860.10180476 ], [ 362199.80610344, 182866.87084261 ], [ 362232.80706087, 182866.87106264 ], [ 362235.88987427, 182909.5945746 ], [ 362249.80703984, 182916.86982675 ], [ 362299.81573086, 182916.87015341 ], [ 362316.8158419, 182899.87014335 ], [ 362316.81579283, 182816.86284642 ], [ 362359.54130838, 182813.78029927 ], [ 362366.81658705, 182799.86299694 ], [ 362366.81682, 182716.85714204 ], [ 362410.04861453, 182713.40696263 ], [ 362416.81777564, 182699.85767252 ], [ 362416.81834749, 182666.85971296 ], [ 362449.81946482, 182666.85996434 ], [ 362466.8195943, 182649.8603028 ], [ 362466.82124725, 182566.85560376 ], [ 362509.55615435, 182563.77336091 ], [ 362516.83159513, 182549.85630099 ], [ 362516.83262018, 182499.85855542 ], [ 362499.83277388, 182482.8582069 ], [ 362466.82292126, 182482.85790844 ], [ 362466.82324041, 182466.85018131 ], [ 362549.83464982, 182466.85103715 ], [ 362566.83481152, 182449.85142973 ], [ 362566.83596608, 182399.85480881 ], [ 362559.56095256, 182385.93730704 ], [ 362516.83512072, 182382.85402056 ], [ 362516.83544932, 182366.84638405 ], [ 362599.8380319, 182366.84741848 ], [ 362613.755324, 182359.57244738 ], [ 362616.83902518, 182316.8500759 ], [ 362659.58128071, 182313.76801733 ], [ 362666.85677897, 182299.8509812 ], [ 362666.85799224, 182249.844409 ], [ 362659.58301415, 182235.92691204 ], [ 362616.84101538, 182232.84348794 ], [ 362613.75926625, 182190.12115847 ], [ 362599.84206763, 182182.84563048 ], [ 362499.83925075, 182182.84404084 ], [ 362482.83898045, 182199.84369137 ], [ 362482.8383021, 182232.84152189 ], [ 362399.82645318, 182232.84024069 ], [ 362385.90909639, 182240.11523224 ], [ 362382.82555033, 182282.84681186 ], [ 362299.82286891, 182282.8456351 ], [ 362282.82261433, 182299.84535884 ], [ 362282.82207809, 182332.84336211 ], [ 362199.81159757, 182332.84222363 ], [ 362182.81135083, 182349.841967 ], [ 362182.81085256, 182382.85000679 ], [ 362140.08480888, 182385.93222245 ], [ 362132.8093985, 182399.84939656 ], [ 362132.80898552, 182432.84642451 ], [ 361999.79656029, 182432.84498385 ], [ 361985.87920328, 182440.1200696 ], [ 361982.79600716, 182482.85297899 ], [ 361899.79379444, 182482.85215557 ], [ 361882.79363925, 182499.85205975 ], [ 361882.79345326, 182532.85013323 ], [ 361749.78251447, 182532.84656102 ], [ 361732.78197423, 182549.84643834 ], [ 361732.78173612, 182582.84441568 ], [ 361649.77989074, 182582.84180792 ], [ 361632.77935659, 182599.84168483 ], [ 361632.77911762, 182632.84874096 ], [ 361616.76993848, 182632.84827592 ], [ 361616.77067992, 182516.84389336 ], [ 361649.77943369, 182516.84495549 ], [ 361663.69709536, 182509.56993338 ], [ 361666.78015372, 182466.83701685 ], [ 361849.79239605, 182466.84303781 ], [ 361866.79294912, 182449.84312608 ], [ 361866.79312044, 182416.84606123 ], [ 361949.79539856, 182416.84719648 ], [ 361963.34497191, 182410.07832182 ], [ 361966.79587582, 182366.83920257 ], [ 361999.79703026, 182366.83961683 ], [ 362013.71439983, 182359.56453653 ], [ 362016.79760063, 182316.84168934 ], [ 362060.03884979, 182313.39179201 ], [ 362066.80804082, 182299.84237897 ], [ 362066.80898726, 182216.83723967 ], [ 362110.04139206, 182213.3873817 ], [ 362116.81059396, 182199.83797052 ], [ 362116.81158944, 182116.83288651 ], [ 362132.81311524, 182116.83315721 ], [ 362132.81263434, 182149.84030702 ], [ 362149.812355, 182166.8405547 ], [ 362199.81389546, 182166.8413763 ], [ 362216.81417479, 182149.84159971 ], [ 362216.81460857, 182116.83467758 ], [ 362299.8256479, 182116.83618011 ], [ 362313.74306867, 182109.56118069 ], [ 362316.82650681, 182066.83857156 ], [ 362349.82805099, 182066.83921057 ], [ 362363.37766546, 182060.07044541 ], [ 362366.82893722, 182016.83173406 ], [ 362549.8444829, 182016.83536139 ], [ 362566.84481966, 181999.83575538 ], [ 362566.84819732, 181849.83380383 ], [ 362549.84859244, 181832.83340953 ], [ 362516.84673912, 181832.83264249 ], [ 362516.84706916, 181816.83601024 ], [ 362559.57395777, 181813.75417135 ], [ 362566.84935743, 181799.83665785 ], [ 362566.84837023, 181699.82996538 ], [ 362549.8488253, 181682.83016582 ], [ 362516.84602916, 181682.82928239 ], [ 362516.84582718, 181666.82088283 ], [ 362549.84731778, 181666.82178268 ], [ 362566.84778131, 181649.82158268 ], [ 362566.8471931, 181599.82420018 ], [ 362559.57212628, 181585.90725205 ], [ 362516.84476835, 181582.82348386 ], [ 362516.8443527, 181549.81439052 ], [ 362499.84483328, 181532.81460458 ], [ 362416.83036837, 181532.81225752 ], [ 362416.82848336, 181416.80774839 ], [ 362432.8310493, 181416.80825686 ], [ 362435.91426192, 181459.54195066 ], [ 362449.83102594, 181466.81722805 ], [ 362749.8628426, 181466.82640321 ], [ 362766.86337349, 181449.82632929 ], [ 362766.86322996, 181416.81876093 ], [ 362832.86821801, 181416.8208543 ], [ 362832.86824002, 181449.82943638 ], [ 362840.14321772, 181463.74651066 ], [ 362882.87976996, 181466.8304551 ], [ 362886.33017367, 181510.05882389 ], [ 362899.87927674, 181516.82799243 ], [ 362932.88210339, 181516.82893958 ], [ 362932.88200473, 181549.82735902 ], [ 362949.88152544, 181566.82740984 ], [ 363049.8854108, 181566.82940753 ], [ 363063.80280885, 181559.55426689 ], [ 363066.88575081, 181516.8317008 ], [ 363149.89603446, 181516.83238136 ], [ 363166.8961738, 181499.83246832 ], [ 363166.89642956, 181449.83564846 ], [ 363149.89660734, 181432.8355615 ], [ 363116.8953466, 181432.83521639 ], [ 363116.8954537, 181416.82735394 ], [ 363199.89782149, 181416.82817734 ], [ 363216.89800363, 181399.82830587 ], [ 363216.89825312, 181366.83052339 ], [ 363249.89946833, 181366.83081941 ], [ 363266.89962082, 181349.83095539 ], [ 363266.90002079, 181299.82416203 ], [ 363259.6249024, 181285.90684317 ], [ 363216.89885482, 181282.82372143 ], [ 363216.89928898, 181216.81811827 ], [ 363259.62545514, 181213.73579631 ], [ 363266.90082174, 181199.81857643 ], [ 363266.90108637, 181166.82185167 ], [ 363349.91293491, 181166.82294818 ], [ 363366.91317294, 181149.82309929 ], [ 363366.91361744, 181099.8153328 ], [ 363349.91382592, 181082.81518169 ], [ 363316.90331467, 181082.81477689 ], [ 363316.90345009, 181066.81700218 ], [ 363349.91394935, 181066.81741558 ], [ 363366.91416225, 181049.81756695 ], [ 363366.91496748, 180966.81320553 ], [ 363382.9165709, 180966.81341422 ], [ 363386.36660598, 181010.05221946 ], [ 363399.91597937, 181016.82138876 ], [ 363449.91756821, 181016.8220276 ], [ 363466.91778541, 180999.82222772 ], [ 363466.91876282, 180916.81697435 ], [ 363649.93332823, 180916.81960587 ], [ 363666.93358799, 180899.8197306 ], [ 363666.9330408, 180816.8156007 ], [ 363699.95100129, 180816.81602047 ], [ 363716.95121742, 180799.81554713 ], [ 363716.94982503, 180749.80788746 ], [ 363699.95003006, 180732.8083608 ], [ 363666.93071357, 180732.80796259 ], [ 363666.92979932, 180699.8095593 ], [ 363659.65448997, 180685.89271278 ], [ 363616.92769804, 180682.80972009 ], [ 363616.92725707, 180666.81311395 ], [ 363649.92826533, 180666.81340259 ], [ 363666.92841401, 180649.81293159 ], [ 363666.92702847, 180599.80530325 ], [ 363659.65170798, 180585.88844899 ], [ 363616.92494134, 180582.80550718 ], [ 363616.9245003, 180566.80786612 ], [ 363699.94422845, 180566.80841812 ], [ 363716.94435504, 180549.80794464 ], [ 363716.94296223, 180499.80128273 ], [ 363699.94307773, 180482.80175622 ], [ 363666.92388614, 180482.8015319 ], [ 363666.92158572, 180399.79568561 ], [ 363649.92164488, 180382.79615675 ], [ 363499.90887432, 180382.79563612 ], [ 363482.90881548, 180399.79610001 ], [ 363482.91370913, 180582.80442443 ], [ 363466.91209332, 180582.80429534 ], [ 363466.90858311, 180449.80253542 ], [ 363449.90865278, 180432.80296291 ], [ 363399.90705592, 180432.80275802 ], [ 363385.9895857, 180440.0781894 ], [ 363382.90781132, 180482.79994358 ], [ 363366.90620986, 180482.79986769 ], [ 363363.82252561, 180440.07760373 ], [ 363349.90545882, 180432.80255357 ], [ 363216.89118385, 180432.80191193 ], [ 363216.89079272, 180416.79486476 ], [ 363259.61684072, 180413.71216442 ], [ 363266.89196676, 180399.79452536 ], [ 363266.88060213, 179949.78322058 ], [ 363249.88042414, 179932.78363867 ], [ 363216.87903296, 179932.78398421 ], [ 363216.87889766, 179916.77638505 ], [ 363349.89195558, 179916.77516702 ], [ 363366.89180836, 179899.77502383 ], [ 363366.89062057, 179766.77256956 ], [ 363410.12272426, 179763.32156422 ], [ 363416.89158112, 179749.77201498 ], [ 363416.89043544, 179649.76739827 ], [ 363399.89028124, 179632.76759313 ], [ 363316.87962917, 179632.76841209 ], [ 363316.87938153, 179599.77067267 ], [ 363299.87919191, 179582.77080026 ], [ 363249.87840305, 179582.77135795 ], [ 363232.87859266, 179599.77143477 ], [ 363232.87874177, 179632.7693081 ], [ 363216.87792107, 179632.76945327 ], [ 363216.87768745, 179566.76486663 ], [ 363249.87852304, 179566.76456182 ], [ 363263.79570788, 179559.48921601 ], [ 363266.87815001, 179516.76657341 ], [ 363299.87882138, 179516.76619991 ], [ 363316.87862897, 179499.76610563 ], [ 363316.87797366, 179399.7614709 ], [ 363299.87777848, 179382.76159941 ], [ 363249.87738684, 179382.76217351 ], [ 363235.96024335, 179390.03751459 ], [ 363232.87773298, 179432.76912957 ], [ 362966.86615567, 179432.7710961 ], [ 362963.41599491, 179389.53321287 ], [ 362949.86674285, 179382.76403362 ], [ 362899.86533472, 179382.76301464 ], [ 362882.86498828, 179399.76287632 ], [ 362882.86471973, 179432.76949622 ], [ 362866.85421806, 179432.76917834 ], [ 362866.85502882, 179349.76430252 ], [ 362859.58003246, 179335.84705203 ], [ 362816.85396458, 179332.76339345 ], [ 362813.77177342, 179290.0304888 ], [ 362799.85471892, 179282.7550323 ], [ 362766.85328063, 179282.75432389 ], [ 362766.8537634, 179249.75621034 ], [ 362749.85417149, 179232.75596163 ], [ 362649.8598138, 179232.75356073 ], [ 362632.85940554, 179249.75328337 ], [ 362632.85886716, 179282.75121186 ], [ 362616.84166067, 179282.75083565 ], [ 362616.84318424, 179199.74550811 ], [ 362599.84360179, 179182.74518265 ], [ 362566.84238841, 179182.74437209 ], [ 362563.39275067, 179139.51506981 ], [ 362549.84350836, 179132.74575186 ], [ 362449.83262338, 179132.74304115 ], [ 362432.83216257, 179149.74263887 ], [ 362432.83138174, 179182.74097894 ], [ 362399.8302638, 179182.74016752 ], [ 362386.28062846, 179189.5088426 ], [ 362382.82903664, 179232.74714134 ], [ 362366.82790978, 179232.74675627 ], [ 362366.82881278, 179199.73930274 ], [ 362349.82923106, 179182.73883768 ], [ 362266.81917583, 179182.73679501 ], [ 362266.82019988, 179149.73834224 ], [ 362259.54534142, 179135.82081365 ], [ 362216.81975242, 179132.7369846 ], [ 362216.8208041, 179099.72851029 ], [ 362210.05219485, 179086.17880115 ], [ 362166.82051356, 179082.72705478 ], [ 362166.82484048, 178966.72505308 ], [ 362199.82574794, 178966.72596211 ], [ 362213.74312567, 178959.45123569 ], [ 362216.82762974, 178916.73080962 ], [ 362249.82854586, 178916.73163154 ], [ 362266.82896925, 178899.73231636 ], [ 362266.8329975, 178799.72909819 ], [ 362249.83339887, 178782.72841345 ], [ 362099.83182958, 178782.72497339 ], [ 362085.91451043, 178789.99971194 ], [ 362082.82997946, 178832.72097346 ], [ 362066.82943992, 178832.72058576 ], [ 362066.83541792, 178699.72278929 ], [ 362059.56059014, 178685.80505474 ], [ 362016.82681586, 178682.72136446 ], [ 362016.83061515, 178599.72018675 ], [ 361999.83090366, 178582.71942219 ], [ 361899.83034654, 178582.71762558 ], [ 361882.83002421, 178599.71680847 ], [ 361882.82843779, 178632.72247657 ], [ 361816.83760795, 178632.72131073 ], [ 361816.83838504, 178616.71625961 ], [ 361859.55414315, 178613.63432368 ], [ 361866.82977928, 178599.71760428 ], [ 361866.83220948, 178549.72145204 ], [ 361849.83247599, 178532.72062571 ], [ 361816.84249791, 178532.72010855 ], [ 361816.84330721, 178516.71405747 ], [ 361860.06522574, 178513.26434938 ], [ 361866.83463956, 178499.71543308 ], [ 361866.83630898, 178466.71867492 ], [ 361909.56160507, 178463.63670956 ], [ 361916.83723212, 178449.71998679 ], [ 361916.8388176, 178416.71419434 ], [ 361932.83896306, 178416.71439223 ], [ 361932.83264515, 178549.721549 ], [ 361949.83236766, 178566.72235658 ], [ 362149.84234342, 178566.7256238 ], [ 362166.84262134, 178549.7263603 ], [ 362166.8440513, 178516.7194436 ], [ 362199.84471344, 178516.71996202 ], [ 362216.84498049, 178499.7206552 ], [ 362216.85671454, 178216.7227074 ], [ 362260.08794294, 178213.27265128 ], [ 362266.85723658, 178199.72364884 ], [ 362266.86063774, 178116.72074575 ], [ 362299.86891911, 178116.72096161 ], [ 362316.86903028, 178099.72150153 ], [ 362316.87453996, 177916.71308912 ], [ 362359.59934141, 177913.63058584 ], [ 362366.87476172, 177899.71367612 ], [ 362366.87761421, 177799.7100977 ], [ 362359.6025309, 177785.79245546 ], [ 362316.87848936, 177782.70960043 ], [ 362316.87894886, 177766.71237277 ], [ 362359.60363542, 177763.62975735 ], [ 362366.87904023, 177749.71289213 ], [ 362366.88004752, 177716.70502776 ], [ 362409.60476945, 177713.6223902 ], [ 362416.88015938, 177699.70549801 ], [ 362416.88250932, 177616.71138277 ], [ 362459.60718093, 177613.62871669 ], [ 362466.88256365, 177599.71182596 ], [ 362466.88677971, 177449.70069593 ], [ 362459.61165576, 177435.78303255 ], [ 362416.88775222, 177432.70035429 ], [ 362416.8915823, 177299.69992719 ], [ 362399.89145985, 177282.69944608 ], [ 362316.89324599, 177282.7000441 ], [ 362313.81160238, 177239.97828679 ], [ 362299.8940644, 177232.70284257 ], [ 362266.88728247, 177232.70309243 ], [ 362266.88823637, 177199.69650589 ], [ 362249.88810151, 177182.69601459 ], [ 362199.88870995, 177182.69641124 ], [ 362186.33951729, 177189.46523054 ], [ 362182.88788422, 177232.70372869 ], [ 362149.88785913, 177232.7039788 ], [ 362132.88798798, 177249.70344654 ], [ 362132.88642259, 177299.70061686 ], [ 362149.88654534, 177316.70114912 ], [ 362182.88533935, 177316.70091084 ], [ 362185.96696446, 177359.42152453 ], [ 362199.88449545, 177366.69697606 ], [ 362232.88330933, 177366.69674975 ], [ 362232.88133521, 177432.70114872 ], [ 362166.88235802, 177432.7014882 ], [ 362163.43302855, 177389.47362185 ], [ 362149.88331471, 177382.70438911 ], [ 362016.87653912, 177382.70505528 ], [ 362013.79503116, 177339.97363602 ], [ 361999.87750964, 177332.69814989 ], [ 361899.87856737, 177332.6986381 ], [ 361882.87865041, 177349.69808863 ], [ 361882.87380128, 177499.70802872 ], [ 361890.14889978, 177513.62574599 ], [ 361932.87277243, 177516.70845256 ], [ 361932.86897932, 177632.70839183 ], [ 361899.86893885, 177632.70841607 ], [ 361885.95188407, 177639.98336739 ], [ 361882.86781827, 177682.70540127 ], [ 361799.87732038, 177682.7050329 ], [ 361782.87719085, 177699.70447886 ], [ 361782.8722021, 177849.71420056 ], [ 361790.14719157, 177863.63184648 ], [ 361832.86217376, 177866.71504516 ], [ 361832.85995944, 177932.71881719 ], [ 361749.8528531, 177932.71755767 ], [ 361732.85255508, 177949.71697117 ], [ 361732.84975792, 178032.70986331 ], [ 361716.85037658, 178032.70954096 ], [ 361716.85144612, 177999.71294094 ], [ 361699.85178332, 177982.71238991 ], [ 361599.84511468, 177982.71040653 ], [ 361582.84477758, 177999.70985835 ], [ 361582.84371354, 178032.70684187 ], [ 361499.8447472, 178032.70517076 ], [ 361482.84440495, 178049.70461502 ], [ 361482.84277023, 178099.71124397 ], [ 361499.84242429, 178116.7117997 ], [ 361532.84127398, 178116.71247118 ], [ 361532.83742105, 178199.71358001 ], [ 361549.83708671, 178216.71438259 ], [ 361582.83595826, 178216.71503156 ], [ 361582.83282428, 178282.71650982 ], [ 361499.83390629, 178282.7149994 ], [ 361482.83358338, 178299.7142017 ], [ 361482.83203508, 178332.71103272 ], [ 361366.82537609, 178332.709033 ], [ 361366.82903565, 178249.70759663 ], [ 361349.82933076, 178232.70684709 ], [ 361266.83127812, 178232.70534019 ], [ 361266.83194268, 178216.70891132 ], [ 361309.55635043, 178213.6271127 ], [ 361316.83199482, 178199.7103065 ], [ 361316.83418627, 178149.70378905 ], [ 361299.83452697, 178132.70304405 ], [ 361266.83556695, 178132.70238272 ], [ 361266.838059, 178066.70038231 ], [ 361310.06863812, 178063.25076956 ], [ 361316.83798298, 178049.70158572 ], [ 361316.84115733, 177949.70951549 ], [ 361299.84148877, 177932.70897579 ], [ 361216.84291605, 177932.70735775 ], [ 361216.84342151, 177916.70086384 ], [ 361249.84305951, 177916.70143089 ], [ 361266.84335163, 177899.70193524 ], [ 361266.8448349, 177849.70546498 ], [ 361249.84515578, 177832.70496064 ], [ 361099.83896289, 177832.70222992 ], [ 361082.83864215, 177849.70172984 ], [ 361082.83456415, 177982.7002647 ], [ 361016.83585686, 177982.69895872 ], [ 361013.75432948, 177939.97881352 ], [ 360999.83711885, 177932.70322973 ], [ 360916.82957088, 177932.70171351 ], [ 360916.83205066, 177849.69925273 ], [ 360899.83237109, 177832.69875832 ], [ 360749.8422767, 177832.69603178 ], [ 360735.92494271, 177839.97090751 ], [ 360732.84093904, 177882.69195624 ], [ 360666.82630798, 177882.69100142 ], [ 360666.83160042, 177699.68751448 ], [ 360659.55651038, 177685.76986977 ], [ 360616.83287725, 177682.68704272 ], [ 360616.84059176, 177399.69249419 ], [ 360609.56547525, 177385.7748437 ], [ 360566.83230633, 177382.69212204 ], [ 360566.83818395, 177099.68873968 ], [ 360559.56295468, 177085.77135463 ], [ 360516.83806337, 177082.68872567 ], [ 360516.83865395, 176966.69412209 ], [ 360532.83906625, 176966.69407282 ], [ 360532.83855261, 177049.69332483 ], [ 360549.83857426, 177066.69341642 ], [ 360632.84787694, 177066.69324468 ], [ 360632.84460778, 177249.69391226 ], [ 360640.11963119, 177263.611513 ], [ 360682.84372553, 177266.6946413 ], [ 360682.83884985, 177432.688439 ], [ 360640.11427221, 177435.77074422 ], [ 360632.83880881, 177449.687685 ], [ 360632.83596338, 177549.6890706 ], [ 360649.83581778, 177566.68955422 ], [ 360782.84173944, 177566.69112623 ], [ 360782.84078472, 177599.697122 ], [ 360789.60950927, 177613.24686799 ], [ 360832.83971055, 177616.69811864 ], [ 360835.92125418, 177659.41805485 ], [ 360849.83848793, 177666.69362662 ], [ 360949.8373173, 177666.69518811 ], [ 360966.83758278, 177649.69568412 ], [ 360966.84007052, 177566.69368542 ], [ 361009.57348694, 177563.61165625 ], [ 361016.84902357, 177549.69471212 ], [ 361016.85005521, 177516.69800188 ], [ 361032.84948083, 177516.69820504 ], [ 361035.9309357, 177559.41924251 ], [ 361049.84819126, 177566.69483097 ], [ 361082.84743499, 177566.69532633 ], [ 361085.9288853, 177609.42641602 ], [ 361099.8461372, 177616.70200683 ], [ 361249.85249252, 177616.704206 ], [ 361266.85275315, 177599.70471052 ], [ 361266.85686693, 177466.69580149 ], [ 361299.85662538, 177466.69621098 ], [ 361316.85683633, 177449.69675108 ], [ 361316.85842475, 177399.70016342 ], [ 361299.85863046, 177382.69962332 ], [ 361266.85952841, 177382.69922402 ], [ 361263.77806716, 177339.96800901 ], [ 361249.86074065, 177332.69244582 ], [ 361216.86157233, 177332.69212283 ], [ 361216.86207791, 177316.69659435 ], [ 361299.86144084, 177316.6974473 ], [ 361316.86160205, 177299.6979875 ], [ 361316.86319078, 177249.70149919 ], [ 361310.09444911, 177236.15169206 ], [ 361266.86418202, 177232.70059025 ], [ 361266.8663832, 177149.69897884 ], [ 361249.86652549, 177132.69858606 ], [ 361216.86700697, 177132.69830985 ], [ 361216.86918815, 176899.69999703 ], [ 361209.59400498, 176885.78262215 ], [ 361166.8618269, 176882.69980959 ], [ 361166.86315064, 176749.69358878 ], [ 361149.86313931, 176732.69340682 ], [ 361116.863799, 176732.69342883 ], [ 361116.86503012, 176599.69739703 ], [ 361109.58978118, 176585.77997457 ], [ 361066.86575392, 176582.6974645 ], [ 361063.78333779, 176539.96711906 ], [ 361049.86592262, 176532.69184242 ], [ 361016.86680656, 176532.6920798 ], [ 361016.86716533, 176499.69778426 ], [ 361009.59191694, 176485.78032636 ], [ 360966.85883067, 176482.69785782 ], [ 360966.85919131, 176449.70260493 ], [ 360959.58393779, 176435.78514252 ], [ 360916.85992658, 176432.70269848 ], [ 360916.86122171, 176299.69757115 ], [ 360899.86101165, 176282.69741841 ], [ 360816.86259252, 176282.69851025 ], [ 360816.86295874, 176249.70356357 ], [ 360809.58766744, 176235.78607204 ], [ 360766.87197311, 176232.70380384 ], [ 360763.79013356, 176189.97659876 ], [ 360749.87247605, 176182.7012469 ], [ 360649.85741371, 176182.70284467 ], [ 360632.85764388, 176199.70242542 ], [ 360632.85682996, 176232.7053801 ], [ 360616.85519544, 176232.70537603 ], [ 360616.85600312, 176199.70326741 ], [ 360609.58087657, 176185.78566371 ], [ 360566.84577702, 176182.70292191 ], [ 360566.84780389, 176099.71659585 ], [ 360559.57268965, 176085.79900151 ], [ 360516.84648475, 176082.71620249 ], [ 360516.84734925, 176049.71328329 ], [ 360510.07846389, 176036.16346285 ], [ 360466.84598041, 176032.7129346 ], [ 360466.84636371, 176016.72060094 ], [ 360509.57319864, 176013.6379146 ], [ 360516.84855914, 175999.72097318 ], [ 360516.84935794, 175966.71712699 ], [ 360560.08245277, 175963.26656459 ], [ 360566.85156884, 175949.71742883 ], [ 360566.85401319, 175849.72164962 ], [ 360559.57887088, 175835.80403545 ], [ 360516.85260216, 175832.72136496 ], [ 360513.77079662, 175790.00357938 ], [ 360499.85332928, 175782.72815542 ], [ 360466.85197443, 175782.72829507 ], [ 360466.85276594, 175749.73541071 ], [ 360460.08385579, 175736.185609 ], [ 360416.85122338, 175732.73515127 ], [ 360413.40159828, 175689.50214764 ], [ 360399.85192654, 175682.73297667 ], [ 360366.8505152, 175682.73313379 ], [ 360363.76860208, 175640.01537307 ], [ 360349.85114018, 175632.7399763 ], [ 360249.83926522, 175632.74057913 ], [ 360232.83938473, 175649.74018701 ], [ 360232.8386237, 175682.73387262 ], [ 360166.83476377, 175682.73425379 ], [ 360166.83657354, 175599.73838077 ], [ 360149.83644942, 175582.73799655 ], [ 360016.82196321, 175582.73886832 ], [ 360016.82361563, 175499.7441361 ], [ 359999.82348242, 175482.74379762 ], [ 359916.82793339, 175482.74444814 ], [ 359916.83143656, 175299.76213386 ], [ 359910.06247506, 175286.21235579 ], [ 359866.82180662, 175282.76206467 ], [ 359866.82447463, 175166.7551393 ], [ 359882.83439548, 175166.75504953 ], [ 359882.83258693, 175249.75545317 ], [ 359899.83272497, 175266.75581015 ], [ 359982.82825401, 175266.7551361 ], [ 359982.82759839, 175299.76061318 ], [ 359999.82777487, 175316.76095087 ], [ 360082.83143029, 175316.76015498 ], [ 360082.82976639, 175399.75741975 ], [ 360090.10498495, 175413.67501819 ], [ 360132.84044544, 175416.75742492 ], [ 360132.8376038, 175549.7454595 ], [ 360149.83773231, 175566.74580987 ], [ 360199.8397264, 175566.74543189 ], [ 360213.75677106, 175559.47032871 ], [ 360216.8402858, 175516.74209944 ], [ 360232.84228739, 175516.74197436 ], [ 360232.84159178, 175549.74479581 ], [ 360240.11678282, 175563.66238676 ], [ 360282.84318923, 175566.74490491 ], [ 360286.29284283, 175609.96784901 ], [ 360299.8425441, 175616.73700233 ], [ 360349.85252627, 175616.73663796 ], [ 360366.85240241, 175599.73703817 ], [ 360366.85317912, 175566.7442709 ], [ 360449.85769394, 175566.74364497 ], [ 360466.85756576, 175549.74405314 ], [ 360466.85835818, 175516.74024765 ], [ 360499.86090348, 175516.73999036 ], [ 360513.77792483, 175509.46491495 ], [ 360516.86157104, 175466.74647518 ], [ 360532.86358314, 175466.74634632 ], [ 360532.86277537, 175499.73918452 ], [ 360549.86290775, 175516.73960073 ], [ 360682.87499802, 175516.73708224 ], [ 360682.8728278, 175599.731909 ], [ 360699.87364479, 175616.73236703 ], [ 360749.88926582, 175616.72996334 ], [ 360763.80573863, 175609.45469551 ], [ 360766.8893438, 175566.73633518 ], [ 360782.88100426, 175566.73551393 ], [ 360785.96293386, 175609.45236398 ], [ 360799.88098579, 175616.7275612 ], [ 360832.8793226, 175616.72597637 ], [ 360832.87888277, 175632.72983848 ], [ 360790.15379302, 175635.81428555 ], [ 360782.87880418, 175649.73091627 ], [ 360782.87617456, 175749.72758593 ], [ 360799.8768565, 175766.72801592 ], [ 360832.87530067, 175766.7266922 ], [ 360832.8730208, 175849.71350543 ], [ 360849.87362407, 175866.71397243 ], [ 360949.87277339, 175866.71042474 ], [ 360966.87217043, 175849.71089795 ], [ 360966.87308885, 175816.71558901 ], [ 360999.88267063, 175816.71437594 ], [ 361016.88204588, 175799.7148523 ], [ 361016.88437161, 175716.71591785 ], [ 361060.11560434, 175713.26390201 ], [ 361066.88444974, 175699.71506714 ], [ 361066.88544655, 175666.71925053 ], [ 361082.88508817, 175666.71853652 ], [ 361082.88263203, 175749.71547942 ], [ 361099.883312, 175766.71599596 ], [ 361132.88173879, 175766.71467606 ], [ 361132.87641265, 175949.70149606 ], [ 361149.87693556, 175966.70198151 ], [ 361199.88449156, 175966.70044328 ], [ 361216.88396863, 175949.70093184 ], [ 361216.88491687, 175916.70506336 ], [ 361249.88551505, 175916.70400577 ], [ 361266.88497023, 175899.70449743 ], [ 361266.88743691, 175816.70437941 ], [ 361349.88768489, 175816.70123947 ], [ 361366.88702837, 175799.70177151 ], [ 361366.88806101, 175766.70532745 ], [ 361749.90290008, 175766.69017073 ], [ 361766.90222396, 175749.69076156 ], [ 361766.90396187, 175699.68540516 ], [ 361749.90322959, 175682.68481435 ], [ 361716.90491573, 175682.68623577 ], [ 361713.45546655, 175639.45979696 ], [ 361699.90523589, 175632.69077599 ], [ 361666.90693219, 175632.69224106 ], [ 361663.45746219, 175589.45596905 ], [ 361649.90719024, 175582.686968 ], [ 361566.90130888, 175582.6908636 ], [ 361566.90236597, 175549.69738746 ], [ 361559.62686292, 175535.77939396 ], [ 361516.90317972, 175532.69852781 ], [ 361516.90423114, 175499.69430333 ], [ 361499.90334059, 175482.69376178 ], [ 361449.90270347, 175482.69638112 ], [ 361435.98631473, 175489.97163347 ], [ 361432.90254855, 175532.70271866 ], [ 361299.89418989, 175532.70941826 ], [ 361286.34552342, 175539.47846649 ], [ 361282.89406417, 175582.70440413 ], [ 361216.89475317, 175582.70756312 ], [ 361216.90362275, 175266.71380513 ], [ 361299.90467182, 175266.70860644 ], [ 361313.4532042, 175259.93941438 ], [ 361316.90428873, 175216.71270491 ], [ 361449.91347895, 175216.70424448 ], [ 361463.82974674, 175209.42889262 ], [ 361466.91329196, 175166.69731189 ], [ 361749.92349278, 175166.67935994 ], [ 361766.92244249, 175149.67995733 ], [ 361766.92535915, 175066.68722725 ], [ 361782.94239511, 175066.68616789 ], [ 361782.93942279, 175149.67556166 ], [ 361799.93996113, 175166.67617044 ], [ 361849.92889816, 175166.6745874 ], [ 361866.92835979, 175149.67519798 ], [ 361866.92954493, 175116.67804117 ], [ 361882.92718133, 175116.67755409 ], [ 361882.92479514, 175182.67970754 ], [ 361849.9260963, 175182.68061575 ], [ 361832.9265642, 175199.68000531 ], [ 361832.92297383, 175299.68116113 ], [ 361840.19824743, 175313.59906061 ], [ 361882.91998167, 175316.68089377 ], [ 361882.91884728, 175349.67625864 ], [ 361890.19410933, 175363.59412436 ], [ 361932.91602667, 175366.67604175 ], [ 361932.91552625, 175382.68259962 ], [ 361889.68634896, 175386.13393492 ], [ 361882.91735661, 175399.68285285 ], [ 361882.91576576, 175449.67830333 ], [ 361890.19102083, 175463.59612081 ], [ 361932.91293337, 175466.67812336 ], [ 361932.91196721, 175499.67371541 ], [ 361940.18725113, 175513.59150992 ], [ 361982.90923769, 175516.67343357 ], [ 361986.35866931, 175559.91048094 ], [ 361999.90862093, 175566.67960399 ], [ 362049.91544168, 175566.67843362 ], [ 362066.9150438, 175549.67894695 ], [ 362066.91748401, 175466.67496213 ], [ 362099.91603521, 175466.67417538 ], [ 362116.91562989, 175449.67464525 ], [ 362116.91792368, 175366.67157404 ], [ 362132.91554546, 175366.67118566 ], [ 362135.99731448, 175409.40203671 ], [ 362149.9150605, 175416.67737828 ], [ 362182.91197441, 175416.67658449 ], [ 362185.99384155, 175459.39647046 ], [ 362199.91156964, 175466.67179159 ], [ 362232.90842411, 175466.67100508 ], [ 362232.90763186, 175499.66681856 ], [ 362240.18294407, 175513.58454341 ], [ 362282.91306236, 175516.66644738 ], [ 362282.91157894, 175582.66881518 ], [ 362249.90483577, 175582.66958014 ], [ 362235.98801614, 175589.9447403 ], [ 362232.90443659, 175632.67659696 ], [ 362190.18122807, 175635.76012933 ], [ 362182.9060512, 175649.67693669 ], [ 362182.90401041, 175732.6799342 ], [ 362099.90708182, 175732.68163782 ], [ 362086.35804145, 175739.45053843 ], [ 362082.90651709, 175782.67857629 ], [ 361899.9042736, 175782.6823937 ], [ 361882.90461899, 175799.68185177 ], [ 361882.89664608, 176049.68229643 ], [ 361890.17186123, 176063.60008766 ], [ 361932.89453934, 176066.68227054 ], [ 361932.89406928, 176082.68876036 ], [ 361890.17028966, 176085.77211845 ], [ 361882.89505029, 176099.68887881 ], [ 361882.89195795, 176199.68184139 ], [ 361890.1671674, 176213.59962902 ], [ 361932.89001539, 176216.68183751 ], [ 361936.33965971, 176259.91792211 ], [ 361949.88948373, 176266.68703481 ], [ 361999.88808894, 176266.68621826 ], [ 362016.8878113, 176249.68662473 ], [ 362016.89146614, 176116.68726426 ], [ 362032.89893002, 176116.68696015 ], [ 362032.89541688, 176249.68500563 ], [ 362049.89569443, 176266.68540175 ], [ 362082.89396337, 176266.68486298 ], [ 362082.89379888, 176332.68831522 ], [ 361966.8887459, 176332.69015741 ], [ 361966.88896876, 176299.68389594 ], [ 361949.8886949, 176282.68378117 ], [ 361899.88996904, 176282.68458662 ], [ 361882.8902429, 176299.68449871 ], [ 361882.89007221, 176332.69149177 ], [ 361866.89136682, 176332.69174595 ], [ 361863.44106529, 176289.45437371 ], [ 361849.89135211, 176282.6853922 ], [ 361816.90192488, 176282.68590691 ], [ 361816.9069915, 176099.69180057 ], [ 361799.90664099, 176082.69120709 ], [ 361766.89112077, 176082.69188782 ], [ 361766.89383764, 175999.69119466 ], [ 361760.12479436, 175986.14114485 ], [ 361716.8949458, 175982.69153735 ], [ 361716.90100463, 175799.68880313 ], [ 361699.90035038, 175782.68824948 ], [ 361649.90076849, 175782.69017375 ], [ 361632.90142275, 175799.68962319 ], [ 361632.90035412, 175832.68679609 ], [ 361616.89277805, 175832.68735951 ], [ 361616.89384058, 175799.69254656 ], [ 361599.89321969, 175782.69199911 ], [ 361449.89357219, 175782.69758042 ], [ 361432.89419373, 175799.69704225 ], [ 361432.88998412, 175932.69365422 ], [ 361416.88252574, 175932.69411307 ], [ 361416.88356397, 175899.69973934 ], [ 361399.88302014, 175882.69920441 ], [ 361299.88389079, 175882.70240437 ], [ 361282.88443496, 175899.70190963 ], [ 361282.88297998, 175949.6970752 ], [ 361289.65207107, 175963.24709935 ], [ 361332.8819377, 175966.6965567 ], [ 361332.8809714, 175999.70086669 ], [ 361340.15628736, 176013.61868341 ], [ 361382.87988277, 176016.70046087 ], [ 361382.87633419, 176132.69547145 ], [ 361366.87687824, 176132.69575093 ], [ 361363.42739151, 176089.46993576 ], [ 361349.87745654, 176082.70082104 ], [ 361299.8780284, 176082.70196061 ], [ 361282.87841586, 176099.70146611 ], [ 361282.87593597, 176182.69245836 ], [ 361249.87572206, 176182.69299304 ], [ 361232.8759975, 176199.69252304 ], [ 361232.87461503, 176249.69657414 ], [ 361240.14981639, 176263.6142836 ], [ 361282.87387636, 176266.69661801 ], [ 361282.87316815, 176349.69823932 ], [ 361299.87336621, 176366.69838436 ], [ 361332.87243614, 176366.69799991 ], [ 361335.95487249, 176409.41756152 ], [ 361349.87230969, 176416.69282546 ], [ 361382.87142825, 176416.692528 ], [ 361386.32166685, 176459.92940095 ], [ 361399.87129278, 176466.69842927 ], [ 361449.8787107, 176466.69801033 ], [ 361466.87856827, 176449.69815251 ], [ 361466.87884431, 176416.6916715 ], [ 361549.87900336, 176416.69082518 ], [ 361566.87881655, 176399.69096544 ], [ 361566.87908879, 176366.69537881 ], [ 361582.878502, 176366.6951931 ], [ 361582.87796118, 176432.69689817 ], [ 361540.15361743, 176435.77992398 ], [ 361532.87840399, 176449.69703353 ], [ 361532.87757893, 176549.68862934 ], [ 361540.15283522, 176563.60604829 ], [ 361582.87686317, 176566.68853539 ], [ 361586.32709398, 176609.92574504 ], [ 361599.87666856, 176616.69479334 ], [ 361649.88409507, 176616.69457023 ], [ 361666.88401923, 176599.69470858 ], [ 361666.88510158, 176466.69609726 ], [ 361682.88462051, 176466.6959639 ], [ 361682.88344565, 176599.69407619 ], [ 361699.88352122, 176616.69424756 ], [ 361782.89926336, 176616.69387887 ], [ 361786.34952235, 176659.92138596 ], [ 361799.89915389, 176666.69040707 ], [ 361832.8890249, 176666.69010921 ], [ 361835.9715067, 176709.42033961 ], [ 361849.88898249, 176716.69557851 ], [ 361932.88664422, 176716.69449016 ], [ 361935.96915759, 176759.41575873 ], [ 361949.88662544, 176766.69099177 ], [ 362049.89375531, 176766.68978287 ], [ 362066.89354984, 176749.68981619 ], [ 362066.8936145, 176716.69280621 ], [ 362109.61748795, 176713.60960847 ], [ 362116.89264223, 176699.6924601 ], [ 362116.89275889, 176666.68640815 ], [ 362132.89173978, 176666.68620766 ], [ 362132.89163696, 176699.69173171 ], [ 362139.66072557, 176713.24131376 ], [ 362182.89062004, 176716.69137864 ], [ 362182.89059687, 176749.68795856 ], [ 362190.16593631, 176763.60530735 ], [ 362232.88960824, 176766.68757193 ], [ 362232.88959871, 176799.69417386 ], [ 362249.88980017, 176816.69417877 ], [ 362332.89578341, 176816.69319514 ], [ 362332.89580135, 176849.6888373 ], [ 362349.89599894, 176866.68882806 ], [ 362482.90224411, 176866.68738246 ], [ 362482.90236937, 176899.69421744 ], [ 362490.1777272, 176913.6115028 ], [ 362532.90162186, 176916.69377701 ], [ 362532.90176074, 176949.69063383 ], [ 362549.90195055, 176966.69056227 ], [ 362632.91625129, 176966.68963556 ], [ 362632.91676946, 177049.69256777 ], [ 362649.91691756, 177066.69244817 ], [ 362699.90816213, 177066.69201264 ], [ 362716.90801402, 177049.69188591 ], [ 362716.90776799, 177016.6858484 ], [ 362782.90633055, 177016.68519286 ], [ 362782.90646328, 177032.69122384 ], [ 362740.18246549, 177035.77440255 ], [ 362732.90735899, 177049.69171094 ], [ 362732.90716012, 177199.69185877 ], [ 362740.18237216, 177213.60940725 ], [ 362782.90609974, 177216.6918996 ], [ 362782.90567273, 177232.69946314 ], [ 362749.90572206, 177232.69964555 ], [ 362732.90581603, 177249.69922254 ], [ 362732.9032278, 177349.69335886 ], [ 362740.17836416, 177363.61101024 ], [ 362782.90229763, 177366.69365716 ], [ 362782.90141693, 177399.70072468 ], [ 362799.90149255, 177416.70117827 ], [ 362849.90092624, 177416.70095586 ], [ 362866.90085061, 177399.70140602 ], [ 362866.90420649, 177266.6988652 ], [ 362910.14394369, 177263.24814318 ], [ 362916.91302625, 177249.69902964 ], [ 362916.91382741, 177216.6908437 ], [ 362932.91322437, 177216.69071774 ], [ 362935.99506538, 177259.42286113 ], [ 362949.91263603, 177266.69824129 ], [ 362982.91138346, 177266.69784117 ], [ 362985.99325713, 177309.42006454 ], [ 362999.91092149, 177316.69540497 ], [ 363032.9093961, 177316.69476863 ], [ 363036.3590684, 177359.9221099 ], [ 363049.9089004, 177366.69121263 ], [ 363082.91541168, 177366.69064344 ], [ 363082.91383561, 177432.6961238 ], [ 363040.18142212, 177435.77951128 ], [ 363032.90621657, 177449.69635011 ], [ 363032.90263066, 177599.70856589 ], [ 363049.90295454, 177616.70897224 ], [ 363149.90945494, 177616.7071668 ], [ 363163.82635646, 177609.43203808 ], [ 363166.9099522, 177566.69906641 ], [ 363232.90838468, 177566.69787227 ], [ 363232.90640965, 177649.70163627 ], [ 363249.90669893, 177666.70204079 ], [ 363282.90522414, 177666.70147926 ], [ 363285.98710319, 177709.42363069 ], [ 363299.90476251, 177716.69897134 ], [ 363382.91157683, 177716.697462 ], [ 363382.91119729, 177732.70524673 ], [ 363249.90374219, 177732.7075999 ], [ 363232.90403018, 177749.7071954 ], [ 363232.90284053, 177799.70497485 ], [ 363239.67186685, 177813.25486044 ], [ 363282.9017592, 177816.7047556 ], [ 363282.90097484, 177849.71081179 ], [ 363299.9012615, 177866.71121578 ], [ 363349.90948567, 177866.71037252 ], [ 363363.82639039, 177859.43524388 ], [ 363366.90998249, 177816.70326775 ], [ 363432.90842883, 177816.70208616 ], [ 363432.90693166, 177882.70665924 ], [ 363389.67623155, 177886.15775504 ], [ 363382.90723759, 177899.70684547 ], [ 363382.906152, 177949.71463082 ], [ 363390.18141841, 177963.63228485 ], [ 363432.90497621, 177966.71444589 ], [ 363432.90459736, 177982.7111663 ], [ 363389.67395629, 177986.16232861 ], [ 363382.90496656, 177999.71138196 ], [ 363382.90378113, 178049.70916712 ], [ 363399.90409921, 178066.70957019 ], [ 363532.90917883, 178066.70724752 ], [ 363532.90741665, 178149.71108091 ], [ 363549.90769713, 178166.71142186 ], [ 363582.90642267, 178166.71087742 ], [ 363582.90477299, 178249.71582073 ], [ 363589.67381567, 178263.26565222 ], [ 363632.90370057, 178266.71555731 ], [ 363632.89921092, 178499.72184977 ], [ 363649.89947489, 178516.72218469 ], [ 363682.91528778, 178516.72167203 ], [ 363682.91464356, 178549.72887044 ], [ 363699.91490524, 178566.72920225 ], [ 363799.90580672, 178566.72776321 ], [ 363816.90557908, 178549.72805477 ], [ 363816.90614519, 178516.71969124 ], [ 363859.63063557, 178513.63642684 ], [ 363866.90584556, 178499.71950125 ], [ 363866.90647143, 178466.72109771 ], [ 363882.90590829, 178466.72084708 ], [ 363882.90535451, 178499.71811718 ], [ 363890.18063668, 178513.63569868 ], [ 363932.9124475, 178516.71789007 ], [ 363936.36231872, 178559.95648421 ], [ 363949.91209517, 178566.72555486 ], [ 363982.91103884, 178566.72504711 ], [ 363982.91043107, 178599.72230776 ], [ 363999.91065628, 178616.72262088 ], [ 364049.91018398, 178616.72195849 ], [ 364066.90995875, 178599.72223449 ], [ 364066.91292937, 178416.71112002 ], [ 364249.92009686, 178416.70800682 ], [ 364266.91977497, 178399.70821762 ], [ 364266.92018414, 178366.70975684 ], [ 364449.92885402, 178366.70654822 ], [ 364463.84586477, 178359.43126394 ], [ 364466.92874889, 178316.70825311 ], [ 364499.9289256, 178316.70762484 ], [ 364516.92860194, 178299.70770729 ], [ 364516.92942805, 178149.69488441 ], [ 364509.65405019, 178135.77743895 ], [ 364466.93010354, 178132.69543561 ], [ 364466.93166923, 178016.69273595 ], [ 364499.93169659, 178016.69216549 ], [ 364516.93140272, 177999.69251071 ], [ 364516.932418, 177949.69569479 ], [ 364499.93212404, 177932.69534958 ], [ 364466.93342062, 177932.6959202 ], [ 364466.93416139, 177899.6887799 ], [ 364459.65887753, 177885.77110132 ], [ 364416.93513948, 177882.68903516 ], [ 364416.93649798, 177816.68433819 ], [ 364432.93585823, 177816.68406125 ], [ 364432.93518355, 177849.69023526 ], [ 364440.21047825, 177863.60788745 ], [ 364482.93410333, 177866.68994574 ], [ 364486.01611077, 177909.41211329 ], [ 364499.93372738, 177916.68743347 ], [ 364532.94946281, 177916.6868624 ], [ 364532.94678057, 178049.68867436 ], [ 364549.9470744, 178066.68901722 ], [ 364582.93698027, 178066.68844703 ], [ 364582.93660509, 178099.69581058 ], [ 364599.93693224, 178116.6960038 ], [ 364682.9354429, 178116.69447256 ], [ 364682.935443, 178149.69116378 ], [ 364690.21084693, 178163.60854543 ], [ 364732.93500982, 178166.69053035 ], [ 364736.01784183, 178209.42306002 ], [ 364749.93535832, 178216.69819112 ], [ 364832.94328475, 178216.69666823 ], [ 364832.94362488, 178299.70143051 ], [ 364849.94394857, 178316.70136091 ], [ 364899.94371087, 178316.70040888 ], [ 364913.49297705, 178309.93124102 ], [ 364916.94316273, 178266.69312362 ], [ 364982.94254215, 178266.69192954 ], [ 364982.94281321, 178299.6987444 ], [ 364999.94310289, 178316.69860479 ], [ 365182.9499926, 178316.69532007 ], [ 365182.9511735, 178399.69127147 ], [ 365199.95146146, 178416.69101613 ], [ 365232.96027708, 178416.69045701 ], [ 365232.9607958, 178449.69744883 ], [ 365249.96111658, 178466.69718166 ], [ 365399.97698862, 178466.69515908 ], [ 365416.97678823, 178449.69483767 ], [ 365416.97616419, 178416.6878241 ], [ 365432.968166, 178416.68763279 ], [ 365436.05168854, 178459.41955637 ], [ 365449.96899859, 178466.69456971 ], [ 365482.96913833, 178466.69418075 ], [ 365486.05266203, 178509.41700612 ], [ 365499.9699419, 178516.69202908 ], [ 365682.97931756, 178516.6900045 ], [ 365686.06288677, 178559.42298605 ], [ 365699.98018483, 178566.69799079 ], [ 365932.98877298, 178566.69542775 ], [ 365936.07246734, 178609.4185822 ], [ 365949.98974383, 178616.6935603 ], [ 366049.9899419, 178616.69243529 ], [ 366063.53942342, 178609.92315641 ], [ 366066.98888872, 178566.69399694 ], [ 366082.997996, 178566.6938141 ], [ 366082.99880012, 178599.69238711 ], [ 366099.99899131, 178616.69197284 ], [ 366149.99914072, 178616.6914105 ], [ 366166.99894952, 178599.69095803 ], [ 366166.99807123, 178566.69295478 ], [ 366249.99798735, 178566.69200704 ], [ 366266.99779324, 178549.69154614 ], [ 366266.99689831, 178516.68346467 ], [ 366283.00499377, 178516.68331116 ], [ 366283.00940336, 178682.69575038 ], [ 366250.00160837, 178682.69604394 ], [ 366233.00175957, 178699.6964707 ], [ 366233.00301468, 178749.6948494 ], [ 366250.00316291, 178766.69442264 ], [ 366600.0208479, 178766.69157222 ], [ 366617.02075781, 178749.69110118 ], [ 366617.01845822, 178666.69453548 ], [ 366683.02646872, 178666.69411232 ], [ 366686.47809128, 178709.92365529 ], [ 366700.02746382, 178716.69241431 ], [ 366850.02749715, 178716.69141094 ], [ 366867.02737209, 178699.69095306 ], [ 366867.02602545, 178649.69251673 ], [ 366850.02593345, 178632.6929746 ], [ 366817.02559166, 178632.6931532 ], [ 366817.02519014, 178616.68568446 ], [ 366883.02521495, 178616.68525759 ], [ 366886.10893971, 178659.41761502 ], [ 366900.0261587, 178666.692604 ], [ 367000.03413902, 178666.69196272 ], [ 367017.034047, 178649.6915468 ], [ 367017.03282351, 178599.68400186 ], [ 367000.03269655, 178582.68441778 ], [ 366967.03239025, 178582.68466423 ], [ 366967.03199636, 178566.68622134 ], [ 367033.03203588, 178566.68572473 ], [ 367033.03283813, 178599.68445763 ], [ 367050.0329311, 178616.68404434 ], [ 367150.04209413, 178616.6833974 ], [ 367167.04196716, 178599.68298937 ], [ 367167.04076707, 178549.68443626 ], [ 367150.04063915, 178532.6848443 ], [ 367117.03223423, 178532.68509266 ], [ 367117.03184758, 178516.67664113 ], [ 367150.03969583, 178516.67639093 ], [ 367167.03956697, 178499.67598296 ], [ 367167.03716725, 178399.66997651 ], [ 367150.0370365, 178382.6703844 ], [ 367067.02756332, 178382.67102289 ], [ 367063.57605131, 178339.44137648 ], [ 367050.02662966, 178332.67260605 ], [ 366917.01798025, 178332.67363649 ], [ 366917.01582499, 178249.66733452 ], [ 366910.24660576, 178236.11816052 ], [ 366867.01529847, 178232.66804874 ], [ 366867.01316476, 178149.66078561 ], [ 366859.73772236, 178135.74379923 ], [ 366817.01252013, 178132.66147205 ], [ 366817.01024471, 177999.65767009 ], [ 366800.01010588, 177982.65777779 ], [ 366717.00994114, 177982.65845559 ], [ 366717.00959632, 177866.65546872 ], [ 366800.00973469, 177866.65477724 ], [ 366813.55912292, 177859.88568848 ], [ 366817.00944937, 177816.64763433 ], [ 366850.00950974, 177816.64735758 ], [ 366863.92670706, 177809.37201452 ], [ 366867.00914411, 177766.64917715 ], [ 366910.24011678, 177763.1982081 ], [ 366917.00900118, 177749.64871077 ], [ 366917.00847223, 177666.64267561 ], [ 366950.01636194, 177666.64239336 ], [ 366963.5657667, 177659.87327763 ], [ 366967.01596655, 177616.64523859 ], [ 367000.01589633, 177616.64495456 ], [ 367013.93309799, 177609.36959988 ], [ 367017.01548654, 177566.63669586 ], [ 367059.73992216, 177563.55359477 ], [ 367067.01504329, 177549.63626739 ], [ 367067.01476646, 177516.6382478 ], [ 367109.74027801, 177513.55514302 ], [ 367117.01539649, 177499.63781062 ], [ 367117.01510621, 177466.63069404 ], [ 367150.02275875, 177466.63040449 ], [ 367167.02260963, 177449.63024807 ], [ 367167.02177972, 177366.62418016 ], [ 367250.0209663, 177366.62337688 ], [ 367267.02081528, 177349.62317264 ], [ 367267.02041887, 177316.62616589 ], [ 367309.76072819, 177313.54296079 ], [ 367317.0358082, 177299.62559367 ], [ 367317.03539837, 177266.62759004 ], [ 367350.02694752, 177266.62722731 ], [ 367363.94415819, 177259.35180141 ], [ 367367.02627128, 177216.61900864 ], [ 367409.75050903, 177213.53578864 ], [ 367417.02557292, 177199.61838508 ], [ 367417.02481136, 177149.62135171 ], [ 367409.74939436, 177135.70421903 ], [ 367367.02490333, 177132.62197709 ], [ 367367.0244566, 177116.61458534 ], [ 367400.02360959, 177116.61421226 ], [ 367413.94094926, 177109.33859313 ], [ 367417.02218706, 177066.61719179 ], [ 367500.02074217, 177066.61623892 ], [ 367517.020547, 177049.61557928 ], [ 367517.01860666, 176999.6097361 ], [ 367500.0184085, 176982.61039573 ], [ 367467.0184842, 176982.61078042 ], [ 367467.01785965, 176966.61387705 ], [ 367500.01693384, 176966.61355253 ], [ 367517.01676664, 176949.61289294 ], [ 367517.0111474, 176799.61319677 ], [ 367500.01093719, 176782.61382226 ], [ 367467.01081146, 176782.61423035 ], [ 367467.00578707, 176649.6042066 ], [ 367459.73022031, 176635.68733904 ], [ 367417.0054112, 176632.60532759 ], [ 367417.00035659, 176499.60536876 ], [ 367410.23101851, 176486.0562833 ], [ 367366.99990682, 176482.6065113 ], [ 367363.91558614, 176439.88478615 ], [ 367349.99837248, 176432.60995605 ], [ 367216.99054802, 176432.61193247 ], [ 367216.98922127, 176399.60472339 ], [ 367210.21986393, 176386.05567335 ], [ 367166.98873079, 176382.60592786 ], [ 367166.98537487, 176299.60294418 ], [ 367149.9851004, 176282.60363147 ], [ 367116.97682225, 176282.60416444 ], [ 367116.97158246, 176149.604936 ], [ 367099.97129848, 176132.60554996 ], [ 367066.96997867, 176132.60610127 ], [ 367066.96939188, 176116.60955886 ], [ 367099.97006436, 176116.60900146 ], [ 367113.51953368, 176109.83961152 ], [ 367116.9685858, 176066.60222855 ], [ 367149.97633388, 176066.60159901 ], [ 367166.97600963, 176049.60099522 ], [ 367166.97423392, 175999.60543726 ], [ 367159.69863808, 175985.68852404 ], [ 367116.96555431, 175982.60667673 ], [ 367116.96255966, 175899.60339302 ], [ 367099.96222594, 175882.60400633 ], [ 367049.96090192, 175882.60498792 ], [ 367032.96123566, 175899.60564501 ], [ 367032.96251104, 175932.6017582 ], [ 367016.96230564, 175932.60206937 ], [ 367013.87797218, 175889.88076943 ], [ 366999.96067747, 175882.60596958 ], [ 366949.9604527, 175882.60695133 ], [ 366932.9607865, 175899.60762798 ], [ 366932.96476712, 175999.61047024 ], [ 366940.24038613, 176013.52732688 ], [ 366982.96550149, 176016.6091578 ], [ 366982.96612921, 176032.60465085 ], [ 366916.95793213, 176032.60584423 ], [ 366916.95659929, 175999.61007021 ], [ 366899.95630575, 175982.61075691 ], [ 366849.95613772, 175982.6116203 ], [ 366832.95643129, 175999.61235079 ], [ 366832.95784908, 176032.60734714 ], [ 366816.95773364, 176032.60765249 ], [ 366816.95418593, 175949.60545042 ], [ 366799.95385519, 175932.60619049 ], [ 366699.95349359, 175932.6080362 ], [ 366682.9537904, 175949.60879582 ], [ 366682.95526521, 175982.61473861 ], [ 366599.94749135, 175982.61623856 ], [ 366582.94778506, 175999.61705194 ], [ 366582.95414914, 176132.61449082 ], [ 366566.95315524, 176132.61475838 ], [ 366563.86847371, 176089.89353203 ], [ 366549.95126955, 176082.61879603 ], [ 366516.95061074, 176082.61935402 ], [ 366516.9464438, 175999.61729947 ], [ 366510.1770145, 175986.06837839 ], [ 366466.95449631, 175982.61873661 ], [ 366466.94516249, 175799.61417391 ], [ 366449.94488499, 175782.61501611 ], [ 366299.93070987, 175782.61741703 ], [ 366282.93097925, 175799.61830851 ], [ 366282.93270954, 175832.61390179 ], [ 366249.92636951, 175832.61442248 ], [ 366236.00898577, 175839.89021408 ], [ 366232.9284425, 175882.61990271 ], [ 366166.93063158, 175882.62093944 ], [ 366166.92615209, 175799.61888974 ], [ 366159.65049022, 175785.70222984 ], [ 366116.926234, 175782.62031655 ], [ 366113.84128464, 175739.89906473 ], [ 366099.92413503, 175732.62438285 ], [ 366066.91547088, 175732.62490804 ], [ 366066.91095161, 175649.622867 ], [ 366059.63528543, 175635.70621222 ], [ 366016.91088842, 175632.62430867 ], [ 366016.90450495, 175516.61671605 ], [ 366099.91103068, 175516.61536718 ], [ 366116.91075441, 175499.61442546 ], [ 366116.90521546, 175399.62301907 ], [ 366099.90493694, 175382.62396075 ], [ 366066.89612965, 175382.6245016 ], [ 366066.89527127, 175366.61830053 ], [ 366132.90256943, 175366.61714848 ], [ 366136.35532094, 175409.85456537 ], [ 366149.90466793, 175416.62304144 ], [ 366249.90291513, 175416.62140281 ], [ 366266.90263654, 175399.62050776 ], [ 366266.89458755, 175199.61623055 ], [ 366249.89430788, 175182.61658676 ], [ 366116.89704763, 175182.61884063 ], [ 366116.89674554, 175166.61203931 ], [ 366160.12666638, 175163.1607153 ], [ 366166.89542918, 175149.61113284 ], [ 366166.89292426, 175016.61175432 ], [ 366199.89166895, 175016.61121609 ], [ 366216.89139167, 174999.61087098 ], [ 366216.88970639, 174916.6083436 ], [ 366259.61301485, 174913.5248919 ], [ 366266.88799251, 174899.60741638 ], [ 366266.88723309, 174866.61073575 ], [ 366282.893842, 174866.61047632 ], [ 366282.89540662, 174932.61306683 ], [ 366249.88876613, 174932.61360409 ], [ 366232.88904285, 174949.61399504 ], [ 366232.89019264, 174999.61079146 ], [ 366240.16569589, 175013.5278525 ], [ 366282.8973967, 175016.60986208 ], [ 366282.89777578, 175032.61665748 ], [ 366249.89096419, 175032.61719705 ], [ 366232.89124209, 175049.61758771 ], [ 366232.89239098, 175099.6133842 ], [ 366249.89266947, 175116.61299354 ], [ 366332.89868168, 175116.61163363 ], [ 366332.90198644, 175249.6110483 ], [ 366349.90226678, 175266.61063443 ], [ 366582.91332537, 175266.60576372 ], [ 366586.36526794, 175309.84323554 ], [ 366599.91483971, 175316.61184216 ], [ 366682.92513719, 175316.60992689 ], [ 366682.92660846, 175349.60658926 ], [ 366689.69605323, 175363.15563052 ], [ 366732.92829988, 175366.60504976 ], [ 366736.3806392, 175409.84249595 ], [ 366749.93011809, 175416.61103247 ], [ 366949.94140581, 175416.60643413 ], [ 366966.94100653, 175399.60575898 ], [ 366966.93703507, 175299.60291436 ], [ 366959.6613774, 175285.68602926 ], [ 366916.92761588, 175282.60437694 ], [ 366916.92520315, 175199.60210198 ], [ 366899.92483332, 175182.60256019 ], [ 366866.92379316, 175182.60327811 ], [ 366866.92296804, 175149.59657764 ], [ 366860.15363251, 175136.04728652 ], [ 366816.9215207, 175132.59778283 ], [ 366813.83764646, 175089.87631678 ], [ 366799.92022817, 175082.60143405 ], [ 366716.91828664, 175082.60338694 ], [ 366713.46659747, 175039.37668584 ], [ 366699.91699291, 175032.60802523 ], [ 366666.90793589, 175032.60879806 ], [ 366666.90750064, 175016.60206673 ], [ 366709.64111058, 175013.51840978 ], [ 366716.91603362, 174999.60093613 ], [ 366716.91477649, 174949.60417463 ], [ 366710.14544375, 174936.05488807 ], [ 366666.90531659, 174932.6053676 ], [ 366663.82144593, 174889.87488958 ], [ 366649.90406082, 174882.59999485 ], [ 366616.90299016, 174882.60069052 ], [ 366616.90215732, 174849.60394741 ], [ 366609.62660228, 174835.6868884 ], [ 366566.89969102, 174832.60506847 ], [ 366563.44799849, 174789.36730959 ], [ 366549.89840188, 174782.59864701 ], [ 366466.90531524, 174782.60047779 ], [ 366463.45363512, 174739.37372634 ], [ 366449.90408737, 174732.60504353 ], [ 366416.88759551, 174732.6056733 ], [ 366416.88719353, 174716.60891707 ], [ 366459.62808429, 174713.52542544 ], [ 366466.9030425, 174699.60792335 ], [ 366466.90220476, 174666.60118323 ], [ 366499.89416822, 174666.60044016 ], [ 366516.89378532, 174649.59997549 ], [ 366516.89115208, 174549.59754358 ], [ 366499.89080696, 174532.59797419 ], [ 366449.89869002, 174532.59898909 ], [ 366432.89903515, 174549.59945453 ], [ 366432.89993883, 174582.60606551 ], [ 366349.88555552, 174582.60742651 ], [ 366332.88582817, 174599.60787618 ], [ 366332.88917903, 174732.60707904 ], [ 366216.8858662, 174732.60895117 ], [ 366216.88452309, 174666.60535636 ], [ 366249.88270765, 174666.60482616 ], [ 366266.88243449, 174649.60446815 ], [ 366266.88022816, 174549.60184173 ], [ 366249.87995619, 174532.60223385 ], [ 366216.88169388, 174532.60276175 ], [ 366216.88034844, 174466.59916727 ], [ 366299.88430948, 174466.59784517 ], [ 366316.88403869, 174449.59747473 ], [ 366316.88175128, 174349.60479757 ], [ 366309.60624739, 174335.68775241 ], [ 366266.87538763, 174332.60572569 ], [ 366266.87335554, 174249.60074201 ], [ 366249.87312398, 174232.60115832 ], [ 366216.87525534, 174232.60160781 ], [ 366216.87377655, 174166.59573328 ], [ 366249.87106748, 174166.59522294 ], [ 366263.78827663, 174159.31969019 ], [ 366266.86999494, 174116.58809367 ], [ 366309.59998943, 174113.50465748 ], [ 366316.87494939, 174099.58711569 ], [ 366316.87265408, 174016.59149974 ], [ 366349.86950457, 174016.59099696 ], [ 366366.86924554, 173999.59050769 ], [ 366366.8623667, 173766.57318124 ], [ 366382.85897179, 173766.57297568 ], [ 366382.86162259, 173849.57811093 ], [ 366399.86181627, 173866.5775681 ], [ 366432.87811705, 173866.57719195 ], [ 366436.32993736, 173909.81613137 ], [ 366449.87931842, 173916.58483634 ], [ 366499.87150561, 173916.58442374 ], [ 366516.87136529, 173899.5838795 ], [ 366516.87030859, 173866.57648618 ], [ 366599.87324838, 173866.57595076 ], [ 366616.87315217, 173849.57541098 ], [ 366616.87051677, 173766.57144981 ], [ 366632.87172143, 173766.57134667 ], [ 366632.87532357, 173882.58332397 ], [ 366599.87449922, 173882.58359717 ], [ 366582.87463996, 173899.58413702 ], [ 366582.87940358, 174049.58617845 ], [ 366599.87960946, 174066.58563853 ], [ 366699.88984453, 174066.58442687 ], [ 366713.80712728, 174059.30886978 ], [ 366716.88866519, 174016.58667867 ], [ 366749.88939933, 174016.58636457 ], [ 366763.80671562, 174009.31082267 ], [ 366766.88826844, 173966.57965745 ], [ 366809.61395367, 173963.49645971 ], [ 366816.88894955, 173949.57883233 ], [ 366816.88791907, 173916.58169744 ], [ 366849.88871622, 173916.5814231 ], [ 366863.80605868, 173909.30587291 ], [ 366866.88754861, 173866.57389838 ], [ 366882.88873956, 173866.57377499 ], [ 366882.8927582, 173999.58516066 ], [ 366890.16824673, 174013.50207645 ], [ 366932.90235604, 174016.58431895 ], [ 366932.90284937, 174032.58159698 ], [ 366899.89399986, 174032.58199844 ], [ 366882.89420662, 174049.58252497 ], [ 366882.89575514, 174099.57988957 ], [ 366899.89600628, 174116.57936305 ], [ 366999.90619296, 174116.5779851 ], [ 367016.90597564, 174099.57746305 ], [ 367016.90349304, 174016.58338183 ], [ 367059.62919058, 174013.50009088 ], [ 367066.90417816, 173999.58251432 ], [ 367066.89683582, 173749.56872364 ], [ 367049.89672508, 173732.5692432 ], [ 367016.89514198, 173732.56945819 ], [ 367016.89468294, 173716.57230196 ], [ 367049.89547411, 173716.57217313 ], [ 367063.44506401, 173709.80291564 ], [ 367066.89446511, 173666.56494725 ], [ 367099.89625484, 173666.5648383 ], [ 367113.81364769, 173659.28933784 ], [ 367116.89526072, 173616.56878773 ], [ 367199.90527472, 173616.56862929 ], [ 367213.82267383, 173609.2931343 ], [ 367216.90429942, 173566.57171632 ], [ 367349.9156184, 173566.57163509 ], [ 367366.91561633, 173549.57116311 ], [ 367366.91469996, 173516.56495804 ], [ 367432.9172717, 173516.56498949 ], [ 367436.00107496, 173559.29661676 ], [ 367449.9181819, 173566.57162164 ], [ 367599.93076772, 173566.57124497 ], [ 367616.93064479, 173549.57081635 ], [ 367616.9280233, 173449.56889011 ], [ 367609.65259752, 173435.65195438 ], [ 367566.9267425, 173432.56950338 ], [ 367566.92620671, 173399.56254258 ], [ 367549.92626907, 173382.56281854 ], [ 367466.91459739, 173382.56257981 ], [ 367466.91458384, 173366.56545592 ], [ 367649.9278851, 173366.56479144 ], [ 367666.92760747, 173349.56477214 ], [ 367666.9274471, 173266.56153772 ], [ 367732.92824626, 173266.56048292 ], [ 367732.9283107, 173282.55745912 ], [ 367699.92769009, 173282.55799242 ], [ 367682.92796482, 173299.55801927 ], [ 367682.92822248, 173399.56101778 ], [ 367699.92853723, 173416.56095701 ], [ 367799.93752131, 173416.5592053 ], [ 367813.85459768, 173409.28383803 ], [ 367816.93709328, 173366.56196286 ], [ 367882.9381169, 173366.56088407 ], [ 367882.93935433, 173449.56450485 ], [ 367899.93967092, 173466.56416664 ], [ 367949.94014274, 173466.56323548 ], [ 367963.85728417, 173459.2877232 ], [ 367966.93916161, 173416.55634573 ], [ 367999.94866069, 173416.55580015 ], [ 368016.9483797, 173399.55566007 ], [ 368016.94677066, 173216.55911517 ], [ 368182.95622292, 173216.55648757 ], [ 368182.9564154, 173232.55328393 ], [ 368099.94755878, 173232.55461268 ], [ 368086.03043609, 173239.83003413 ], [ 368082.94819839, 173282.55169896 ], [ 368040.22302688, 173285.63509387 ], [ 368032.94797149, 173299.55238065 ], [ 368032.94840595, 173349.5583009 ], [ 368049.94871804, 173366.5581532 ], [ 368149.96566164, 173366.55641706 ], [ 368166.96538354, 173349.55622027 ], [ 368166.96500144, 173316.55033932 ], [ 368182.95742559, 173316.55008043 ], [ 368182.95782234, 173349.55580325 ], [ 368199.95810058, 173366.5555989 ], [ 368349.95955326, 173366.55304335 ], [ 368363.8766578, 173359.27759025 ], [ 368366.95880018, 173316.54710088 ], [ 368449.96868476, 173316.54575611 ], [ 368466.96840933, 173299.54547989 ], [ 368466.96706068, 173216.55208834 ], [ 368649.9764515, 173216.54918669 ], [ 368666.97618188, 173199.54884612 ], [ 368666.97518008, 173149.54323251 ], [ 368649.97491349, 173132.54357309 ], [ 368466.96569495, 173132.54634233 ], [ 368466.96424486, 173049.54290064 ], [ 368449.96398448, 173032.54321117 ], [ 368399.96377744, 173032.54397701 ], [ 368382.96403782, 173049.544246 ], [ 368382.96456007, 173082.55089796 ], [ 368299.95510783, 173082.55218364 ], [ 368286.0379677, 173089.82761759 ], [ 368282.95579779, 173132.54919128 ], [ 368216.9552118, 173132.55015888 ], [ 368216.95481445, 173099.55342727 ], [ 368199.95455128, 173082.55363198 ], [ 368116.94616896, 173082.55491674 ], [ 368116.94580069, 173049.54817934 ], [ 368109.67038696, 173035.63097988 ], [ 368066.94544726, 173032.54880778 ], [ 368066.9446233, 172949.54621274 ], [ 368049.94440334, 172932.54639504 ], [ 368016.94442193, 172932.54682201 ], [ 368016.94414854, 172899.55007311 ], [ 368009.66873782, 172885.63282708 ], [ 367966.93487692, 172882.55070108 ], [ 367966.9343589, 172816.54796766 ], [ 368049.94345804, 172816.54683788 ], [ 368066.94321312, 172799.54668922 ], [ 368066.94223837, 172699.54301765 ], [ 368049.94203346, 172682.54320039 ], [ 367916.93346441, 172682.54480315 ], [ 367916.93297436, 172616.54201905 ], [ 368232.94879867, 172616.53842114 ], [ 368232.94921245, 172649.54521821 ], [ 368249.9494146, 172666.5450051 ], [ 368299.94924317, 172666.54441053 ], [ 368316.94904102, 172649.54418987 ], [ 368316.94861258, 172616.53747114 ], [ 368349.94836373, 172616.53715047 ], [ 368363.86559485, 172609.26172629 ], [ 368366.94768936, 172566.54018911 ], [ 368399.95640808, 172566.53980811 ], [ 368416.95621186, 172549.53953814 ], [ 368416.9554179, 172499.54388198 ], [ 368399.95525869, 172482.54415195 ], [ 368366.94685543, 172482.5444611 ], [ 368366.94859698, 172349.53401992 ], [ 368349.94844815, 172332.53375699 ], [ 368299.94886959, 172332.53419474 ], [ 368282.94901843, 172349.53392273 ], [ 368282.94769008, 172432.53812828 ], [ 368199.94796587, 172432.53898617 ], [ 368186.03091422, 172439.81418648 ], [ 368182.94776854, 172482.54641738 ], [ 368016.94089988, 172482.5482014 ], [ 368016.9414331, 172449.54128515 ], [ 368009.66618517, 172435.62373808 ], [ 367966.93320697, 172432.54137731 ], [ 367966.93982189, 172149.53883562 ], [ 367949.93968649, 172132.53843248 ], [ 367899.94041728, 172132.53883072 ], [ 367882.94055269, 172149.5383845 ], [ 367882.93844004, 172232.53310223 ], [ 367816.93961403, 172232.53365275 ], [ 367813.4900354, 172189.30637518 ], [ 367799.94031108, 172182.53721055 ], [ 367766.93359397, 172182.53747938 ], [ 367766.9367577, 172066.53474317 ], [ 367849.94388986, 172066.53418042 ], [ 367866.94376106, 172049.53460136 ], [ 367866.9449993, 171999.52802732 ], [ 367849.94487376, 171982.52760637 ], [ 367816.94627477, 171982.52785009 ], [ 367816.94671137, 171966.53027003 ], [ 367882.94498747, 171966.52986108 ], [ 367882.94297659, 172049.53338955 ], [ 367899.9431055, 172066.53380143 ], [ 367949.94232135, 172066.53342227 ], [ 367963.8593488, 172059.25834327 ], [ 367966.9429745, 172016.5268416 ], [ 368009.67627574, 172013.44390202 ], [ 368016.95156689, 171999.52695716 ], [ 368016.95226502, 171966.52902981 ], [ 368049.95191035, 171966.52879193 ], [ 368066.9517878, 171949.52914239 ], [ 368066.9538492, 171849.52517139 ], [ 368049.95373315, 171832.524821 ], [ 367916.94823231, 171832.52556259 ], [ 367916.95024114, 171749.52102825 ], [ 367899.95016575, 171732.52061688 ], [ 367866.95180612, 171732.52076323 ], [ 367866.95477381, 171616.519154 ], [ 367910.18483396, 171613.06859259 ], [ 367916.95396934, 171599.51951132 ], [ 367916.95741965, 171499.51527132 ], [ 367899.95735645, 171482.51458303 ], [ 367749.95332754, 171482.51504055 ], [ 367736.03633384, 171489.78992787 ], [ 367732.95195551, 171532.51303456 ], [ 367716.9532675, 171532.51309383 ], [ 367716.95662503, 171449.5180835 ], [ 367699.95656174, 171432.51739577 ], [ 367666.95865786, 171432.51751863 ], [ 367666.96201511, 171349.51350937 ], [ 367649.96195151, 171332.51282174 ], [ 367566.96455121, 171332.51296811 ], [ 367566.96799378, 171249.50789997 ], [ 367549.96819324, 171232.50720841 ], [ 367416.95739199, 171232.50571439 ], [ 367413.5086098, 171189.26821138 ], [ 367399.95902394, 171182.49879241 ], [ 367366.95891408, 171182.49841957 ], [ 367366.95961705, 171166.50074268 ], [ 367409.68546205, 171163.41852192 ], [ 367416.961013, 171149.50177715 ], [ 367416.96245274, 171116.49352229 ], [ 367449.96368368, 171116.49380152 ], [ 367466.96382751, 171099.49453766 ], [ 367466.96599247, 171049.49775936 ], [ 367449.96612917, 171032.49702323 ], [ 367416.96611652, 171032.4967579 ], [ 367413.88511107, 170989.77461692 ], [ 367399.96768519, 170982.49896368 ], [ 367316.97503948, 170982.49833182 ], [ 367316.98244979, 170816.48870455 ], [ 367399.9761105, 170816.48903073 ], [ 367416.97617733, 170799.48977186 ], [ 367416.97973007, 170716.48466535 ], [ 367460.21157059, 170713.03443774 ], [ 367466.98084363, 170699.48550319 ], [ 367466.9822717, 170666.48699869 ], [ 367599.99202763, 170666.4869957 ], [ 367616.99197337, 170649.48768151 ], [ 367616.99802245, 170499.47509105 ], [ 367599.99796299, 170482.47440572 ], [ 367566.99965233, 170482.47452115 ], [ 367567.00503575, 170349.47269178 ], [ 367550.0049739, 170332.47200371 ], [ 367499.99577813, 170332.47218568 ], [ 367486.44660075, 170339.2408877 ], [ 367482.99449388, 170382.47004757 ], [ 367449.99353376, 170382.47015507 ], [ 367432.99358915, 170399.46942219 ], [ 367432.99007651, 170482.47467131 ], [ 367316.99719882, 170482.47479457 ], [ 367316.99865307, 170449.47792338 ], [ 367309.72364279, 170435.56006837 ], [ 367266.98318086, 170432.47720346 ], [ 367266.99286718, 170216.47105102 ], [ 367309.73434927, 170213.38822089 ], [ 367317.00976871, 170199.47157482 ], [ 367317.01197152, 170149.46394438 ], [ 367309.73690726, 170135.54605224 ], [ 367266.99662856, 170132.46343331 ], [ 367263.91567247, 170089.74243932 ], [ 367249.9980295, 170082.46684456 ], [ 367216.99883733, 170082.46709511 ], [ 367217.00261201, 169999.46279909 ], [ 367200.00243575, 169982.46203952 ], [ 367099.99450414, 169982.46297662 ], [ 367082.99464648, 169999.46220622 ], [ 367082.99081889, 170082.46811342 ], [ 367040.26443239, 170085.55096051 ], [ 367032.98900032, 170099.46755447 ], [ 367032.98742824, 170132.46492123 ], [ 366749.97811852, 170132.46676863 ], [ 366732.97824169, 170149.46592628 ], [ 366732.97406248, 170232.47128076 ], [ 366666.96585234, 170232.47164241 ], [ 366666.96668731, 170216.47445661 ], [ 366699.97573591, 170216.47422996 ], [ 366716.97561916, 170199.47511172 ], [ 366716.98251819, 170066.46349633 ], [ 366732.98252041, 170066.46336801 ], [ 366736.06327471, 170109.19491163 ], [ 366749.98094882, 170116.47055033 ], [ 366849.98097494, 170116.46978754 ], [ 366863.89784058, 170109.19494038 ], [ 366866.98252565, 170066.46229417 ], [ 366909.70795476, 170063.37943501 ], [ 366916.98338851, 170049.46285595 ], [ 366916.98499192, 170016.46457667 ], [ 366949.99397648, 170016.46423377 ], [ 366966.99379986, 169999.46505436 ], [ 366966.99862662, 169899.46126152 ], [ 366949.99843692, 169882.46044108 ], [ 366916.99160245, 169882.46080943 ], [ 366916.99563423, 169799.46807008 ], [ 366909.72055401, 169785.55009011 ], [ 366866.99668147, 169782.46763813 ], [ 366863.54808261, 169739.22992801 ], [ 366849.99815159, 169732.46058239 ], [ 366799.99834979, 169732.4611987 ], [ 366782.99855935, 169749.46032819 ], [ 366782.9968691, 169782.46864112 ], [ 366749.99597805, 169782.4690353 ], [ 366732.99618113, 169799.46815922 ], [ 366732.991904, 169882.4627305 ], [ 366666.98411669, 169882.4634024 ], [ 366663.9033714, 169839.74203439 ], [ 366649.98564153, 169832.46641156 ], [ 366549.98497606, 169832.46756891 ], [ 366536.06818569, 169839.74240405 ], [ 366532.98336423, 169882.46480154 ], [ 366499.9823939, 169882.46517095 ], [ 366482.98258422, 169899.46423381 ], [ 366482.97535154, 170032.46537551 ], [ 366449.98328187, 170032.46564082 ], [ 366436.43424862, 170039.23425022 ], [ 366432.98158818, 170082.47278063 ], [ 366399.96351536, 170082.4730465 ], [ 366382.96365227, 170099.47213405 ], [ 366382.96096881, 170149.46812359 ], [ 366399.96110124, 170166.46903605 ], [ 366549.96915144, 170166.46801962 ], [ 366566.96902791, 170149.46895166 ], [ 366566.97083701, 170116.47184849 ], [ 366582.97185455, 170116.47172613 ], [ 366582.96307164, 170282.47810645 ], [ 366540.23649306, 170285.5607975 ], [ 366532.96100313, 170299.47734363 ], [ 366532.95655173, 170382.47247877 ], [ 366490.230921, 170385.55513115 ], [ 366482.95541203, 170399.4716512 ], [ 366482.95089945, 170482.47567331 ], [ 366399.94151458, 170482.47597087 ], [ 366386.02463253, 170489.75075941 ], [ 366382.93975004, 170532.4837143 ], [ 366340.21539842, 170535.56796394 ], [ 366332.94024671, 170549.48426289 ], [ 366332.93847935, 170582.4829428 ], [ 366299.93825803, 170582.48441446 ], [ 366282.93901617, 170599.4834717 ], [ 366282.93448022, 170682.48821094 ], [ 366266.92797198, 170682.48896558 ], [ 366266.93800054, 170499.48338535 ], [ 366249.9372558, 170482.4824441 ], [ 366199.93869361, 170482.48463449 ], [ 366182.93943839, 170499.48372879 ], [ 366182.93218628, 170632.49583851 ], [ 366116.93518673, 170632.49887225 ], [ 366116.93700456, 170599.49436665 ], [ 366110.1679313, 170585.9439158 ], [ 366066.93038659, 170582.49496708 ], [ 366066.93485146, 170499.49210488 ], [ 366049.93410716, 170482.49120397 ], [ 365966.93875865, 170482.49483763 ], [ 365966.94056736, 170449.49914822 ], [ 365949.93982985, 170432.49821636 ], [ 365899.94126272, 170432.50038552 ], [ 365882.94200028, 170449.49948921 ], [ 365882.94026048, 170482.49851435 ], [ 365666.93957365, 170482.50786471 ], [ 365666.94136389, 170449.51194907 ], [ 365649.94062709, 170432.51102674 ], [ 365549.93449223, 170432.51536112 ], [ 365532.93522903, 170449.51447593 ], [ 365532.93351079, 170482.5137246 ], [ 365349.92983125, 170482.5216235 ], [ 365332.93057408, 170499.52074479 ], [ 365332.92886789, 170532.53017096 ], [ 365249.93022326, 170532.53382935 ], [ 365232.93097256, 170549.53295377 ], [ 365232.92669767, 170632.53899225 ], [ 365189.68764727, 170635.99022798 ], [ 365182.918576, 170649.53899408 ], [ 365182.91711484, 170682.53735397 ], [ 365049.92166857, 170682.53999685 ], [ 365032.92200642, 170699.5394543 ], [ 365032.91881642, 170799.54288936 ], [ 365049.91911539, 170816.54343138 ], [ 365182.91122872, 170816.54092653 ], [ 365185.99233064, 170859.26232605 ], [ 365199.91012314, 170866.53783206 ], [ 365232.91547398, 170866.53717009 ], [ 365232.91396239, 170899.54340051 ], [ 365240.18936326, 170913.46155614 ], [ 365282.91155385, 170916.54260261 ], [ 365282.90997109, 170949.53721614 ], [ 365299.91078627, 170966.53803162 ], [ 365432.91230771, 170966.53165369 ], [ 365432.9106417, 170999.53729565 ], [ 365440.18603748, 171013.45552703 ], [ 365482.90820404, 171016.53649937 ], [ 365482.90002931, 171182.53440527 ], [ 365449.90001722, 171182.53601671 ], [ 365436.35146277, 171189.3049088 ], [ 365432.8992478, 171232.5430999 ], [ 365389.67704616, 171235.99541563 ], [ 365382.90817743, 171249.54396174 ], [ 365382.90410335, 171332.55010533 ], [ 365339.65788412, 171336.00243598 ], [ 365332.88901903, 171349.55098239 ], [ 365332.88262073, 171482.55348388 ], [ 365199.88135118, 171482.55842606 ], [ 365185.96454639, 171489.83337976 ], [ 365182.88018264, 171532.55599198 ], [ 365099.88976823, 171532.55720774 ], [ 365082.89003079, 171549.55686826 ], [ 365082.88937169, 171582.5632687 ], [ 365049.89418461, 171582.56378015 ], [ 365035.97705704, 171589.83919634 ], [ 365032.89480578, 171632.56003444 ], [ 364989.66138141, 171636.0112188 ], [ 364982.89255353, 171649.56071853 ], [ 364982.89343437, 171732.56171822 ], [ 364916.90488397, 171732.56277586 ], [ 364916.90436447, 171699.56776565 ], [ 364909.6289043, 171685.65061166 ], [ 364866.90965591, 171682.56855602 ], [ 364863.82613682, 171639.837798 ], [ 364849.90877288, 171632.56280155 ], [ 364699.91638682, 171632.56504949 ], [ 364682.91661887, 171649.56545011 ], [ 364682.9173967, 171682.57146915 ], [ 364639.69214851, 171686.0227216 ], [ 364632.92340376, 171699.57240848 ], [ 364632.92421351, 171732.56742299 ], [ 364566.9445533, 171732.56847852 ], [ 364566.94409807, 171716.57330394 ], [ 364599.9292784, 171716.5727822 ], [ 364616.9290095, 171699.57231497 ], [ 364616.92763511, 171649.56614642 ], [ 364599.92736926, 171632.56661366 ], [ 364516.93021525, 171632.56791132 ], [ 364513.84620266, 171589.84687997 ], [ 364499.92891677, 171582.57199074 ], [ 364466.93423816, 171582.57250049 ], [ 364466.93390955, 171566.56661772 ], [ 364599.92604472, 171566.56462962 ], [ 364616.92578212, 171549.56455344 ], [ 364616.92523545, 171449.5703167 ], [ 364609.64982628, 171435.65304069 ], [ 364566.93898623, 171432.57094538 ], [ 364566.93822295, 171349.56788091 ], [ 364549.93795068, 171332.56802353 ], [ 364449.92990438, 171332.56962542 ], [ 364432.9301767, 171349.56990384 ], [ 364432.93071712, 171382.56702563 ], [ 364416.93527345, 171382.56727958 ], [ 364416.93460126, 171349.57008001 ], [ 364399.93432895, 171332.57042632 ], [ 364349.93075231, 171332.57122729 ], [ 364336.01355142, 171339.84676162 ], [ 364332.93182859, 171382.56851316 ], [ 364266.94003425, 171382.56956089 ], [ 364266.93735046, 171299.56527789 ], [ 364249.93707568, 171282.56582734 ], [ 364166.93710288, 171282.56716892 ], [ 364163.85274096, 171239.84536502 ], [ 364149.93549642, 171232.57055624 ], [ 364116.93903824, 171232.57109435 ], [ 364116.93833006, 171216.56511146 ], [ 364149.93404053, 171216.56456862 ], [ 364163.85132969, 171209.28889667 ], [ 364166.93243349, 171166.56729891 ], [ 364209.66112708, 171163.48378337 ], [ 364216.93603069, 171149.56613585 ], [ 364216.93483581, 171116.55943773 ], [ 364282.92885756, 171116.55826715 ], [ 364286.01275112, 171159.29008179 ], [ 364299.93007093, 171166.56499195 ], [ 364449.92709744, 171166.56240311 ], [ 364466.92681536, 171149.56212712 ], [ 364466.9243842, 170999.5619355 ], [ 364459.64889456, 170985.6447684 ], [ 364416.92706859, 170982.56283825 ], [ 364416.92573992, 170916.55971956 ], [ 364459.64776459, 170913.47625266 ], [ 364466.92277046, 170899.55887481 ], [ 364466.92223925, 170866.55168647 ], [ 364499.91976715, 170866.55104461 ], [ 364516.91943647, 170849.55083936 ], [ 364516.9184353, 170766.54763215 ], [ 364559.65817063, 170763.46410117 ], [ 364566.93319931, 170749.54684423 ], [ 364566.93297433, 170649.55266044 ], [ 364549.93263592, 170632.55260055 ], [ 364516.91849925, 170632.55325775 ], [ 364516.92017612, 170599.54744583 ], [ 364499.91983953, 170582.54658214 ], [ 364449.92149849, 170582.54757214 ], [ 364432.92183512, 170599.5467432 ], [ 364432.9200882, 170732.54925608 ], [ 364416.92204872, 170732.54953987 ], [ 364416.92115789, 170649.55550826 ], [ 364399.92081958, 170632.55558673 ], [ 364299.91624185, 170632.55757678 ], [ 364282.91658013, 170649.55773379 ], [ 364282.92223747, 170882.56217311 ], [ 364249.92404369, 170882.56281034 ], [ 364236.00684044, 170889.83842838 ], [ 364232.92543111, 170932.55913858 ], [ 364216.92818472, 170932.55944522 ], [ 364216.9269938, 170899.56316231 ], [ 364209.65141146, 170885.64626822 ], [ 364166.92093337, 170882.56434725 ], [ 364166.91361125, 170699.55710883 ], [ 364149.91327318, 170682.55778839 ], [ 363999.91799463, 170682.56020674 ], [ 363982.91821379, 170699.56101398 ], [ 363982.92215533, 170782.56323297 ], [ 363940.19926005, 170785.6466313 ], [ 363932.92438511, 170799.56446095 ], [ 363932.92597304, 170832.56079547 ], [ 363889.68887225, 170836.01201716 ], [ 363882.92024419, 170849.56206043 ], [ 363882.92191926, 170882.56823449 ], [ 363849.92416248, 170882.56862891 ], [ 363836.00675967, 170889.84435474 ], [ 363832.92599521, 170932.56471567 ], [ 363749.92896359, 170932.56562243 ], [ 363732.92916287, 170949.56651719 ], [ 363732.933532, 171032.56940919 ], [ 363699.94501125, 171032.56978038 ], [ 363682.94520255, 171049.5707201 ], [ 363682.94972479, 171132.57250087 ], [ 363649.93541849, 171132.57279071 ], [ 363632.93556776, 171149.57374128 ], [ 363632.94115975, 171249.57618835 ], [ 363649.94130094, 171266.5752377 ], [ 363732.9460563, 171266.57454821 ], [ 363732.94689919, 171282.57134107 ], [ 363649.94381906, 171282.57201094 ], [ 363632.94395628, 171299.57296188 ], [ 363632.94859973, 171382.57565225 ], [ 363599.95154782, 171382.57583707 ], [ 363582.95164307, 171399.57683288 ], [ 363582.96483117, 171632.57715588 ], [ 363549.96806735, 171632.57737956 ], [ 363532.96818262, 171649.57827148 ], [ 363532.97342985, 171749.58004771 ], [ 363540.2490116, 171763.49666377 ], [ 363582.97185325, 171766.57892819 ], [ 363582.97357468, 171799.58608295 ], [ 363599.97369282, 171816.58519634 ], [ 363682.98629106, 171816.58468533 ], [ 363682.99220151, 171932.58276141 ], [ 363616.98051268, 171932.58323147 ], [ 363613.52792499, 171889.34552982 ], [ 363599.97870476, 171882.57696704 ], [ 363549.98131625, 171882.5772201 ], [ 363532.98140231, 171899.57811242 ], [ 363532.98313476, 171932.58372938 ], [ 363449.98129463, 171932.58421991 ], [ 363432.98138159, 171949.58512335 ], [ 363432.98585856, 172032.5861308 ], [ 363416.98861217, 172032.58624638 ], [ 363416.98678146, 171999.58002938 ], [ 363399.98669366, 171982.5809723 ], [ 363349.98933633, 171982.5812306 ], [ 363336.071806, 171989.85697444 ], [ 363332.99126543, 172032.58675307 ], [ 363299.98584969, 172032.58699138 ], [ 363286.0683445, 172039.86274912 ], [ 363282.98782416, 172082.58351765 ], [ 363216.99326171, 172082.5839317 ], [ 363216.99138866, 172049.58664811 ], [ 363199.99126604, 172032.5876131 ], [ 363149.99402378, 172032.5879738 ], [ 363132.99414645, 172049.58894427 ], [ 363132.99995519, 172149.59180047 ], [ 363150.00007972, 172166.59079603 ], [ 363232.99533463, 172166.59025381 ], [ 363232.99623765, 172182.5866603 ], [ 363190.27489198, 172185.66981769 ], [ 363183.00000368, 172199.58780327 ], [ 363183.00284235, 172249.58321167 ], [ 363200.00293485, 172266.58224643 ], [ 363233.0009796, 172266.58206683 ], [ 363233.00284301, 172299.58933973 ], [ 363240.2784514, 172313.50590688 ], [ 363283.00095859, 172316.58813246 ], [ 363286.08590457, 172359.30968714 ], [ 363300.00293963, 172366.58440781 ], [ 363333.00990479, 172366.5841583 ], [ 363333.0117472, 172399.59037887 ], [ 363339.78112612, 172413.13918043 ], [ 363383.00971923, 172416.58917852 ], [ 363383.01060716, 172432.58557682 ], [ 363350.01430798, 172432.58583009 ], [ 363333.01443849, 172449.58677918 ], [ 363333.01763323, 172532.58812048 ], [ 363250.01486353, 172532.58876475 ], [ 363236.09781577, 172539.8638773 ], [ 363233.01433973, 172582.58585017 ], [ 363217.01737051, 172582.58594368 ], [ 363217.01802259, 172549.5894886 ], [ 363200.01792475, 172532.58915265 ], [ 363150.02095179, 172532.58944042 ], [ 363133.02104964, 172549.58914034 ], [ 363133.02046717, 172582.58656848 ], [ 363000.0212311, 172582.58761081 ], [ 362986.10418102, 172589.8627285 ], [ 362983.02072669, 172632.5947535 ], [ 362967.02376253, 172632.59488018 ], [ 362963.94159882, 172589.86315191 ], [ 362950.02359354, 172582.58800242 ], [ 362917.02209255, 172582.58956116 ], [ 362917.01963077, 172466.59024365 ], [ 362950.02197607, 172466.58879624 ], [ 362967.02123045, 172449.58776932 ], [ 362967.00915062, 172249.58297883 ], [ 362950.00848184, 172232.58400543 ], [ 362917.00575057, 172232.58530381 ], [ 362917.00377884, 172199.58940366 ], [ 362900.00302689, 172182.59041954 ], [ 362799.98705112, 172182.5948434 ], [ 362782.98780305, 172199.59584954 ], [ 362782.99264923, 172282.59793399 ], [ 362766.98915413, 172282.59865976 ], [ 362763.90395927, 172239.86728908 ], [ 362749.98644919, 172232.5927924 ], [ 362666.98725052, 172232.59657474 ], [ 362666.9863495, 172216.600824 ], [ 362709.70627036, 172213.51615627 ], [ 362716.98082844, 172199.59840287 ], [ 362716.97799772, 172149.60163724 ], [ 362699.97725581, 172132.60259977 ], [ 362566.95868184, 172132.60833748 ], [ 362566.95684137, 172099.6012471 ], [ 362559.6809506, 172085.68447199 ], [ 362516.95252431, 172082.60354981 ], [ 362516.94892823, 172016.60071385 ], [ 362549.95204294, 172016.59939637 ], [ 362566.95136429, 171999.59844815 ], [ 362566.94673455, 171916.59497386 ], [ 362609.67441307, 171913.51059627 ], [ 362616.94903727, 171899.59280617 ], [ 362616.94718711, 171866.59722384 ], [ 362649.96618762, 171866.59602734 ], [ 362663.5155315, 171859.82636793 ], [ 362666.96371183, 171816.59866376 ], [ 362749.96180584, 171816.59576736 ], [ 362766.961199, 171799.59479954 ], [ 362766.9593199, 171766.58846997 ], [ 362809.68692252, 171763.50422289 ], [ 362816.96156094, 171749.58636945 ], [ 362816.95960671, 171716.59118312 ], [ 362849.96238254, 171716.59004183 ], [ 362863.87954662, 171709.31410772 ], [ 362866.9598304, 171666.58302075 ], [ 362910.20258064, 171663.13098684 ], [ 362916.97099988, 171649.58094692 ], [ 362916.96902649, 171616.58500801 ], [ 362999.96728541, 171616.58398185 ], [ 363016.96720551, 171599.58276236 ], [ 363016.96483795, 171566.5784455 ], [ 363060.19267259, 171563.12735023 ], [ 363066.96123879, 171549.57703679 ], [ 363066.95894766, 171516.58166501 ], [ 363109.68860969, 171513.49839314 ], [ 363116.9634181, 171499.58025925 ], [ 363116.96114777, 171466.58486077 ], [ 363160.18919005, 171463.13375258 ], [ 363166.95775955, 171449.58345813 ], [ 363166.95084246, 171349.58141477 ], [ 363149.95070888, 171332.58260764 ], [ 363116.95182964, 171332.58286698 ], [ 363116.94722441, 171266.57987255 ], [ 363199.94217415, 171266.57918113 ], [ 363216.9420325, 171249.57806739 ], [ 363216.93652885, 171166.57689725 ], [ 363249.93369781, 171166.57660685 ], [ 363266.93354817, 171149.57546999 ], [ 363266.92806358, 171066.57429072 ], [ 363299.92534708, 171066.5739848 ], [ 363316.92518944, 171049.5728927 ], [ 363316.91876585, 170949.56971018 ], [ 363299.91856623, 170932.57080202 ], [ 363266.91923861, 170932.57118956 ], [ 363266.90834469, 170766.56691936 ], [ 363332.91451953, 170766.56601592 ], [ 363332.91661774, 170799.57248488 ], [ 363349.91682933, 170816.57140419 ], [ 363399.91541252, 170816.57078179 ], [ 363416.91520087, 170799.56974566 ], [ 363416.90900605, 170699.56748016 ], [ 363409.63331647, 170685.65096657 ], [ 363366.90997559, 170682.5689766 ], [ 363366.909228, 170649.57163104 ], [ 363349.90897376, 170632.57201619 ], [ 363116.90775199, 170632.57530044 ], [ 363116.90956635, 170599.56931654 ], [ 363109.63451208, 170585.65124629 ], [ 363066.90376762, 170582.56880889 ], [ 363066.90824105, 170499.56368492 ], [ 363060.13942564, 170486.01346124 ], [ 363016.91055729, 170482.56320798 ], [ 363016.91413639, 170416.55792662 ], [ 363032.91274847, 170416.55768873 ], [ 363032.91099602, 170449.56370658 ], [ 363049.91121505, 170466.5646092 ], [ 363099.91783153, 170466.56396484 ], [ 363116.91761246, 170449.5648993 ], [ 363116.91942685, 170416.55657356 ], [ 363159.64355624, 170413.47354124 ], [ 363166.91897143, 170399.55704715 ], [ 363166.9243557, 170299.56073826 ], [ 363149.92410344, 170282.55980591 ], [ 363116.92665869, 170282.56029561 ], [ 363116.92750651, 170266.55312352 ], [ 363159.65159951, 170263.47001518 ], [ 363166.92699803, 170249.55353264 ], [ 363166.9287418, 170216.55431118 ], [ 363182.92732879, 170216.55407423 ], [ 363182.92285334, 170299.55823373 ], [ 363189.69167529, 170313.10848968 ], [ 363232.92055693, 170316.55867403 ], [ 363232.91619213, 170399.55386735 ], [ 363249.91644501, 170416.5547614 ], [ 363282.91391071, 170416.55427051 ], [ 363285.99465694, 170459.28557952 ], [ 363299.91243234, 170466.5611869 ], [ 363449.91724948, 170466.55915264 ], [ 363466.91703022, 170449.56003799 ], [ 363466.92395737, 170316.55549982 ], [ 363499.92369336, 170316.55500975 ], [ 363513.84045744, 170309.28013257 ], [ 363516.92515568, 170266.54762549 ], [ 363599.931441, 170266.54655995 ], [ 363616.93122273, 170249.54743887 ], [ 363616.93292881, 170216.54817769 ], [ 363632.93151665, 170216.54797254 ], [ 363636.01229005, 170259.27020712 ], [ 363649.9300331, 170266.54581801 ], [ 363699.94562538, 170266.54517588 ], [ 363716.9454071, 170249.54605047 ], [ 363716.95302398, 170099.54266225 ], [ 363699.95280655, 170082.54178767 ], [ 363549.9401873, 170082.54380653 ], [ 363532.94040476, 170099.54292548 ], [ 363532.93869458, 170132.54118917 ], [ 363449.93240351, 170132.54235195 ], [ 363436.01563956, 170139.81722781 ], [ 363432.93093623, 170182.55067065 ], [ 363389.70075635, 170186.00155051 ], [ 363382.93156563, 170199.55023809 ], [ 363382.92977679, 170232.54947919 ], [ 363366.9312534, 170232.54971648 ], [ 363366.93821376, 170099.54745358 ], [ 363349.93799649, 170082.54656389 ], [ 363199.93334526, 170082.54858117 ], [ 363186.01658478, 170089.82345146 ], [ 363182.93185705, 170132.54596917 ], [ 363049.92697405, 170132.54777065 ], [ 363036.01021594, 170139.82263778 ], [ 363032.92547303, 170182.55609547 ], [ 362899.9284747, 170182.55817298 ], [ 362882.92879729, 170199.55722903 ], [ 362882.92147804, 170332.56193059 ], [ 362816.91511283, 170332.56327184 ], [ 362816.91695897, 170299.56651903 ], [ 362809.64184513, 170285.6483908 ], [ 362766.91917113, 170282.56624549 ], [ 362763.83854632, 170239.83516268 ], [ 362749.92067175, 170232.55955539 ], [ 362716.92335083, 170232.56024 ], [ 362716.9270709, 170166.55407528 ], [ 362799.92564479, 170166.55221834 ], [ 362816.92525091, 170149.55316935 ], [ 362816.92709689, 170116.55477099 ], [ 362949.93312728, 170116.55197512 ], [ 362966.93283633, 170099.55291595 ], [ 362966.93837118, 169999.54656695 ], [ 362949.93804415, 169982.54562605 ], [ 362866.93316901, 169982.54737332 ], [ 362866.94058013, 169849.54534166 ], [ 362849.94016482, 169832.5443944 ], [ 362816.9429825, 169832.54520057 ], [ 362816.94387721, 169816.54811225 ], [ 362859.66806359, 169813.46454721 ], [ 362866.943366, 169799.54814618 ], [ 362866.94605208, 169749.54008446 ], [ 362849.94562959, 169732.53917134 ], [ 362816.94830059, 169732.53999144 ], [ 362813.86701376, 169689.81786792 ], [ 362799.94915345, 169682.54243416 ], [ 362766.95178383, 169682.54332579 ], [ 362763.50256089, 169639.304968 ], [ 362749.95252664, 169632.5358199 ], [ 362666.96445169, 169632.53800895 ], [ 362663.51519458, 169589.3107272 ], [ 362649.96516356, 169582.5415867 ], [ 362566.95303209, 169582.54378866 ], [ 362563.50374124, 169539.30551637 ], [ 362549.95371337, 169532.53638359 ], [ 362399.94876543, 169532.54040491 ], [ 362382.94923253, 169549.53990341 ], [ 362382.94618261, 169649.54449556 ], [ 362399.94661062, 169666.54503098 ], [ 362482.95167883, 169666.54287521 ], [ 362482.94952292, 169732.5485945 ], [ 362416.94355307, 169732.55030182 ], [ 362416.94460809, 169699.55338754 ], [ 362410.17556234, 169686.00334878 ], [ 362366.94665006, 169682.5537359 ], [ 362366.94760908, 169649.54688382 ], [ 362349.94714703, 169632.54638989 ], [ 362249.94213302, 169632.54900793 ], [ 362232.94256106, 169649.54849463 ], [ 362232.94156441, 169682.55725804 ], [ 362189.71154479, 169686.00872582 ], [ 362182.94259822, 169699.55767669 ], [ 362182.94120594, 169749.55535975 ], [ 362199.94162882, 169766.55583314 ], [ 362232.93860773, 169766.55501232 ], [ 362232.93764369, 169782.56287782 ], [ 362190.21352235, 169785.64641817 ], [ 362182.93818388, 169799.56273027 ], [ 362182.93618945, 169832.56099774 ], [ 362140.2119741, 169835.64445131 ], [ 362132.93661565, 169849.56077372 ], [ 362132.93461422, 169882.56003055 ], [ 362089.70417891, 169886.01124997 ], [ 362082.93502654, 169899.55979614 ], [ 362082.93301773, 169932.5690424 ], [ 361966.92846199, 169932.57183104 ], [ 361963.84810939, 169889.84021927 ], [ 361949.93014506, 169882.56456833 ], [ 361916.93308428, 169882.56536867 ], [ 361913.48493298, 169839.33740056 ], [ 361899.93477015, 169832.56802015 ], [ 361866.93772715, 169832.5688275 ], [ 361863.85738862, 169789.84824525 ], [ 361849.93941614, 169782.57259302 ], [ 361816.95143677, 169782.57340725 ], [ 361816.95344761, 169749.56722325 ], [ 361799.95283307, 169732.56618757 ], [ 361649.94256129, 169732.57424279 ], [ 361632.9436064, 169749.57314346 ], [ 361632.94147184, 169782.58290379 ], [ 361599.93378072, 169782.58498477 ], [ 361582.93485253, 169799.58380204 ], [ 361582.92543194, 169932.5875936 ], [ 361566.92771025, 169932.58854867 ], [ 361566.93017304, 169899.58329031 ], [ 361549.9291504, 169882.58202183 ], [ 361499.93142917, 169882.58502958 ], [ 361482.9324519, 169899.58377758 ], [ 361482.9300209, 169932.59352982 ], [ 361466.93130082, 169932.59445312 ], [ 361463.85132514, 169889.86360751 ], [ 361449.93280863, 169882.58803763 ], [ 361416.92956672, 169882.59002324 ], [ 361416.93084157, 169866.59270748 ], [ 361449.93882893, 169866.59064068 ], [ 361466.93776441, 169849.59194377 ], [ 361466.9415967, 169799.59554657 ], [ 361459.66623172, 169785.67689303 ], [ 361416.93741069, 169782.59632494 ], [ 361413.85725597, 169739.86552763 ], [ 361399.938721, 169732.59001209 ], [ 361366.9428157, 169732.59210674 ], [ 361366.94318862, 169716.59458348 ], [ 361399.94200537, 169716.59254907 ], [ 361413.85833422, 169709.31715695 ], [ 361416.94165508, 169666.58390108 ], [ 361449.94846337, 169666.58179477 ], [ 361463.86476465, 169659.30638956 ], [ 361466.94807054, 169616.58413542 ], [ 361499.94787068, 169616.58202386 ], [ 361516.9467829, 169599.58237748 ], [ 361516.94857539, 169516.57583565 ], [ 361559.67141645, 169513.49060031 ], [ 361566.94620216, 169499.57399772 ], [ 361566.94688291, 169466.57602774 ], [ 361582.94418265, 169466.57496401 ], [ 361586.39411065, 169509.80160154 ], [ 361599.94453493, 169516.57043091 ], [ 361699.94711409, 169516.56399869 ], [ 361713.86341367, 169509.28858353 ], [ 361716.94668468, 169466.56628809 ], [ 361760.17575472, 169463.11332619 ], [ 361766.94435816, 169449.56449921 ], [ 361766.94790952, 169266.5539503 ], [ 361809.68878035, 169263.46988244 ], [ 361816.9638209, 169249.55309862 ], [ 361816.96484028, 169199.54537445 ], [ 361799.96422311, 169182.54502792 ], [ 361766.94958521, 169182.54622649 ], [ 361766.94990429, 169166.54960285 ], [ 361849.95633979, 169166.54696975 ], [ 361866.95585211, 169149.54735785 ], [ 361866.96257265, 168799.53540283 ], [ 361849.96206921, 168782.5353465 ], [ 361816.97194677, 168782.53632347 ], [ 361816.96736264, 168499.52254588 ], [ 361809.69173804, 168485.60528503 ], [ 361766.95070234, 168482.52397145 ], [ 361766.94775215, 168316.52424017 ], [ 361810.19536726, 168313.07239386 ], [ 361816.96402991, 168299.52291088 ], [ 361816.96269, 168216.51833088 ], [ 361859.67831051, 168213.43443191 ], [ 361866.95323264, 168199.51715305 ], [ 361866.95203079, 168116.51154231 ], [ 361882.95188455, 168116.5110865 ], [ 361882.95600149, 168399.5148157 ], [ 361889.7253415, 168413.06427497 ], [ 361932.95588119, 168416.513534 ], [ 361932.95904096, 168649.5304366 ], [ 361949.95954037, 168666.53021796 ], [ 361982.95876821, 168666.52924854 ], [ 361982.96042161, 168799.5308156 ], [ 361990.2359985, 168813.44810674 ], [ 362032.96864118, 168816.52956055 ], [ 362032.96716021, 168899.53300631 ], [ 362049.96766045, 168916.5334243 ], [ 362082.96589931, 168916.53245329 ], [ 362082.96375758, 168999.53696687 ], [ 362099.96428671, 169016.53739192 ], [ 362132.96234622, 169016.53636482 ], [ 362136.04412072, 169059.25729431 ], [ 362149.96193373, 169066.53261232 ], [ 362449.96436179, 169066.52362053 ], [ 362463.51324291, 169059.75469639 ], [ 362466.96489167, 169016.52627012 ], [ 362510.20464921, 169013.07466228 ], [ 362516.97358874, 168999.52579465 ], [ 362516.97683422, 168899.52013642 ], [ 362499.97630019, 168882.51958464 ], [ 362416.96997937, 168882.52212633 ], [ 362416.97164326, 168766.51002997 ], [ 362482.97926504, 168766.50794693 ], [ 362486.43008617, 168809.74618898 ], [ 362499.97993468, 168816.51498878 ], [ 362632.99288444, 168816.51077981 ], [ 362636.07493853, 168859.23177546 ], [ 362649.99274465, 168866.5070204 ], [ 362832.98049953, 168866.50134513 ], [ 362836.06181398, 168909.23338265 ], [ 362849.97973044, 168916.5087903 ], [ 363049.98405694, 168916.50474792 ], [ 363066.9838255, 168899.50543683 ], [ 363066.98740246, 168799.50035701 ], [ 363049.98713347, 168782.49982983 ], [ 362966.98975638, 168782.50114322 ], [ 362966.98985719, 168766.49368832 ], [ 362999.98910984, 168766.49315779 ], [ 363016.98883654, 168749.49328053 ], [ 363016.98919751, 168699.49571732 ], [ 362999.98891995, 168682.49559459 ], [ 362966.99025343, 168682.49613337 ], [ 362966.99032265, 168666.4996443 ], [ 363009.71444913, 168663.41620903 ], [ 363016.98955917, 168649.49912042 ], [ 363016.99044836, 168499.48752949 ], [ 363009.71507171, 168485.57007735 ], [ 362966.9911578, 168482.48807773 ], [ 362966.99158817, 168399.48347778 ], [ 362960.22241974, 168385.93381414 ], [ 362916.99205143, 168382.48416818 ], [ 362916.992171, 168349.48807859 ], [ 362909.71668652, 168335.57057951 ], [ 362866.98348153, 168332.48903795 ], [ 362866.98364632, 168249.48458535 ], [ 362849.98315723, 168232.48456507 ], [ 362766.98417472, 168232.48695287 ], [ 362763.9013458, 168189.76607303 ], [ 362749.98369732, 168182.49098475 ], [ 362716.98437165, 168182.49193134 ], [ 362713.90152599, 168139.76004268 ], [ 362699.98388118, 168132.48495769 ], [ 362666.99242428, 168132.48590141 ], [ 362666.99235027, 167999.4847831 ], [ 362649.99186824, 167982.48479246 ], [ 362566.97622372, 167982.48714642 ], [ 362563.89332851, 167939.7652312 ], [ 362549.97569578, 167932.49015557 ], [ 362516.97608699, 167932.49108862 ], [ 362513.52528517, 167889.25281224 ], [ 362499.97548003, 167882.48399227 ], [ 362416.96657468, 167882.48633226 ], [ 362416.96620281, 167849.49015749 ], [ 362399.96572528, 167832.49034909 ], [ 362316.96578203, 167832.49268049 ], [ 362316.96559086, 167816.485112 ], [ 362349.96603223, 167816.4841885 ], [ 362366.96555649, 167799.48398883 ], [ 362366.96496921, 167749.48642399 ], [ 362349.96449523, 167732.48662368 ], [ 362199.95595973, 167732.49080557 ], [ 362182.95643362, 167749.49104912 ], [ 362182.95755691, 167832.4964439 ], [ 362149.95712973, 167832.49737057 ], [ 362136.04015882, 167839.77286806 ], [ 362132.95801708, 167882.49443656 ], [ 362066.95781219, 167882.49629621 ], [ 362063.87447294, 167839.77515754 ], [ 362049.95691063, 167832.50017828 ], [ 361999.94775057, 167832.50158208 ], [ 361982.94822778, 167849.50183833 ], [ 361982.95062049, 168032.50055258 ], [ 361916.95070529, 168032.50249373 ], [ 361916.94944232, 167949.50836764 ], [ 361899.94896211, 167932.50862629 ], [ 361866.94914824, 167932.50955845 ], [ 361866.94863165, 167899.50214332 ], [ 361849.94815281, 167882.50240939 ], [ 361749.93995665, 167882.50523063 ], [ 361732.94043696, 167899.50554886 ], [ 361732.94105486, 167932.51400655 ], [ 361599.9393308, 167932.52218273 ], [ 361586.02277386, 167939.79792909 ], [ 361582.94104785, 167982.52099525 ], [ 361449.94651898, 167982.52919868 ], [ 361432.94755473, 167999.52955103 ], [ 361432.94927538, 168082.53489592 ], [ 361416.94375902, 168082.53591 ], [ 361416.94115, 167966.53339225 ], [ 361449.94745048, 167966.53138889 ], [ 361466.94641864, 167949.5310369 ], [ 361466.94538312, 167899.52322768 ], [ 361459.66951553, 167885.6058747 ], [ 361416.93928505, 167882.52557581 ], [ 361416.93895114, 167866.52877303 ], [ 361449.94538279, 167866.52678376 ], [ 361466.94435821, 167849.52640144 ], [ 361466.94255742, 167766.52017467 ], [ 361549.93982462, 167766.5152062 ], [ 361566.93880691, 167749.51487079 ], [ 361566.93716916, 167666.50974658 ], [ 361699.93945131, 167666.50183897 ], [ 361716.93844048, 167649.50155678 ], [ 361716.93706276, 167566.49656202 ], [ 361799.95245809, 167566.49336536 ], [ 361816.95202567, 167549.49309575 ], [ 361816.95150234, 167516.49521328 ], [ 362032.95279154, 167516.48947287 ], [ 362032.95321693, 167549.48682255 ], [ 362049.95368366, 167566.48660339 ], [ 362149.95418513, 167566.48395777 ], [ 362163.87120299, 167559.20845667 ], [ 362166.95327375, 167516.48590766 ], [ 362199.95381941, 167516.48500489 ], [ 362216.95335436, 167499.48476169 ], [ 362216.95263895, 167449.47718174 ], [ 362199.95217565, 167432.47742494 ], [ 362166.95218963, 167432.47832428 ], [ 362166.95198971, 167416.48174118 ], [ 362210.18330141, 167413.03009884 ], [ 362216.95202379, 167399.48063616 ], [ 362216.95140872, 167349.4731564 ], [ 362199.95098295, 167332.47336549 ], [ 362099.9503364, 167332.47596996 ], [ 362086.40113708, 167339.24522935 ], [ 362082.95121491, 167382.48398753 ], [ 362066.95093077, 167382.48438985 ], [ 362066.9463787, 167049.47353429 ], [ 362059.67086095, 167035.55629143 ], [ 362016.93670787, 167032.47455889 ], [ 362016.93621108, 166999.46711829 ], [ 361999.93579778, 166982.46737416 ], [ 361949.9353732, 166982.46858977 ], [ 361932.9357865, 166999.46884892 ], [ 361932.93797389, 167149.48066406 ], [ 361940.21350628, 167163.3978766 ], [ 361982.93859148, 167166.47959224 ], [ 361982.93880045, 167182.47719393 ], [ 361899.93793031, 167182.47924609 ], [ 361882.93835062, 167199.47947475 ], [ 361882.93953328, 167282.48399083 ], [ 361840.21437249, 167285.56775268 ], [ 361832.93942922, 167299.48507956 ], [ 361832.94072854, 167382.49050646 ], [ 361816.94947785, 167382.49094038 ], [ 361816.94895475, 167349.48351111 ], [ 361799.94852936, 167332.48378053 ], [ 361616.92884129, 167332.49244934 ], [ 361616.92853233, 167316.49469025 ], [ 361749.9316914, 167316.48740601 ], [ 361766.93079496, 167299.48713341 ], [ 361766.92946399, 167216.48269994 ], [ 361799.94703243, 167216.48181798 ], [ 361813.49625488, 167209.71253528 ], [ 361816.94605576, 167166.48377888 ], [ 361859.66223634, 167163.40002938 ], [ 361866.93718233, 167149.48270086 ], [ 361866.93561855, 167049.47837015 ], [ 361849.93516956, 167032.47863597 ], [ 361749.92637264, 167032.48117682 ], [ 361732.92678747, 167049.48144922 ], [ 361732.9273162, 167082.47867775 ], [ 361649.92988192, 167082.48303489 ], [ 361632.93078566, 167099.48332239 ], [ 361632.93134393, 167132.49172768 ], [ 361599.92446789, 167132.49355498 ], [ 361582.92540903, 167149.49388296 ], [ 361582.9263737, 167199.49154509 ], [ 361590.20219182, 167213.40888763 ], [ 361632.93286517, 167216.48938294 ], [ 361632.93313608, 167232.49613849 ], [ 361499.93001971, 167232.50355707 ], [ 361482.93096789, 167249.50389796 ], [ 361482.93162962, 167282.50219206 ], [ 361439.70125021, 167285.95499307 ], [ 361432.93280335, 167299.50438668 ], [ 361432.93347762, 167332.50278836 ], [ 361416.92738846, 167332.50368757 ], [ 361413.47573062, 167289.27535238 ], [ 361399.92568439, 167282.5068382 ], [ 361349.92761667, 167282.50963662 ], [ 361336.01096206, 167289.78535906 ], [ 361332.9292671, 167332.50850646 ], [ 361290.20621203, 167335.59351455 ], [ 361282.93157785, 167349.51076063 ], [ 361282.93235547, 167382.51914428 ], [ 361240.20925541, 167385.60416179 ], [ 361232.93462503, 167399.52141169 ], [ 361232.935415, 167432.51883675 ], [ 361190.21241901, 167435.60394149 ], [ 361182.93780947, 167449.52118331 ], [ 361182.93861215, 167482.52961618 ], [ 361099.93407173, 167482.53439552 ], [ 361082.93503706, 167499.53485574 ], [ 361082.93593045, 167532.53333213 ], [ 360966.93308259, 167532.54004226 ], [ 360966.93263154, 167516.54204665 ], [ 361009.66454124, 167513.45699891 ], [ 361016.93914746, 167499.53970019 ], [ 361016.93636627, 167399.53472316 ], [ 360999.93540838, 167382.53519594 ], [ 360916.93071548, 167382.53987307 ], [ 360916.92977321, 167349.53233641 ], [ 360899.92881893, 167332.53282173 ], [ 360849.93066708, 167332.53562836 ], [ 360836.3817298, 167339.30519518 ], [ 360832.93264203, 167382.54470583 ], [ 360790.20962527, 167385.62974973 ], [ 360782.93503423, 167399.54709708 ], [ 360782.93606718, 167432.54455635 ], [ 360716.93202408, 167432.54835415 ], [ 360713.84783054, 167389.8268615 ], [ 360699.93000897, 167382.55219817 ], [ 360666.93228113, 167382.55405679 ], [ 360663.84807386, 167339.82161421 ], [ 360649.93025726, 167332.54695284 ], [ 360616.9325665, 167332.54880442 ], [ 360616.93200998, 167316.5506364 ], [ 360699.92871268, 167316.5459964 ], [ 360716.92776224, 167299.54545186 ], [ 360716.9229582, 167149.54210094 ], [ 360699.92201843, 167132.54264532 ], [ 360666.92407991, 167132.54446949 ], [ 360666.92139186, 167049.53963794 ], [ 360649.92049327, 167032.54018848 ], [ 360566.91639641, 167032.54503462 ], [ 360563.8320323, 166989.81255225 ], [ 360549.9140278, 166982.53799529 ], [ 360516.91832257, 166982.54035389 ], [ 360516.91741133, 166949.54312435 ], [ 360509.64141245, 166935.62579723 ], [ 360466.92055131, 166932.54595326 ], [ 360466.91855944, 166849.54200789 ], [ 360449.91734538, 166832.54241586 ], [ 360299.91978093, 166832.55302746 ], [ 360282.92096083, 166849.55344251 ], [ 360282.92298771, 166932.55900913 ], [ 360240.20144208, 166935.64462192 ], [ 360232.92695047, 166949.56180631 ], [ 360232.92780066, 166982.56045371 ], [ 360216.93131546, 166982.56159716 ], [ 360213.84722955, 166939.83946064 ], [ 360199.92918259, 166932.56484285 ], [ 360099.9271776, 166932.57199183 ], [ 360082.92839284, 166949.57246602 ], [ 360082.92931339, 166982.57114137 ], [ 359999.93557206, 166982.57700777 ], [ 359982.93678723, 166999.57755095 ], [ 359982.93943975, 167082.58333535 ], [ 359849.94919403, 167082.59275159 ], [ 359836.03267949, 167089.86864616 ], [ 359832.95145185, 167132.60193936 ], [ 359749.9497534, 167132.60778372 ], [ 359736.40101706, 167139.37742305 ], [ 359732.95193759, 167182.60696074 ], [ 359649.95819475, 167182.61279736 ], [ 359636.04168013, 167189.88868794 ], [ 359632.96043772, 167232.620964 ], [ 359590.22988153, 167235.70650189 ], [ 359582.95539829, 167249.62377311 ], [ 359582.95642892, 167282.62243672 ], [ 359566.95985397, 167282.62357152 ], [ 359563.87564754, 167239.90139609 ], [ 359549.95765295, 167232.62679345 ], [ 359399.95853276, 167232.63461078 ], [ 359382.95880979, 167249.63509593 ], [ 359382.96176347, 167349.63093472 ], [ 359390.23729947, 167363.54789074 ], [ 359432.9692711, 167366.62990766 ], [ 359432.97022693, 167399.63811358 ], [ 359440.24620967, 167413.55540675 ], [ 359482.95934017, 167416.63535283 ], [ 359482.95983686, 167432.63233073 ], [ 359316.96209016, 167432.63275167 ], [ 359316.96163527, 167416.63586808 ], [ 359359.68684856, 167413.55414582 ], [ 359366.96217112, 167399.6363041 ], [ 359366.95922241, 167299.63053636 ], [ 359349.95971287, 167282.63102064 ], [ 359316.95772478, 167282.63006852 ], [ 359316.95678638, 167249.63114553 ], [ 359299.95727633, 167232.63162896 ], [ 359166.94423624, 167232.6277299 ], [ 359166.94323665, 167199.61984682 ], [ 359149.94376001, 167182.62036165 ], [ 358849.92170453, 167182.61142538 ], [ 358836.00386438, 167189.88673834 ], [ 358832.92210473, 167232.61783589 ], [ 358799.93009294, 167232.616819 ], [ 358782.92956897, 167249.61729383 ], [ 358782.93236201, 167349.61305922 ], [ 358790.20750636, 167363.5297873 ], [ 358832.9258541, 167366.6135375 ], [ 358832.9281766, 167449.61927305 ], [ 358849.92768447, 167466.61879737 ], [ 358882.93767508, 167466.61975296 ], [ 358882.93812375, 167482.6276545 ], [ 358839.69867522, 167486.07709605 ], [ 358832.92957569, 167499.62710752 ], [ 358832.931898, 167582.63090671 ], [ 358816.93880377, 167582.63044208 ], [ 358816.93655161, 167499.62470796 ], [ 358809.66142512, 167485.70799228 ], [ 358766.92695317, 167482.62416007 ], [ 358766.92650693, 167466.61632835 ], [ 358809.6598014, 167463.53469516 ], [ 358816.93515504, 167449.6168751 ], [ 358816.93375861, 167399.61994244 ], [ 358799.93425019, 167382.62041726 ], [ 358766.92416521, 167382.61946274 ], [ 358766.92195104, 167299.61276894 ], [ 358759.64681745, 167285.6960136 ], [ 358716.91936371, 167282.61225669 ], [ 358716.91576218, 167149.60870464 ], [ 358699.91628496, 167132.60917778 ], [ 358666.90628309, 167132.60816265 ], [ 358663.45478965, 167089.36875738 ], [ 358649.90585447, 167082.59981191 ], [ 358616.91189088, 167082.59886419 ], [ 358616.91097578, 167049.60107829 ], [ 358609.63584784, 167035.68435825 ], [ 358566.90150346, 167032.60053677 ], [ 358566.89780141, 166899.59707279 ], [ 358549.89832142, 166882.59754693 ], [ 358449.8962965, 166882.59458809 ], [ 358432.89581051, 166899.59506098 ], [ 358432.89672836, 166932.59091972 ], [ 358349.88772699, 166932.58844391 ], [ 358332.88720645, 166949.58891551 ], [ 358332.88950039, 167032.59365516 ], [ 358099.87089613, 167032.58101806 ], [ 358082.86980679, 167049.58136226 ], [ 358082.87148694, 167132.58469348 ], [ 358049.86990585, 167132.58258724 ], [ 358036.31950675, 167139.35139427 ], [ 358032.86945835, 167182.57934126 ], [ 357999.87571569, 167182.57723964 ], [ 357986.32532368, 167189.34604004 ], [ 357982.87524023, 167232.58310295 ], [ 357899.85423608, 167232.57782622 ], [ 357882.85315556, 167249.57804021 ], [ 357882.85357095, 167282.5747048 ], [ 357799.83927887, 167282.56943894 ], [ 357786.288948, 167289.33816389 ], [ 357782.83849002, 167332.56636695 ], [ 357749.84539604, 167332.56434403 ], [ 357736.2950977, 167339.33307346 ], [ 357732.84461308, 167382.57118138 ], [ 357649.82986038, 167382.56600277 ], [ 357632.82878631, 167399.56607148 ], [ 357632.82891973, 167432.56192143 ], [ 357266.78380581, 167432.53920545 ], [ 357263.70174068, 167389.81668915 ], [ 357249.78521453, 167382.54102398 ], [ 357099.77460889, 167382.53176903 ], [ 357082.77357744, 167399.53149262 ], [ 357082.77304099, 167432.52787859 ], [ 356916.74523262, 167432.51854302 ], [ 356916.74817957, 167349.51277344 ], [ 356899.74917688, 167332.51217021 ], [ 356816.73078581, 167332.50736567 ], [ 356816.73664353, 167199.5033622 ], [ 356799.73761798, 167182.50261413 ], [ 356766.72564315, 167182.5007219 ], [ 356766.72974932, 167099.49402228 ], [ 356749.73076532, 167082.49316813 ], [ 356699.73537863, 167082.49018021 ], [ 356682.73436267, 167099.48925264 ], [ 356682.71926019, 167382.5080253 ], [ 356666.70655257, 167382.50712114 ], [ 356666.70843641, 167349.4987692 ], [ 356649.70940015, 167332.49779901 ], [ 356566.70056365, 167332.4930272 ], [ 356566.70279676, 167299.49489652 ], [ 356559.42842371, 167285.57708435 ], [ 356516.70777764, 167282.49180207 ], [ 356516.71015193, 167249.49362972 ], [ 356499.71112307, 167232.49240656 ], [ 356399.68600819, 167232.48659223 ], [ 356382.68500296, 167249.48522221 ], [ 356382.68234366, 167282.48404001 ], [ 356249.66913647, 167282.47636783 ], [ 356232.6681688, 167299.47474297 ], [ 356232.66023413, 167382.48240386 ], [ 356099.62938592, 167382.47478698 ], [ 356085.71201565, 167389.74879644 ], [ 356082.62484149, 167432.47141064 ], [ 356049.62698015, 167432.46955277 ], [ 356032.6260231, 167449.46763256 ], [ 356032.62037453, 167499.47622461 ], [ 356039.38830593, 167513.02679864 ], [ 356082.61568079, 167516.47999542 ], [ 356082.61391, 167532.47848044 ], [ 355999.60213717, 167532.47394278 ], [ 355982.60122156, 167549.47194786 ], [ 355982.58544232, 167682.47781123 ], [ 355949.57892416, 167682.47598338 ], [ 355932.57798286, 167699.47390204 ], [ 355932.5718604, 167749.48151199 ], [ 355949.57092092, 167766.48359328 ], [ 355982.57544016, 167766.48541698 ], [ 355982.57156255, 167799.48296253 ], [ 355999.57066509, 167816.48496021 ], [ 356132.59743652, 167816.49208203 ], [ 356132.59398432, 167849.4997732 ], [ 356139.36199039, 167863.05026161 ], [ 356182.59908244, 167866.50328606 ], [ 356182.59747756, 167882.50081688 ], [ 356149.58967648, 167882.49902302 ], [ 356132.58875268, 167899.49738816 ], [ 356132.58394349, 167949.50592531 ], [ 356139.85822035, 167963.42415349 ], [ 356182.59063308, 167966.50928269 ], [ 356182.5901412, 167982.50721149 ], [ 356049.57035361, 167982.50000065 ], [ 356032.56941941, 167999.5000408 ], [ 356032.56953754, 168049.49679792 ], [ 356049.56858991, 168066.49675772 ], [ 356132.5816414, 168066.50131924 ], [ 356132.58132823, 168082.50920741 ], [ 356089.84299745, 168085.58970574 ], [ 356082.56722939, 168099.50719691 ], [ 356082.56680591, 168149.50489218 ], [ 356099.56579735, 168166.50503615 ], [ 356132.57972617, 168166.50699477 ], [ 356132.57818702, 168249.51244284 ], [ 356149.57715128, 168266.51277099 ], [ 356249.59353368, 168266.51896501 ], [ 356266.59460356, 168249.51963347 ], [ 356266.59590097, 168216.52297535 ], [ 356282.60940031, 168216.52393869 ], [ 356286.05778072, 168259.7522693 ], [ 356299.6067351, 168266.52201319 ], [ 356432.61103631, 168266.53028978 ], [ 356435.69044042, 168309.26337059 ], [ 356449.60733594, 168316.53963043 ], [ 356532.62209781, 168316.54492652 ], [ 356532.6156207, 168382.54086065 ], [ 356449.60171888, 168382.53536754 ], [ 356432.60060774, 168399.53405867 ], [ 356432.59415363, 168482.54083025 ], [ 356389.86636895, 168485.62062091 ], [ 356382.59017537, 168499.5374022 ], [ 356382.58116547, 168632.55098773 ], [ 356316.58944106, 168632.5460849 ], [ 356316.5910131, 168599.53756779 ], [ 356299.5922792, 168582.53675821 ], [ 356249.58262989, 168582.53303373 ], [ 356235.66460765, 168589.80754321 ], [ 356232.58008913, 168632.53986164 ], [ 356189.84724894, 168635.6195668 ], [ 356182.57122935, 168649.53694368 ], [ 356182.56995302, 168699.53391059 ], [ 356189.84440714, 168713.45106493 ], [ 356232.57698632, 168716.5368546 ], [ 356232.5739654, 168799.5435403 ], [ 356239.84833053, 168813.46081631 ], [ 356282.58080942, 168816.54678696 ], [ 356282.57684921, 168949.55028317 ], [ 356299.57542263, 168966.55060851 ], [ 356382.56208825, 168966.55757261 ], [ 356382.55831413, 169082.55986679 ], [ 356366.56188559, 169082.55845676 ], [ 356366.56276691, 169049.55966138 ], [ 356349.56421872, 169032.55920741 ], [ 356199.56627657, 169032.54620065 ], [ 356182.56479139, 169049.54614246 ], [ 356182.56441034, 169182.54609506 ], [ 356149.57034398, 169182.54313925 ], [ 356132.56882101, 169199.54321636 ], [ 356132.56937831, 169299.54805262 ], [ 356149.5677961, 169316.54794025 ], [ 356232.56670652, 169316.55573117 ], [ 356232.56612423, 169382.55975276 ], [ 356189.33375901, 169386.00650611 ], [ 356182.56396354, 169399.55651585 ], [ 356182.56386581, 169432.56234757 ], [ 356139.33994659, 169436.00910605 ], [ 356132.57018874, 169449.55922015 ], [ 356132.57102851, 169599.56031373 ], [ 356139.84541274, 169613.47690226 ], [ 356182.56354498, 169616.56364448 ], [ 356186.01352976, 169659.79232814 ], [ 356199.56168328, 169666.56193715 ], [ 356349.54608505, 169666.57757855 ], [ 356366.5478583, 169649.57798645 ], [ 356366.55112223, 169516.57724569 ], [ 356449.53731213, 169516.58555171 ], [ 356466.53901371, 169499.58622687 ], [ 356466.54032397, 169466.59032061 ], [ 356482.54979831, 169466.5919111 ], [ 356482.54823177, 169499.58975009 ], [ 356499.54652966, 169516.59055706 ], [ 356582.52562409, 169516.59886527 ], [ 356582.52464929, 169532.59688335 ], [ 356549.53250399, 169532.59355552 ], [ 356532.53078928, 169549.59261875 ], [ 356532.52538207, 169649.59763932 ], [ 356549.52360807, 169666.5985409 ], [ 356582.51639756, 169666.60198375 ], [ 356582.51439293, 169699.61075434 ], [ 356599.51257213, 169716.61178666 ], [ 356682.50450672, 169716.62060947 ], [ 356685.95161019, 169759.85038232 ], [ 356699.50015843, 169766.6205985 ], [ 356799.48277881, 169766.63138372 ], [ 356816.48461248, 169749.63294307 ], [ 356816.48919837, 169699.63456671 ], [ 356809.21534901, 169685.71671095 ], [ 356766.49088051, 169682.6295384 ], [ 356766.49365373, 169649.62083929 ], [ 356759.72594722, 169636.07092437 ], [ 356716.51091278, 169632.61596786 ], [ 356716.51595273, 169566.61050069 ], [ 356799.50122739, 169566.61897413 ], [ 356816.50297662, 169549.62053795 ], [ 356816.50601191, 169516.62229835 ], [ 356832.49907604, 169516.62390049 ], [ 356832.48084189, 169699.63667161 ], [ 356849.47905434, 169716.63836368 ], [ 356932.46326366, 169716.64715593 ], [ 356935.54110912, 169759.37076282 ], [ 356949.45763403, 169766.64756534 ], [ 356982.45736954, 169766.65112624 ], [ 356982.45456589, 169799.65934448 ], [ 356989.72842466, 169813.57709184 ], [ 357032.44682461, 169816.66436191 ], [ 357032.44921789, 169849.66081786 ], [ 357049.44732877, 169866.65958472 ], [ 357132.45445756, 169866.66792348 ], [ 357132.45659393, 169899.66491775 ], [ 357139.22560563, 169913.21329243 ], [ 357182.45569326, 169916.66528767 ], [ 357185.90824861, 169959.90180408 ], [ 357199.45680777, 169966.67060647 ], [ 357232.46405608, 169966.6720779 ], [ 357232.46816899, 170049.66178976 ], [ 357239.23709159, 170063.21036783 ], [ 357282.4826796, 170066.66243313 ], [ 357285.56682951, 170109.39262154 ], [ 357299.48326671, 170116.66775449 ], [ 357332.49709238, 170116.66922787 ], [ 357332.50156035, 170249.66317188 ], [ 357339.27040512, 170263.21192675 ], [ 357382.49717721, 170266.66405307 ], [ 357382.49934674, 170349.66330078 ], [ 357399.49855249, 170366.66284239 ], [ 357432.5019517, 170366.66438433 ], [ 357432.50313868, 170432.66244905 ], [ 357316.49805752, 170432.65715713 ], [ 357316.49662993, 170399.65209802 ], [ 357309.22153816, 170385.73566612 ], [ 357266.48486876, 170382.65135657 ], [ 357266.48317706, 170349.65516225 ], [ 357249.48393732, 170332.65603384 ], [ 357199.48154061, 170332.65379773 ], [ 357182.48078039, 170349.65480665 ], [ 357182.48273847, 170382.64756451 ], [ 357166.48860534, 170382.64681692 ], [ 357163.40363903, 170339.92678029 ], [ 357149.48812615, 170332.65156188 ], [ 357016.49411759, 170332.63596917 ], [ 357016.48797682, 170249.63499258 ], [ 356999.4900437, 170232.63623682 ], [ 356916.50554174, 170232.62608146 ], [ 356913.42029761, 170189.90506556 ], [ 356899.50507586, 170182.62982576 ], [ 356816.5114759, 170182.61980476 ], [ 356813.42610604, 170139.88898653 ], [ 356799.51089186, 170132.6137779 ], [ 356666.52755366, 170132.59783188 ], [ 356666.5248092, 170099.60162599 ], [ 356649.52679959, 170082.60304008 ], [ 356516.55918829, 170082.58737359 ], [ 356513.47360099, 170039.85710413 ], [ 356499.5583965, 170032.58195088 ], [ 356049.61634027, 170032.52957536 ], [ 356035.69696998, 170039.8050086 ], [ 356032.61753482, 170082.53025574 ], [ 355989.89611924, 170085.60880383 ], [ 355982.62040257, 170099.52804021 ], [ 355982.63016459, 170199.52242866 ], [ 355989.90490809, 170213.43768035 ], [ 356032.63040533, 170216.52473028 ], [ 356032.64798718, 170399.50827607 ], [ 356049.64581414, 170416.50664224 ], [ 356099.62820807, 170416.51303105 ], [ 356116.63038095, 170399.51140725 ], [ 356116.62722963, 170366.52238526 ], [ 356132.62564007, 170366.5244171 ], [ 356135.71158218, 170409.24430235 ], [ 356149.62659996, 170416.51942147 ], [ 356182.62073547, 170416.52363926 ], [ 356182.6284039, 170499.52235319 ], [ 356189.90302083, 170513.43762242 ], [ 356232.62819821, 170516.52512059 ], [ 356232.63582071, 170599.52496493 ], [ 356249.63352416, 170616.52340341 ], [ 356282.63654764, 170616.5278617 ], [ 356282.63956018, 170649.53377312 ], [ 356289.91413286, 170663.44903069 ], [ 356332.62211585, 170666.53670508 ], [ 356332.62836192, 170749.52770453 ], [ 356339.39665482, 170763.07551183 ], [ 356382.61945783, 170766.53105262 ], [ 356382.62376551, 170849.53322791 ], [ 356399.62169626, 170866.53234599 ], [ 356482.6241363, 170866.54251264 ], [ 356482.62523258, 170882.54703221 ], [ 356439.38843067, 170885.99326677 ], [ 356432.61882495, 170899.54420201 ], [ 356432.62080693, 170932.53496605 ], [ 356389.90473959, 170935.61362092 ], [ 356382.62884117, 170949.53222129 ], [ 356382.63312511, 171032.52965142 ], [ 356349.64288225, 171032.52635399 ], [ 356335.72405103, 171039.80140643 ], [ 356332.6425406, 171082.51902703 ], [ 356266.65636276, 171082.51281932 ], [ 356266.65555633, 171049.51593675 ], [ 356259.8872124, 171035.96738062 ], [ 356216.65437421, 171032.51304863 ], [ 356213.57142013, 170989.79083084 ], [ 356199.65566201, 170982.5151513 ], [ 356099.66299384, 170982.50443782 ], [ 356082.66117203, 170999.50439444 ], [ 356082.66097894, 171149.50380732 ], [ 356089.93546236, 171163.42056122 ], [ 356132.66274321, 171166.50673321 ], [ 356132.66336894, 171249.5103668 ], [ 356139.43179255, 171263.05926958 ], [ 356182.65811199, 171266.51282403 ], [ 356182.65863297, 171299.51063271 ], [ 356199.65745442, 171316.51036427 ], [ 356282.66617922, 171316.51618319 ], [ 356282.66838253, 171382.51765332 ], [ 356249.66500684, 171382.51576016 ], [ 356235.74683993, 171389.79089522 ], [ 356232.66482102, 171432.51973674 ], [ 356199.66187064, 171432.51800541 ], [ 356185.74381837, 171439.79309503 ], [ 356182.66148993, 171482.51344962 ], [ 356149.66576494, 171482.51194631 ], [ 356132.66499041, 171499.51203236 ], [ 356132.66547415, 171582.51338019 ], [ 355999.6654295, 171582.5086241 ], [ 355982.66482084, 171599.50828161 ], [ 355982.65815686, 171749.51203776 ], [ 355999.65769718, 171766.51300938 ], [ 356032.66354306, 171766.5139018 ], [ 356032.65625024, 171899.51921142 ], [ 356049.65590575, 171916.52015247 ], [ 356182.652445, 171916.52284515 ], [ 356182.64881537, 171999.5298008 ], [ 356199.64853712, 172016.5305444 ], [ 356299.66428282, 172016.53218055 ], [ 356316.66456077, 171999.53279178 ], [ 356316.66927307, 171866.52813368 ], [ 356349.65928155, 171866.5288297 ], [ 356363.5766386, 171859.2539758 ], [ 356366.66069508, 171816.5308502 ], [ 356382.6593593, 171816.53123416 ], [ 356385.74091855, 171859.25439049 ], [ 356399.65807484, 171866.52998363 ], [ 356432.65781555, 171866.53067867 ], [ 356435.7395287, 171909.25267783 ], [ 356449.65667451, 171916.52823297 ], [ 356499.67166519, 171916.52923937 ], [ 356516.67200725, 171899.5295848 ], [ 356516.67403751, 171799.53438458 ], [ 356509.90533409, 171785.98480081 ], [ 356466.65984668, 171782.53324861 ], [ 356466.66023323, 171766.52516936 ], [ 356509.39947819, 171763.44349067 ], [ 356516.67505037, 171749.52636866 ], [ 356516.67058449, 171549.5216254 ], [ 356499.67126939, 171532.52277223 ], [ 356466.65637591, 171532.52144218 ], [ 356463.57151999, 171489.80096501 ], [ 356449.65522713, 171482.52597469 ], [ 356416.65581037, 171482.52441384 ], [ 356416.65502813, 171466.52947034 ], [ 356482.66497687, 171466.53291767 ], [ 356482.66720791, 171499.52938674 ], [ 356499.66640548, 171516.52823727 ], [ 356682.6561008, 171516.53676086 ], [ 356685.74261008, 171559.25620957 ], [ 356699.65875124, 171566.53080451 ], [ 356932.64923185, 171566.54011008 ], [ 356932.65400575, 171599.54405398 ], [ 356949.6534476, 171616.54159499 ], [ 357032.65991952, 171616.54438386 ], [ 357036.11604888, 171659.76883466 ], [ 357049.66424682, 171666.53683874 ], [ 357082.67121875, 171666.53784614 ], [ 357082.67202821, 171699.54577712 ], [ 357089.44094893, 171713.09476488 ], [ 357132.67884811, 171716.54628293 ], [ 357132.67930149, 171732.54218286 ], [ 357099.67377863, 171732.54135616 ], [ 357085.75603508, 171739.81667 ], [ 357082.67416017, 171782.54794901 ], [ 357039.94328796, 171785.62983399 ], [ 357032.66795577, 171799.54751387 ], [ 357032.66863342, 171832.54385361 ], [ 356949.6637464, 171832.54202134 ], [ 356932.66335752, 171849.54223756 ], [ 356932.66441216, 171932.54527086 ], [ 356899.6737524, 171932.5446422 ], [ 356882.67342846, 171949.54482517 ], [ 356882.67396658, 171999.54220903 ], [ 356899.67369228, 172016.54202605 ], [ 356999.6724824, 172016.5436386 ], [ 357013.59007303, 172009.26832703 ], [ 357016.6721443, 171966.54683609 ], [ 357132.68595355, 171966.54891933 ], [ 357135.76973916, 172009.27100873 ], [ 357149.68640136, 172016.54616536 ], [ 357232.67801947, 172016.54884749 ], [ 357232.67858118, 172032.5546767 ], [ 357149.68890556, 172032.5520175 ], [ 357132.68836078, 172049.55249645 ], [ 357132.68929043, 172082.54875914 ], [ 357116.68156879, 172082.54856079 ], [ 357113.23015495, 172039.32024677 ], [ 357099.68102562, 172032.55134869 ], [ 356949.66621615, 172032.54917146 ], [ 356935.74869936, 172039.82444797 ], [ 356932.66640733, 172082.5462019 ], [ 356899.67504713, 172082.54579628 ], [ 356885.75755365, 172089.82106122 ], [ 356882.67519021, 172132.55298903 ], [ 356799.66661381, 172132.55204275 ], [ 356782.6664199, 172149.5520912 ], [ 356782.66660329, 172249.54621553 ], [ 356799.66647465, 172266.54620162 ], [ 356832.66704708, 172266.54645133 ], [ 356836.11774151, 172309.78501872 ], [ 356849.66712283, 172316.55401474 ], [ 356949.6691117, 172316.55457694 ], [ 356963.58654084, 172309.27926607 ], [ 356966.6688127, 172266.54736196 ], [ 357082.68602331, 172266.5482322 ], [ 357082.68761599, 172332.55230764 ], [ 356999.67866662, 172332.55200427 ], [ 356985.76125377, 172339.82736373 ], [ 356982.67914223, 172382.55818972 ], [ 356939.94574604, 172385.64093927 ], [ 356932.67056604, 172399.55837503 ], [ 356932.67097427, 172432.55541222 ], [ 356866.66791606, 172432.55542134 ], [ 356866.66776477, 172399.55790858 ], [ 356849.66781248, 172382.55798653 ], [ 356799.66686423, 172382.55784621 ], [ 356782.66681653, 172399.55789197 ], [ 356782.66690536, 172432.5554309 ], [ 356749.65780791, 172432.55543412 ], [ 356735.74054854, 172439.83066433 ], [ 356732.65776886, 172482.56318115 ], [ 356699.66439674, 172482.5632142 ], [ 356685.74717256, 172489.83841582 ], [ 356682.66424358, 172532.56005721 ], [ 356649.65456179, 172532.56018611 ], [ 356632.65462818, 172549.5596347 ], [ 356632.6512549, 172632.56849594 ], [ 356599.64870899, 172632.56861526 ], [ 356582.64877048, 172649.56767472 ], [ 356582.64417798, 172732.57668726 ], [ 356539.41091241, 172736.02710314 ], [ 356532.64162954, 172749.57587037 ], [ 356532.63617019, 172849.58382022 ], [ 356539.91111155, 172863.50182249 ], [ 356582.63686311, 172866.58476247 ], [ 356582.63597772, 172882.58421644 ], [ 356549.63339548, 172882.58420651 ], [ 356532.63339039, 172899.58326131 ], [ 356532.63061041, 172949.58280228 ], [ 356549.63059874, 172966.58374748 ], [ 356582.63142907, 172966.5837701 ], [ 356582.62683497, 173049.59086058 ], [ 356599.62677612, 173066.59180153 ], [ 356632.62771786, 173066.59191572 ], [ 356632.62055527, 173199.60870711 ], [ 356649.62047671, 173216.60960975 ], [ 356699.63030131, 173216.60984077 ], [ 356716.63037983, 173199.61073903 ], [ 356716.63212401, 173166.60141545 ], [ 356732.62593967, 173166.60148329 ], [ 356735.70660691, 173209.33445841 ], [ 356749.62412532, 173216.61017204 ], [ 356782.6331394, 173216.61032491 ], [ 356786.08160044, 173259.84057412 ], [ 356799.63129312, 173266.61003887 ], [ 356982.6470931, 173266.61122536 ], [ 356982.64370655, 173332.61983603 ], [ 356599.61052421, 173332.61695339 ], [ 356585.69349638, 173339.89170735 ], [ 356582.60866489, 173382.6162723 ], [ 356539.37516429, 173386.0662506 ], [ 356532.60578223, 173399.61505778 ], [ 356532.59080715, 173699.64016878 ], [ 356549.59060381, 173716.64097654 ], [ 356582.59205001, 173716.64137124 ], [ 356585.67295861, 173759.36533178 ], [ 356599.59030816, 173766.64103633 ], [ 356632.59176316, 173766.64150573 ], [ 356632.58863488, 173832.64958013 ], [ 356599.58602071, 173832.64915957 ], [ 356582.58580409, 173849.64835287 ], [ 356582.57878511, 173999.66593637 ], [ 356599.5785552, 174016.66674307 ], [ 356682.5901498, 174016.66793173 ], [ 356682.58858788, 174049.66697756 ], [ 356689.86343834, 174063.58477677 ], [ 356732.58185565, 174066.66830322 ], [ 356732.58036179, 174099.66740141 ], [ 356749.58008888, 174116.66817099 ], [ 356832.5916765, 174116.6695037 ], [ 356832.58782929, 174199.67722556 ], [ 356849.58751343, 174216.67802701 ], [ 356932.59225852, 174216.67950342 ], [ 356932.58842169, 174299.68738754 ], [ 356949.58813086, 174316.68818687 ], [ 357032.59986601, 174316.68967312 ], [ 357032.59914734, 174332.69944538 ], [ 356999.59655682, 174332.69880605 ], [ 356982.59622752, 174349.69804178 ], [ 356982.58878495, 174599.70835942 ], [ 356999.58850028, 174616.70876003 ], [ 357032.59042385, 174616.70931266 ], [ 357032.58964172, 174649.70574527 ], [ 357039.86461343, 174663.62322834 ], [ 357082.59937165, 174666.70669305 ], [ 357085.68111387, 174709.43888201 ], [ 357099.59830837, 174716.71441316 ], [ 357182.6025951, 174716.71587334 ], [ 357182.60179549, 174749.71320791 ], [ 357189.87673224, 174763.63067564 ], [ 357232.60398166, 174766.71428889 ], [ 357232.60317349, 174799.71061574 ], [ 357239.87811144, 174813.62808873 ], [ 357282.61430821, 174816.71169121 ], [ 357282.61218803, 174899.71637823 ], [ 357299.61185886, 174916.71679891 ], [ 357332.62229165, 174916.71743807 ], [ 357332.62015038, 174999.72098167 ], [ 357339.89511291, 175013.63848033 ], [ 357382.61412224, 175016.72195973 ], [ 357382.6123892, 175082.72568051 ], [ 357299.60735018, 175082.72423867 ], [ 357282.60704136, 175099.72381843 ], [ 357282.60323417, 175249.72494217 ], [ 357299.60297458, 175266.72539624 ], [ 357332.61317973, 175266.7259003 ], [ 357336.06267406, 175309.96414109 ], [ 357349.61210118, 175316.73343143 ], [ 357382.6061951, 175316.73392528 ], [ 357382.60668638, 175482.72487081 ], [ 357339.88789137, 175485.8072998 ], [ 357332.61263642, 175499.72477019 ], [ 357332.61518174, 175732.72716787 ], [ 357289.88057324, 175735.8097695 ], [ 357282.60534858, 175749.72719074 ], [ 357282.60641711, 175849.7172257 ], [ 357289.88169259, 175863.63432009 ], [ 357332.61660577, 175866.71713431 ], [ 357332.61735719, 175932.71603644 ], [ 357289.37653105, 175936.16660939 ], [ 357282.60758682, 175949.71622854 ], [ 357282.60966435, 176132.71510593 ], [ 357249.59896197, 176132.71523362 ], [ 357235.68167373, 176139.99059737 ], [ 357232.59942503, 176182.71043801 ], [ 357116.59437834, 176182.71096581 ], [ 357116.592802, 176066.71541657 ], [ 357149.60224421, 176066.71537316 ], [ 357166.60222185, 176049.71515956 ], [ 357166.60117912, 175966.71601319 ], [ 357209.319586, 175963.63322742 ], [ 357216.59475828, 175949.71579781 ], [ 357216.59281059, 175799.7214383 ], [ 357199.59283231, 175782.72164762 ], [ 357116.58899095, 175782.72148648 ], [ 357116.58857169, 175749.72602105 ], [ 357099.58859561, 175732.72623705 ], [ 357049.5788122, 175732.72616667 ], [ 357032.57878828, 175749.72638535 ], [ 357032.57921271, 175782.72133826 ], [ 356949.56799661, 175782.72119192 ], [ 356936.01843669, 175789.49029946 ], [ 356932.56841499, 175832.71651658 ], [ 356889.85016137, 175835.79920095 ], [ 356882.57497149, 175849.71665998 ], [ 356882.57541174, 175882.72082238 ], [ 356839.84013539, 175885.8036101 ], [ 356832.564978, 175899.72108318 ], [ 356832.56548946, 175932.71627347 ], [ 356816.5637343, 175932.71631128 ], [ 356816.56243492, 175849.71611323 ], [ 356799.56244428, 175832.71637934 ], [ 356766.55249753, 175832.71636116 ], [ 356766.55197591, 175799.72052496 ], [ 356759.7829044, 175786.17127636 ], [ 356716.55792849, 175782.72069435 ], [ 356716.55607732, 175666.72507776 ], [ 356732.54987425, 175666.72514762 ], [ 356732.55039557, 175699.72104737 ], [ 356739.82568759, 175713.63808361 ], [ 356782.56045372, 175716.72090776 ], [ 356785.64378169, 175759.45028343 ], [ 356799.56091145, 175766.7254088 ], [ 356949.56719696, 175766.72582472 ], [ 356966.56722129, 175749.72560077 ], [ 356966.56656257, 175699.72133402 ], [ 356959.29128449, 175685.80426297 ], [ 356916.57251085, 175682.72142982 ], [ 356916.57226567, 175666.72604848 ], [ 356949.56573034, 175666.72619156 ], [ 356966.56580406, 175649.72596772 ], [ 356966.56438744, 175549.72630218 ], [ 356949.56451055, 175532.72656 ], [ 356916.57031237, 175532.72632107 ], [ 356916.56914106, 175449.72519641 ], [ 356899.56927967, 175432.72542278 ], [ 356816.55611322, 175432.72474571 ], [ 356816.55559759, 175399.72990904 ], [ 356809.28036376, 175385.81291031 ], [ 356766.54551198, 175382.7298241 ], [ 356763.09445454, 175339.49295817 ], [ 356749.54519101, 175332.72401483 ], [ 356716.55154684, 175332.7237097 ], [ 356713.10187083, 175289.49505311 ], [ 356699.5524249, 175282.72581628 ], [ 356666.54273269, 175282.72543713 ], [ 356666.54408958, 175216.72111573 ], [ 356699.55423006, 175216.7214444 ], [ 356716.55439932, 175199.72179629 ], [ 356716.55656963, 175099.71655935 ], [ 356709.28155775, 175085.79906529 ], [ 356666.54694528, 175082.71576318 ], [ 356663.46506199, 175039.994289 ], [ 356649.54783934, 175032.7188051 ], [ 356616.54609059, 175032.71838708 ], [ 356616.54676502, 174999.71076053 ], [ 356599.54698443, 174982.71041319 ], [ 356516.5511323, 174982.70927585 ], [ 356513.46923495, 174939.9867237 ], [ 356499.55202109, 174932.71124068 ], [ 356416.53114479, 174932.7100829 ], [ 356416.53180116, 174899.70335821 ], [ 356399.53202887, 174882.70302015 ], [ 356299.53705879, 174882.70158052 ], [ 356285.98751131, 174889.47034588 ], [ 356282.53614975, 174932.70818529 ], [ 356239.80026713, 174935.79033825 ], [ 356232.52482047, 174949.70745363 ], [ 356232.52424402, 174982.70533711 ], [ 356166.51226128, 174982.70441691 ], [ 356166.51282861, 174949.70652526 ], [ 356159.74402186, 174936.15691634 ], [ 356116.50315626, 174932.70579786 ], [ 356113.42122472, 174889.97408402 ], [ 356099.50404744, 174882.69859817 ], [ 356066.51007021, 174882.69808931 ], [ 356066.51062862, 174849.70012783 ], [ 356049.51072515, 174832.69984015 ], [ 355966.50777062, 174832.69987914 ], [ 355963.05795181, 174789.46125907 ], [ 355949.50824086, 174782.69215193 ], [ 355899.50419545, 174782.69264716 ], [ 355882.50436382, 174799.69226954 ], [ 355882.5036306, 174832.70083527 ], [ 355866.51652291, 174832.70102372 ], [ 355863.06676315, 174789.46235212 ], [ 355849.51701629, 174782.69324229 ], [ 355749.51882888, 174782.69443271 ], [ 355735.60186509, 174789.96952549 ], [ 355732.51821236, 174832.70260321 ], [ 355649.52721901, 174832.7035815 ], [ 355635.61027588, 174839.97864168 ], [ 355632.52647708, 174882.70163799 ], [ 355589.79807418, 174885.78470491 ], [ 355582.52276411, 174899.70148876 ], [ 355582.52172655, 174932.70917188 ], [ 355449.54298698, 174932.71060837 ], [ 355432.54318343, 174949.70999555 ], [ 355432.54019089, 175032.71653588 ], [ 355349.53137754, 175032.71740947 ], [ 355332.53156999, 175049.71673273 ], [ 355332.52627392, 175182.72012966 ], [ 355299.52966145, 175182.7204256 ], [ 355285.61275316, 175189.9953669 ], [ 355282.5284704, 175232.71742657 ], [ 355249.53966818, 175232.7177846 ], [ 355232.5398527, 175249.71707755 ], [ 355232.5377728, 175299.72488829 ], [ 355249.53792129, 175316.72559534 ], [ 355332.5209331, 175316.72480447 ], [ 355332.51843678, 175399.72862723 ], [ 355349.51858376, 175416.72902853 ], [ 355432.52760816, 175416.72831084 ], [ 355432.52693896, 175482.7193255 ], [ 355349.5167051, 175482.72002012 ], [ 355332.51684736, 175499.71974932 ], [ 355332.51632161, 175532.72615567 ], [ 355266.53133312, 175532.72669883 ], [ 355263.44937448, 175489.99632856 ], [ 355249.53187345, 175482.72095706 ], [ 355199.52745965, 175482.72137565 ], [ 355182.52760196, 175499.72096664 ], [ 355182.52680784, 175532.72742439 ], [ 355166.52228379, 175532.72758816 ], [ 355163.44058807, 175489.99722339 ], [ 355149.52304699, 175482.7217943 ], [ 355049.5212253, 175482.72263172 ], [ 355032.52136767, 175499.72208448 ], [ 355032.51862892, 175582.72357718 ], [ 354999.53026264, 175582.72384435 ], [ 354982.53040033, 175599.72323891 ], [ 354982.52394267, 175782.72655909 ], [ 354966.5177132, 175782.72667982 ], [ 354966.51900218, 175749.73163264 ], [ 354949.51887156, 175732.73096853 ], [ 354899.52172063, 175732.7313527 ], [ 354882.52185127, 175749.73066517 ], [ 354882.51780617, 175849.72232985 ], [ 354889.79289148, 175863.64017588 ], [ 354932.51452991, 175866.7227734 ], [ 354935.59576703, 175909.45205219 ], [ 354949.51336264, 175916.7275868 ], [ 354982.51918987, 175916.72734701 ], [ 354985.60055722, 175959.44766286 ], [ 354999.51813114, 175966.72316965 ], [ 355049.50675992, 175966.7228134 ], [ 355066.50663877, 175949.72339789 ], [ 355066.51104258, 175816.72602561 ], [ 355082.51732332, 175816.72590491 ], [ 355082.51181729, 175999.72788968 ], [ 355099.51190202, 176016.7284171 ], [ 355132.50914683, 176016.72825264 ], [ 355135.59082017, 176059.44758455 ], [ 355149.50831607, 176066.72303468 ], [ 355182.51379038, 176066.72287482 ], [ 355182.51298775, 176099.72835268 ], [ 355189.78815409, 176113.6459814 ], [ 355232.51867146, 176116.72854486 ], [ 355235.60060479, 176159.44901693 ], [ 355249.51805724, 176166.72441137 ], [ 355282.50785639, 176166.72426082 ], [ 355282.5062274, 176249.72482396 ], [ 355289.7814154, 176263.64238836 ], [ 355332.50463703, 176266.72495041 ], [ 355332.50556369, 176332.72606373 ], [ 355266.51620711, 176332.72631745 ], [ 355263.43206379, 176289.99611034 ], [ 355249.51495289, 176282.72119839 ], [ 355216.5086853, 176282.72133673 ], [ 355213.42658283, 176240.00094496 ], [ 355199.50915993, 176232.72558632 ], [ 355166.50325932, 176232.72572784 ], [ 355166.50417572, 176199.7213064 ], [ 355159.73527113, 176186.17144491 ], [ 355116.50632939, 176182.7210465 ], [ 355113.4247913, 176140.0006773 ], [ 355099.50727861, 176132.72519628 ], [ 355016.51145626, 176132.72564149 ], [ 355016.51263923, 176099.73041696 ], [ 355009.74379334, 176086.18046253 ], [ 354966.5062716, 176082.72996292 ], [ 354963.05724854, 176039.49349795 ], [ 354949.50748304, 176032.72420411 ], [ 354899.50951902, 176032.72444662 ], [ 354882.50960149, 176049.72375677 ], [ 354882.50826209, 176082.73051484 ], [ 354799.51641208, 176082.73139305 ], [ 354782.51662078, 176099.73065676 ], [ 354782.51022423, 176249.72709718 ], [ 354789.27906771, 176263.27717615 ], [ 354832.4959051, 176266.72751673 ], [ 354832.49528481, 176282.72324058 ], [ 354789.78325157, 176285.80652143 ], [ 354782.50825643, 176299.72408322 ], [ 354782.51052844, 176382.72234663 ], [ 354749.50806894, 176382.72260353 ], [ 354732.50820128, 176399.72296145 ], [ 354732.50925408, 176449.72771723 ], [ 354749.50937233, 176466.72735931 ], [ 354782.51278864, 176466.72712974 ], [ 354782.51713949, 176632.71518742 ], [ 354739.78876515, 176635.7979924 ], [ 354732.51364505, 176649.71556419 ], [ 354732.51696754, 176799.71861737 ], [ 354749.51685124, 176816.71823019 ], [ 354782.52198685, 176816.71845598 ], [ 354782.52238659, 176832.71223348 ], [ 354749.51813469, 176832.71198035 ], [ 354732.51800432, 176849.71233219 ], [ 354732.51978682, 176932.71118604 ], [ 354689.29183709, 176936.16135416 ], [ 354682.52284119, 176949.71112492 ], [ 354682.52344706, 176982.70521315 ], [ 354649.52642381, 176982.70481297 ], [ 354635.60892424, 176989.98009075 ], [ 354632.52661586, 177032.70812324 ], [ 354589.81249434, 177035.79030328 ], [ 354582.53716856, 177049.70776239 ], [ 354582.53774632, 177132.70625812 ], [ 354499.52487548, 177132.70481616 ], [ 354485.60739364, 177139.9799601 ], [ 354482.52456676, 177182.69782468 ], [ 354439.80155115, 177185.77981802 ], [ 354432.52616809, 177199.69725592 ], [ 354432.52773577, 177332.69056995 ], [ 354399.53757293, 177332.6898238 ], [ 354385.98773834, 177339.45880873 ], [ 354382.53761424, 177382.69448942 ], [ 354339.29994847, 177386.14425425 ], [ 354332.53083752, 177399.69399416 ], [ 354332.53121509, 177432.68841178 ], [ 354249.52553814, 177432.68658751 ], [ 354232.52517806, 177449.68666486 ], [ 354232.52532825, 177482.6901656 ], [ 354216.518117, 177482.68979 ], [ 354216.51801412, 177449.6853756 ], [ 354199.51837408, 177432.68542859 ], [ 354149.52731159, 177432.68437007 ], [ 354132.52695162, 177449.6843307 ], [ 354132.52680663, 177582.68760499 ], [ 354116.51828852, 177582.68722024 ], [ 354113.43579463, 177539.95737915 ], [ 354099.51881757, 177532.68197859 ], [ 354066.51913311, 177532.6811951 ], [ 354066.51937097, 177499.68609508 ], [ 354059.75059071, 177486.13667518 ], [ 354016.51222089, 177482.6851986 ], [ 354016.51257128, 177449.68117586 ], [ 354009.23758576, 177435.76390497 ], [ 353966.52161829, 177432.68023141 ], [ 353963.07164398, 177389.45426695 ], [ 353949.52236968, 177382.68504724 ], [ 353866.51636784, 177382.68331586 ], [ 353866.5169905, 177349.6785203 ], [ 353849.51734008, 177332.67819959 ], [ 353716.51301311, 177332.67534204 ], [ 353716.51383301, 177299.68178162 ], [ 353699.51424086, 177282.68135917 ], [ 353449.51221637, 177282.67536204 ], [ 353435.59482616, 177289.95019328 ], [ 353432.51072649, 177332.66850848 ], [ 353349.50519488, 177332.66644141 ], [ 353335.95563689, 177339.43502432 ], [ 353332.5035841, 177382.67060696 ], [ 353289.78784335, 177385.752247 ], [ 353282.51218525, 177399.66914114 ], [ 353282.510892, 177432.66396478 ], [ 353266.50408627, 177432.66357496 ], [ 353266.50740412, 177349.66471032 ], [ 353249.5078139, 177332.66403087 ], [ 353199.50917448, 177332.66282571 ], [ 353185.95965472, 177339.43135776 ], [ 353182.50735353, 177382.66697264 ], [ 353116.5089247, 177382.66537372 ], [ 353113.42801024, 177339.93616379 ], [ 353099.51079767, 177332.66041559 ], [ 353049.50406034, 177332.65921054 ], [ 353032.50365069, 177349.65844339 ], [ 353032.5021613, 177382.66330476 ], [ 353016.50343266, 177382.66288522 ], [ 353016.50659473, 177316.66497918 ], [ 353149.50279495, 177316.66816774 ], [ 353163.42012153, 177309.39342793 ], [ 353166.50463863, 177266.67402033 ], [ 353249.51099328, 177266.67600023 ], [ 353266.51139876, 177249.67717211 ], [ 353266.51367385, 177216.67301752 ], [ 353399.51782659, 177216.67616956 ], [ 353416.51822937, 177199.67747025 ], [ 353416.52205434, 177149.68547124 ], [ 353399.52245762, 177132.68417056 ], [ 353316.52658511, 177132.68220181 ], [ 353316.52785381, 177116.67920123 ], [ 353359.24373322, 177113.59768545 ], [ 353366.51959025, 177099.6812918 ], [ 353366.52212716, 177066.68738861 ], [ 353449.52776983, 177066.68936122 ], [ 353463.44490058, 177059.41489803 ], [ 353466.53068515, 177016.68776807 ], [ 353482.53694253, 177016.68814878 ], [ 353482.5307589, 177099.68219294 ], [ 353489.29916694, 177113.23246012 ], [ 353532.53680254, 177116.68422961 ], [ 353532.53562914, 177132.68722529 ], [ 353489.29659112, 177136.13651117 ], [ 353482.52697292, 177149.68515509 ], [ 353482.52318705, 177199.67715183 ], [ 353499.52278423, 177216.67843923 ], [ 353599.51964309, 177216.68080857 ], [ 353616.52004587, 177199.68208268 ], [ 353616.5225186, 177166.68921723 ], [ 353649.52279997, 177166.68999982 ], [ 353666.52320308, 177149.69123304 ], [ 353666.53418378, 176999.6932537 ], [ 353659.25953729, 176985.77516921 ], [ 353616.53610576, 176982.69123588 ], [ 353616.537304, 176966.69824192 ], [ 353749.54937155, 176966.70099637 ], [ 353766.54963619, 176949.7021942 ], [ 353766.55657961, 176849.70611707 ], [ 353749.55682438, 176832.70495404 ], [ 353666.54639432, 176832.70344705 ], [ 353666.55117948, 176766.70852797 ], [ 353849.54793629, 176766.71018344 ], [ 353866.54800009, 176749.71119985 ], [ 353866.55098911, 176699.71799323 ], [ 353849.5510389, 176682.71697683 ], [ 353716.55539714, 176682.71650351 ], [ 353716.55777646, 176649.71559278 ], [ 353709.28312898, 176635.79751492 ], [ 353666.56099358, 176632.71357713 ], [ 353666.5633852, 176599.72140956 ], [ 353649.56379264, 176582.72017722 ], [ 353566.57667424, 176582.7181884 ], [ 353566.57787861, 176566.7151939 ], [ 353799.56451309, 176566.71843084 ], [ 353816.56445238, 176549.7195169 ], [ 353816.57083795, 176449.73427903 ], [ 353799.57071517, 176432.73319367 ], [ 353766.58512988, 176432.73343197 ], [ 353766.58737579, 176399.73158367 ], [ 353759.31250532, 176385.81341942 ], [ 353716.57702186, 176382.73041515 ], [ 353716.57939953, 176349.73964275 ], [ 353709.30475306, 176335.82156608 ], [ 353666.58276757, 176332.73762312 ], [ 353663.50279775, 176290.00980307 ], [ 353649.58544391, 176282.73384706 ], [ 353616.58705309, 176282.73304586 ], [ 353613.13848524, 176239.50691492 ], [ 353599.58903818, 176232.73739183 ], [ 353516.59381211, 176232.73539136 ], [ 353516.59536451, 176199.73155737 ], [ 353509.3205818, 176185.81381025 ], [ 353466.59023213, 176182.72996816 ], [ 353466.59177279, 176149.73503984 ], [ 353449.59214253, 176132.73424605 ], [ 353349.58838757, 176132.7319713 ], [ 353332.58798393, 176149.73122356 ], [ 353332.58653265, 176182.72676262 ], [ 353266.59076578, 176182.72518415 ], [ 353266.59435751, 176099.73515218 ], [ 353249.59475814, 176082.73441639 ], [ 353149.58979695, 176082.73215992 ], [ 353132.58943041, 176099.73147019 ], [ 353132.58809171, 176132.72681962 ], [ 353116.59823933, 176132.72644006 ], [ 353116.5995663, 176099.73166569 ], [ 353099.59996678, 176082.73098199 ], [ 353049.59400235, 176082.72980398 ], [ 353036.04447221, 176089.49836219 ], [ 353032.59228661, 176132.72454635 ], [ 353016.59439953, 176132.72416669 ], [ 353013.51321681, 176090.00431321 ], [ 352999.59603754, 176082.72862617 ], [ 352949.59817241, 176082.72744848 ], [ 352932.59777199, 176099.72678286 ], [ 352932.59648011, 176132.72217348 ], [ 352889.87361838, 176135.80383458 ], [ 352882.59796677, 176149.72073107 ], [ 352882.59668684, 176182.71600376 ], [ 352849.59060331, 176182.71521499 ], [ 352836.0410482, 176189.48379876 ], [ 352832.58899486, 176232.71881631 ], [ 352699.60324484, 176232.71561533 ], [ 352682.60283567, 176249.71504826 ], [ 352682.59881701, 176332.71382001 ], [ 352649.59222481, 176332.71302454 ], [ 352632.59181517, 176349.71152372 ], [ 352632.58298747, 176449.70665441 ], [ 352649.58257847, 176466.70815515 ], [ 352699.58840853, 176466.70935803 ], [ 352716.58881739, 176449.71085214 ], [ 352716.59171808, 176416.70665335 ], [ 352882.58309026, 176416.71074979 ], [ 352882.58170881, 176432.7137597 ], [ 352799.57698759, 176432.71176331 ], [ 352786.02773455, 176439.47994127 ], [ 352782.57370427, 176482.70436689 ], [ 352749.57478143, 176482.70357389 ], [ 352736.02553106, 176489.47174879 ], [ 352732.57148544, 176532.695179 ], [ 352689.85594684, 176535.77664263 ], [ 352682.58002819, 176549.69289243 ], [ 352682.57712693, 176582.69699323 ], [ 352639.84556451, 176585.77845592 ], [ 352632.5696439, 176599.69470021 ], [ 352632.56673013, 176632.68880975 ], [ 352589.32791333, 176636.138031 ], [ 352582.55822101, 176649.68651081 ], [ 352582.5552936, 176682.68962523 ], [ 352539.32546838, 176686.13883093 ], [ 352532.55576211, 176699.68728249 ], [ 352532.55276007, 176732.68142834 ], [ 352399.54967158, 176732.67804151 ], [ 352385.6325746, 176739.95238416 ], [ 352382.54630109, 176782.68077155 ], [ 352339.82273459, 176785.76221365 ], [ 352332.54681009, 176799.67846311 ], [ 352332.5439012, 176832.67160501 ], [ 352299.53583739, 176832.67080128 ], [ 352285.61876917, 176839.94516022 ], [ 352282.53252083, 176882.67355661 ], [ 352239.81796515, 176885.75502226 ], [ 352232.54205677, 176899.67130147 ], [ 352232.53922755, 176932.66542757 ], [ 352149.5332593, 176932.66343644 ], [ 352132.53285153, 176949.66198568 ], [ 352132.52570316, 177032.65842483 ], [ 352116.51982656, 177032.65804679 ], [ 352116.52263571, 176999.65688807 ], [ 352099.52304062, 176982.65544098 ], [ 352049.53319105, 176982.65425053 ], [ 352032.53278628, 176999.65277289 ], [ 352032.52991763, 177032.65616252 ], [ 351999.52300207, 177032.65538265 ], [ 351985.60592425, 177039.92977302 ], [ 351982.5198052, 177082.64820752 ], [ 351939.79633086, 177085.72970589 ], [ 351932.52043537, 177099.64599725 ], [ 351932.51764639, 177132.65037107 ], [ 351849.52896575, 177132.64844013 ], [ 351832.52857022, 177149.6470104 ], [ 351832.52159052, 177232.64368865 ], [ 351799.51471644, 177232.64299892 ], [ 351782.51436123, 177249.64192096 ], [ 351782.51119111, 177299.63628551 ], [ 351799.51083425, 177316.63736347 ], [ 351882.50573158, 177316.63917163 ], [ 351882.50472356, 177332.63248621 ], [ 351749.50158734, 177332.62959436 ], [ 351735.58440431, 177339.90420043 ], [ 351732.49921415, 177382.63358393 ], [ 351699.50075804, 177382.63282519 ], [ 351682.50036718, 177399.63175209 ], [ 351682.49512826, 177482.63019544 ], [ 351649.50563534, 177482.62943684 ], [ 351635.58842617, 177489.90403166 ], [ 351632.50322693, 177532.6234607 ], [ 351616.49641532, 177532.62312469 ], [ 351613.41615138, 177489.90427291 ], [ 351599.49882449, 177482.62838708 ], [ 351549.49301367, 177482.62723729 ], [ 351532.49262281, 177499.62619697 ], [ 351532.49060368, 177532.62126114 ], [ 351499.49200825, 177532.62056832 ], [ 351485.57482587, 177539.89517334 ], [ 351482.48963103, 177582.62449207 ], [ 351399.49332756, 177582.62276767 ], [ 351385.57616188, 177589.89735748 ], [ 351382.49089076, 177632.61582777 ], [ 351349.48349261, 177632.61519842 ], [ 351335.93415921, 177639.38359592 ], [ 351332.48108627, 177682.60930771 ], [ 351199.48727402, 177682.60696616 ], [ 351182.48698742, 177699.60589931 ], [ 351182.48491617, 177732.61111292 ], [ 351099.48089308, 177732.60963157 ], [ 351082.48057615, 177749.60856855 ], [ 351082.47851295, 177782.60390488 ], [ 350999.48250093, 177782.60244143 ], [ 350982.48218765, 177799.60141644 ], [ 350982.48019771, 177832.60574105 ], [ 350949.47372269, 177832.60520606 ], [ 350935.55659738, 177839.87984567 ], [ 350932.47146147, 177882.59952104 ], [ 350889.74851857, 177885.68140252 ], [ 350882.47281838, 177899.5979724 ], [ 350882.47083615, 177932.60332347 ], [ 350849.47146881, 177932.60280307 ], [ 350832.47120075, 177949.60178398 ], [ 350832.45455409, 178232.58936015 ], [ 350799.46525489, 178232.58897065 ], [ 350782.46505419, 178249.58808056 ], [ 350782.45809119, 178382.58428737 ], [ 350749.45090214, 178382.58404084 ], [ 350732.45077519, 178399.58315617 ], [ 350732.44645595, 178482.58415237 ], [ 350689.7157271, 178485.66653539 ], [ 350682.44017475, 178499.58314372 ], [ 350682.43846743, 178532.58969896 ], [ 350639.71575025, 178535.67211303 ], [ 350632.44020607, 178549.58872077 ], [ 350632.43850914, 178582.585324 ], [ 350589.7079035, 178585.66776911 ], [ 350582.43236753, 178599.5843764 ], [ 350582.43068036, 178632.59016138 ], [ 350539.20984567, 178636.04049282 ], [ 350532.44055851, 178649.58931024 ], [ 350532.4388817, 178682.58607717 ], [ 350489.70826517, 178685.66874008 ], [ 350482.43277968, 178699.58532255 ], [ 350482.42933248, 178768.58671208 ], [ 350494.15236109, 178767.91149922 ], [ 350519.37075214, 178797.66671568 ], [ 350519.37075214, 178797.66671568 ] ] ], [ [ [ 349183.47175582, 177505.15356517 ], [ 349199.51992482, 177516.61082017 ], [ 349232.51612449, 177516.61054827 ], [ 349232.51259411, 177599.61308843 ], [ 349249.51279931, 177616.61382493 ], [ 349282.50885768, 177616.61342662 ], [ 349282.50741649, 177649.60809328 ], [ 349299.50763741, 177666.60883584 ], [ 349382.50063711, 177666.60769057 ], [ 349382.49917243, 177699.60320546 ], [ 349389.77430937, 177713.52115387 ], [ 349432.50328091, 177716.60343401 ], [ 349432.49956785, 177799.60506436 ], [ 349449.49990396, 177816.60582483 ], [ 349549.49356962, 177816.60384674 ], [ 349566.49323314, 177799.60465344 ], [ 349566.49947902, 177666.60512053 ], [ 349582.48842497, 177666.60487918 ], [ 349582.47977518, 177849.60719016 ], [ 349599.48012763, 177866.60800275 ], [ 349632.4927701, 177866.6073183 ], [ 349635.57371778, 177909.32744444 ], [ 349649.49158345, 177916.60296784 ], [ 349682.48711813, 177916.60218711 ], [ 349682.48545134, 177949.60678397 ], [ 349699.4858693, 177966.60764249 ], [ 349749.48264647, 177966.60641321 ], [ 349763.39928848, 177959.33147428 ], [ 349766.48390724, 177916.60019795 ], [ 349849.48676415, 177916.59822993 ], [ 349863.03563244, 177909.82948655 ], [ 349866.48799738, 177866.60225493 ], [ 349899.48600664, 177866.60156748 ], [ 349916.48565246, 177849.60245074 ], [ 349916.49084872, 177749.60230257 ], [ 349909.21572635, 177735.68423586 ], [ 349866.4948782, 177732.60204671 ], [ 349866.4957043, 177716.59637805 ], [ 349899.49372158, 177716.59584629 ], [ 349916.49344761, 177699.59673005 ], [ 349916.49776222, 177616.60559387 ], [ 349949.49585709, 177616.60518725 ], [ 349966.4956476, 177599.6061113 ], [ 349966.50009368, 177516.60409358 ], [ 350009.23155854, 177513.52123743 ], [ 350016.50702093, 177499.60474251 ], [ 350016.51413579, 177366.59871666 ], [ 350049.51228825, 177366.59859024 ], [ 350066.5122231, 177349.59952731 ], [ 350066.51694999, 177266.60943685 ], [ 350099.51519339, 177266.60942948 ], [ 350113.43205168, 177259.3347734 ], [ 350116.51745486, 177216.6054105 ], [ 350132.5227587, 177216.60541791 ], [ 350135.97051957, 177259.83984359 ], [ 350149.52041749, 177266.60941756 ], [ 350182.51660474, 177266.6094092 ], [ 350182.51460254, 177299.6029844 ], [ 350189.78952426, 177313.52105938 ], [ 350232.51084816, 177316.603983 ], [ 350235.9590888, 177359.82824261 ], [ 350249.50863825, 177366.59781456 ], [ 350282.50576074, 177366.59848197 ], [ 350282.50382256, 177399.6027583 ], [ 350289.77857311, 177413.52068113 ], [ 350332.50863479, 177416.60442687 ], [ 350332.50675934, 177449.59862569 ], [ 350339.78152199, 177463.51652501 ], [ 350382.49546397, 177466.60025441 ], [ 350385.57590371, 177509.32857168 ], [ 350399.49324713, 177516.60440453 ], [ 350482.49704617, 177516.60605167 ], [ 350485.57747837, 177559.32534202 ], [ 350499.49482627, 177566.60117556 ], [ 350532.49981277, 177566.60182278 ], [ 350532.49886397, 177582.60653603 ], [ 350489.76790829, 177585.68836645 ], [ 350482.49220097, 177599.60495632 ], [ 350482.49024865, 177632.59935746 ], [ 350439.7672979, 177635.68119699 ], [ 350432.49159309, 177649.5977871 ], [ 350432.4896446, 177682.59326749 ], [ 350389.75771598, 177685.6750381 ], [ 350382.48199666, 177699.59164038 ], [ 350382.48005165, 177732.59723375 ], [ 350339.25888456, 177736.04679456 ], [ 350332.48941134, 177749.59564999 ], [ 350332.4875366, 177782.59115687 ], [ 350299.48111838, 177782.59061209 ], [ 350285.93177922, 177789.35907507 ], [ 350282.47896661, 177832.59424257 ], [ 350249.48062948, 177832.59384957 ], [ 350235.93134761, 177839.36233991 ], [ 350232.47856379, 177882.5892139 ], [ 350189.75615109, 177885.67266202 ], [ 350182.48081222, 177899.58904802 ], [ 350182.47896072, 177932.59542716 ], [ 350149.48081218, 177932.59624417 ], [ 350132.48123311, 177949.59529669 ], [ 350132.47844675, 177999.58944763 ], [ 350149.47891703, 178016.5903951 ], [ 350249.47232923, 178016.58762779 ], [ 350266.47185857, 177999.58862149 ], [ 350266.4737872, 177966.59391849 ], [ 350282.47126978, 177966.59406065 ], [ 350285.55173617, 178009.31223769 ], [ 350299.46913407, 178016.58804548 ], [ 350332.47404379, 178016.58856048 ], [ 350332.47313526, 178032.58342105 ], [ 350289.74223579, 178035.66540933 ], [ 350282.4665653, 178049.58198195 ], [ 350282.45800167, 178199.58583368 ], [ 350299.45778483, 178216.58678414 ], [ 350349.46337325, 178216.5874219 ], [ 350366.46359004, 178199.5883739 ], [ 350366.46543836, 178166.58261424 ], [ 350449.46232239, 178166.58378652 ], [ 350466.46257594, 178149.58475592 ], [ 350466.46737476, 178066.5854467 ], [ 350509.19030295, 178063.50352975 ], [ 350516.4659821, 178049.5869251 ], [ 350516.46786758, 178016.59139562 ], [ 350549.47421772, 178016.59184391 ], [ 350566.47444858, 177999.59285136 ], [ 350566.47936717, 177916.59366192 ], [ 350609.19429858, 177913.51177928 ], [ 350616.46999547, 177899.59520023 ], [ 350616.47195482, 177866.59970124 ], [ 350649.47831457, 177866.6002375 ], [ 350663.39544445, 177859.32559223 ], [ 350666.48055431, 177816.59686338 ], [ 350709.20349585, 177813.51499885 ], [ 350716.47919775, 177799.5984203 ], [ 350716.4821783, 177749.60377763 ], [ 350709.20741879, 177735.68583344 ], [ 350666.48545206, 177732.60214732 ], [ 350666.48640435, 177716.59746355 ], [ 350799.49715848, 177716.59981298 ], [ 350816.49744586, 177699.60083046 ], [ 350816.4994207, 177666.60548451 ], [ 350859.21347755, 177663.52364688 ], [ 350866.489187, 177649.60706909 ], [ 350866.49116567, 177616.61277031 ], [ 350949.48826501, 177616.61437585 ], [ 350966.4885938, 177599.61539917 ], [ 350966.49058056, 177566.61012313 ], [ 350999.49703117, 177566.61076876 ], [ 351013.04638761, 177559.84235172 ], [ 351016.4993539, 177516.61653116 ], [ 351099.49547386, 177516.61817276 ], [ 351116.49581004, 177499.61920202 ], [ 351116.49780827, 177466.61496171 ], [ 351199.50203935, 177466.6166212 ], [ 351213.41921101, 177459.34200708 ], [ 351216.50438465, 177416.62253645 ], [ 351249.49485068, 177416.6232033 ], [ 351263.41202463, 177409.34859134 ], [ 351266.49720406, 177366.61913391 ], [ 351299.50367384, 177366.61980823 ], [ 351313.42083807, 177359.34521555 ], [ 351316.50610033, 177316.62675393 ], [ 351359.22919694, 177313.54506956 ], [ 351366.5049591, 177299.62852643 ], [ 351366.50707664, 177266.63354719 ], [ 351449.50426698, 177266.63537836 ], [ 351463.42134873, 177259.3609649 ], [ 351466.50737815, 177216.63224459 ], [ 351499.51419849, 177216.63300753 ], [ 351513.06347817, 177209.86477293 ], [ 351516.51725337, 177166.64098617 ], [ 351549.5160502, 177166.64175501 ], [ 351566.51644623, 177149.643164 ], [ 351566.52059058, 177099.63965641 ], [ 351559.75221554, 177086.08925873 ], [ 351516.52413093, 177082.63753845 ], [ 351513.44462924, 177039.91981214 ], [ 351499.52719569, 177032.64375614 ], [ 351466.52225368, 177032.64297471 ], [ 351466.52900032, 176949.64798875 ], [ 351459.25439886, 176935.72980051 ], [ 351416.54040475, 176932.64582759 ], [ 351416.54305404, 176899.653349 ], [ 351399.54345996, 176882.6519839 ], [ 351349.53660577, 176882.65079002 ], [ 351332.53619996, 176899.64942807 ], [ 351332.53355664, 176932.64382977 ], [ 351289.81012285, 176935.72533475 ], [ 351282.53424967, 176949.6416882 ], [ 351282.53161263, 176982.63619731 ], [ 351239.80028881, 176985.71770887 ], [ 351232.52441802, 176999.63406403 ], [ 351232.5217868, 177032.63758008 ], [ 351199.5310027, 177032.63680746 ], [ 351185.61389694, 177039.9112431 ], [ 351182.52798017, 177082.62997908 ], [ 351099.52338776, 177082.62804786 ], [ 351082.52299225, 177099.62670217 ], [ 351082.52037968, 177132.63127159 ], [ 351049.5215841, 177132.6305748 ], [ 351035.97230771, 177139.39885014 ], [ 351032.5186855, 177182.62277542 ], [ 350916.51727612, 177182.62021133 ], [ 350916.51849825, 177166.62759945 ], [ 350959.24175655, 177163.54605865 ], [ 350966.51760674, 177149.62966485 ], [ 350966.5201349, 177116.62511814 ], [ 350999.52689389, 177116.62582049 ], [ 351016.52725558, 177099.62716008 ], [ 351016.53503505, 176999.63092953 ], [ 351009.76664299, 176986.08062216 ], [ 350966.53050058, 176982.62884534 ], [ 350963.45084085, 176939.91086001 ], [ 350949.53343246, 176932.63483829 ], [ 350916.53648154, 176932.63405444 ], [ 350913.45681536, 176889.916058 ], [ 350899.53941017, 176882.64003696 ], [ 350866.54137783, 176882.63924778 ], [ 350866.54396039, 176849.63655044 ], [ 350849.54436979, 176832.63522014 ], [ 350716.54341622, 176832.63201751 ], [ 350713.46365248, 176789.91497368 ], [ 350699.54629423, 176782.6389634 ], [ 350566.55329871, 176782.63563848 ], [ 350566.55819271, 176716.63820814 ], [ 350599.54901315, 176716.63901869 ], [ 350613.46615897, 176709.36455344 ], [ 350616.55191741, 176666.63677924 ], [ 350649.55878154, 176666.63759512 ], [ 350663.47592816, 176659.36313235 ], [ 350666.56169419, 176616.64430011 ], [ 350709.79134752, 176613.19513713 ], [ 350716.56099093, 176599.64647422 ], [ 350716.56349021, 176566.64190268 ], [ 350949.56352488, 176566.64799766 ], [ 350963.48069508, 176559.37355684 ], [ 350966.56651354, 176516.65585491 ], [ 351182.5728119, 176516.66152046 ], [ 351182.57153895, 176532.65402243 ], [ 351139.33381467, 176536.10324314 ], [ 351132.5641659, 176549.65184787 ], [ 351132.56019575, 176599.65542086 ], [ 351139.32856345, 176613.205754 ], [ 351182.5648534, 176616.65759017 ], [ 351182.56222764, 176649.65022493 ], [ 351189.83682849, 176663.56839726 ], [ 351232.55087285, 176666.65239189 ], [ 351232.54824065, 176699.65401312 ], [ 351239.82284198, 176713.57218873 ], [ 351282.55287318, 176716.65617799 ], [ 351285.63239364, 176759.37398082 ], [ 351299.54978747, 176766.65004489 ], [ 351332.54685562, 176766.6509144 ], [ 351335.62637676, 176809.37875079 ], [ 351349.54380016, 176816.65480468 ], [ 351382.54981884, 176816.65560304 ], [ 351385.99710733, 176859.87865308 ], [ 351399.54672033, 176866.64844913 ], [ 351482.54166083, 176866.65057528 ], [ 351485.62115908, 176909.37834738 ], [ 351499.53858532, 176916.6544065 ], [ 351532.53555986, 176916.65520618 ], [ 351532.53282444, 176949.6476158 ], [ 351539.80741279, 176963.56583578 ], [ 351582.53737321, 176966.64981876 ], [ 351582.53463128, 176999.64221257 ], [ 351599.53422577, 177016.6436254 ], [ 351649.54117713, 177016.64481806 ], [ 351666.54158251, 176999.64620034 ], [ 351666.54426531, 176966.65183811 ], [ 351709.25871359, 176963.57035876 ], [ 351716.53460881, 176949.65405091 ], [ 351716.54154058, 176866.6563884 ], [ 351732.53941845, 176866.65677882 ], [ 351735.61879948, 176909.3844782 ], [ 351749.53624391, 176916.6605629 ], [ 351799.54321493, 176916.6617736 ], [ 351813.46030518, 176909.38737957 ], [ 351816.54639622, 176866.65882845 ], [ 351859.27790215, 176863.57736577 ], [ 351866.55380375, 176849.66106398 ], [ 351866.55801003, 176799.66881341 ], [ 351849.55842797, 176782.66738306 ], [ 351816.55344587, 176782.66657177 ], [ 351813.47407527, 176739.93888398 ], [ 351799.55663699, 176732.66279444 ], [ 351766.55063808, 176732.66197681 ], [ 351766.55616465, 176666.66627982 ], [ 351799.56414844, 176666.66717586 ], [ 351816.56460986, 176649.66860311 ], [ 351816.57300501, 176549.6719853 ], [ 351799.57347292, 176532.67055811 ], [ 351766.56735309, 176532.66964976 ], [ 351763.4879084, 176489.95290068 ], [ 351749.57052181, 176482.67681378 ], [ 351716.57341898, 176482.67589928 ], [ 351713.49403765, 176439.9581434 ], [ 351699.57661654, 176432.68205087 ], [ 351566.57516374, 176432.67843888 ], [ 351566.58198326, 176349.68356501 ], [ 351549.58249832, 176332.68215455 ], [ 351516.58469883, 176332.68115493 ], [ 351516.58554522, 176316.67675441 ], [ 351549.58412475, 176316.67776499 ], [ 351566.58464537, 176299.67830348 ], [ 351566.58781282, 176199.67890733 ], [ 351549.5883382, 176182.67836888 ], [ 351499.59013365, 176182.67682373 ], [ 351482.58960829, 176199.67628585 ], [ 351482.58856405, 176232.68053964 ], [ 351466.58236054, 176232.6800792 ], [ 351466.58340365, 176199.67591555 ], [ 351449.5839292, 176182.67537827 ], [ 351266.58217824, 176182.67009675 ], [ 351266.58321109, 176149.67491877 ], [ 351249.58369, 176132.67438661 ], [ 351066.59104781, 176132.66923124 ], [ 351063.50954967, 176089.94904084 ], [ 351049.5924834, 176082.67340144 ], [ 350966.58813835, 176082.67105489 ], [ 350963.50671168, 176039.9408701 ], [ 350949.58963588, 176032.66521468 ], [ 350766.59584233, 176032.65995723 ], [ 350763.51433158, 175989.94080996 ], [ 350749.59729745, 175982.66516333 ], [ 350649.59285669, 175982.66221651 ], [ 350632.59237271, 175999.66173669 ], [ 350632.58996428, 176082.66150881 ], [ 350599.58383694, 176082.66057506 ], [ 350582.58335602, 176099.66006287 ], [ 350582.57951547, 176232.65527277 ], [ 350539.86458666, 176235.73680761 ], [ 350532.58895637, 176249.65387163 ], [ 350532.58803151, 176282.64916936 ], [ 350516.5818533, 176282.64872222 ], [ 350513.13252989, 176239.42223342 ], [ 350499.5832517, 176232.6528467 ], [ 350416.57788436, 176232.65052001 ], [ 350416.57832861, 176216.64611206 ], [ 350499.58369423, 176216.64844623 ], [ 350516.58417227, 176199.64892129 ], [ 350516.58649149, 176116.65816053 ], [ 350549.59264636, 176116.65916047 ], [ 350566.59316138, 176099.65963712 ], [ 350566.59548867, 176016.65985334 ], [ 350599.58568499, 176016.66079282 ], [ 350616.5861691, 175999.66127109 ], [ 350616.58757591, 175949.65588016 ], [ 350599.58806156, 175932.6554019 ], [ 350516.59163462, 175932.65296496 ], [ 350513.51009962, 175889.93267856 ], [ 350499.59304433, 175882.65704547 ], [ 350416.58750319, 175882.65466646 ], [ 350413.50596935, 175839.92541334 ], [ 350399.58894285, 175832.64977049 ], [ 350316.59245355, 175832.64728368 ], [ 350313.51091297, 175789.927019 ], [ 350299.59388873, 175782.65137714 ], [ 350166.59905676, 175782.64745638 ], [ 350166.59995376, 175749.65189293 ], [ 350149.60044339, 175732.65143078 ], [ 350049.5958777, 175732.6485502 ], [ 350032.59538796, 175749.64809402 ], [ 350032.59404641, 175799.64355142 ], [ 350039.86889789, 175813.56100398 ], [ 350082.59191152, 175816.64495217 ], [ 350082.59147956, 175832.64050376 ], [ 350049.59328859, 175832.6395652 ], [ 350036.04360587, 175839.40821638 ], [ 350032.59198581, 175882.64354245 ], [ 350016.593776, 175882.64309027 ], [ 350016.59715476, 175749.64746279 ], [ 349999.59764461, 175732.64700962 ], [ 349916.59200097, 175732.64455159 ], [ 349913.51032545, 175689.91504689 ], [ 349899.5932964, 175682.63944305 ], [ 349716.59203301, 175682.63396728 ], [ 349716.59281204, 175649.63822029 ], [ 349709.31794818, 175635.72081375 ], [ 349666.59492426, 175632.63685503 ], [ 349666.59563177, 175599.630993 ], [ 349659.32075775, 175585.71361624 ], [ 349616.58073205, 175582.62965817 ], [ 349616.58143374, 175549.63478117 ], [ 349599.58197074, 175532.63441965 ], [ 349499.5932962, 175532.63136112 ], [ 349482.59279318, 175549.63097156 ], [ 349482.59164756, 175599.62562866 ], [ 349499.59111364, 175616.6260182 ], [ 349532.58965073, 175616.6270546 ], [ 349532.58780084, 175699.62859261 ], [ 349549.58730716, 175716.628985 ], [ 349632.59299, 175716.63146107 ], [ 349632.59261505, 175732.63612842 ], [ 349589.85259344, 175735.71764888 ], [ 349582.57698193, 175749.63478085 ], [ 349582.57621481, 175782.63032825 ], [ 349566.58595163, 175782.62986975 ], [ 349566.58664695, 175749.63399178 ], [ 349549.58713756, 175732.63363353 ], [ 349499.58890236, 175732.63219063 ], [ 349482.58841176, 175749.63183537 ], [ 349482.58661162, 175832.62312211 ], [ 349399.58227112, 175832.62075648 ], [ 349382.5817866, 175849.62040738 ], [ 349382.57963323, 175949.62082669 ], [ 349399.57915492, 175966.62120975 ], [ 349499.58355558, 175966.62402332 ], [ 349516.58403385, 175949.62441236 ], [ 349516.58478894, 175916.62884613 ], [ 349532.58299476, 175916.62929906 ], [ 349532.58223386, 175949.62503767 ], [ 349539.85710993, 175963.54244338 ], [ 349582.57207273, 175966.62635758 ], [ 349582.57173292, 175982.63210107 ], [ 349539.85678378, 175985.71365809 ], [ 349532.58118103, 175999.63078733 ], [ 349532.57712986, 176182.62251669 ], [ 349449.58098872, 176182.62035771 ], [ 349432.58055999, 176199.61997214 ], [ 349432.57874354, 176282.62037293 ], [ 349389.84793034, 176285.70204915 ], [ 349382.57235319, 176299.61915832 ], [ 349382.56641957, 176432.62386732 ], [ 349339.84316828, 176435.70556069 ], [ 349332.56744409, 176449.62221131 ], [ 349332.56277395, 176532.61201521 ], [ 349289.3334593, 176536.06153805 ], [ 349282.56398303, 176549.61041272 ], [ 349282.55935023, 176632.61133916 ], [ 349239.83628858, 176635.69322168 ], [ 349232.56060999, 176649.60985608 ], [ 349232.55608085, 176732.61000526 ], [ 349199.55764688, 176732.60957511 ], [ 349182.55742529, 176749.60867563 ], [ 349182.55296782, 176832.60897953 ], [ 349139.83005117, 176835.69105881 ], [ 349132.55442893, 176849.60770333 ], [ 349132.55007507, 176932.60922997 ], [ 349049.54469468, 176932.61041687 ], [ 349035.99590698, 176939.37917652 ], [ 349032.54349593, 176982.60668976 ], [ 348999.54453988, 176982.60803702 ], [ 348985.99588453, 176989.37688287 ], [ 348982.54362733, 177032.61347036 ], [ 348949.54473524, 177032.6148465 ], [ 348932.54544421, 177049.61403063 ], [ 348932.5358506, 177249.61601733 ], [ 348949.53668835, 177266.61683235 ], [ 349349.52238348, 177266.60961866 ], [ 349366.52238348, 177249.61057278 ], [ 349366.52519001, 177199.60552055 ], [ 349349.52523596, 177182.60456642 ], [ 349316.52878482, 177182.60447726 ], [ 349313.08043134, 177139.37970523 ], [ 349299.53064689, 177132.61024469 ], [ 349266.53418811, 177132.61019792 ], [ 349266.53507281, 177116.60502298 ], [ 349449.533525, 177116.60577202 ], [ 349466.5335942, 177099.6067415 ], [ 349466.53547589, 177066.61087276 ], [ 349549.53126238, 177066.61136689 ], [ 349566.53137698, 177049.6123852 ], [ 349566.53634923, 176966.61282111 ], [ 349609.25117452, 176963.5307126 ], [ 349616.52682637, 176949.61418142 ], [ 349616.5319024, 176866.61380591 ], [ 349659.2718979, 176863.53175322 ], [ 349666.54756399, 176849.61521984 ], [ 349666.55261163, 176766.6160671 ], [ 349682.55031471, 176766.61630547 ], [ 349682.54307815, 176882.61917944 ], [ 349649.54460743, 176882.61882309 ], [ 349632.54442387, 176899.61778959 ], [ 349632.54138448, 176949.61252753 ], [ 349649.54124677, 176966.61356103 ], [ 349682.53780142, 176966.61382826 ], [ 349682.53682225, 176982.60844381 ], [ 349649.53837134, 176982.60819968 ], [ 349635.62136581, 176989.88288176 ], [ 349632.53623993, 177032.61175883 ], [ 349599.52087234, 177032.61160325 ], [ 349582.52079226, 177049.61057763 ], [ 349582.51578532, 177132.61109748 ], [ 349549.52544472, 177132.61098771 ], [ 349535.60848767, 177139.88569933 ], [ 349532.52341254, 177182.60478836 ], [ 349489.80059928, 177185.68727725 ], [ 349482.52504416, 177199.60379093 ], [ 349482.52314873, 177232.6096151 ], [ 349439.80036236, 177235.69215194 ], [ 349432.52484326, 177249.60873549 ], [ 349432.52313316, 177282.60536439 ], [ 349349.51981449, 177282.60542111 ], [ 349332.51982599, 177299.6046716 ], [ 349332.51616697, 177382.60755929 ], [ 349289.79366061, 177385.69037701 ], [ 349282.51824002, 177399.60702962 ], [ 349282.51679764, 177432.60450849 ], [ 349266.51973148, 177432.60462613 ], [ 349266.52116192, 177399.60873211 ], [ 349249.52108664, 177382.60799512 ], [ 349149.52672975, 177382.60843701 ], [ 349132.52680473, 177399.60774624 ], [ 349132.5247732, 177449.60469283 ], [ 349139.79985683, 177463.52254054 ], [ 349182.52113732, 177466.60514222 ], [ 349183.47175582, 177505.15356517 ], [ 349183.47175582, 177505.15356517 ] ], [ [ 349311.19830385, 177663.8396218 ], [ 349311.10050848, 177664.58931023 ], [ 349311.00848811, 177662.79093304 ], [ 349311.19830385, 177663.8396218 ], [ 349311.19830385, 177663.8396218 ] ] ], [ [ [ 353112.90638396, 181109.81461987 ], [ 353116.35909384, 181066.58639129 ], [ 353149.35274861, 181066.58760838 ], [ 353166.35337569, 181049.58855698 ], [ 353166.35616544, 180999.59231806 ], [ 353159.08155852, 180985.67454459 ], [ 353116.36345371, 180982.59008286 ], [ 353113.28289229, 180939.85806942 ], [ 353099.36583273, 180932.58217556 ], [ 352999.35421398, 180932.57836477 ], [ 352985.43671782, 180939.85302847 ], [ 352982.35212584, 180982.58499089 ], [ 352849.33919775, 180982.57996903 ], [ 352835.42163355, 180989.85473316 ], [ 352832.33749823, 181032.575613 ], [ 352699.34126993, 181032.57060475 ], [ 352682.34060847, 181049.57025236 ], [ 352682.33740476, 181199.57141679 ], [ 352699.33678279, 181216.57176793 ], [ 352782.33064739, 181216.57480421 ], [ 352782.33016073, 181232.58218333 ], [ 352649.32828971, 181232.57723189 ], [ 352632.32763562, 181249.57694814 ], [ 352632.32596838, 181349.58073587 ], [ 352639.09459376, 181363.13019948 ], [ 352682.3338685, 181366.58221589 ], [ 352682.33216785, 181449.58726109 ], [ 352699.33155501, 181466.58760913 ], [ 352732.32361162, 181466.58879845 ], [ 352732.32159403, 181549.58276463 ], [ 352749.32098495, 181566.58317764 ], [ 352782.32068201, 181566.58435994 ], [ 352782.31824717, 181649.58811324 ], [ 352789.59302139, 181663.50556774 ], [ 352832.31687915, 181666.58980029 ], [ 352835.76601344, 181709.82831818 ], [ 352849.31522049, 181716.59777861 ], [ 352899.3221996, 181716.59955365 ], [ 352913.23972362, 181709.32481057 ], [ 352916.32398673, 181666.59279135 ], [ 352932.32309247, 181666.59336097 ], [ 352935.40414192, 181709.32545788 ], [ 352949.3211769, 181716.6012284 ], [ 352982.32001431, 181716.60239961 ], [ 352982.31639612, 181799.60687601 ], [ 352999.31579645, 181816.60761676 ], [ 353099.32096367, 181816.61114404 ], [ 353116.32156321, 181799.61198315 ], [ 353116.32319243, 181766.60439924 ], [ 353199.32201353, 181766.60723515 ], [ 353216.32258079, 181749.60820731 ], [ 353216.32446777, 181716.61060308 ], [ 353299.33076842, 181716.61354762 ], [ 353316.33137139, 181699.61465264 ], [ 353316.34122799, 181549.60388127 ], [ 353309.06664374, 181535.6859664 ], [ 353266.33481995, 181532.60159354 ], [ 353266.33579934, 181516.60436602 ], [ 353309.06868611, 181513.52327935 ], [ 353316.34458359, 181499.60665873 ], [ 353316.34673341, 181466.60983958 ], [ 353359.57009757, 181463.16100468 ], [ 353366.33977703, 181449.61220204 ], [ 353366.34323121, 181399.60498367 ], [ 353359.0686713, 181385.68701793 ], [ 353316.35234337, 181382.6026177 ], [ 353316.3578247, 181299.59966585 ], [ 353309.08326308, 181285.68176364 ], [ 353266.35048052, 181282.59729118 ], [ 353262.90257569, 181239.36912759 ], [ 353249.3531923, 181232.59941076 ], [ 353216.3529326, 181232.59820794 ], [ 353216.35781084, 181149.59503323 ], [ 353199.35843416, 181132.59402031 ], [ 353066.34659228, 181132.58907693 ], [ 353066.34735961, 181116.58179464 ], [ 353099.35675706, 181116.58300865 ], [ 353112.90638396, 181109.81461987 ], [ 353112.90638396, 181109.81461987 ] ] ], [ [ [ 353489.59887869, 182085.7061806 ], [ 353482.32342381, 182099.62377926 ], [ 353482.32439615, 182199.6261032 ], [ 353489.59943215, 182213.54308131 ], [ 353532.3312936, 182216.62692722 ], [ 353532.33174711, 182282.62923604 ], [ 353489.09457815, 182286.07859623 ], [ 353482.32537182, 182299.62836263 ], [ 353482.32566159, 182332.62435415 ], [ 353439.08955142, 182336.07381372 ], [ 353432.32037905, 182349.62360378 ], [ 353432.32076465, 182382.62962812 ], [ 353389.59900753, 182385.71121996 ], [ 353382.32357482, 182399.62883494 ], [ 353382.3239901, 182432.623894 ], [ 353339.59436786, 182435.70557604 ], [ 353332.31895907, 182449.62318966 ], [ 353332.3196335, 182499.62985582 ], [ 353339.59470717, 182513.54677953 ], [ 353382.32508274, 182516.63055232 ], [ 353382.3261969, 182599.62465298 ], [ 353399.32572823, 182616.62443817 ], [ 353432.32340834, 182616.62534786 ], [ 353432.32359668, 182632.63109491 ], [ 353389.6022238, 182635.71281893 ], [ 353382.32682955, 182649.63044249 ], [ 353382.32756298, 182699.6271976 ], [ 353399.32713642, 182716.62694822 ], [ 353482.32939338, 182716.62909662 ], [ 353485.41245597, 182759.36090762 ], [ 353499.32933136, 182766.63618859 ], [ 353532.33562523, 182766.63700844 ], [ 353535.41870977, 182809.35788491 ], [ 353549.33558517, 182816.63315994 ], [ 353599.3232306, 182816.63438939 ], [ 353616.32364871, 182799.63423909 ], [ 353616.32335698, 182766.6391944 ], [ 353649.32055982, 182766.64001371 ], [ 353663.23818079, 182759.36487097 ], [ 353666.32084134, 182716.63387801 ], [ 353709.54838244, 182713.18438754 ], [ 353716.31758761, 182699.63471389 ], [ 353716.31747681, 182666.63865137 ], [ 353749.3299177, 182666.63955231 ], [ 353763.24754864, 182659.36445528 ], [ 353766.33036661, 182616.63467726 ], [ 353809.04441301, 182613.55355231 ], [ 353816.32002105, 182599.63608688 ], [ 353816.32013417, 182566.6404387 ], [ 353849.31773319, 182566.64214611 ], [ 353866.31861283, 182549.64227879 ], [ 353866.31978973, 182399.64352618 ], [ 353859.04500877, 182385.72644363 ], [ 353816.3206808, 182382.64177952 ], [ 353816.3209818, 182299.63786936 ], [ 353809.04611097, 182285.72079631 ], [ 353766.33003395, 182282.63645446 ], [ 353763.24740726, 182239.90559296 ], [ 353749.33055315, 182232.63018752 ], [ 353716.31635213, 182232.62915753 ], [ 353716.31618675, 182149.63554425 ], [ 353699.31672541, 182132.6355645 ], [ 353616.31945681, 182132.63293446 ], [ 353616.31934567, 182116.62733366 ], [ 353659.0426875, 182113.54582911 ], [ 353666.31817825, 182099.62831857 ], [ 353666.31804486, 182066.63234141 ], [ 353699.3154234, 182066.6334027 ], [ 353713.23313455, 182059.35830903 ], [ 353716.31586652, 182016.62737279 ], [ 353799.32129404, 182016.63057718 ], [ 353816.32202008, 181999.63064426 ], [ 353816.32215025, 181966.63575661 ], [ 353849.32268482, 181966.6372163 ], [ 353862.87265608, 181959.86853708 ], [ 353866.32377735, 181916.63137591 ], [ 353899.32463961, 181916.63282611 ], [ 353916.32538666, 181899.63352498 ], [ 353916.32744196, 181849.6367339 ], [ 353899.32815215, 181832.63603506 ], [ 353816.32599417, 181832.63250167 ], [ 353816.32764343, 181816.63632537 ], [ 353849.33027928, 181816.63776767 ], [ 353866.33102213, 181799.63952911 ], [ 353866.34138499, 181699.6351721 ], [ 353849.34212558, 181682.63341033 ], [ 353716.33326127, 181682.62803416 ], [ 353716.33480018, 181666.62092087 ], [ 353759.07551273, 181663.53987553 ], [ 353766.35157831, 181649.62372992 ], [ 353766.35658188, 181599.62765455 ], [ 353749.35718814, 181582.62595321 ], [ 353716.34291306, 181582.624776 ], [ 353716.34448514, 181566.61759694 ], [ 353849.35609681, 181566.62297383 ], [ 353866.35683356, 181549.62473638 ], [ 353866.3672013, 181449.63137885 ], [ 353859.09287128, 181435.71298625 ], [ 353816.36695082, 181432.6282565 ], [ 353812.92061543, 181389.39043806 ], [ 353799.37104606, 181382.62038058 ], [ 353649.36119347, 181382.61474252 ], [ 353635.44399668, 181389.88899994 ], [ 353632.35752898, 181432.62121655 ], [ 353549.36481676, 181432.61822902 ], [ 353535.447575, 181439.8925536 ], [ 353532.36141272, 181482.61381566 ], [ 353489.62722065, 181485.69484384 ], [ 353482.3512396, 181499.61125932 ], [ 353482.3485771, 181532.60925896 ], [ 353399.3408286, 181532.60635437 ], [ 353382.34022023, 181549.60511577 ], [ 353382.33781535, 181582.61296112 ], [ 353339.09890217, 181586.06180903 ], [ 353332.32922614, 181599.61061143 ], [ 353332.32577959, 181649.60683013 ], [ 353349.3251748, 181666.60800204 ], [ 353432.33068624, 181666.61095481 ], [ 353432.32422316, 181749.6146388 ], [ 353449.32362214, 181766.61597583 ], [ 353482.32961786, 181766.61714262 ], [ 353485.40908966, 181809.34884069 ], [ 353499.3263958, 181816.62494657 ], [ 353532.33299351, 181816.62604369 ], [ 353532.33164402, 181832.62224312 ], [ 353499.3234009, 181832.62114952 ], [ 353485.40584355, 181839.89599822 ], [ 353482.32201368, 181882.61739139 ], [ 353449.31595217, 181882.61623955 ], [ 353435.39816704, 181889.89137301 ], [ 353432.31567355, 181932.6224239 ], [ 353399.31830417, 181932.62134596 ], [ 353382.31774882, 181949.62155736 ], [ 353382.31837056, 181999.61720916 ], [ 353399.31781926, 182016.61699774 ], [ 353432.31660972, 182016.61806787 ], [ 353435.3996698, 182059.35004435 ], [ 353449.31644437, 182066.62535934 ], [ 353549.3294385, 182066.62857774 ], [ 353562.8793645, 182059.85968676 ], [ 353566.32972819, 182016.62251248 ], [ 353582.31875314, 182016.62303077 ], [ 353582.31914384, 182082.62624787 ], [ 353499.32396677, 182082.62359713 ], [ 353489.59887869, 182085.7061806 ], [ 353489.59887869, 182085.7061806 ] ] ], [ [ [ 357189.30978736, 182286.18395952 ], [ 357182.54000737, 182299.73183914 ], [ 357182.5293817, 182382.7373171 ], [ 357139.80914166, 182385.81938762 ], [ 357132.53317327, 182399.73499208 ], [ 357132.52894848, 182432.73273314 ], [ 357049.50667982, 182432.73236187 ], [ 357035.59011165, 182440.00648592 ], [ 357032.50237712, 182482.73892975 ], [ 356999.49824133, 182482.73878303 ], [ 356985.58167369, 182490.01290699 ], [ 356982.49393942, 182532.73535277 ], [ 356939.75759459, 182535.81742616 ], [ 356932.48162657, 182549.73302931 ], [ 356932.47739957, 182582.73184457 ], [ 356889.25095724, 182586.18158454 ], [ 356882.48118627, 182599.72945599 ], [ 356882.47695798, 182632.73730731 ], [ 356839.73961081, 182635.81938271 ], [ 356832.46364308, 182649.73498512 ], [ 356832.45941506, 182682.73373874 ], [ 356789.73116675, 182685.81581521 ], [ 356782.45519923, 182699.73141743 ], [ 356782.45096983, 182732.7401731 ], [ 356749.43882591, 182732.74003087 ], [ 356732.43875274, 182749.73841563 ], [ 356732.43021242, 182849.7451299 ], [ 356749.4300902, 182866.74641822 ], [ 356949.4475053, 182866.74775754 ], [ 356963.36442028, 182859.47320107 ], [ 356966.45012395, 182816.73853692 ], [ 357009.18577983, 182813.6564105 ], [ 357016.46156147, 182799.74028669 ], [ 357016.46452225, 182766.74128086 ], [ 357059.69843227, 182763.29145929 ], [ 357066.46818625, 182749.74359966 ], [ 357066.47241282, 182716.73485289 ], [ 357109.7148735, 182713.28503241 ], [ 357116.48462769, 182699.73717257 ], [ 357116.48885288, 182666.73842784 ], [ 357159.73141262, 182663.28860831 ], [ 357166.50116687, 182649.74074796 ], [ 357166.50539233, 182616.73293955 ], [ 357199.50149594, 182616.73315029 ], [ 357213.05027822, 182609.9652007 ], [ 357216.50582854, 182566.73654077 ], [ 357249.50985228, 182566.73679259 ], [ 357263.05865118, 182559.96884891 ], [ 357266.51420189, 182516.74037347 ], [ 357332.53439892, 182516.74129456 ], [ 357332.53019803, 182549.73604739 ], [ 357349.52993954, 182566.73821183 ], [ 357399.52354726, 182566.7389716 ], [ 357416.52380546, 182549.74113123 ], [ 357416.53428371, 182466.73567178 ], [ 357449.53773865, 182466.73615773 ], [ 357463.08664692, 182459.96822846 ], [ 357466.54210527, 182416.74058287 ], [ 357509.77599248, 182413.29106533 ], [ 357516.54579188, 182399.74311073 ], [ 357516.56241149, 182266.73179684 ], [ 357549.57378493, 182266.73218568 ], [ 357566.57398504, 182249.73429659 ], [ 357566.58429059, 182166.73872035 ], [ 357649.58900115, 182166.73959311 ], [ 357663.50568604, 182159.46546784 ], [ 357666.59327268, 182116.73391148 ], [ 357749.60685033, 182116.73476513 ], [ 357763.52353547, 182109.46063387 ], [ 357766.61109844, 182066.73795571 ], [ 357782.60347137, 182066.73809719 ], [ 357782.59942128, 182099.73313255 ], [ 357789.36765763, 182113.28410155 ], [ 357832.60775657, 182116.73558521 ], [ 357832.60378096, 182149.73970938 ], [ 357839.8782924, 182163.65851221 ], [ 357882.60313491, 182166.742065 ], [ 357882.59916925, 182199.73717548 ], [ 357899.59897247, 182216.73921869 ], [ 357949.60838449, 182216.73979723 ], [ 357963.15728152, 182209.97181173 ], [ 357966.61253781, 182166.7429829 ], [ 358049.61721332, 182166.74382394 ], [ 358066.61737198, 182149.7458185 ], [ 358066.6212447, 182116.73798165 ], [ 358099.62443461, 182116.73834811 ], [ 358116.62462327, 182099.74037199 ], [ 358116.63057555, 182049.74322897 ], [ 358099.63072639, 182032.74120509 ], [ 357966.62860428, 182032.73992624 ], [ 357963.5505799, 181990.0090879 ], [ 357949.63274173, 181982.73276799 ], [ 357816.61364846, 181982.73152204 ], [ 357816.61763229, 181949.73745625 ], [ 357799.61777472, 181932.73540361 ], [ 357649.6139542, 181932.73414853 ], [ 357632.61381215, 181949.73204747 ], [ 357632.60973388, 181982.72983876 ], [ 357589.36814407, 181986.17951052 ], [ 357582.59837903, 181999.72744926 ], [ 357582.59429043, 182032.73619521 ], [ 357549.59900162, 182032.73583776 ], [ 357535.68232643, 182040.0099607 ], [ 357532.59472039, 182082.7325619 ], [ 357416.58269085, 182082.73134447 ], [ 357413.50485787, 182040.01076779 ], [ 357399.5869656, 182032.73441386 ], [ 357349.59359918, 182032.73397296 ], [ 357332.59344939, 182049.73184298 ], [ 357332.58931489, 182082.73048379 ], [ 357289.3475936, 182086.18012212 ], [ 357282.57780433, 182099.72801632 ], [ 357282.57359363, 182132.73567979 ], [ 357199.55933697, 182132.73499855 ], [ 357182.55920972, 182149.73282218 ], [ 357182.54640846, 182249.72620005 ], [ 357189.82089425, 182263.6451132 ], [ 357232.54610487, 182266.72862569 ], [ 357232.54409041, 182282.73426555 ], [ 357189.30978736, 182286.18395952 ], [ 357189.30978736, 182286.18395952 ] ] ], [ [ [ 354909.01915409, 183335.79934507 ], [ 354866.29020979, 183332.71421869 ], [ 354866.29241962, 183149.70578514 ], [ 354849.29342294, 183132.70557933 ], [ 354699.30443047, 183132.69682836 ], [ 354682.30342733, 183149.69675853 ], [ 354682.3032918, 183182.70296389 ], [ 354666.30706924, 183182.70201605 ], [ 354666.30716076, 183149.69402543 ], [ 354659.03243872, 183135.77707053 ], [ 354616.31878369, 183132.69203172 ], [ 354616.31877509, 183116.69500942 ], [ 354659.03145483, 183113.61456699 ], [ 354666.3072006, 183099.69696169 ], [ 354666.30724168, 183049.69083082 ], [ 354649.30820234, 183032.69081689 ], [ 354566.31397304, 183032.68612737 ], [ 354563.2313059, 182989.96367154 ], [ 354549.31480307, 182982.68816086 ], [ 354499.30913278, 182982.68534831 ], [ 354485.39109179, 182989.96032939 ], [ 354482.30834676, 183032.68134749 ], [ 354299.31496741, 183032.6709443 ], [ 354282.31400722, 183049.67122504 ], [ 354282.31544489, 183132.67266286 ], [ 354149.32759532, 183132.66498544 ], [ 354132.32662666, 183149.66543702 ], [ 354132.32918465, 183249.66801532 ], [ 354149.3281735, 183266.66759721 ], [ 354232.32171386, 183266.67253334 ], [ 354232.32337085, 183349.67754461 ], [ 354249.32235122, 183366.67720507 ], [ 354432.31474946, 183366.68818095 ], [ 354432.31600507, 183499.68928769 ], [ 354439.59077424, 183513.60608077 ], [ 354482.31153553, 183516.69114366 ], [ 354485.39432399, 183559.42366213 ], [ 354499.31074309, 183566.69916782 ], [ 354599.31818075, 183566.70536667 ], [ 354616.3192515, 183549.70535426 ], [ 354616.31909094, 183416.69624072 ], [ 354632.30673478, 183416.69720399 ], [ 354632.30664731, 183449.70431261 ], [ 354649.30561884, 183466.70435764 ], [ 354699.30118521, 183466.70738227 ], [ 354716.30221368, 183449.70745003 ], [ 354716.30234517, 183416.70236475 ], [ 354899.29200829, 183416.7133908 ], [ 354916.29303263, 183399.7136517 ], [ 354916.29379985, 183349.71646002 ], [ 354909.01915409, 183335.79934507 ], [ 354909.01915409, 183335.79934507 ] ] ], [ [ [ 353840.4336294, 184773.99546802 ], [ 353848.4698985, 184802.55901168 ], [ 353850.73886114, 184864.84599924 ], [ 353882.37754757, 184866.70352374 ], [ 353882.37700456, 184999.7134832 ], [ 353889.65139933, 185013.63023275 ], [ 353932.37747615, 185016.71673907 ], [ 353932.37737161, 185032.72524904 ], [ 353889.14662128, 185036.17190788 ], [ 353882.37680127, 185049.72191748 ], [ 353882.37619416, 185199.72931749 ], [ 353889.14438222, 185213.27823904 ], [ 353932.37647317, 185216.73267933 ], [ 353932.37603451, 185299.74329547 ], [ 353939.14421503, 185313.29221893 ], [ 353982.36025975, 185316.74668422 ], [ 353985.44233892, 185359.47111196 ], [ 353999.35831842, 185366.74695406 ], [ 354082.35236803, 185366.75531348 ], [ 354082.35227414, 185382.76490177 ], [ 353949.37730494, 185382.75136677 ], [ 353932.37558727, 185399.75125688 ], [ 353932.37481983, 185549.75873151 ], [ 353949.37305246, 185566.75880689 ], [ 353982.35850046, 185566.76223616 ], [ 353982.35621735, 185649.77342849 ], [ 353999.35445201, 185666.77397604 ], [ 354099.3464878, 185666.78435957 ], [ 354112.89709004, 185660.01618512 ], [ 354116.34930945, 185616.77638063 ], [ 354199.33321017, 185616.78501571 ], [ 354216.33497921, 185599.78537868 ], [ 354216.33658506, 185499.77535246 ], [ 354209.56846539, 185486.22636825 ], [ 354166.35257822, 185482.77174995 ], [ 354166.35312716, 185416.7734891 ], [ 354299.3281321, 185416.78702564 ], [ 354313.2466645, 185409.51243004 ], [ 354316.33023703, 185366.77908316 ], [ 354399.32912061, 185366.78754432 ], [ 354416.33086718, 185349.78779379 ], [ 354416.33160064, 185299.78900805 ], [ 354399.33330798, 185282.78875875 ], [ 354316.33122295, 185282.78035679 ], [ 354316.33386463, 185049.76130204 ], [ 354299.33554587, 185032.76113581 ], [ 354166.35653686, 185032.74808513 ], [ 354166.35751181, 184916.73020258 ], [ 354282.3354342, 184916.74133292 ], [ 354282.33504436, 184949.75242115 ], [ 354299.33337367, 184966.75262183 ], [ 354382.33603145, 184966.76071313 ], [ 354382.33497497, 185049.77060882 ], [ 354399.33329343, 185066.77082504 ], [ 354449.31774876, 185066.77576917 ], [ 354466.31943029, 185049.77602746 ], [ 354466.31993162, 185016.76860847 ], [ 354599.31314439, 185016.7815553 ], [ 354613.23161559, 185009.50698802 ], [ 354616.31536824, 184966.78324363 ], [ 354649.29861313, 184966.78642023 ], [ 354666.30025039, 184949.7867445 ], [ 354666.30205811, 184849.77688066 ], [ 354649.30368493, 184832.77659037 ], [ 354516.31528544, 184832.76393173 ], [ 354513.23351905, 184790.02929708 ], [ 354499.31739069, 184782.75341996 ], [ 354216.34352311, 184782.72663518 ], [ 354216.34366561, 184766.7270029 ], [ 354249.3429975, 184766.73013917 ], [ 354262.89361102, 184759.96175104 ], [ 354266.34498875, 184716.73200714 ], [ 354309.56817119, 184713.2852198 ], [ 354316.33800163, 184699.73533449 ], [ 354316.33839294, 184666.72794558 ], [ 354399.33880621, 184666.7356176 ], [ 354416.3403776, 184649.7354961 ], [ 354416.34014163, 184616.73857601 ], [ 354459.04903612, 184613.65937863 ], [ 354466.32501422, 184599.74146083 ], [ 354466.32353733, 184416.73028644 ], [ 354499.31533118, 184416.73314171 ], [ 354516.31680244, 184399.73302321 ], [ 354516.31629019, 184316.72842987 ], [ 354559.0428837, 184313.64891411 ], [ 354566.31881085, 184299.73110296 ], [ 354566.31823015, 184149.72629821 ], [ 354549.31956777, 184132.72636374 ], [ 354249.3389462, 184132.70316756 ], [ 354232.33764347, 184149.7034416 ], [ 354232.33844958, 184199.70161217 ], [ 354239.61311654, 184213.61820861 ], [ 354282.33258701, 184216.70389202 ], [ 354282.33351808, 184282.70924815 ], [ 354199.33986366, 184282.70243063 ], [ 354182.3384538, 184299.70275738 ], [ 354182.34037736, 184399.707917 ], [ 354189.1088172, 184413.25663314 ], [ 354232.34205952, 184416.71037785 ], [ 354232.34394316, 184532.71370388 ], [ 354049.36432271, 184532.69735799 ], [ 354032.36281362, 184549.69777365 ], [ 354032.36478897, 184632.70159845 ], [ 354016.36382504, 184632.70011974 ], [ 354016.35901251, 184449.68790744 ], [ 353999.36049504, 184432.68837434 ], [ 353899.37384027, 184432.67975605 ], [ 353882.37239219, 184449.68029235 ], [ 353882.37809785, 184732.69556406 ], [ 353849.38684326, 184732.69242901 ], [ 353836.71225735, 184739.51044157 ], [ 353840.4336294, 184773.99546802 ], [ 353840.4336294, 184773.99546802 ] ] ], [ [ [ 355789.0545439, 184786.29310048 ], [ 355782.28503539, 184799.84272357 ], [ 355782.28460405, 184832.8508572 ], [ 355739.56115792, 184835.93137128 ], [ 355732.28536163, 184849.84876488 ], [ 355732.2848539, 184882.84804632 ], [ 355649.2873283, 184882.84355192 ], [ 355635.73727471, 184889.61213489 ], [ 355632.28589261, 184932.8525214 ], [ 355549.28035784, 184932.84800288 ], [ 355535.73028406, 184939.61657037 ], [ 355532.27886953, 184982.84705307 ], [ 355449.28925787, 184982.84257921 ], [ 355432.28835489, 184999.84225152 ], [ 355432.28771868, 185032.85064503 ], [ 355389.55502446, 185035.93116201 ], [ 355382.27920975, 185049.8484971 ], [ 355382.27856317, 185082.84793842 ], [ 355249.28157397, 185082.84080755 ], [ 355235.73152815, 185089.60934599 ], [ 355232.27996347, 185132.83993734 ], [ 355149.26608806, 185132.83555924 ], [ 355132.26519147, 185149.83516543 ], [ 355132.26442686, 185182.84370451 ], [ 355099.26570096, 185182.84196816 ], [ 355082.26480645, 185199.84156892 ], [ 355082.26363227, 185249.84161498 ], [ 355099.26270595, 185266.84201418 ], [ 355182.26986248, 185266.8464709 ], [ 355182.26841925, 185332.85554226 ], [ 355099.26227101, 185332.85120712 ], [ 355082.26138311, 185349.85080768 ], [ 355082.26060754, 185382.86046828 ], [ 355049.25270476, 185382.85874861 ], [ 355035.33489017, 185390.13350495 ], [ 355032.25103319, 185432.85791797 ], [ 354989.53603776, 185435.93853539 ], [ 354982.26022416, 185449.85579281 ], [ 354982.25689082, 185582.86482095 ], [ 354939.52424734, 185585.9452955 ], [ 354932.24837506, 185599.8624911 ], [ 354932.24545594, 185699.87214197 ], [ 354949.24451934, 185716.87262118 ], [ 355032.2436828, 185716.87699755 ], [ 355035.32513488, 185759.61243959 ], [ 355049.24192351, 185766.88818308 ], [ 355149.25011435, 185766.89317574 ], [ 355166.25098002, 185749.89364013 ], [ 355166.2557961, 185566.87405899 ], [ 355249.27031209, 185566.87835093 ], [ 355266.27119098, 185549.87870067 ], [ 355266.27187005, 185516.86910432 ], [ 355349.26228111, 185516.87340567 ], [ 355366.26316215, 185499.87374474 ], [ 355366.26382029, 185466.87527455 ], [ 355399.27068231, 185466.8769892 ], [ 355413.18851973, 185459.60219632 ], [ 355416.2722131, 185416.87786679 ], [ 355459.00504909, 185413.79723553 ], [ 355466.28083746, 185399.87991388 ], [ 355466.28244005, 185316.87147303 ], [ 355482.27373884, 185316.87230999 ], [ 355482.2731781, 185349.87190531 ], [ 355489.54788155, 185363.78908824 ], [ 355532.27223593, 185366.87391679 ], [ 355532.27193683, 185382.8839075 ], [ 355489.04174634, 185386.33233644 ], [ 355482.27222817, 185399.88190015 ], [ 355482.27166713, 185432.88130076 ], [ 355449.28085491, 185432.87958689 ], [ 355432.27997177, 185449.87925845 ], [ 355432.27803957, 185549.88826159 ], [ 355449.27716083, 185566.88859003 ], [ 355532.26867629, 185566.89287963 ], [ 355535.35043686, 185609.61810754 ], [ 355549.26714313, 185616.89379521 ], [ 355599.26669965, 185616.89636995 ], [ 355616.26757507, 185599.89670256 ], [ 355616.26909411, 185516.88724034 ], [ 355649.27591493, 185516.88895013 ], [ 355666.27679555, 185499.88922332 ], [ 355666.27840213, 185399.89027256 ], [ 355649.27928716, 185382.8899995 ], [ 355616.27128878, 185382.8882811 ], [ 355616.27328754, 185266.86944245 ], [ 355699.2792636, 185266.87379608 ], [ 355716.28015525, 185249.87402954 ], [ 355716.28060839, 185216.87475561 ], [ 355799.27850727, 185216.87918513 ], [ 355816.279401, 185199.87944186 ], [ 355816.28058835, 185116.87127254 ], [ 355859.01223939, 185113.79065322 ], [ 355866.28800977, 185099.87326735 ], [ 355866.28849749, 185066.87406794 ], [ 356049.29344933, 185066.88395743 ], [ 356066.29438329, 185049.88415335 ], [ 356066.29476365, 185016.87597095 ], [ 356182.29817362, 185016.87995733 ], [ 356185.74815484, 185060.11996002 ], [ 356199.29737997, 185066.88919511 ], [ 356249.30759282, 185066.8904175 ], [ 356266.30800835, 185049.89061222 ], [ 356266.30838641, 185016.88201081 ], [ 356309.04428353, 185013.80027398 ], [ 356316.31979392, 184999.88301239 ], [ 356316.3203666, 184949.88319055 ], [ 356309.04539656, 184935.96591623 ], [ 356266.30931462, 184932.88218897 ], [ 356266.31019956, 184849.8722242 ], [ 356259.54145088, 184836.32275606 ], [ 356216.30018181, 184832.87122258 ], [ 356212.85020072, 184789.63122003 ], [ 356199.3009756, 184782.86198491 ], [ 356149.29876347, 184782.86076257 ], [ 356132.29834789, 184799.86056775 ], [ 356132.29739665, 184882.86898143 ], [ 356049.29695201, 184882.86538986 ], [ 356035.74684619, 184889.6339978 ], [ 356032.29563129, 184932.874308 ], [ 355989.56414046, 184935.95492395 ], [ 355982.28838277, 184949.87235094 ], [ 355982.28799231, 184982.87144454 ], [ 355966.28882952, 184982.87056336 ], [ 355966.28923031, 184949.8699983 ], [ 355959.01452635, 184935.95289714 ], [ 355916.28138966, 184932.86796961 ], [ 355916.28221148, 184866.8582566 ], [ 355999.28862244, 184866.86279453 ], [ 356016.28956535, 184849.86299544 ], [ 356016.29074697, 184749.8543384 ], [ 355999.29169429, 184732.8541376 ], [ 355916.28397864, 184732.84951208 ], [ 355916.28817056, 184499.83233053 ], [ 355899.28911455, 184482.83193826 ], [ 355849.29813602, 184482.82916231 ], [ 355832.29719203, 184499.82880783 ], [ 355832.296504, 184532.82679892 ], [ 355789.56500836, 184535.90728369 ], [ 355782.2891819, 184549.82460958 ], [ 355782.28578859, 184749.84276956 ], [ 355789.56048313, 184763.75987967 ], [ 355832.29252713, 184766.84483109 ], [ 355832.29229111, 184782.84471495 ], [ 355789.0545439, 184786.29310048 ], [ 355789.0545439, 184786.29310048 ] ] ], [ [ [ 361109.48659283, 186386.14817924 ], [ 361099.76195612, 186383.06542236 ], [ 361016.75917288, 186383.06457776 ], [ 361013.67607527, 186340.3404468 ], [ 360999.75899295, 186333.0652437 ], [ 360966.7484626, 186333.06493229 ], [ 360966.74832858, 186317.05582375 ], [ 360999.75822176, 186317.05620286 ], [ 361016.758417, 186300.0560616 ], [ 361016.75717079, 186150.04984014 ], [ 361009.98820992, 186136.5005475 ], [ 360966.74668871, 186133.04959713 ], [ 360966.74599438, 186050.0420711 ], [ 360949.74619404, 186033.04221329 ], [ 360849.74360255, 186033.04103868 ], [ 360832.74340286, 186050.04118293 ], [ 360832.74368296, 186083.04998811 ], [ 360799.74278323, 186083.04960211 ], [ 360782.74258439, 186100.04974744 ], [ 360782.74329395, 186183.0466062 ], [ 360739.51925515, 186186.49672204 ], [ 360732.75020275, 186200.04636999 ], [ 360732.75116408, 186300.05361096 ], [ 360749.75096869, 186317.05343051 ], [ 360832.74580356, 186317.05438431 ], [ 360832.74643022, 186383.06258293 ], [ 360649.73051921, 186383.05955543 ], [ 360635.81291293, 186390.33475038 ], [ 360632.73042818, 186433.0671971 ], [ 360549.71538649, 186433.06522055 ], [ 360532.71498173, 186450.06535959 ], [ 360532.71606976, 186583.07196953 ], [ 360489.98837247, 186586.15381027 ], [ 360482.71297461, 186600.07132767 ], [ 360482.71380042, 186700.07836629 ], [ 360499.71339874, 186717.07822589 ], [ 360999.7614601, 186717.08644529 ], [ 361016.76161627, 186700.08631217 ], [ 361016.76057476, 186567.07062021 ], [ 361099.76278338, 186567.07155575 ], [ 361116.76297498, 186550.07142421 ], [ 361116.76179666, 186400.0652848 ], [ 361109.48659283, 186386.14817924 ], [ 361109.48659283, 186386.14817924 ] ] ], [ [ [ 359939.43313568, 186986.52841466 ], [ 359932.66401852, 187000.07815296 ], [ 359932.66438406, 187033.08660728 ], [ 359749.64415947, 187033.08242782 ], [ 359732.64376193, 187050.0825871 ], [ 359732.64536763, 187200.08896323 ], [ 359749.64500597, 187217.08876989 ], [ 359882.67109875, 187217.09176564 ], [ 359882.67296827, 187400.10762028 ], [ 359899.67257517, 187417.10743275 ], [ 359982.67140607, 187417.10928585 ], [ 359985.75447875, 187459.83252779 ], [ 359999.67140444, 187467.10778939 ], [ 360082.67819424, 187467.10960483 ], [ 360082.67941944, 187600.12636686 ], [ 360099.6790294, 187617.1262187 ], [ 360132.69173471, 187617.12697611 ], [ 360132.69255429, 187700.12562413 ], [ 360149.6921657, 187717.12544276 ], [ 360199.69522825, 187717.12658573 ], [ 360213.61284904, 187709.85139518 ], [ 360216.69533218, 187667.10783823 ], [ 360249.6979612, 187667.10859399 ], [ 360266.6983505, 187650.1084142 ], [ 360266.69739327, 187550.12128067 ], [ 360259.42228585, 187536.20425021 ], [ 360216.69407708, 187533.12073377 ], [ 360213.61108945, 187490.396521 ], [ 360199.69415017, 187483.12124098 ], [ 360166.69047323, 187483.12054691 ], [ 360166.69033451, 187467.11150921 ], [ 360199.69300349, 187467.11220467 ], [ 360216.69336174, 187450.11202419 ], [ 360216.69254499, 187367.10542847 ], [ 360249.69518396, 187367.10619261 ], [ 360263.61280882, 187359.83100344 ], [ 360266.69529229, 187317.10752385 ], [ 360282.69840847, 187317.10786296 ], [ 360285.78147169, 187359.83208632 ], [ 360299.6983978, 187367.10735034 ], [ 360449.71583702, 187367.11062331 ], [ 360466.71619657, 187350.11048131 ], [ 360466.71577894, 187300.11145968 ], [ 360449.71617311, 187283.11160169 ], [ 360416.71245255, 187283.11083643 ], [ 360416.71231777, 187267.11181366 ], [ 360459.94621464, 187263.66215252 ], [ 360466.71536138, 187250.11243818 ], [ 360466.71508581, 187217.10491973 ], [ 360509.44265733, 187214.02298387 ], [ 360516.71803427, 187200.10548069 ], [ 360516.71776121, 187167.10699776 ], [ 360559.4454198, 187164.02514144 ], [ 360566.72081451, 187150.1076272 ], [ 360566.72054387, 187117.09904514 ], [ 360609.96345366, 187113.64938927 ], [ 360616.73260249, 187100.09967716 ], [ 360616.73233438, 187067.10219672 ], [ 360649.73500012, 187067.1029679 ], [ 360666.73539736, 187050.10283106 ], [ 360666.73499481, 187000.09381679 ], [ 360649.73539268, 186983.09395364 ], [ 360416.70982653, 186983.08859951 ], [ 360416.7090282, 186900.09097832 ], [ 360399.70942741, 186883.09115536 ], [ 360316.69445716, 186883.08920593 ], [ 360316.69417469, 186850.07963423 ], [ 360309.92530734, 186836.53041606 ], [ 360266.69077761, 186833.07900338 ], [ 360263.23993133, 186789.84862874 ], [ 360249.69082736, 186783.07957498 ], [ 360216.68705882, 186783.07879742 ], [ 360216.68677164, 186750.07021838 ], [ 360209.91790411, 186736.52100249 ], [ 360166.68336464, 186733.06958747 ], [ 360163.60030306, 186690.34542988 ], [ 360149.68341091, 186683.07015419 ], [ 360099.67118282, 186683.06897222 ], [ 360082.67078105, 186700.0691226 ], [ 360082.67107295, 186733.067605 ], [ 360016.66458828, 186733.06604723 ], [ 360016.66441241, 186717.0670102 ], [ 360049.66715149, 186717.0677903 ], [ 360066.66755334, 186700.06760473 ], [ 360066.66656165, 186600.06046694 ], [ 360049.66696474, 186583.06061851 ], [ 359949.66039443, 186583.05824716 ], [ 359932.65999132, 186600.05843522 ], [ 359932.66356486, 186950.07901317 ], [ 359949.66316613, 186967.07882495 ], [ 359982.66692745, 186967.07959902 ], [ 359982.66707144, 186983.07867153 ], [ 359939.43313568, 186986.52841466 ], [ 359939.43313568, 186986.52841466 ] ] ], [ [ [ 356854.29045646, 189866.48266911 ], [ 356866.34235404, 189850.24124208 ], [ 356866.34197256, 189817.24345331 ], [ 357049.3655265, 189817.24423929 ], [ 357062.91511911, 189810.4751632 ], [ 357066.36521801, 189767.23525305 ], [ 357109.60780004, 189763.78483997 ], [ 357116.3767777, 189750.23519821 ], [ 357116.37639632, 189717.2363086 ], [ 357199.3835043, 189717.23676453 ], [ 357216.38361121, 189700.23660209 ], [ 357216.3832958, 189667.22867784 ], [ 357249.38671619, 189667.22881926 ], [ 357266.38678903, 189650.22862282 ], [ 357266.38573349, 189550.2204378 ], [ 357249.38580624, 189533.22060022 ], [ 357216.38178134, 189533.22045898 ], [ 357213.29861578, 189490.49639174 ], [ 357199.38147275, 189483.22122702 ], [ 357166.38554831, 189483.22108589 ], [ 357166.38516701, 189450.22275773 ], [ 357159.10991804, 189436.30567947 ], [ 357116.37324834, 189433.22274705 ], [ 357116.37309539, 189417.21365379 ], [ 357149.38451664, 189417.2137948 ], [ 357163.30190945, 189409.93847907 ], [ 357166.38420799, 189367.21470836 ], [ 357199.37969436, 189367.21484921 ], [ 357213.29708713, 189359.93953348 ], [ 357216.37938563, 189317.20686231 ], [ 357259.10773071, 189314.12425245 ], [ 357266.38294506, 189300.20680673 ], [ 357266.38236754, 189250.20764726 ], [ 357259.1071015, 189236.29055707 ], [ 357216.37845768, 189233.20770268 ], [ 357213.29538897, 189190.47362065 ], [ 357199.37823303, 189183.19843408 ], [ 357166.38226657, 189183.19828852 ], [ 357166.38212552, 189167.20008845 ], [ 357249.3811216, 189167.20056588 ], [ 357266.38123288, 189150.20040691 ], [ 357266.3809242, 189117.19145437 ], [ 357282.39358219, 189117.19152722 ], [ 357285.84454915, 189160.43185151 ], [ 357299.39389991, 189167.20078775 ], [ 357382.40150903, 189167.20110185 ], [ 357382.4029797, 189300.20778584 ], [ 357399.4029158, 189317.20758941 ], [ 357449.40655584, 189317.20777736 ], [ 357462.9561296, 189310.43871428 ], [ 357466.40630445, 189267.20868088 ], [ 357499.40971822, 189267.20880477 ], [ 357516.40978204, 189250.20860875 ], [ 357516.4088249, 189167.20150877 ], [ 357549.42030614, 189167.20163361 ], [ 357566.42037042, 189150.20143782 ], [ 357566.41979445, 189100.19235784 ], [ 357549.41985896, 189083.19255363 ], [ 357516.40795635, 189083.19242837 ], [ 357516.4077719, 189067.1932483 ], [ 357699.43031431, 189067.19384502 ], [ 357716.43034501, 189050.19364979 ], [ 357716.42862255, 188900.18721658 ], [ 357699.42868791, 188883.18741177 ], [ 357566.4173953, 188883.18690033 ], [ 357566.41701523, 188850.1785594 ], [ 357549.41708083, 188833.17875514 ], [ 357499.40543591, 188833.17856215 ], [ 357485.48804871, 188840.45387988 ], [ 357482.40575075, 188883.18657721 ], [ 357399.39859019, 188883.18635787 ], [ 357382.39855879, 188900.18655422 ], [ 357382.39945149, 188983.1945562 ], [ 357339.1729453, 188986.64498762 ], [ 357332.40397142, 189000.19462664 ], [ 357332.40435296, 189033.19254746 ], [ 357316.39260998, 189033.19248646 ], [ 357316.39222806, 189000.19404215 ], [ 357309.11696615, 188986.27695523 ], [ 357266.37947023, 188983.19408148 ], [ 357266.37916115, 188950.18465278 ], [ 357249.37924782, 188933.18481196 ], [ 357199.37567206, 188933.18455705 ], [ 357185.82607195, 188939.953625 ], [ 357182.37595171, 188983.19363401 ], [ 357099.36904727, 188983.19315596 ], [ 357082.36896286, 189000.19330152 ], [ 357082.3692454, 189033.19124878 ], [ 356999.3542694, 189033.19078168 ], [ 356982.35418724, 189050.19091812 ], [ 356982.35445211, 189083.18992471 ], [ 356899.34747341, 189083.18943463 ], [ 356882.3473595, 189100.18956196 ], [ 356882.34800837, 189200.19710194 ], [ 356899.34793315, 189217.19700868 ], [ 357032.35920681, 189217.19766285 ], [ 357032.36002119, 189300.20621129 ], [ 357049.35991467, 189317.20604976 ], [ 357082.37197393, 189317.20625662 ], [ 357082.37215887, 189333.21434971 ], [ 357039.6358133, 189336.29695942 ], [ 357032.36059894, 189350.21440522 ], [ 357032.36206979, 189483.22051265 ], [ 357016.35837996, 189483.2204442 ], [ 357016.35799862, 189450.2220164 ], [ 356999.35807129, 189433.22221285 ], [ 356949.34641497, 189433.22199905 ], [ 356935.42903394, 189440.49729774 ], [ 356932.34665764, 189483.22005079 ], [ 356889.62639617, 189486.30258236 ], [ 356882.35116468, 189500.22004009 ], [ 356882.352058, 189583.22805391 ], [ 356849.33967092, 189583.22784649 ], [ 356832.3395641, 189600.22804299 ], [ 356832.34045752, 189683.23505643 ], [ 356799.3370711, 189683.23484885 ], [ 356785.41965161, 189690.51015376 ], [ 356782.33734565, 189733.23393405 ], [ 356739.6010004, 189736.31654287 ], [ 356732.32578587, 189750.23398887 ], [ 356732.32694201, 189850.2412053 ], [ 356758.17809887, 189867.2410468 ], [ 356854.29045646, 189866.48266911 ], [ 356854.29045646, 189866.48266911 ] ] ], [ [ [ 360344.5158207, 194194.01019168 ], [ 360350.40923634, 194217.5269969 ], [ 360382.77354314, 194217.52727609 ], [ 360382.77444824, 194327.71616421 ], [ 360394.97082302, 194338.01655122 ], [ 360382.77458876, 194344.81926851 ], [ 360382.77514842, 194400.74988489 ], [ 360404.25465368, 194508.22124247 ], [ 360365.92969681, 194524.6453949 ], [ 360355.9911486, 194546.3513061 ], [ 360375.39177737, 194592.84799656 ], [ 360400.84226445, 194586.79148424 ], [ 360446.37067651, 194702.57811392 ], [ 360464.08782151, 194756.23729332 ], [ 360472.774364, 194770.80893098 ], [ 360502.86819147, 194850.9806409 ], [ 360575.13430712, 195032.53630213 ], [ 360594.44943326, 195067.58794832 ], [ 360699.80193523, 195067.58865465 ], [ 360713.35152452, 195060.81961366 ], [ 360716.80176363, 195017.5797631 ], [ 360799.81365171, 195017.58040129 ], [ 360813.36326607, 195010.81137282 ], [ 360816.81351979, 194967.58139726 ], [ 360949.81521407, 194967.5816039 ], [ 360966.81522752, 194950.58146954 ], [ 360966.81496666, 194917.57360088 ], [ 361049.82511221, 194917.57376791 ], [ 361066.82515993, 194900.57363545 ], [ 361066.82490279, 194867.57470133 ], [ 361149.82598895, 194867.5748357 ], [ 361166.82600295, 194850.57470514 ], [ 361166.82574944, 194817.56587098 ], [ 361209.55900353, 194814.48322845 ], [ 361216.83423807, 194800.5658704 ], [ 361216.83143843, 194400.54690671 ], [ 361209.55616758, 194386.62974438 ], [ 361166.82268715, 194383.54699639 ], [ 361163.37187668, 194340.3169506 ], [ 361149.82249378, 194333.54798516 ], [ 361116.82168802, 194333.54788019 ], [ 361116.82144023, 194300.53870447 ], [ 361109.54616998, 194286.62154282 ], [ 361066.82068789, 194283.53879176 ], [ 361063.36987709, 194240.30974114 ], [ 361049.82049532, 194233.54077539 ], [ 361016.8196869, 194233.54066774 ], [ 361016.81943855, 194200.53148654 ], [ 361009.54418596, 194186.61433746 ], [ 360966.80968469, 194183.53150545 ], [ 360966.8094361, 194150.53232181 ], [ 360949.80945893, 194133.53244987 ], [ 360866.80805561, 194133.53227237 ], [ 360863.72504247, 194090.79940601 ], [ 360849.80786393, 194083.52421195 ], [ 360816.8070513, 194083.52410025 ], [ 360816.80655234, 194017.51609095 ], [ 360849.80709248, 194017.51620521 ], [ 360866.80715134, 194000.51607687 ], [ 360866.80639647, 193900.51907066 ], [ 360849.80645666, 193883.51919899 ], [ 360816.80563834, 193883.51908215 ], [ 360813.35484534, 193840.27900883 ], [ 360799.80553144, 193833.51001471 ], [ 360766.81123898, 193833.50973345 ], [ 360766.81096889, 193800.51142604 ], [ 360760.04200441, 193786.96212863 ], [ 360716.79248924, 193783.51119863 ], [ 360716.79221691, 193750.50184453 ], [ 360709.5170272, 193736.58475145 ], [ 360666.78983335, 193733.50161733 ], [ 360663.70681999, 193690.77763122 ], [ 360649.7897487, 193683.50240177 ], [ 360399.76921945, 193683.49980982 ], [ 360382.76902957, 193700.49999095 ], [ 360382.769848, 193783.50778876 ], [ 360340.04304384, 193786.59012143 ], [ 360332.76775588, 193800.50757041 ], [ 360332.7680438, 193833.50536898 ], [ 360299.7581442, 193833.5050032 ], [ 360282.75795582, 193850.50514712 ], [ 360282.75879898, 193950.51331906 ], [ 360290.03400805, 193964.43042313 ], [ 360332.76916674, 193967.51347199 ], [ 360332.77067322, 194136.91405882 ], [ 360344.5158207, 194194.01019168 ], [ 360344.5158207, 194194.01019168 ] ] ], [ [ [ 365440.10046138, 154265.30523482 ], [ 365452.11255411, 154295.58715566 ], [ 365470.37312602, 154315.4192873 ], [ 365464.60202108, 154360.02502176 ], [ 365473.31587243, 154400.04293468 ], [ 365469.50938877, 154449.5115299 ], [ 365473.18557428, 154473.31345062 ], [ 365469.12592517, 154519.33624108 ], [ 365445.78216156, 154664.67507135 ], [ 365482.79476647, 154665.93858138 ], [ 365482.79320883, 154698.9451783 ], [ 365499.79218102, 154715.94598053 ], [ 365682.80740141, 154715.95714473 ], [ 365682.80359486, 154798.94901846 ], [ 365689.57187007, 154812.4987006 ], [ 365732.80428047, 154815.95177503 ], [ 365732.80355963, 154831.95809497 ], [ 365299.77327649, 154831.93184061 ], [ 365285.85546714, 154839.2063418 ], [ 365282.77065688, 154881.92720195 ], [ 365216.75864869, 154881.92322924 ], [ 365216.76021209, 154848.92662011 ], [ 365209.4857411, 154835.00908377 ], [ 365166.7595311, 154831.9238261 ], [ 365163.67860168, 154789.19208349 ], [ 365149.7611855, 154781.91640667 ], [ 365116.76043115, 154781.91610456 ], [ 365113.67952232, 154739.19605353 ], [ 365099.76192002, 154731.92043257 ], [ 364999.75112343, 154731.92084436 ], [ 364982.75119341, 154748.92004856 ], [ 364982.74737421, 154831.92293898 ], [ 364940.02066002, 154835.00575877 ], [ 364932.74523589, 154848.92239902 ], [ 364932.74376468, 154881.91972718 ], [ 364849.74029222, 154881.92019544 ], [ 364832.74037459, 154898.91973625 ], [ 364832.7390238, 154948.92693504 ], [ 364849.73909641, 154965.92739424 ], [ 365132.75435322, 154965.92658108 ], [ 365132.75389438, 154981.92517859 ], [ 365090.02752442, 154985.00737805 ], [ 365082.75203779, 154998.92433471 ], [ 365082.74776712, 155148.92910141 ], [ 365099.74756905, 155165.9295853 ], [ 365249.76086481, 155165.93657247 ], [ 365266.76195344, 155148.93699682 ], [ 365266.76402462, 155065.94127893 ], [ 365309.49032749, 155062.8611048 ], [ 365316.76623774, 155048.94377898 ], [ 365316.76703186, 155015.93568829 ], [ 365332.76879249, 155015.93669678 ], [ 365332.76802728, 155048.94614433 ], [ 365349.76698415, 155065.94653839 ], [ 365399.78477484, 155065.94960752 ], [ 365416.78581796, 155048.94995273 ], [ 365416.78750311, 154965.94316466 ], [ 365432.78115471, 154965.94413537 ], [ 365432.78057989, 154998.94367549 ], [ 365440.0552057, 155012.86081171 ], [ 365482.78194586, 155015.94598591 ], [ 365482.78139949, 155048.95566378 ], [ 365499.78035599, 155065.95594513 ], [ 365549.78214773, 155065.95901435 ], [ 365566.78319122, 155048.95928085 ], [ 365566.78370863, 155015.95121335 ], [ 365682.79786866, 155015.95846147 ], [ 365682.79619808, 155181.97329705 ], [ 365666.79418808, 155181.97226617 ], [ 365663.71216493, 155139.23788602 ], [ 365649.7956719, 155131.96219862 ], [ 365599.78469105, 155131.95899443 ], [ 365582.78360187, 155148.95877626 ], [ 365582.78317831, 155181.96682063 ], [ 365549.78196539, 155181.96462889 ], [ 365532.78083635, 155198.9643956 ], [ 365532.77857648, 155348.97007377 ], [ 365549.77746397, 155365.97034138 ], [ 365699.79329775, 155365.98035902 ], [ 365713.71139026, 155358.70557708 ], [ 365716.79481112, 155315.98247734 ], [ 365732.79707315, 155315.98351927 ], [ 365735.8792359, 155358.70806871 ], [ 365749.79568855, 155365.98373188 ], [ 365882.81171426, 155365.99260505 ], [ 365885.89404784, 155408.72617271 ], [ 365899.81044204, 155416.00180917 ], [ 365932.81398501, 155416.00404723 ], [ 365932.81378336, 155549.01260829 ], [ 365949.81257899, 155566.0126214 ], [ 366049.8179834, 155566.0196065 ], [ 366066.81915384, 155549.01955589 ], [ 366066.81895534, 155449.01117359 ], [ 366049.82011412, 155432.01119046 ], [ 366016.81640538, 155432.00894082 ], [ 366016.81638711, 155299.00120547 ], [ 366009.54170156, 155285.0843254 ], [ 365966.81418353, 155281.99905846 ], [ 365966.81420724, 155248.98878861 ], [ 365949.81530858, 155231.98877642 ], [ 365816.79991899, 155231.98005971 ], [ 365816.80003638, 155215.98203063 ], [ 365849.80909267, 155215.98415737 ], [ 365866.81018797, 155198.98423304 ], [ 365866.81055693, 155115.97705932 ], [ 365882.81251123, 155115.97807948 ], [ 365885.8948611, 155158.70260528 ], [ 365899.81130399, 155165.97822125 ], [ 365949.81328774, 155165.98142634 ], [ 365966.81437743, 155148.98143802 ], [ 365966.81440004, 155115.98343514 ], [ 365982.8163554, 155115.98445543 ], [ 365986.26662297, 155159.21536901 ], [ 365999.8152719, 155165.98473161 ], [ 366132.83133391, 155165.99325903 ], [ 366132.8315587, 155199.00370858 ], [ 366149.83046285, 155216.00359278 ], [ 366249.83448984, 155216.01013939 ], [ 366263.38485818, 155209.24143299 ], [ 366266.83533711, 155166.00185134 ], [ 366282.84537379, 155166.00287792 ], [ 366285.92838258, 155208.73798141 ], [ 366299.84499677, 155216.01336326 ], [ 366482.85870607, 155216.02139614 ], [ 366482.85922804, 155249.02083337 ], [ 366499.85848276, 155266.02056446 ], [ 366699.87246122, 155266.0293331 ], [ 366716.87320648, 155249.02899097 ], [ 366716.87119346, 155149.02088744 ], [ 366699.87190026, 155132.02122968 ], [ 366666.86173234, 155132.01985722 ], [ 366666.86145134, 155116.02034393 ], [ 366732.87160643, 155116.02321192 ], [ 366732.87339173, 155199.03331932 ], [ 366739.64216535, 155212.58226127 ], [ 366782.87497933, 155216.03440989 ], [ 366782.87574757, 155249.03401336 ], [ 366799.8750022, 155266.03361758 ], [ 366999.88788854, 155266.04238723 ], [ 367016.88863395, 155249.04195223 ], [ 367016.88506376, 155116.0353528 ], [ 367099.88702766, 155116.03895966 ], [ 367116.88776639, 155099.03843667 ], [ 367116.88675123, 155066.041058 ], [ 367159.61980153, 155062.9598233 ], [ 367166.89523602, 155049.04192308 ], [ 367166.89376844, 154999.03231187 ], [ 367149.89446869, 154982.03281076 ], [ 367066.88233167, 154982.02932535 ], [ 367063.43087419, 154938.79800404 ], [ 367049.88209904, 154932.02899333 ], [ 366966.87917704, 154932.02551916 ], [ 366966.87907826, 154866.01934901 ], [ 367010.11068659, 154862.57062776 ], [ 367016.88024482, 154849.02139474 ], [ 367016.88150888, 154816.01427988 ], [ 367049.88216161, 154816.01558895 ], [ 367063.43192068, 154809.24708938 ], [ 367066.88402339, 154766.02008468 ], [ 367182.89525606, 154766.02451824 ], [ 367182.89241241, 154849.02820413 ], [ 367190.16712004, 154862.94569603 ], [ 367232.8929227, 154866.03012991 ], [ 367235.97485365, 154908.75317963 ], [ 367249.89167962, 154916.02878184 ], [ 367432.90439142, 154916.03643929 ], [ 367432.90560692, 154949.04644584 ], [ 367449.90603283, 154966.04581986 ], [ 367549.91302172, 154966.04197878 ], [ 367563.82983372, 154958.76613247 ], [ 367566.91087543, 154916.03232481 ], [ 367609.63387078, 154912.94762701 ], [ 367616.90874223, 154899.03084566 ], [ 367616.9091909, 154866.03150713 ], [ 367782.91107495, 154866.02288852 ], [ 367785.99322581, 154908.74521699 ], [ 367799.91129648, 154916.02034837 ], [ 367899.90823134, 154916.01516522 ], [ 367916.90735017, 154899.01552476 ], [ 367916.90804804, 154866.01593057 ], [ 367999.91528066, 154866.01162011 ], [ 368016.91439786, 154849.01250439 ], [ 368016.91699901, 154799.00492387 ], [ 367999.91611787, 154782.00403963 ], [ 367866.9130124, 154782.01093372 ], [ 367863.83191453, 154739.29058306 ], [ 367849.91368489, 154732.0152205 ], [ 367816.91656673, 154732.01692764 ], [ 367813.83535306, 154689.29554574 ], [ 367799.91714244, 154682.0202081 ], [ 367766.9119551, 154682.02191232 ], [ 367766.91337635, 154649.01591825 ], [ 367759.63792861, 154635.09777643 ], [ 367716.91511003, 154632.01688699 ], [ 367716.91643249, 154599.02083617 ], [ 367699.91559194, 154582.02015484 ], [ 367616.9190489, 154582.02432453 ], [ 367613.83752686, 154539.29385247 ], [ 367599.91936722, 154532.01858116 ], [ 367449.91307943, 154532.02521916 ], [ 367435.99642138, 154539.30036365 ], [ 367432.91258536, 154582.03126363 ], [ 367399.91200118, 154582.03016415 ], [ 367382.9114348, 154599.0296235 ], [ 367382.90879503, 154682.0346037 ], [ 367366.90815411, 154682.03401947 ], [ 367363.45902718, 154638.79541267 ], [ 367349.90982453, 154632.0259488 ], [ 367316.91713503, 154632.02476412 ], [ 367316.92144683, 154499.02334332 ], [ 367299.92199232, 154482.02279223 ], [ 367249.9055082, 154482.02118733 ], [ 367235.98802246, 154489.29595846 ], [ 367232.90381678, 154532.01802237 ], [ 367116.89403571, 154532.01413124 ], [ 367116.89521241, 154499.0169816 ], [ 367099.89575751, 154482.01637538 ], [ 366999.89359152, 154482.01316923 ], [ 366982.89304655, 154499.01255244 ], [ 366982.89184935, 154532.00965444 ], [ 366966.89129042, 154532.00913199 ], [ 366966.89439343, 154449.00517797 ], [ 366949.89492791, 154432.00455602 ], [ 366916.88648754, 154432.00351827 ], [ 366916.88710975, 154416.00752717 ], [ 366959.62052227, 154412.92613475 ], [ 366966.89622263, 154399.009167 ], [ 366966.89805169, 154349.01205568 ], [ 366949.89853171, 154332.01143377 ], [ 366916.89027669, 154332.01050174 ], [ 366916.89156024, 154299.0037011 ], [ 366910.12297358, 154285.45388989 ], [ 366866.89170647, 154282.00219424 ], [ 366866.89495973, 154198.99962054 ], [ 366849.89540887, 154181.99895429 ], [ 366766.89485893, 154181.99682772 ], [ 366766.89549583, 154166.00002498 ], [ 366809.62078974, 154162.91836985 ], [ 366816.89644586, 154149.00148218 ], [ 366816.89972422, 154065.99851486 ], [ 366832.90000581, 154065.9988447 ], [ 366836.34899744, 154109.22672581 ], [ 366849.89841798, 154115.99614854 ], [ 366882.89840992, 154115.9968489 ], [ 366882.89719282, 154149.002566 ], [ 366899.8967877, 154166.00319288 ], [ 366982.90522424, 154166.00517125 ], [ 366985.98645206, 154208.7269382 ], [ 366999.90361215, 154216.00261941 ], [ 367082.90520138, 154216.0047148 ], [ 367085.9864507, 154258.73668812 ], [ 367099.90359902, 154266.01236732 ], [ 367182.91227508, 154266.01451391 ], [ 367185.99361661, 154308.73556556 ], [ 367199.91071487, 154316.01123657 ], [ 367282.92747798, 154316.01353443 ], [ 367286.00883339, 154358.74574762 ], [ 367299.92589342, 154366.02142744 ], [ 367382.91884266, 154366.023876 ], [ 367386.00022001, 154408.74616132 ], [ 367399.91726829, 154416.0218392 ], [ 367432.91774577, 154416.02285923 ], [ 367432.91677304, 154449.01949533 ], [ 367449.91732902, 154466.01999648 ], [ 367532.92400511, 154466.01667296 ], [ 367536.00555701, 154508.74815159 ], [ 367549.92368323, 154516.0234259 ], [ 367632.92061337, 154516.01927213 ], [ 367632.91938898, 154549.01538297 ], [ 367649.92022792, 154566.01601376 ], [ 367732.91685233, 154566.01185178 ], [ 367736.36592111, 154609.24851676 ], [ 367749.91630476, 154616.01758249 ], [ 367849.92229848, 154616.01243732 ], [ 367863.83860823, 154608.73732144 ], [ 367866.92297802, 154566.00500398 ], [ 367909.64774578, 154562.92053333 ], [ 367916.92282424, 154549.00419287 ], [ 367916.92441162, 154516.00491426 ], [ 367932.92358968, 154516.00409404 ], [ 367932.92196949, 154548.99997232 ], [ 367939.69111433, 154562.55037567 ], [ 367982.92912869, 154565.99911187 ], [ 367982.92829501, 154582.00569346 ], [ 367939.68829558, 154585.45801578 ], [ 367932.91941494, 154599.00652364 ], [ 367932.91772948, 154632.00585301 ], [ 367899.9171396, 154632.00755423 ], [ 367882.91801598, 154649.00673722 ], [ 367882.91561273, 154699.01432697 ], [ 367899.91649069, 154716.01514394 ], [ 367932.91354016, 154716.01343977 ], [ 367932.91185577, 154749.00927884 ], [ 367949.9127353, 154766.01014665 ], [ 367999.92048014, 154766.00755933 ], [ 368016.91960056, 154749.00844416 ], [ 368016.92392116, 154666.00152249 ], [ 368032.92274812, 154666.00069765 ], [ 368032.91824477, 154749.00403636 ], [ 368049.91912447, 154766.00497213 ], [ 368182.9213531, 154765.99808959 ], [ 368186.00194564, 154808.71829817 ], [ 368199.92025379, 154815.99377095 ], [ 368482.91859026, 154815.97909632 ], [ 368482.91621368, 154848.98452361 ], [ 368499.91709693, 154865.98574768 ], [ 368582.92056878, 154865.98143501 ], [ 368582.92021589, 154948.98810899 ], [ 368599.92104542, 154965.98781925 ], [ 368782.92268951, 154965.97902519 ], [ 368782.92295145, 154981.97878044 ], [ 368749.92157957, 154981.98037541 ], [ 368732.92240119, 154998.98065514 ], [ 368732.92383328, 155081.9896974 ], [ 368699.92235295, 155081.99139419 ], [ 368686.00565383, 155089.26706962 ], [ 368682.92383904, 155131.99207903 ], [ 368666.92295572, 155131.99291034 ], [ 368663.83938066, 155089.26878547 ], [ 368649.9215314, 155081.99396463 ], [ 368599.92209885, 155081.99653959 ], [ 368582.92297435, 155098.99682973 ], [ 368582.92478149, 155199.00654403 ], [ 368599.92566432, 155216.0062198 ], [ 368632.92445296, 155216.0045061 ], [ 368632.92555094, 155282.01327295 ], [ 368590.20129156, 155285.09810703 ], [ 368582.92658978, 155299.01529048 ], [ 368582.92807463, 155382.0246503 ], [ 368499.9235796, 155382.02880001 ], [ 368486.37461933, 155388.79824094 ], [ 368482.9250757, 155432.02956867 ], [ 368439.69604718, 155435.48210276 ], [ 368432.9275457, 155449.0315375 ], [ 368432.92822024, 155482.03188836 ], [ 368249.92710634, 155482.04113378 ], [ 368236.01036902, 155489.31685572 ], [ 368232.928774, 155532.05178447 ], [ 368149.94056476, 155532.05595128 ], [ 368132.94143187, 155549.05641222 ], [ 368132.94493903, 155682.06521365 ], [ 368099.93080987, 155682.06682477 ], [ 368082.93163948, 155699.06729352 ], [ 368082.93301846, 155749.07610142 ], [ 368099.93384697, 155766.07563263 ], [ 368132.94718431, 155766.07402366 ], [ 368132.94801388, 155799.07343325 ], [ 368149.94884151, 155816.07300587 ], [ 368282.93378524, 155816.06646577 ], [ 368282.94076423, 155949.0732813 ], [ 368299.94151139, 155966.07234985 ], [ 368332.93951212, 155966.07089951 ], [ 368332.94039912, 155982.08012912 ], [ 368290.21798206, 155985.1647423 ], [ 368282.94340362, 155999.08247864 ], [ 368282.94521112, 156032.08042455 ], [ 368216.94932999, 156032.08306639 ], [ 368216.94257659, 155899.07686935 ], [ 368199.94181236, 155882.07774547 ], [ 368099.93823181, 155882.08234121 ], [ 368086.02128578, 155889.35826326 ], [ 368082.94068924, 155932.08189343 ], [ 367949.93828446, 155932.08774757 ], [ 367932.93903285, 155949.08853608 ], [ 367932.94056391, 155982.09693826 ], [ 367849.94488576, 155982.10041325 ], [ 367836.02791638, 155989.37622556 ], [ 367832.94694115, 156032.09845613 ], [ 367799.94909324, 156032.09978003 ], [ 367782.9497753, 156049.10046827 ], [ 367782.95179992, 156099.10868033 ], [ 367789.72134547, 156112.65786675 ], [ 367832.95052917, 156116.10670011 ], [ 367836.03507664, 156158.82971657 ], [ 367849.95256665, 156166.1043942 ], [ 367949.94862316, 156166.10077761 ], [ 367966.9480084, 156149.1000234 ], [ 367966.94432565, 156066.09308229 ], [ 367999.95111896, 156066.09175921 ], [ 368013.86812446, 156058.81591912 ], [ 368016.9489523, 156016.0934213 ], [ 368132.95862484, 156016.08852894 ], [ 368132.95940703, 156032.08642991 ], [ 368090.22100956, 156035.1709048 ], [ 368082.94637094, 156049.08857239 ], [ 368082.94796367, 156082.09718547 ], [ 368040.22545286, 156085.18154242 ], [ 368032.95078567, 156099.09921919 ], [ 368032.95473781, 156182.09541371 ], [ 367990.23208445, 156185.17968562 ], [ 367982.95738656, 156199.09733885 ], [ 367982.95963563, 156249.10594289 ], [ 367999.96018307, 156266.10517833 ], [ 368032.95863689, 156266.10411568 ], [ 368036.04333268, 156308.82754307 ], [ 368049.96070436, 156316.10221986 ], [ 368149.97328625, 156316.09919791 ], [ 368166.97275569, 156299.0983334 ], [ 368166.97107759, 156266.09980245 ], [ 368199.96095324, 156266.09874105 ], [ 368213.51031973, 156259.32914321 ], [ 368216.95870684, 156216.08914604 ], [ 368249.95659103, 156216.08798685 ], [ 368263.50592363, 156209.31836744 ], [ 368266.95427379, 156166.08932686 ], [ 368349.95019774, 156166.08623228 ], [ 368363.86729125, 156158.8103145 ], [ 368366.94772267, 156116.08635877 ], [ 368449.952446, 156116.08318532 ], [ 368463.86953445, 156108.8072517 ], [ 368466.94991274, 156066.07306383 ], [ 368482.94782735, 156066.07242418 ], [ 368482.94978391, 156099.08234232 ], [ 368499.95044696, 156116.08133469 ], [ 368599.95441645, 156116.07753483 ], [ 368616.95378759, 156099.07650587 ], [ 368616.9476336, 155999.06789728 ], [ 368599.94693785, 155982.0689605 ], [ 368566.94077578, 155982.07031138 ], [ 368566.93580155, 155899.06060852 ], [ 368549.93500463, 155882.06162733 ], [ 368516.93705126, 155882.06317425 ], [ 368516.9333519, 155816.05493985 ], [ 368549.93086244, 155816.05333333 ], [ 368566.93003477, 155799.05303437 ], [ 368566.92753024, 155666.04379272 ], [ 368699.9336756, 155666.03633331 ], [ 368716.93263149, 155649.03605184 ], [ 368716.93125697, 155566.0265974 ], [ 368759.65713099, 155562.94144663 ], [ 368766.93175713, 155549.02429237 ], [ 368766.93114743, 155516.01384636 ], [ 368809.6569603, 155512.92880235 ], [ 368816.93161933, 155499.01166057 ], [ 368816.93107862, 155466.01118241 ], [ 368832.94086754, 155466.01023384 ], [ 368836.02446126, 155508.73416981 ], [ 368849.94242217, 155516.0089487 ], [ 369049.95356558, 155515.99698424 ], [ 369066.95254853, 155498.99671296 ], [ 369066.9520219, 155465.99656343 ], [ 369082.95271035, 155465.9956147 ], [ 369082.95323414, 155498.99426212 ], [ 369090.22907031, 155512.91167516 ], [ 369132.95428812, 155515.9920173 ], [ 369132.95559879, 155598.99888616 ], [ 369139.72518104, 155612.54851848 ], [ 369182.97364326, 155615.99660573 ], [ 369186.05722805, 155658.73003802 ], [ 369199.97524129, 155666.00480205 ], [ 369249.96691373, 155666.00162725 ], [ 369266.96583412, 155649.00139573 ], [ 369266.96538451, 155615.99138599 ], [ 369299.96686623, 155615.98937417 ], [ 369316.96582988, 155598.9891441 ], [ 369316.96464042, 155515.98100243 ], [ 369349.96617968, 155515.97902642 ], [ 369366.96516178, 155498.97876385 ], [ 369366.96310741, 155365.97182417 ], [ 369399.96559921, 155365.96996799 ], [ 369413.51442977, 155359.20054087 ], [ 369416.96420226, 155315.97000049 ], [ 369499.9745272, 155315.96537613 ], [ 369516.97358008, 155298.96511802 ], [ 369516.97307885, 155265.95550627 ], [ 369559.69891112, 155262.87065458 ], [ 369566.97362725, 155248.95352879 ], [ 369566.973195, 155215.95491874 ], [ 369599.97467785, 155215.95318171 ], [ 369616.97378305, 155198.95292655 ], [ 369616.97303237, 155148.94411594 ], [ 369609.69726702, 155135.02673749 ], [ 369566.97199473, 155131.94609008 ], [ 369566.9717852, 155115.9472621 ], [ 369649.97407738, 155115.9429836 ], [ 369663.52296527, 155109.17358604 ], [ 369666.97277454, 155065.94436821 ], [ 369682.98159676, 155065.94358367 ], [ 369682.98276246, 155148.93941317 ], [ 369699.98364833, 155165.93916086 ], [ 369732.98379418, 155165.9374412 ], [ 369732.98421523, 155198.94540081 ], [ 369740.25983931, 155212.86271933 ], [ 369782.98557495, 155215.94396458 ], [ 369782.98577638, 155231.94150414 ], [ 369740.25978645, 155235.02582811 ], [ 369732.98495314, 155248.94302955 ], [ 369732.98601232, 155331.95112838 ], [ 369699.98447439, 155331.95298623 ], [ 369682.98543142, 155348.9532386 ], [ 369682.98617387, 155398.96099589 ], [ 369699.98717418, 155415.96074347 ], [ 369782.98819394, 155415.95635687 ], [ 369786.07135819, 155458.6789919 ], [ 369799.98834934, 155465.95420719 ], [ 369950.00337993, 155465.9564039 ], [ 369963.55309153, 155459.18737269 ], [ 369967.00320314, 155415.95818389 ], [ 370000.00476938, 155415.95863243 ], [ 370013.55448381, 155409.18960386 ], [ 370017.00460165, 155365.95146568 ], [ 370050.00613762, 155365.95198964 ], [ 370067.00640752, 155348.95178646 ], [ 370067.00541553, 155265.94542569 ], [ 370099.99895639, 155265.94596851 ], [ 370116.99923607, 155248.94576757 ], [ 370116.99864512, 155198.94836063 ], [ 370099.99896372, 155181.94856157 ], [ 370067.00441195, 155181.94794321 ], [ 370063.92127956, 155139.21443327 ], [ 370050.00430722, 155131.93920314 ], [ 369916.99759682, 155131.9368372 ], [ 369913.54666633, 155088.70699978 ], [ 369899.99751859, 155081.93798311 ], [ 369866.9858341, 155081.93734493 ], [ 369866.98563482, 155065.93983722 ], [ 370000.0004401, 155065.94238068 ], [ 370017.00077355, 155048.94217552 ], [ 370017.00017006, 154998.93374015 ], [ 370009.72503457, 154985.01674945 ], [ 369966.99780637, 154981.93328843 ], [ 369966.99679421, 154898.92674398 ], [ 369949.99717647, 154881.92695126 ], [ 369799.98173391, 154881.92377755 ], [ 369782.98138551, 154898.92399138 ], [ 369782.98180069, 154931.9319057 ], [ 369740.25571875, 154935.01591966 ], [ 369732.9808266, 154948.93319574 ], [ 369732.98131339, 154981.93239599 ], [ 369716.9804183, 154981.93317158 ], [ 369713.89700458, 154939.21021382 ], [ 369699.97918017, 154931.93534129 ], [ 369566.969142, 154931.94161383 ], [ 369566.96864394, 154898.93433549 ], [ 369549.96783899, 154881.93459203 ], [ 369366.95652775, 154881.94315554 ], [ 369366.95890138, 154815.93756405 ], [ 369482.97017858, 154815.93220358 ], [ 369482.96859383, 154848.93795841 ], [ 369499.96939501, 154865.93877464 ], [ 369599.97098081, 154865.93416162 ], [ 369613.88739026, 154858.65905641 ], [ 369616.97167731, 154815.92599564 ], [ 369659.69812681, 154812.84159633 ], [ 369666.97319996, 154798.92518161 ], [ 369666.97463549, 154765.92738002 ], [ 369682.98331142, 154765.92662733 ], [ 369682.98196959, 154798.92149661 ], [ 369690.25739216, 154812.8395804 ], [ 369732.98196219, 154815.92063439 ], [ 369732.98064734, 154848.92651418 ], [ 369749.98113066, 154865.9271914 ], [ 369899.99466505, 154865.92781712 ], [ 369916.99501304, 154848.9284139 ], [ 369916.99958108, 154715.92712971 ], [ 369983.00324927, 154715.92843098 ], [ 369982.9992048, 154848.92943498 ], [ 369999.99885663, 154865.92996484 ], [ 370082.99533136, 154865.93166475 ], [ 370082.99520126, 154898.92995596 ], [ 370099.99481933, 154915.93002299 ], [ 370183.01563597, 154915.93182215 ], [ 370183.0160172, 154948.93974356 ], [ 370200.01567425, 154965.93954722 ], [ 370300.02889917, 154965.94156451 ], [ 370317.02924201, 154948.94140654 ], [ 370317.02893529, 154915.934598 ], [ 370400.03266653, 154915.9363616 ], [ 370417.03301418, 154898.93635483 ], [ 370417.03520634, 154698.93681935 ], [ 370400.03554185, 154681.93655749 ], [ 370367.0336792, 154681.93590617 ], [ 370367.0342192, 154648.92825996 ], [ 370359.75923328, 154635.01089147 ], [ 370317.03285733, 154631.927339 ], [ 370317.03592973, 154465.91808229 ], [ 370350.03730636, 154465.91862561 ], [ 370367.03758624, 154448.91890286 ], [ 370367.04003095, 154298.91723401 ], [ 370362.82578732, 154289.34480845 ], [ 370319.61821581, 154289.85181766 ], [ 370276.59725214, 154299.12720941 ], [ 370271.77209494, 154281.9157283 ], [ 370239.79824191, 154285.36573873 ], [ 370233.02899639, 154298.91504319 ], [ 370233.0283289, 154331.92268014 ], [ 370200.02709153, 154331.92215372 ], [ 370186.10973864, 154339.19712714 ], [ 370183.02612071, 154381.91932962 ], [ 370117.00769644, 154381.91826011 ], [ 370117.00942139, 154315.91329927 ], [ 370200.02771324, 154315.91460209 ], [ 370217.02798006, 154298.91496219 ], [ 370214.88413709, 154261.48924368 ], [ 370113.0185409, 154267.61430023 ], [ 370068.11169144, 154233.94097381 ], [ 370098.72582429, 154235.27942011 ], [ 370095.81205261, 154192.77575272 ], [ 370098.18575272, 154081.90520341 ], [ 370034.5103835, 154081.9043963 ], [ 369973.19406051, 154124.09271418 ], [ 369933.32559905, 154172.34658711 ], [ 369933.01855225, 154181.90677878 ], [ 369900.01741598, 154181.90634396 ], [ 369886.46798907, 154188.67499892 ], [ 369883.01603745, 154231.91339144 ], [ 369800.00487718, 154231.91217696 ], [ 369783.00461496, 154248.91154915 ], [ 369783.00276864, 154298.90779923 ], [ 369800.00250208, 154315.90842703 ], [ 369833.0031691, 154315.90894444 ], [ 369833.00018293, 154398.91322458 ], [ 369849.99987375, 154415.91383627 ], [ 369883.00979712, 154415.91443662 ], [ 369883.00864146, 154448.91042544 ], [ 369890.28353562, 154462.82804645 ], [ 369933.00945465, 154465.91162955 ], [ 369933.00894142, 154481.918947 ], [ 369816.99580605, 154481.9169441 ], [ 369816.99702624, 154448.91000505 ], [ 369810.22802326, 154435.3599138 ], [ 369766.99721313, 154431.91020662 ], [ 369763.91578156, 154389.1896992 ], [ 369749.99770059, 154381.9143774 ], [ 369616.99104038, 154381.92037951 ], [ 369613.54212427, 154338.69293647 ], [ 369599.99180929, 154331.92380711 ], [ 369499.99179116, 154331.92836429 ], [ 369482.99258288, 154348.92754931 ], [ 369482.98140939, 154581.93381519 ], [ 369416.97267181, 154581.93684142 ], [ 369416.97685792, 154498.93479447 ], [ 369399.97609746, 154481.93395066 ], [ 369349.97488182, 154481.93618739 ], [ 369332.97564231, 154498.93529534 ], [ 369332.97391077, 154531.93432801 ], [ 369249.97161017, 154531.93814547 ], [ 369232.97240557, 154548.93719093 ], [ 369232.96774455, 154631.94261276 ], [ 369190.25039805, 154635.02695357 ], [ 369182.97525069, 154648.94319116 ], [ 369182.97336916, 154681.95231213 ], [ 369166.9558364, 154681.95303202 ], [ 369166.95781133, 154648.94742257 ], [ 369160.18876186, 154635.39690898 ], [ 369116.95840443, 154631.94795282 ], [ 369116.96550676, 154515.94677569 ], [ 369149.96757913, 154515.94523362 ], [ 369166.96678475, 154498.94625024 ], [ 369166.97266488, 154398.94253526 ], [ 369149.97190645, 154381.94155271 ], [ 368949.96369162, 154381.95057537 ], [ 368932.96445002, 154398.94946797 ], [ 368932.96119323, 154448.94586954 ], [ 368940.23646333, 154462.86426209 ], [ 368982.96016958, 154465.94550301 ], [ 368982.95914019, 154481.9528368 ], [ 368899.95686442, 154481.95661475 ], [ 368886.04058972, 154489.23151605 ], [ 368882.95538097, 154531.95481432 ], [ 368866.95514317, 154531.95556273 ], [ 368863.87492019, 154489.23453697 ], [ 368849.95665412, 154481.95895071 ], [ 368799.94744404, 154481.96118679 ], [ 368782.94820422, 154498.95996848 ], [ 368782.94103733, 154598.96378881 ], [ 368799.94179932, 154615.96500713 ], [ 368832.94926046, 154615.96352755 ], [ 368832.94815908, 154631.96093575 ], [ 368799.93669035, 154631.96241736 ], [ 368782.93745336, 154648.9612327 ], [ 368782.93160253, 154731.96803689 ], [ 368766.93093269, 154731.96878886 ], [ 368766.93701859, 154648.96599441 ], [ 368749.93625563, 154631.96476158 ], [ 368716.9378316, 154631.96624264 ], [ 368716.94025193, 154598.97083693 ], [ 368699.93948996, 154581.96958992 ], [ 368616.94149254, 154581.97341751 ], [ 368613.86152684, 154539.24342373 ], [ 368599.94312975, 154531.96781164 ], [ 368516.93905338, 154531.97207699 ], [ 368513.49111591, 154488.7447165 ], [ 368499.94056028, 154481.97541819 ], [ 368466.94345245, 154481.97711066 ], [ 368463.86330164, 154439.2461269 ], [ 368449.94496294, 154431.97054539 ], [ 368366.93936141, 154431.97469456 ], [ 368363.85904781, 154389.25455561 ], [ 368349.94070759, 154381.97901827 ], [ 368316.94327634, 154381.98070426 ], [ 368316.94539263, 154348.98511206 ], [ 368310.17633431, 154335.43451894 ], [ 368266.94692538, 154331.98570453 ], [ 368266.96460783, 154048.97451159 ], [ 368249.96375062, 154031.97343685 ], [ 368166.97343198, 154031.97755583 ], [ 368166.98421715, 153848.98047938 ], [ 368149.9834217, 153831.97946526 ], [ 368066.96883882, 153831.98328364 ], [ 368066.97082867, 153798.99226503 ], [ 368049.97008149, 153781.99123969 ], [ 367766.95391459, 153782.0036718 ], [ 367763.87352857, 153739.27773283 ], [ 367749.95533766, 153732.00216572 ], [ 367699.95527044, 153732.00421889 ], [ 367682.95596855, 153749.00308662 ], [ 367682.94727566, 153882.00420971 ], [ 367616.94678878, 153882.00728034 ], [ 367616.95563471, 153749.00953299 ], [ 367599.95490322, 153732.0084236 ], [ 367566.95668331, 153732.00984353 ], [ 367566.96107775, 153666.01260603 ], [ 367699.96309824, 153666.0074329 ], [ 367716.9624284, 153649.00853112 ], [ 367716.96785531, 153566.02104094 ], [ 367749.96959692, 153566.01986078 ], [ 367766.96898897, 153549.02095321 ], [ 367766.97541485, 153449.02535418 ], [ 367749.97483502, 153432.0242617 ], [ 367716.97657804, 153432.02538725 ], [ 367716.98090633, 153366.02870392 ], [ 367759.70649647, 153362.94510819 ], [ 367766.98184016, 153349.028857 ], [ 367766.98826485, 153249.03326226 ], [ 367749.98784318, 153232.03217 ], [ 367616.98999904, 153232.03553395 ], [ 367616.99883941, 153099.04748841 ], [ 367599.9984944, 153082.04637957 ], [ 367477.97587304, 153082.04883164 ], [ 367413.33524844, 153112.01461542 ], [ 367221.07155753, 153179.3594256 ], [ 367128.99308649, 153225.13228531 ], [ 367100.56106245, 153249.5658253 ], [ 367053.95364139, 153310.31156582 ], [ 367045.89581071, 153299.46257307 ], [ 366953.87168652, 153128.48528829 ], [ 366880.5611838, 152999.05759022 ], [ 366844.39370401, 152932.01920396 ], [ 366749.96102892, 152932.0155569 ], [ 366736.04345593, 152939.29031727 ], [ 366732.9593172, 152982.0201484 ], [ 366549.94690705, 152982.01276527 ], [ 366532.94622143, 152999.01208023 ], [ 366532.94489182, 153032.00784455 ], [ 366516.94398412, 153032.00716207 ], [ 366516.94538609, 152999.01137139 ], [ 366499.94607152, 152982.01064908 ], [ 366449.95413672, 152982.00863349 ], [ 366432.95345131, 152999.00794171 ], [ 366432.95210864, 153032.00371283 ], [ 366390.20945233, 153035.08465374 ], [ 366382.9335709, 153049.00144133 ], [ 366382.92910171, 153132.00174946 ], [ 366299.92722446, 153131.99857419 ], [ 366282.92658759, 153148.9976918 ], [ 366282.92139725, 153248.99696575 ], [ 366290.19603162, 153262.91469227 ], [ 366332.92124831, 153265.99911006 ], [ 366332.91684531, 153348.9980864 ], [ 366349.91628412, 153365.99897463 ], [ 366432.93431888, 153366.00178057 ], [ 366432.93257103, 153398.9964717 ], [ 366440.20724959, 153412.91424706 ], [ 366482.92324859, 153415.99844063 ], [ 366482.92236311, 153432.00341757 ], [ 366416.91311591, 153432.0013203 ], [ 366416.91485195, 153398.99654668 ], [ 366399.91540275, 153381.99565249 ], [ 366249.90521725, 153381.98945171 ], [ 366232.90421089, 153398.98857129 ], [ 366232.90250163, 153431.99355681 ], [ 366189.66984788, 153435.44137923 ], [ 366182.9000427, 153448.9905708 ], [ 366182.89745869, 153498.98476377 ], [ 366199.89637388, 153515.9856424 ], [ 366282.90754496, 153515.99078504 ], [ 366285.98814936, 153558.72114347 ], [ 366299.90534746, 153565.99697998 ], [ 366332.90551008, 153565.99792286 ], [ 366336.35388689, 153609.22398791 ], [ 366349.90331172, 153615.99356819 ], [ 366382.90333935, 153615.99449062 ], [ 366382.89986935, 153681.99360464 ], [ 366249.88974615, 153681.98859649 ], [ 366235.97203135, 153689.26308745 ], [ 366232.88706716, 153731.98270642 ], [ 366199.88572093, 153731.98060778 ], [ 366182.88463988, 153748.97972943 ], [ 366182.88205635, 153798.98392259 ], [ 366199.88097601, 153815.98480088 ], [ 366282.8920902, 153815.98986382 ], [ 366282.89037995, 153848.98514593 ], [ 366289.65891637, 153862.53513876 ], [ 366332.88974873, 153865.9867829 ], [ 366332.88891351, 153881.99188935 ], [ 366166.87633488, 153881.98309312 ], [ 366166.8780365, 153848.97769526 ], [ 366149.87911614, 153831.97681884 ], [ 366066.86700159, 153831.97161319 ], [ 366066.87032482, 153765.97221505 ], [ 366099.88059846, 153765.97424815 ], [ 366116.88164547, 153748.97512306 ], [ 366116.88421839, 153698.9799255 ], [ 366099.88526619, 153681.97905064 ], [ 366016.87308402, 153681.97386809 ], [ 366016.87477557, 153648.96845563 ], [ 365999.87585823, 153631.9675844 ], [ 365916.87252716, 153631.96229833 ], [ 365913.79202407, 153589.24302845 ], [ 365899.87529492, 153581.96700945 ], [ 365816.86401434, 153581.96171925 ], [ 365816.86479555, 153565.96650939 ], [ 365949.87714831, 153565.97499195 ], [ 365963.79495501, 153558.70053167 ], [ 365966.87992074, 153515.97087296 ], [ 365999.88127932, 153515.97297898 ], [ 366016.88236417, 153498.97381653 ], [ 366016.88739058, 153398.97444717 ], [ 366009.61297162, 153385.05688119 ], [ 365966.88667608, 153381.9714668 ], [ 365966.89082268, 153298.97180868 ], [ 365960.12259963, 153285.42209636 ], [ 365916.89009586, 153281.96886108 ], [ 365916.89178079, 153248.97343539 ], [ 365910.12356866, 153235.42369907 ], [ 365866.89101287, 153231.97045399 ], [ 365866.89262841, 153198.97498965 ], [ 365859.61819852, 153185.05745506 ], [ 365816.88388703, 153181.97204217 ], [ 365813.80337843, 153139.24266223 ], [ 365799.88665565, 153131.96664275 ], [ 365766.88471737, 153131.96452647 ], [ 365763.43643672, 153088.73799397 ], [ 365749.88748307, 153081.968224 ], [ 365710.37646938, 153083.76202371 ], [ 365723.08639393, 153109.44353207 ], [ 365671.29791137, 153151.81539947 ], [ 365633.89574328, 153173.04109398 ], [ 365611.74391142, 153154.94297532 ], [ 365582.77235387, 153168.88675621 ], [ 365576.50550275, 153145.43957307 ], [ 365544.92127869, 153132.70908331 ], [ 365532.8684092, 153148.94978827 ], [ 365532.8668141, 153181.95374151 ], [ 365449.86386929, 153181.94842203 ], [ 365436.31387127, 153188.71668884 ], [ 365432.86119201, 153231.94255873 ], [ 365366.84998549, 153231.93833116 ], [ 365366.85156639, 153198.9428271 ], [ 365349.85265595, 153181.94201262 ], [ 365299.85094924, 153181.93880797 ], [ 365285.93310669, 153189.21331214 ], [ 365282.84834831, 153231.93295128 ], [ 365249.84705681, 153231.9308376 ], [ 365236.29705677, 153238.69910801 ], [ 365232.84439414, 153281.92508396 ], [ 365149.83247803, 153281.91977089 ], [ 365132.83138995, 153298.91896365 ], [ 365132.82436741, 153448.92381411 ], [ 365149.82328152, 153465.9245872 ], [ 365182.82507325, 153465.92669519 ], [ 365182.82356918, 153498.92124288 ], [ 365190.09801942, 153512.83873439 ], [ 365232.83326833, 153515.9241247 ], [ 365236.28174802, 153559.16071695 ], [ 365249.83067615, 153565.93044423 ], [ 365282.83241816, 153565.93254927 ], [ 365282.83165374, 153581.9278825 ], [ 365249.83046007, 153581.92577894 ], [ 365232.82937648, 153598.92496829 ], [ 365232.82699259, 153648.91920299 ], [ 365239.59522622, 153662.46889817 ], [ 365282.82767389, 153665.92211572 ], [ 365282.82616286, 153698.92765282 ], [ 365290.10061351, 153712.84514792 ], [ 365332.82680299, 153715.93053172 ], [ 365332.82522289, 153748.92603016 ], [ 365349.8241417, 153765.92684423 ], [ 365432.83540322, 153765.93212408 ], [ 365432.83381599, 153798.93661398 ], [ 365439.60204844, 153812.48631518 ], [ 365482.83444002, 153815.93952918 ], [ 365482.82884975, 153931.93530332 ], [ 365449.82768114, 153931.93320999 ], [ 365432.82660282, 153948.93240032 ], [ 365432.82272887, 154031.93332757 ], [ 365399.82950975, 154031.93123635 ], [ 365382.82843225, 154048.93046681 ], [ 365382.8246093, 154131.93191432 ], [ 365299.80588415, 154131.92676459 ], [ 365283.34537044, 154156.2844342 ], [ 365306.90528614, 154179.16768654 ], [ 365318.80675674, 154175.58709147 ], [ 365342.75968613, 154260.23688367 ], [ 365437.75669211, 154247.4533448 ], [ 365440.10046138, 154265.30523482 ], [ 365440.10046138, 154265.30523482 ] ] ], [ [ [ 362836.75040384, 155273.41775929 ], [ 362782.67075789, 155292.80453341 ], [ 362782.67360031, 155581.97499426 ], [ 362616.67496847, 155581.97910012 ], [ 362613.22391939, 155538.75101103 ], [ 362599.67420891, 155531.98222192 ], [ 362499.67894725, 155531.98461833 ], [ 362486.12973339, 155538.75382754 ], [ 362482.67963676, 155581.9823924 ], [ 362416.67527122, 155581.98399651 ], [ 362411.71030116, 155548.7901098 ], [ 362363.37281226, 155606.03725798 ], [ 362323.7490413, 155627.42773442 ], [ 362283.88835792, 155643.46001732 ], [ 362299.68101561, 155665.99537044 ], [ 362582.67573078, 155665.98819326 ], [ 362582.677422, 155848.98997409 ], [ 362599.67789764, 155865.98982507 ], [ 362632.69137858, 155865.9889014 ], [ 362632.69178017, 155898.99715538 ], [ 362649.69225853, 155915.99694855 ], [ 362699.68191738, 155915.99554192 ], [ 362713.59888704, 155908.7200448 ], [ 362716.68103156, 155865.98655075 ], [ 362782.67647183, 155865.98470337 ], [ 362785.75988347, 155908.71766517 ], [ 362799.67743703, 155915.99262787 ], [ 362899.68204036, 155915.98980077 ], [ 362916.68155917, 155898.98953789 ], [ 362916.68104872, 155865.98094904 ], [ 362959.40362126, 155862.89709396 ], [ 362966.67857711, 155848.97988117 ], [ 362966.67750143, 155715.97633822 ], [ 362999.67567575, 155715.97543712 ], [ 363013.22484054, 155709.20621778 ], [ 363016.67496439, 155665.97701196 ], [ 363032.67292148, 155665.9766114 ], [ 363032.67341042, 155748.98124441 ], [ 363049.67387945, 155765.98115774 ], [ 363149.67762686, 155765.97839826 ], [ 363163.22678081, 155759.20918679 ], [ 363166.67694968, 155715.97100891 ], [ 363249.67309314, 155715.96880648 ], [ 363266.67262846, 155698.96878097 ], [ 363266.67226355, 155565.96579729 ], [ 363499.6716293, 155565.9599825 ], [ 363513.58857035, 155558.68461438 ], [ 363516.67122888, 155515.95180804 ], [ 363599.67579105, 155515.94979349 ], [ 363616.6753784, 155498.94981573 ], [ 363616.67555313, 155415.95402203 ], [ 363632.67370616, 155415.9536424 ], [ 363635.75638492, 155458.67581668 ], [ 363649.67399177, 155465.95095919 ], [ 363749.67817093, 155465.948558 ], [ 363766.67776265, 155448.94863462 ], [ 363766.67791137, 155415.95056156 ], [ 363849.67560931, 155415.94859051 ], [ 363863.59252045, 155408.67328464 ], [ 363866.67544676, 155365.94166006 ], [ 363999.67936579, 155365.93916093 ], [ 364016.67915637, 155348.9393092 ], [ 364016.68056571, 155198.93793807 ], [ 363999.68035856, 155181.93775556 ], [ 363949.68083745, 155181.93836483 ], [ 363932.6810446, 155198.93822675 ], [ 363932.68077658, 155231.9351918 ], [ 363599.67565302, 155231.94242464 ], [ 363585.75868079, 155239.21774909 ], [ 363582.67589844, 155281.95051807 ], [ 363499.67104793, 155281.95237546 ], [ 363482.67144181, 155298.95236643 ], [ 363482.67139794, 155381.9572008 ], [ 363416.67516282, 155381.95876569 ], [ 363416.6751539, 155348.95237544 ], [ 363399.67475559, 155331.95238004 ], [ 363316.66973934, 155331.95425857 ], [ 363316.66963838, 155298.95675499 ], [ 363309.90042881, 155285.40718677 ], [ 363266.67141213, 155281.95757075 ], [ 363266.67136423, 155248.95001012 ], [ 363259.39592118, 155235.03262581 ], [ 363216.67301115, 155231.95078931 ], [ 363213.59012159, 155189.22933809 ], [ 363199.67256639, 155181.9542353 ], [ 363099.67601632, 155181.9563936 ], [ 363082.67636619, 155198.95647245 ], [ 363082.67659807, 155248.95344259 ], [ 363099.67698661, 155265.95336374 ], [ 363132.6748926, 155265.95260956 ], [ 363132.67503275, 155298.96025005 ], [ 363139.95049316, 155312.87759906 ], [ 363182.67330046, 155315.95941447 ], [ 363182.67342766, 155348.95702989 ], [ 363189.94888834, 155362.87438571 ], [ 363232.67166854, 155365.95619174 ], [ 363232.67172396, 155381.96302624 ], [ 363049.67083025, 155381.96735957 ], [ 363035.75383292, 155389.24278756 ], [ 363032.67146564, 155431.9657173 ], [ 362916.67718028, 155431.96842778 ], [ 362916.67560572, 155248.95749213 ], [ 362913.59273817, 155239.2326791 ], [ 362887.07212466, 155231.95791981 ], [ 362866.18198241, 155258.52581032 ], [ 362836.75040384, 155273.41775929 ], [ 362836.75040384, 155273.41775929 ] ] ], [ [ [ 365905.37958645, 157065.09849907 ], [ 365916.8371681, 157049.04989598 ], [ 365916.83580673, 156999.04289146 ], [ 365899.83703289, 156982.04335431 ], [ 365766.81769403, 156982.03365985 ], [ 365766.81585844, 156916.04058157 ], [ 365849.82871689, 156916.04661299 ], [ 365866.82995199, 156899.04614702 ], [ 365866.82858117, 156849.03912988 ], [ 365849.82982075, 156832.03959595 ], [ 365766.8135223, 156832.03347638 ], [ 365766.80921915, 156649.02581523 ], [ 365749.81050004, 156632.02615508 ], [ 365716.80562862, 156632.02366827 ], [ 365716.80531027, 156616.02668874 ], [ 365799.81032135, 156616.03283898 ], [ 365816.81156744, 156599.03249768 ], [ 365816.81056333, 156549.02561397 ], [ 365799.81184263, 156532.02595537 ], [ 365666.80033081, 156532.01601196 ], [ 365663.3494231, 156488.78807375 ], [ 365649.80102142, 156482.01879024 ], [ 365616.7870686, 156482.01630768 ], [ 365616.78454543, 156349.0149053 ], [ 365599.7857875, 156332.01520667 ], [ 365549.78246228, 156332.01155329 ], [ 365532.78122021, 156349.01188703 ], [ 365532.78186804, 156382.00618219 ], [ 365516.77863991, 156382.00501221 ], [ 365516.77701771, 156299.00049802 ], [ 365499.77825897, 156282.0008303 ], [ 365466.7734663, 156281.99842046 ], [ 365466.77315507, 156266.00148658 ], [ 365499.77486604, 156266.00396064 ], [ 365516.77614049, 156249.00362843 ], [ 365516.77451816, 156166.00229436 ], [ 365549.77612015, 156166.00476531 ], [ 365566.777393, 156149.0044315 ], [ 365566.775763, 156066.00209265 ], [ 365599.77735605, 156066.00456051 ], [ 365616.77862731, 156049.00425915 ], [ 365616.77610321, 155916.00590621 ], [ 365732.79456218, 155916.01439956 ], [ 365732.79522223, 155949.01295584 ], [ 365749.79395254, 155966.01261576 ], [ 365849.80836539, 155966.0199853 ], [ 365863.72671241, 155958.74496467 ], [ 365866.80893504, 155916.02423417 ], [ 365949.81369234, 155916.03036376 ], [ 365966.81496124, 155899.03001767 ], [ 365966.813423, 155749.027228 ], [ 365949.81465061, 155732.02721394 ], [ 365866.80748168, 155732.02121995 ], [ 365866.80763257, 155699.01203152 ], [ 365849.80885412, 155682.01195386 ], [ 365766.79394431, 155682.00598874 ], [ 365766.79463386, 155598.99689926 ], [ 365760.02624088, 155585.44775161 ], [ 365716.79211361, 155581.99440938 ], [ 365716.79241616, 155548.99536789 ], [ 365699.79358612, 155531.99521206 ], [ 365649.79095437, 155531.99177085 ], [ 365632.78978442, 155548.99156604 ], [ 365632.78878425, 155631.99743027 ], [ 365499.77223926, 155631.9879862 ], [ 365482.77102387, 155648.98770228 ], [ 365482.77047287, 155681.98558356 ], [ 365466.76756066, 155681.98443405 ], [ 365463.3180867, 155638.75396197 ], [ 365449.76938796, 155631.98441152 ], [ 365299.75297291, 155631.97378851 ], [ 365282.75175781, 155648.97334297 ], [ 365282.74843723, 155781.97767164 ], [ 365240.02089308, 155785.05747624 ], [ 365232.74497878, 155798.97509084 ], [ 365232.7447418, 155831.9718864 ], [ 365190.00832376, 155835.05177905 ], [ 365182.73253913, 155848.96971351 ], [ 365182.734017, 155931.97099984 ], [ 365016.72123124, 155931.96713998 ], [ 365013.63775331, 155889.24493629 ], [ 364999.72072838, 155881.96981669 ], [ 364949.72018488, 155881.96934684 ], [ 364932.72002514, 155898.96972793 ], [ 364932.72284106, 156031.96987492 ], [ 364866.72204275, 156031.96947283 ], [ 364866.72019178, 155948.96520587 ], [ 364849.72033895, 155931.96559843 ], [ 364649.70952793, 155931.9637635 ], [ 364632.70938018, 155948.96417893 ], [ 364632.71395379, 156131.97349902 ], [ 364599.71406961, 156131.97337998 ], [ 364582.71400829, 156148.97383551 ], [ 364582.71740659, 156281.97576136 ], [ 364549.72660549, 156281.97578454 ], [ 364535.80918597, 156289.25126004 ], [ 364532.72751339, 156331.98367318 ], [ 364399.71036577, 156331.98403235 ], [ 364382.71039028, 156348.98451108 ], [ 364382.71272783, 156431.98934412 ], [ 364349.7050262, 156431.98957444 ], [ 364332.70514483, 156448.99005905 ], [ 364332.71042873, 156631.9914271 ], [ 364289.98593484, 156635.07473832 ], [ 364282.71095303, 156648.99231578 ], [ 364282.71239627, 156698.99964292 ], [ 364299.71264848, 156715.99915229 ], [ 364432.72070252, 156715.99727759 ], [ 364432.72162181, 156748.99550996 ], [ 364449.72185378, 156765.99503635 ], [ 364599.72966816, 156765.99278765 ], [ 364613.6468765, 156758.71725106 ], [ 364616.72858177, 156715.99477297 ], [ 364649.72825498, 156715.99434704 ], [ 364663.27770566, 156709.22507185 ], [ 364666.72722669, 156665.98738441 ], [ 364799.73599479, 156665.98576744 ], [ 364813.65324138, 156658.71026129 ], [ 364816.7350127, 156615.9880682 ], [ 364882.73501878, 156615.9873811 ], [ 364882.74322673, 156899.00078332 ], [ 364899.74355352, 156916.00016893 ], [ 364949.7433624, 156915.99920775 ], [ 364966.74303559, 156898.99863321 ], [ 364966.74192003, 156865.99130773 ], [ 365032.74959389, 156865.99013627 ], [ 365032.7541645, 156998.99201532 ], [ 365049.75450823, 157015.99141825 ], [ 365099.75418193, 157015.99040725 ], [ 365113.6713772, 157008.71477852 ], [ 365116.75275664, 156965.9936288 ], [ 365182.75555039, 156965.99520652 ], [ 365185.83925342, 157008.71738723 ], [ 365199.7553791, 157015.99274347 ], [ 365299.77091029, 157015.99996173 ], [ 365313.32148962, 157009.23110311 ], [ 365316.77109475, 156966.00483074 ], [ 365359.49809376, 156962.92479906 ], [ 365366.77378254, 156949.00668746 ], [ 365366.77274667, 156916.01120771 ], [ 365432.78727539, 156916.01607215 ], [ 365435.87086106, 156958.73918146 ], [ 365449.78700116, 156966.01456456 ], [ 365482.79204633, 156966.01695483 ], [ 365482.79597766, 157099.01933959 ], [ 365499.79476002, 157116.01881577 ], [ 365582.80284957, 157116.02476119 ], [ 365585.88642445, 157158.75779118 ], [ 365599.80260857, 157166.03316272 ], [ 365699.81794337, 157166.04019877 ], [ 365716.81915633, 157149.03972248 ], [ 365716.81775514, 157099.0325648 ], [ 365699.8189386, 157082.03304118 ], [ 365666.81408153, 157082.03074355 ], [ 365666.81363013, 157066.03361163 ], [ 365899.83594643, 157066.05035874 ], [ 365905.37958645, 157065.09849907 ], [ 365905.37958645, 157065.09849907 ] ] ], [ [ [ 363186.15212943, 156938.81582453 ], [ 363182.70434671, 156999.04476728 ], [ 363199.70501998, 157016.04398099 ], [ 363282.70241424, 157016.04069377 ], [ 363285.78710852, 157058.77412641 ], [ 363299.70462455, 157066.048756 ], [ 363449.70966145, 157066.04280345 ], [ 363463.62667188, 157058.76696601 ], [ 363466.70750303, 157016.03350511 ], [ 363482.70614414, 157016.0328713 ], [ 363482.70763256, 157049.04158566 ], [ 363489.98345422, 157062.95849353 ], [ 363532.71518145, 157066.03950914 ], [ 363532.72362509, 157249.05317422 ], [ 363549.72430471, 157266.05240539 ], [ 363632.72198112, 157266.04908721 ], [ 363632.72354887, 157299.04782586 ], [ 363649.72422965, 157316.04701818 ], [ 363699.73991115, 157316.04501519 ], [ 363716.73923033, 157299.04423915 ], [ 363716.73772393, 157266.04572831 ], [ 363782.7272116, 157266.04308955 ], [ 363782.73118976, 157349.03942451 ], [ 363799.73187199, 157366.03860967 ], [ 363832.73079555, 157366.03728534 ], [ 363835.81555172, 157408.77058622 ], [ 363849.73306559, 157416.04519985 ], [ 363932.73879588, 157416.04186257 ], [ 363932.73956941, 157432.04045324 ], [ 363849.73410072, 157432.04379644 ], [ 363832.73478545, 157449.04461347 ], [ 363832.73637185, 157482.05207919 ], [ 363790.01301692, 157485.13656374 ], [ 363782.73837905, 157499.05422525 ], [ 363782.74077514, 157549.05282551 ], [ 363799.74146223, 157566.0520108 ], [ 363949.74591327, 157566.04594778 ], [ 363963.66293413, 157558.77007744 ], [ 363966.74363078, 157516.04668072 ], [ 364009.97333729, 157512.59438172 ], [ 364016.74174631, 157499.04450891 ], [ 364016.74008292, 157466.03729995 ], [ 364049.73923381, 157466.03636147 ], [ 364066.73875032, 157449.03554463 ], [ 364066.73154351, 157299.03097387 ], [ 364049.73108488, 157282.03179057 ], [ 364016.73114529, 157282.03268087 ], [ 364016.72461149, 157149.02757648 ], [ 364009.44879783, 157135.11072974 ], [ 363966.72496282, 157132.02960908 ], [ 363966.72177072, 157066.02253743 ], [ 363982.72059727, 157066.02195687 ], [ 363985.80529159, 157108.74510464 ], [ 363999.72255061, 157116.01981908 ], [ 364099.72197378, 157116.01761554 ], [ 364116.72158209, 157099.01680513 ], [ 364116.71681508, 156999.00994459 ], [ 364099.71647398, 156982.01075484 ], [ 363916.71097069, 156982.01587341 ], [ 363913.62621881, 156939.29358132 ], [ 363899.70874076, 156932.01895483 ], [ 363749.71170999, 156932.02478886 ], [ 363732.7123825, 156949.02560151 ], [ 363732.7139599, 156982.02306568 ], [ 363616.70994983, 156982.0275962 ], [ 363616.70838638, 156949.02981654 ], [ 363609.43255355, 156935.11293969 ], [ 363566.70895146, 156932.03192711 ], [ 363566.70739258, 156899.03317906 ], [ 363549.70672155, 156882.03398216 ], [ 363499.70009681, 156882.03595607 ], [ 363482.70076787, 156899.03672276 ], [ 363482.70225609, 156932.03524921 ], [ 363416.70496365, 156932.03779303 ], [ 363416.70341872, 156899.03900733 ], [ 363399.70274776, 156882.03980324 ], [ 363316.69641286, 156882.04307926 ], [ 363313.6117973, 156839.30966291 ], [ 363299.69427321, 156832.03501478 ], [ 363249.69555602, 156832.0369844 ], [ 363232.69622573, 156849.03777305 ], [ 363232.70001068, 156932.04500012 ], [ 363199.70139611, 156932.04623868 ], [ 363186.15212943, 156938.81582453 ], [ 363186.15212943, 156938.81582453 ] ] ], [ [ [ 361839.52578751, 158535.64040352 ], [ 361832.75736147, 158549.19020269 ], [ 361832.75885606, 158582.18786759 ], [ 361749.75309256, 158582.19139653 ], [ 361732.75382875, 158599.19220918 ], [ 361732.75877588, 158699.19946515 ], [ 361749.75951223, 158716.1985959 ], [ 361899.7641674, 158716.19219727 ], [ 361916.76343085, 158699.19136258 ], [ 361916.76181062, 158666.19291024 ], [ 361959.99141806, 158662.74056295 ], [ 361966.75982806, 158649.19072858 ], [ 361966.75824091, 158616.18213121 ], [ 361999.75707479, 158616.18076773 ], [ 362016.75637235, 158599.17995895 ], [ 362016.75004461, 158466.17505419 ], [ 362049.75790497, 158466.17362843 ], [ 362063.67488519, 158458.89774891 ], [ 362066.75559721, 158416.16530429 ], [ 362109.98520377, 158412.71296548 ], [ 362116.75361697, 158399.16313402 ], [ 362116.74971824, 158316.16590356 ], [ 362199.74731421, 158316.16239397 ], [ 362216.74658181, 158299.16157875 ], [ 362216.7417857, 158199.1553426 ], [ 362209.46593738, 158185.23846483 ], [ 362166.74216056, 158182.15751089 ], [ 362166.74139433, 158166.14885741 ], [ 362232.73901114, 158166.14608817 ], [ 362232.74299994, 158249.15344069 ], [ 362249.74369762, 158266.15262374 ], [ 362332.74948667, 158266.14915094 ], [ 362332.75114488, 158299.15688525 ], [ 362339.52076014, 158312.7059588 ], [ 362382.75078768, 158316.15467533 ], [ 362382.75238266, 158349.15340835 ], [ 362399.75311587, 158366.15258664 ], [ 362499.75973372, 158366.14837334 ], [ 362516.7590345, 158349.14754847 ], [ 362516.75743332, 158316.149035 ], [ 362549.75616234, 158316.14761295 ], [ 362563.67314948, 158308.87172592 ], [ 362566.75382511, 158266.13931114 ], [ 362649.76736402, 158266.13580325 ], [ 362666.76663216, 158249.13497353 ], [ 362666.76502158, 158216.13650637 ], [ 362709.98659582, 158212.6841685 ], [ 362716.75500385, 158199.1343218 ], [ 362716.75338979, 158166.12582472 ], [ 362759.4767671, 158163.04122601 ], [ 362766.75136594, 158149.1235395 ], [ 362766.74636597, 158049.11738271 ], [ 362759.4704959, 158035.20050733 ], [ 362716.74670254, 158032.1196312 ], [ 362713.66183378, 157989.39634904 ], [ 362699.74432812, 157982.12176316 ], [ 362666.75339966, 157982.1231111 ], [ 362666.7517889, 157949.12537656 ], [ 362649.75106123, 157932.12620642 ], [ 362599.73627262, 157932.12834731 ], [ 362582.73700032, 157949.12917554 ], [ 362582.73860797, 157982.12664307 ], [ 362540.01537287, 157985.21114993 ], [ 362532.74074309, 157999.1288177 ], [ 362532.74234762, 158032.12728964 ], [ 362516.74355142, 158032.12794383 ], [ 362516.74194998, 157999.12920847 ], [ 362499.74122165, 157982.1300335 ], [ 362349.73584272, 157982.13636037 ], [ 362335.81885445, 157989.41224294 ], [ 362332.73816321, 158032.13566696 ], [ 362316.73936724, 158032.13632103 ], [ 362313.6545981, 157989.4130011 ], [ 362299.73705002, 157982.13840241 ], [ 362266.73016833, 157982.13981631 ], [ 362266.72939945, 157966.14213539 ], [ 362299.73606408, 157966.14078885 ], [ 362313.65307881, 157958.86491813 ], [ 362316.7337811, 157916.13144814 ], [ 362349.73247288, 157916.1300371 ], [ 362366.73174594, 157899.12918283 ], [ 362366.72764078, 157816.12212246 ], [ 362399.72628621, 157816.12078006 ], [ 362416.72559463, 157799.11995814 ], [ 362416.72158627, 157716.11383407 ], [ 362532.72678091, 157716.10906071 ], [ 362536.17938108, 157759.34858108 ], [ 362549.72907685, 157766.11697426 ], [ 362599.72784647, 157766.11494197 ], [ 362616.72715546, 157749.11407972 ], [ 362616.72548123, 157716.10555038 ], [ 362732.72968121, 157716.10083952 ], [ 362732.73381503, 157799.1070725 ], [ 362740.0096664, 157813.02393464 ], [ 362782.7334582, 157816.10489645 ], [ 362782.73759964, 157899.11222568 ], [ 362799.73829204, 157916.11139099 ], [ 362849.73709104, 157916.10935451 ], [ 362866.7363986, 157899.10851874 ], [ 362866.73477628, 157866.1100389 ], [ 362899.74250465, 157866.10863298 ], [ 362916.74178054, 157849.10776301 ], [ 362916.73507308, 157716.09323392 ], [ 362932.73397681, 157716.09255239 ], [ 362932.73816046, 157799.09888176 ], [ 362949.73885064, 157816.09801136 ], [ 362999.73768977, 157816.09598142 ], [ 363016.73699955, 157799.09514476 ], [ 363016.73537554, 157766.09769978 ], [ 363059.45875925, 157763.01319276 ], [ 363066.73337713, 157749.09548914 ], [ 363066.72861296, 157649.08826997 ], [ 363049.72789005, 157632.08901881 ], [ 362916.73132119, 157632.0945082 ], [ 362916.7299557, 157599.09672889 ], [ 362899.72923419, 157582.09743239 ], [ 362799.72269246, 157582.10156852 ], [ 362785.8057135, 157589.37737502 ], [ 362782.72472847, 157632.10003173 ], [ 362716.72735036, 157632.10269793 ], [ 362713.27508071, 157588.87405067 ], [ 362699.72534031, 157582.10558773 ], [ 362549.72146205, 157582.11161511 ], [ 362535.80450467, 157589.3873882 ], [ 362532.7233692, 157632.1102293 ], [ 362466.71699367, 157632.11289434 ], [ 362466.71397599, 157549.10616588 ], [ 362459.43819906, 157535.18914105 ], [ 362416.71475758, 157532.10810255 ], [ 362416.71356986, 157499.10921172 ], [ 362399.71289412, 157482.10982362 ], [ 362299.71571906, 157482.11379832 ], [ 362282.71639475, 157499.11439757 ], [ 362282.71925454, 157582.12243891 ], [ 362166.71536736, 157582.12709614 ], [ 362163.63115483, 157539.39350246 ], [ 362149.71356194, 157532.11876851 ], [ 362099.71495702, 157532.12076516 ], [ 362082.71563591, 157549.12130503 ], [ 362082.71827198, 157632.12849149 ], [ 362066.71963651, 157632.12913688 ], [ 362066.71860087, 157599.13125866 ], [ 362049.71791872, 157582.13179222 ], [ 361949.71167307, 157582.13580515 ], [ 361932.71235522, 157599.13629207 ], [ 361932.71473231, 157682.13369644 ], [ 361899.71587056, 157682.13503399 ], [ 361882.71655964, 157699.13579084 ], [ 361882.71878611, 157749.14454317 ], [ 361889.48836585, 157762.6936869 ], [ 361932.7183285, 157766.14244578 ], [ 361935.80298613, 157808.86474983 ], [ 361949.72052127, 157816.13938283 ], [ 361999.71929487, 157816.1373496 ], [ 362013.63630805, 157808.86148433 ], [ 362016.71703295, 157766.1389334 ], [ 362032.7248036, 157766.13828312 ], [ 362032.7263773, 157799.13602684 ], [ 362040.00222135, 157813.05290623 ], [ 362082.72596325, 157816.13387404 ], [ 362082.73140639, 157932.1498416 ], [ 361999.72504954, 157932.1532273 ], [ 361982.72574292, 157949.15400234 ], [ 361982.72959279, 158032.15027374 ], [ 361939.50002178, 158035.60260008 ], [ 361932.73160472, 158049.15242971 ], [ 361932.73862896, 158199.16738016 ], [ 361939.50821703, 158212.71651376 ], [ 361982.73831512, 158216.16525415 ], [ 361985.82298498, 158258.88856378 ], [ 361999.74055086, 158266.16318334 ], [ 362032.74844585, 158266.16176298 ], [ 362032.75159268, 158332.1680788 ], [ 361990.01921089, 158335.25259226 ], [ 361982.74457771, 158349.17024471 ], [ 361982.74614782, 158382.16886169 ], [ 361899.74846307, 158382.17237742 ], [ 361882.7491967, 158399.17318298 ], [ 361882.75383586, 158499.17940997 ], [ 361899.75453685, 158516.17863832 ], [ 361932.75358236, 158516.17727759 ], [ 361932.75434242, 158532.18594096 ], [ 361849.75665978, 158532.18943271 ], [ 361839.52578751, 158535.64040352 ], [ 361839.52578751, 158535.64040352 ] ] ], [ [ [ 364185.84646014, 157839.33224534 ], [ 364182.76659244, 157899.05579764 ], [ 364199.76719539, 157916.05496538 ], [ 364232.7666677, 157916.05379493 ], [ 364232.7707856, 157999.06002076 ], [ 364249.77139413, 158016.05919086 ], [ 364432.7773936, 158016.05263898 ], [ 364432.77898568, 158049.05136743 ], [ 364440.05479268, 158062.96821165 ], [ 364482.77899289, 158066.04936011 ], [ 364482.78938507, 158282.06942076 ], [ 364449.79052378, 158282.07063472 ], [ 364435.8734555, 158289.34648476 ], [ 364432.79274167, 158332.06978059 ], [ 364349.78670648, 158332.07294714 ], [ 364332.78736849, 158349.07377243 ], [ 364332.78897047, 158382.07201207 ], [ 364249.78995141, 158382.07519144 ], [ 364235.87289841, 158389.35107586 ], [ 364232.79229391, 158432.08337565 ], [ 364199.79339178, 158432.08460517 ], [ 364185.87631359, 158439.36048096 ], [ 364182.79570748, 158482.08380009 ], [ 364099.7897523, 158482.08700581 ], [ 364082.79042238, 158499.08787728 ], [ 364082.792986, 158549.09645279 ], [ 364099.79365881, 158566.09558129 ], [ 364132.79287392, 158566.09427524 ], [ 364132.79369185, 158582.09184526 ], [ 363899.79093308, 158582.10119571 ], [ 363882.79162369, 158599.10207063 ], [ 363882.79589515, 158682.10889656 ], [ 363840.0724303, 158685.19340875 ], [ 363832.79781443, 158699.11111423 ], [ 363832.79951122, 158732.10948223 ], [ 363749.80084522, 158732.11296542 ], [ 363732.80157218, 158749.1138386 ], [ 363732.8066091, 158849.11981347 ], [ 363749.80733773, 158866.11897419 ], [ 363832.8063015, 158866.1154826 ], [ 363832.80799862, 158899.12411153 ], [ 363840.08386485, 158913.04094322 ], [ 363882.80779967, 158916.12188724 ], [ 363885.89261192, 158958.84404072 ], [ 363899.81012766, 158966.11863847 ], [ 363982.81619626, 158966.11523786 ], [ 363982.82040465, 159049.12230076 ], [ 363999.82108495, 159066.12142532 ], [ 364049.8200808, 159066.11942444 ], [ 364063.73712549, 159058.84352956 ], [ 364066.81770185, 159016.12030603 ], [ 364132.81570394, 159016.11767532 ], [ 364132.81652679, 159032.11611544 ], [ 364090.09302375, 159035.20059487 ], [ 364082.81840085, 159049.11830582 ], [ 364082.82267179, 159132.12409017 ], [ 364039.59296208, 159135.57638653 ], [ 364032.8245482, 159149.12624742 ], [ 364032.82702196, 159199.12478827 ], [ 364049.82770014, 159216.12394716 ], [ 364149.82569452, 159216.11995781 ], [ 364163.74272875, 159208.84408101 ], [ 364166.82338503, 159166.12073976 ], [ 364199.83022096, 159166.11942329 ], [ 364216.8295429, 159149.11854936 ], [ 364216.81936018, 158949.10572481 ], [ 364199.81868274, 158932.10656474 ], [ 364116.81248055, 158932.10987266 ], [ 364113.72759437, 158889.38759653 ], [ 364099.81010536, 158882.11300985 ], [ 364016.81190477, 158882.11632041 ], [ 364016.81108047, 158866.10787874 ], [ 364060.04080288, 158862.65557202 ], [ 364066.80920526, 158849.10568591 ], [ 364066.80750669, 158816.10734322 ], [ 364099.80631429, 158816.10602902 ], [ 364113.35557088, 158809.33640487 ], [ 364116.80400507, 158766.09791162 ], [ 364199.80985466, 158766.09460653 ], [ 364213.72690164, 158758.8187133 ], [ 364216.8074813, 158716.09549033 ], [ 364282.80649587, 158716.0928627 ], [ 364285.89137867, 158758.81603689 ], [ 364299.80886794, 158766.0906244 ], [ 364382.81507655, 158766.08738484 ], [ 364382.81677057, 158799.09505228 ], [ 364399.81744774, 158816.0941798 ], [ 364449.81645317, 158816.09218809 ], [ 364466.81577596, 158799.09131599 ], [ 364466.81408265, 158766.08407351 ], [ 364582.81910099, 158766.07945336 ], [ 364585.90397923, 158808.81162388 ], [ 364599.82146949, 158816.08621243 ], [ 364699.81948015, 158816.08222843 ], [ 364716.81880283, 158799.08139212 ], [ 364716.817179, 158766.07411586 ], [ 364849.82303893, 158766.06881767 ], [ 364866.82236169, 158749.06794836 ], [ 364866.81481217, 158599.06257062 ], [ 364849.81413577, 158582.06343272 ], [ 364816.81503254, 158582.06474573 ], [ 364813.36256806, 158538.83658645 ], [ 364799.81286528, 158532.06816076 ], [ 364766.8046495, 158532.06946851 ], [ 364766.80392264, 158516.0611016 ], [ 364799.8118461, 158516.05979922 ], [ 364813.36109431, 158509.29019458 ], [ 364816.8096157, 158466.06080396 ], [ 364849.80857784, 158466.05957309 ], [ 364866.80794372, 158449.05877215 ], [ 364866.79862043, 158249.04756109 ], [ 364849.79799741, 158232.04836195 ], [ 364816.79875699, 158232.04957134 ], [ 364816.79334182, 158116.04559828 ], [ 364999.78981314, 158116.03898002 ], [ 365016.78919823, 158099.03822062 ], [ 365016.7869643, 158049.02999284 ], [ 365009.51117628, 158035.11310121 ], [ 364966.78698002, 158032.03194049 ], [ 364966.78095376, 157899.02798434 ], [ 364949.78038401, 157882.02874609 ], [ 364899.78117404, 157882.03042185 ], [ 364885.86408216, 157889.30622604 ], [ 364882.78322758, 157932.03937202 ], [ 364716.77737138, 157932.04519335 ], [ 364716.77580273, 157899.03661551 ], [ 364699.77519926, 157882.03742341 ], [ 364516.77014227, 157882.04385305 ], [ 364516.76855512, 157849.04519615 ], [ 364499.76795465, 157832.04601382 ], [ 364449.76873654, 157832.04777994 ], [ 364432.76933705, 157849.04860001 ], [ 364432.7709289, 157882.04679972 ], [ 364416.77168138, 157882.04736741 ], [ 364413.68686165, 157839.32417688 ], [ 364399.76945248, 157832.04954588 ], [ 364199.76357851, 157832.05640813 ], [ 364185.84646014, 157839.33224534 ], [ 364185.84646014, 157839.33224534 ] ] ], [ [ [ 365735.94047307, 158289.34846361 ], [ 365732.85937903, 158349.07130073 ], [ 365749.85855775, 158366.07074397 ], [ 365782.86230828, 158366.07233837 ], [ 365782.86337445, 158399.07110399 ], [ 365799.86259785, 158416.07055472 ], [ 365932.87883838, 158416.07679651 ], [ 365935.96251969, 158458.8085636 ], [ 365949.87899494, 158466.08381021 ], [ 365982.88254778, 158466.08536285 ], [ 365982.88449736, 158532.08966411 ], [ 365899.88134849, 158532.08602697 ], [ 365882.8806035, 158549.08656145 ], [ 365882.88379544, 158649.0902988 ], [ 365899.88310688, 158666.08974807 ], [ 366049.88932524, 158666.09582224 ], [ 366066.89001345, 158649.09533376 ], [ 366066.88624433, 158516.08631162 ], [ 366109.6215081, 158513.00520364 ], [ 366116.8969781, 158499.08730763 ], [ 366116.89606602, 158466.0915315 ], [ 366132.89829134, 158466.09225191 ], [ 366132.89918876, 158499.09046016 ], [ 366149.89843404, 158516.08999782 ], [ 366232.90402221, 158516.09368256 ], [ 366232.90736529, 158649.10446478 ], [ 366249.90667798, 158666.1040143 ], [ 366299.91671512, 158666.10603619 ], [ 366316.91740242, 158649.10562931 ], [ 366316.91661243, 158616.10009745 ], [ 366449.93925785, 158616.10742986 ], [ 366466.94021923, 158599.10702786 ], [ 366466.93903692, 158549.11135549 ], [ 366449.94003213, 158532.11175754 ], [ 366416.91934204, 158532.10982446 ], [ 366416.91896369, 158516.10311846 ], [ 366499.93038465, 158516.10781214 ], [ 366516.93134597, 158499.10741001 ], [ 366516.93056543, 158466.11203454 ], [ 366532.93292293, 158466.11297123 ], [ 366532.93441878, 158532.11645127 ], [ 366499.9333902, 158532.11458501 ], [ 366482.93242883, 158549.11498715 ], [ 366482.93834363, 158799.11677655 ], [ 366499.93738285, 158816.11637432 ], [ 366632.94682971, 158816.12395747 ], [ 366632.94761139, 158849.12203238 ], [ 366649.9466169, 158866.12162964 ], [ 366782.96319917, 158866.12924532 ], [ 366782.96635354, 158999.13983674 ], [ 366799.96535956, 159016.13943357 ], [ 366832.96911891, 159016.14136327 ], [ 366832.97061866, 159082.1338483 ], [ 366699.96482462, 159082.12624044 ], [ 366682.96383101, 159099.12664325 ], [ 366682.966983, 159232.13461284 ], [ 366649.95794604, 159232.13275077 ], [ 366632.95698706, 159249.13315349 ], [ 366632.95895336, 159332.13524753 ], [ 366590.23256099, 159335.2158667 ], [ 366582.95695665, 159349.13375504 ], [ 366582.95804065, 159399.12953334 ], [ 366599.95708215, 159416.12916473 ], [ 366632.96084322, 159416.13102556 ], [ 366632.96162515, 159449.13916458 ], [ 366649.96066691, 159466.13876185 ], [ 366749.97346776, 159466.14439942 ], [ 366763.52379805, 159459.3755159 ], [ 366766.97364359, 159416.13858122 ], [ 366782.97604345, 159416.13948345 ], [ 366786.05948469, 159458.87187637 ], [ 366799.97586799, 159466.14721805 ], [ 366932.99243066, 159466.15481592 ], [ 366936.07587287, 159508.87720716 ], [ 366949.99225617, 159516.15254852 ], [ 366999.99465666, 159516.1553665 ], [ 367016.99561472, 159499.15496269 ], [ 367016.98502543, 159049.14719795 ], [ 366999.9859852, 159032.14760179 ], [ 366966.98222543, 159032.14573851 ], [ 366966.9818456, 159016.14896453 ], [ 367009.70823324, 159013.06834799 ], [ 367016.98383784, 158999.15045829 ], [ 367016.98311994, 158966.14511448 ], [ 367032.98551546, 158966.14601827 ], [ 367032.98860983, 159099.14660186 ], [ 367040.26349671, 159113.06322166 ], [ 367082.99241068, 159116.14806078 ], [ 367082.99438381, 159199.15296981 ], [ 367099.99342472, 159216.15256566 ], [ 367133.005186, 159216.15442809 ], [ 367136.08862953, 159258.88581797 ], [ 367150.00501191, 159266.16115933 ], [ 367233.01117147, 159266.16584172 ], [ 367233.01195683, 159299.1639763 ], [ 367250.01099821, 159316.16357168 ], [ 367300.0293973, 159316.16639218 ], [ 367317.03035592, 159299.16598744 ], [ 367317.02797504, 159199.16354643 ], [ 367300.02896802, 159182.16395117 ], [ 367267.00917229, 159182.16202247 ], [ 367267.00760151, 159116.15854687 ], [ 367300.02463481, 159116.16041015 ], [ 367317.02559418, 159099.16000543 ], [ 367317.0232135, 158999.16756464 ], [ 367310.2545404, 158985.61875068 ], [ 367267.00441264, 158982.16603923 ], [ 367267.00403174, 158966.15933455 ], [ 367300.02106312, 158966.16119893 ], [ 367313.93921758, 158958.88605997 ], [ 367317.02123751, 158916.16642302 ], [ 367333.01563195, 158916.16735855 ], [ 367333.01760876, 158999.17119736 ], [ 367350.01664887, 159016.17079248 ], [ 367500.02340994, 159016.17882864 ], [ 367517.02422234, 158999.17842048 ], [ 367517.01862741, 158766.16736512 ], [ 367650.02655154, 158766.16903841 ], [ 367667.0267654, 158749.16862824 ], [ 367667.02314636, 158599.16839105 ], [ 367650.023359, 158582.16880118 ], [ 367550.02363976, 158582.16755038 ], [ 367536.10606416, 158589.44292829 ], [ 367533.02422089, 158632.17401404 ], [ 367500.01603108, 158632.17360038 ], [ 367486.46625861, 158638.94273017 ], [ 367483.01661038, 158682.16957723 ], [ 367467.01494427, 158682.16882559 ], [ 367467.01415779, 158649.17095334 ], [ 367450.01515299, 158632.17135855 ], [ 367249.997549, 158632.15994946 ], [ 367232.99658793, 158649.160354 ], [ 367232.99856297, 158732.1524301 ], [ 367216.99616978, 158732.15152564 ], [ 367216.99538478, 158699.15338907 ], [ 367199.99634583, 158682.15379351 ], [ 367116.98219433, 158682.14903466 ], [ 367116.98140995, 158649.15096321 ], [ 367110.21273777, 158635.60214929 ], [ 367066.97761342, 158632.14943511 ], [ 367066.97564178, 158549.14558594 ], [ 367049.97660312, 158532.14598972 ], [ 366866.95777091, 158532.1355403 ], [ 366866.9569882, 158499.12739998 ], [ 366860.18830035, 158485.57857332 ], [ 366816.95419366, 158482.12593706 ], [ 366816.95381444, 158466.12916163 ], [ 366859.68020794, 158463.04854016 ], [ 366866.95580253, 158449.13062417 ], [ 366866.95383429, 158366.12953643 ], [ 366909.68022699, 158363.04891423 ], [ 366916.95582136, 158349.13099821 ], [ 366916.95354916, 158249.12857976 ], [ 366899.95454361, 158232.12894904 ], [ 366816.94836734, 158232.12415941 ], [ 366813.86492722, 158189.40176612 ], [ 366799.94854543, 158182.1264237 ], [ 366766.94479326, 158182.12455935 ], [ 366766.94401115, 158149.11642134 ], [ 366749.94497133, 158132.11682417 ], [ 366549.92654986, 158132.10542721 ], [ 366532.92555569, 158149.10579542 ], [ 366532.92627062, 158182.11123999 ], [ 366489.69368807, 158185.55966016 ], [ 366482.92434959, 158199.10974386 ], [ 366482.92621291, 158282.11086041 ], [ 366440.20882, 158285.19148291 ], [ 366432.93322524, 158299.1093979 ], [ 366432.93400548, 158332.10477351 ], [ 366199.89840763, 158332.09256925 ], [ 366186.34817506, 158338.86150626 ], [ 366182.8984039, 158382.08860859 ], [ 366166.89610742, 158382.08784648 ], [ 366166.8952104, 158349.08969496 ], [ 366149.89603065, 158332.0901571 ], [ 366066.88107727, 158332.08608554 ], [ 366066.88015099, 158299.08771318 ], [ 366049.88098198, 158282.08819039 ], [ 365949.87621452, 158282.08320156 ], [ 365932.87534939, 158299.08369392 ], [ 365932.87630506, 158332.07958311 ], [ 365866.87153159, 158332.07639587 ], [ 365866.87054637, 158299.07770343 ], [ 365849.87137788, 158282.07821101 ], [ 365749.85860734, 158282.07321853 ], [ 365735.94047307, 158289.34846361 ], [ 365735.94047307, 158289.34846361 ] ] ], [ [ [ 361744.22985972, 158983.1703747 ], [ 361732.77381596, 158999.21885571 ], [ 361732.77882915, 159099.214985 ], [ 361749.77956317, 159116.2141497 ], [ 361832.7854929, 159116.2105652 ], [ 361832.78717989, 159149.21928343 ], [ 361840.06304663, 159163.13612068 ], [ 361882.7868955, 159166.21705599 ], [ 361882.78771307, 159182.21557396 ], [ 361839.55801417, 159185.66800469 ], [ 361832.78963547, 159199.21786682 ], [ 361832.79219129, 159249.22545043 ], [ 361840.0680748, 159263.14229932 ], [ 361882.79190585, 159266.2231581 ], [ 361882.79272342, 159282.22174209 ], [ 361840.06935471, 159285.3063391 ], [ 361832.79474689, 159299.22399982 ], [ 361832.79636789, 159332.23244742 ], [ 361749.7906805, 159332.23595881 ], [ 361732.79141311, 159349.23682811 ], [ 361732.79396976, 159399.23430976 ], [ 361749.79466804, 159416.23344044 ], [ 361832.8005932, 159416.22996446 ], [ 361835.88539329, 159458.96321555 ], [ 361849.80291238, 159466.23781562 ], [ 361882.8019927, 159466.2364604 ], [ 361882.80616818, 159549.23369955 ], [ 361890.08203374, 159563.15053604 ], [ 361932.80583087, 159566.23147665 ], [ 361932.80660306, 159582.23894811 ], [ 361899.80784716, 159582.24036702 ], [ 361882.80857817, 159599.24118332 ], [ 361882.8125638, 159682.24794957 ], [ 361749.80789607, 159682.25355511 ], [ 361732.80862523, 159699.25436796 ], [ 361732.81101591, 159749.25178696 ], [ 361740.08687916, 159763.16867756 ], [ 361782.82778483, 159766.24955963 ], [ 361782.83415301, 159899.25400994 ], [ 361799.83484496, 159916.25319596 ], [ 361949.82263977, 159916.24699126 ], [ 361966.82194785, 159899.2461739 ], [ 361966.82036131, 159866.24883561 ], [ 362010.05000728, 159862.79643313 ], [ 362016.81840565, 159849.24660637 ], [ 362016.80718668, 159616.23543623 ], [ 362049.81494417, 159616.23401703 ], [ 362066.81421322, 159599.23319533 ], [ 362066.81017674, 159516.22725655 ], [ 362110.03980587, 159512.77482987 ], [ 362116.80818562, 159499.22496776 ], [ 362116.80650067, 159466.22661586 ], [ 362182.80428755, 159466.2237731 ], [ 362182.81094864, 159599.22862538 ], [ 362199.81167965, 159616.22776704 ], [ 362249.81052486, 159616.225617 ], [ 362266.80979381, 159599.22479177 ], [ 362266.79567617, 159316.20551683 ], [ 362332.8014662, 159316.20273626 ], [ 362335.88634779, 159358.93602238 ], [ 362349.80388262, 159366.21059529 ], [ 362382.80286129, 159366.20917263 ], [ 362382.80454411, 159399.20689949 ], [ 362399.80524272, 159416.20603251 ], [ 362482.81209878, 159416.20255534 ], [ 362482.81539745, 159482.2097441 ], [ 362440.082996, 159485.29433867 ], [ 362432.808387, 159499.21199816 ], [ 362432.81083632, 159549.21059183 ], [ 362449.81156801, 159566.20975902 ], [ 362599.81729546, 159566.20340199 ], [ 362616.81656364, 159549.20253575 ], [ 362616.81240045, 159466.20551121 ], [ 362659.55178563, 159463.12099373 ], [ 362666.82641179, 159449.20332312 ], [ 362666.81980179, 159316.18863 ], [ 362710.04142385, 159312.73620943 ], [ 362716.80981476, 159299.18637497 ], [ 362716.80820003, 159266.18790929 ], [ 362760.03780682, 159262.73556586 ], [ 362766.80621368, 159249.18571969 ], [ 362766.79960661, 159116.17102 ], [ 362782.79848756, 159116.17032876 ], [ 362782.80261346, 159199.1776253 ], [ 362799.80334738, 159216.17679378 ], [ 362832.80239239, 159216.17536912 ], [ 362832.80655132, 159299.18170132 ], [ 362849.80725306, 159316.180836 ], [ 362949.81412849, 159316.17660748 ], [ 362966.81339262, 159299.17577531 ], [ 362966.80839728, 159199.16955069 ], [ 362949.80766317, 159182.17041682 ], [ 362916.80859747, 159182.17184185 ], [ 362916.80781471, 159166.173245 ], [ 363199.80931718, 159166.16123691 ], [ 363216.80858373, 159149.16036861 ], [ 363216.80689774, 159116.1520216 ], [ 363260.03660467, 159112.69960165 ], [ 363266.80499496, 159099.1497647 ], [ 363266.80253963, 159049.15218485 ], [ 363249.8018079, 159032.15301972 ], [ 363116.80487942, 159032.15864419 ], [ 363116.80074369, 158949.1513674 ], [ 363099.80001384, 158932.15220086 ], [ 362999.7941245, 158932.15639453 ], [ 362982.79482041, 158949.15726109 ], [ 362982.79898584, 159032.16427724 ], [ 362966.80008807, 159032.16493373 ], [ 362966.79840665, 158999.16617009 ], [ 362949.79767599, 158982.16703632 ], [ 362849.79088423, 158982.17123449 ], [ 362832.79158084, 158999.17206581 ], [ 362832.79319454, 159032.17056901 ], [ 362716.79651549, 159032.17551605 ], [ 362713.71163667, 158989.45219172 ], [ 362699.79409971, 158982.17761891 ], [ 362616.78820619, 158982.1812078 ], [ 362616.78414289, 158899.17491787 ], [ 362599.78344132, 158882.17575009 ], [ 362516.78547784, 158882.17924137 ], [ 362516.78379542, 158849.17051573 ], [ 362509.50791143, 158835.25366415 ], [ 362466.77507876, 158832.17281084 ], [ 362466.76839783, 158699.16789883 ], [ 362449.76769515, 158682.16876558 ], [ 362349.76985825, 158682.17299898 ], [ 362332.77059496, 158699.17386606 ], [ 362332.77727869, 158832.1784767 ], [ 362299.77849408, 158832.17983895 ], [ 362285.86146882, 158839.45573667 ], [ 362282.78087971, 158882.18916569 ], [ 362239.54317574, 158885.64160059 ], [ 362232.77479745, 158899.19146105 ], [ 362232.77648124, 158932.18891894 ], [ 362149.77884978, 158932.19240822 ], [ 362132.77955096, 158949.19324196 ], [ 362132.78700831, 159099.19800777 ], [ 362149.78774259, 159116.19717391 ], [ 362249.78550319, 159116.19295457 ], [ 362263.70251785, 159108.91707424 ], [ 362266.78318504, 159066.19462982 ], [ 362282.79006676, 159066.19393818 ], [ 362282.79588481, 159182.19867679 ], [ 362266.78897232, 159182.19933561 ], [ 362266.78735445, 159149.20071157 ], [ 362249.78665444, 159132.20154507 ], [ 362116.7897802, 159132.20712145 ], [ 362113.70497414, 159089.47382262 ], [ 362099.78742671, 159082.19923353 ], [ 362016.78049781, 159082.2028186 ], [ 362016.77380408, 158949.19792647 ], [ 362010.00416698, 158935.64885071 ], [ 361966.77408659, 158932.20022168 ], [ 361966.76994599, 158849.19395196 ], [ 361949.76921034, 158832.19478642 ], [ 361916.77016125, 158832.19621444 ], [ 361916.7659858, 158749.18991284 ], [ 361899.76524958, 158732.19078148 ], [ 361849.76629848, 158732.19294683 ], [ 361832.76703474, 158749.19381563 ], [ 361832.76872164, 158782.2011664 ], [ 361790.05434622, 158785.28576985 ], [ 361782.77973995, 158799.20342971 ], [ 361782.78219597, 158849.20201219 ], [ 361799.78293166, 158866.20117711 ], [ 361832.77298077, 158866.19974941 ], [ 361832.77877817, 158982.21446511 ], [ 361744.22985972, 158983.1703747 ], [ 361744.22985972, 158983.1703747 ] ] ], [ [ [ 365335.99102906, 160239.40538603 ], [ 365332.91081068, 160299.13873072 ], [ 365340.18632708, 160313.0554331 ], [ 365382.92793288, 160316.13783406 ], [ 365382.92939228, 160349.13670786 ], [ 365389.69870026, 160362.68565258 ], [ 365432.922381, 160366.13573139 ], [ 365436.37464999, 160409.36415895 ], [ 365449.92395154, 160416.13277559 ], [ 365532.92505822, 160416.13215483 ], [ 365532.93094013, 160549.14618709 ], [ 365549.93109269, 160566.14539633 ], [ 365582.93175844, 160566.14510014 ], [ 365586.01624826, 160608.86821178 ], [ 365599.93337781, 160616.14302413 ], [ 365632.94311799, 160616.14271462 ], [ 365632.94676767, 160699.14851736 ], [ 365649.94697462, 160716.14776983 ], [ 365832.95565643, 160716.14547419 ], [ 365832.95914787, 160799.15191893 ], [ 365849.9594027, 160816.15119037 ], [ 366032.95970243, 160816.1486114 ], [ 366032.96101399, 160849.14586582 ], [ 366040.23659982, 160863.0627004 ], [ 366082.97066532, 160866.14468142 ], [ 366082.97196807, 160899.15287095 ], [ 366099.9722369, 160916.15220001 ], [ 366149.97210294, 160916.15140932 ], [ 366166.97183409, 160899.15077711 ], [ 366166.97060661, 160866.14348633 ], [ 366232.97049053, 160866.14246814 ], [ 366232.97176559, 160899.1504837 ], [ 366240.24734897, 160913.06733553 ], [ 366282.98028323, 160916.14930444 ], [ 366286.06452513, 160958.87174766 ], [ 366299.98162442, 160966.14663682 ], [ 366499.99516758, 160966.15359688 ], [ 366516.99598147, 160949.15299935 ], [ 366516.99422408, 160899.15557633 ], [ 366499.99504353, 160882.15617389 ], [ 366467.00058083, 160882.15458349 ], [ 366466.99824393, 160816.15061664 ], [ 366549.99211325, 160816.15477066 ], [ 366566.99297758, 160799.15417786 ], [ 366566.99123373, 160749.14677165 ], [ 366559.71624201, 160735.23026724 ], [ 366516.98855545, 160732.14567574 ], [ 366516.98739604, 160699.14678652 ], [ 366509.71240575, 160685.23028757 ], [ 366466.99360034, 160682.1456845 ], [ 366466.99303414, 160666.14925202 ], [ 366549.98706602, 160666.15355302 ], [ 366566.98794694, 160649.15296041 ], [ 366566.98174025, 160466.14578106 ], [ 366699.996257, 160466.15300595 ], [ 366716.9971591, 160449.15255366 ], [ 366716.99582858, 160399.14571203 ], [ 366699.99676588, 160382.14616436 ], [ 366616.98278794, 160382.14165325 ], [ 366616.97982265, 160266.14194561 ], [ 366659.70620139, 160263.06126694 ], [ 366666.98177004, 160249.14331914 ], [ 366666.97920487, 160149.14056362 ], [ 366649.9801482, 160132.14098268 ], [ 366616.97641305, 160132.13915131 ], [ 366616.97559807, 160099.14094001 ], [ 366599.9765426, 160082.1413599 ], [ 366549.97316814, 160082.13858168 ], [ 366532.97222362, 160099.13903633 ], [ 366532.97310608, 160132.13452389 ], [ 366490.24675147, 160135.2152678 ], [ 366482.97118863, 160149.13318 ], [ 366482.97200683, 160182.13767151 ], [ 366440.2547379, 160185.21834073 ], [ 366432.97915881, 160199.13626506 ], [ 366432.98040076, 160249.13322383 ], [ 366449.97945965, 160266.13280152 ], [ 366532.97648998, 160266.13732993 ], [ 366532.97691808, 160282.14424896 ], [ 366499.97594748, 160282.14242457 ], [ 366486.42561255, 160288.91133881 ], [ 366482.97589182, 160332.13844118 ], [ 366399.96452579, 160332.13395802 ], [ 366382.96362129, 160349.13441514 ], [ 366382.96496572, 160399.13027759 ], [ 366399.9640284, 160416.12982042 ], [ 366482.97800859, 160416.13433192 ], [ 366482.97840547, 160432.14125462 ], [ 366349.96488834, 160432.13402911 ], [ 366332.96395205, 160449.1345992 ], [ 366332.96505864, 160482.13145943 ], [ 366316.96438455, 160482.13134952 ], [ 366316.96319898, 160449.13314705 ], [ 366299.96305814, 160432.13375783 ], [ 366149.95448565, 160432.13499939 ], [ 366132.95462621, 160449.13565786 ], [ 366132.95778935, 160532.1395783 ], [ 366116.95768673, 160532.13975499 ], [ 366116.9563849, 160499.13249364 ], [ 366109.68085847, 160485.21569514 ], [ 366066.94653882, 160482.13344936 ], [ 366066.9437477, 160399.12805034 ], [ 366049.94365283, 160382.1285585 ], [ 365966.94265536, 160382.12908745 ], [ 365963.85862554, 160339.40771831 ], [ 365949.94148756, 160332.13278481 ], [ 365849.94086989, 160332.13337483 ], [ 365836.02348057, 160339.40895788 ], [ 365832.94216972, 160382.13010013 ], [ 365790.20954091, 160385.21326384 ], [ 365782.93456081, 160399.13096671 ], [ 365782.93637765, 160449.13859729 ], [ 365799.93651703, 160466.13797966 ], [ 365832.94525854, 160466.137709 ], [ 365832.94590514, 160482.13560183 ], [ 365766.93753662, 160482.13623598 ], [ 365763.85317757, 160439.41323564 ], [ 365749.93604458, 160432.13838919 ], [ 365699.93585024, 160432.13879824 ], [ 365682.93598933, 160449.13953429 ], [ 365682.93741802, 160482.13699223 ], [ 365666.93723322, 160482.13716171 ], [ 365663.85277325, 160439.41403124 ], [ 365649.9356559, 160432.13920681 ], [ 365616.92591459, 160432.13947619 ], [ 365616.92124207, 160316.13675933 ], [ 365682.93086181, 160316.13648245 ], [ 365686.01514194, 160358.85932743 ], [ 365699.93224128, 160366.13420627 ], [ 365749.93248442, 160366.13396295 ], [ 365766.93240169, 160349.13333718 ], [ 365766.92928066, 160266.12841197 ], [ 365799.92903921, 160266.12836043 ], [ 365816.92901265, 160249.12774319 ], [ 365816.92356754, 160099.12575886 ], [ 365799.92357452, 160082.12637587 ], [ 365699.92247872, 160082.12623441 ], [ 365682.9224376, 160099.12690201 ], [ 365682.92569733, 160182.13087086 ], [ 365549.91596489, 160182.13115316 ], [ 365532.91601362, 160199.13187988 ], [ 365532.9174242, 160232.12917176 ], [ 365349.90851593, 160232.12974578 ], [ 365335.99102906, 160239.40538603 ], [ 365335.99102906, 160239.40538603 ] ] ], [ [ [ 361444.94697024, 164333.17949686 ], [ 361432.89555154, 164349.42074676 ], [ 361432.89720101, 164499.42215396 ], [ 361449.89779544, 164516.42195562 ], [ 361549.8983848, 164516.41855869 ], [ 361563.8152716, 164509.14306297 ], [ 361566.89752303, 164466.41055983 ], [ 361582.89734327, 164466.41000301 ], [ 361582.8981787, 164549.41339321 ], [ 361599.89874224, 164566.41320855 ], [ 361749.90643985, 164566.40835783 ], [ 361766.90595186, 164549.40818547 ], [ 361766.90503801, 164449.40446928 ], [ 361759.62951122, 164435.4871401 ], [ 361716.90470056, 164432.40554681 ], [ 361716.90401086, 164349.41222764 ], [ 361699.90345902, 164332.41236889 ], [ 361666.90397969, 164332.4134401 ], [ 361666.90381045, 164316.40605358 ], [ 361699.90414453, 164316.40498808 ], [ 361716.90359563, 164299.404847 ], [ 361716.9025039, 164166.4034773 ], [ 361799.92058271, 164166.40134875 ], [ 361816.92017108, 164149.40121689 ], [ 361816.91991505, 164116.3935639 ], [ 361860.14245811, 164112.94206324 ], [ 361866.91124016, 164099.39266655 ], [ 361866.90953209, 163866.38758481 ], [ 361882.91005444, 163866.38719624 ], [ 361882.91063277, 163949.3905632 ], [ 361899.91104526, 163966.39043122 ], [ 362049.92161539, 163966.38679146 ], [ 362066.92120292, 163949.3866593 ], [ 362066.92016903, 163816.38535173 ], [ 362109.64560188, 163813.30164431 ], [ 362116.92059296, 163799.38441768 ], [ 362116.9203363, 163766.37676041 ], [ 362149.92117328, 163766.37595816 ], [ 362166.92076001, 163749.37582591 ], [ 362166.91933646, 163566.3781037 ], [ 362209.64478586, 163563.2943162 ], [ 362216.91975938, 163549.37710169 ], [ 362216.91911351, 163466.37216519 ], [ 362249.91985044, 163466.37136071 ], [ 362266.91943601, 163449.37122839 ], [ 362266.91810591, 163266.36243054 ], [ 362299.92683943, 163266.3616243 ], [ 362316.92642421, 163249.3614788 ], [ 362316.92556832, 163149.35768606 ], [ 362299.92511775, 163132.35783156 ], [ 362016.90546354, 163132.36496703 ], [ 362016.90533483, 163116.3675819 ], [ 362049.91505568, 163116.36677176 ], [ 362066.91463845, 163099.36663353 ], [ 362066.91423183, 163049.36024696 ], [ 362049.91381394, 163032.3603852 ], [ 361849.90297051, 163032.36540219 ], [ 361832.90338844, 163049.36553459 ], [ 361832.9037779, 163099.37191325 ], [ 361849.90419515, 163116.37178084 ], [ 361882.90435175, 163116.37097087 ], [ 361882.90461157, 163149.36796797 ], [ 361889.67385876, 163162.91748289 ], [ 361932.90529121, 163166.36702544 ], [ 361932.90649885, 163332.37543976 ], [ 361899.9057616, 163332.37624486 ], [ 361882.90617633, 163349.37637675 ], [ 361882.9069522, 163449.3801244 ], [ 361899.90736656, 163466.3799925 ], [ 361932.90753899, 163466.37918815 ], [ 361932.90766317, 163482.3765623 ], [ 361899.90682597, 163482.3773663 ], [ 361882.90724014, 163499.3774982 ], [ 361882.90788422, 163582.38142779 ], [ 361799.91555781, 163582.38354793 ], [ 361782.91600563, 163599.38367973 ], [ 361782.91664918, 163682.38860679 ], [ 361699.89836788, 163682.39076515 ], [ 361682.89882878, 163699.39089864 ], [ 361682.89948067, 163782.39493884 ], [ 361649.8989157, 163782.39595298 ], [ 361632.89943812, 163799.39609016 ], [ 361632.90222873, 164132.40597958 ], [ 361589.66307052, 164135.8577862 ], [ 361582.8943633, 164149.40717091 ], [ 361582.89605733, 164332.41616668 ], [ 361444.94697024, 164333.17949686 ], [ 361444.94697024, 164333.17949686 ] ] ], [ [ [ 368186.25414956, 166439.60792447 ], [ 368183.16898654, 166499.33005902 ], [ 368200.16905743, 166516.33080291 ], [ 368283.16622907, 166516.33045677 ], [ 368283.16553517, 166532.32823127 ], [ 367950.15473297, 166532.32959503 ], [ 367933.15480259, 166549.32883482 ], [ 367933.15256634, 166599.33658459 ], [ 367950.15266866, 166616.3373448 ], [ 367983.15978391, 166616.33714612 ], [ 367983.15903955, 166632.33386414 ], [ 367940.42567781, 166635.41657988 ], [ 367933.15023027, 166649.3332341 ], [ 367933.1487541, 166682.34170987 ], [ 367900.14890039, 166682.3418376 ], [ 367886.23196156, 166689.61669852 ], [ 367883.14741795, 166732.3396479 ], [ 367767.14221655, 166732.34008821 ], [ 367763.69352072, 166689.11178369 ], [ 367750.143718, 166682.34241815 ], [ 367650.14556371, 166682.34280514 ], [ 367633.14562952, 166699.34199117 ], [ 367633.14165527, 166782.34722272 ], [ 367500.13455847, 166782.34818031 ], [ 367483.13481305, 166799.34736446 ], [ 367483.13322942, 166832.34608018 ], [ 367217.13254057, 166832.35055883 ], [ 367214.05143863, 166789.62873886 ], [ 367200.13366784, 166782.35322568 ], [ 367117.12906532, 166782.35469368 ], [ 367117.13460889, 166649.34373747 ], [ 367100.13429355, 166632.34304167 ], [ 367000.13549897, 166632.34479667 ], [ 366983.13578033, 166649.34411394 ], [ 366983.13037293, 166782.35693591 ], [ 366950.13053529, 166782.3575457 ], [ 366933.13084944, 166799.35690375 ], [ 366933.12697349, 166899.36208428 ], [ 366939.8959073, 166912.91217078 ], [ 366983.12494625, 166916.36215186 ], [ 366983.12359581, 166949.35786354 ], [ 367000.12390956, 166966.35855931 ], [ 367183.12665628, 166966.35544698 ], [ 367183.1251826, 166999.35202849 ], [ 367190.40032402, 167013.26998462 ], [ 367233.12308465, 167016.35223874 ], [ 367233.11938536, 167099.35542334 ], [ 367250.11970789, 167116.35618103 ], [ 367283.13329841, 167116.35555465 ], [ 367286.58216792, 167159.59356899 ], [ 367300.13212203, 167166.36283654 ], [ 367333.12184958, 167166.36227081 ], [ 367333.11584652, 167299.36297932 ], [ 367350.11618062, 167316.36376787 ], [ 367400.11496827, 167316.36278518 ], [ 367413.66392021, 167309.59402205 ], [ 367417.11609574, 167266.36486599 ], [ 367433.11488034, 167266.36455418 ], [ 367433.11342188, 167299.36105093 ], [ 367450.1137561, 167316.36180233 ], [ 367533.11928066, 167316.36028457 ], [ 367533.11782721, 167349.35682259 ], [ 367540.3928332, 167363.27467422 ], [ 367583.1162694, 167366.35755916 ], [ 367586.56508569, 167409.59566428 ], [ 367600.114821, 167416.36502214 ], [ 367633.11326209, 167416.36501449 ], [ 367636.1942834, 167459.08597189 ], [ 367650.11181308, 167466.36158654 ], [ 367683.11025954, 167466.36158349 ], [ 367686.19128172, 167509.09354995 ], [ 367700.10880928, 167516.36916495 ], [ 367783.11445854, 167516.36916888 ], [ 367783.11082059, 167599.37261806 ], [ 367800.11081504, 167616.37336311 ], [ 368150.13022333, 167616.37357798 ], [ 368163.67943499, 167609.60491985 ], [ 368167.1316656, 167566.36683592 ], [ 368200.12360125, 167566.36684226 ], [ 368214.04061404, 167559.09197397 ], [ 368217.12503951, 167516.36919102 ], [ 368450.13076286, 167516.36920393 ], [ 368464.04778702, 167509.09431598 ], [ 368467.13212602, 167466.36141545 ], [ 368483.13132162, 167466.36141414 ], [ 368483.12996089, 167499.36850597 ], [ 368489.89873879, 167512.91850039 ], [ 368533.12842376, 167516.36920871 ], [ 368536.20947411, 167559.09140083 ], [ 368550.12699538, 167566.36701043 ], [ 368600.13419471, 167566.3670203 ], [ 368614.05122147, 167559.09213204 ], [ 368617.13555571, 167516.36921363 ], [ 368633.13475351, 167516.36921458 ], [ 368636.58368152, 167559.59769312 ], [ 368650.13339393, 167566.3670302 ], [ 368733.1306578, 167566.36698544 ], [ 368733.12503752, 167699.36869165 ], [ 368750.12510238, 167716.36942281 ], [ 368800.12388504, 167716.36923199 ], [ 368817.12382015, 167699.36996285 ], [ 368817.12523883, 167666.37134635 ], [ 368900.13249803, 167666.37103071 ], [ 368917.13243336, 167649.37176101 ], [ 368917.1345812, 167599.37394163 ], [ 368900.13451683, 167582.37321133 ], [ 368817.12875008, 167582.37352563 ], [ 368817.13221864, 167499.36964484 ], [ 368800.13218887, 167482.36894793 ], [ 368767.13417058, 167482.36900576 ], [ 368767.13485905, 167466.36115014 ], [ 368809.85893927, 167463.27842841 ], [ 368817.13436853, 167449.36172377 ], [ 368817.13641822, 167399.36490291 ], [ 368809.8613672, 167385.44707173 ], [ 368767.1383719, 167382.36432874 ], [ 368767.14184216, 167299.35944577 ], [ 368750.14181401, 167282.35874852 ], [ 368717.14385906, 167282.3588032 ], [ 368714.06272276, 167239.63659645 ], [ 368700.14520313, 167232.36100947 ], [ 368667.14676023, 167232.36103039 ], [ 368667.1495391, 167166.3563954 ], [ 368709.87395546, 167163.27379146 ], [ 368717.1494199, 167149.35709728 ], [ 368717.15292723, 167066.35155948 ], [ 368750.15245767, 167066.35144046 ], [ 368767.15239635, 167049.35213772 ], [ 368767.15861524, 166899.34966906 ], [ 368750.15855432, 166882.34898327 ], [ 368667.1614669, 166882.34921446 ], [ 368667.16210777, 166866.3414113 ], [ 368709.88639978, 166863.25876641 ], [ 368717.16184052, 166849.34203391 ], [ 368717.16315461, 166816.34348949 ], [ 368750.16264486, 166816.3433691 ], [ 368763.71182885, 166809.57465805 ], [ 368767.16389225, 166766.33649936 ], [ 368800.1632732, 166766.33637789 ], [ 368814.08025835, 166759.06145494 ], [ 368817.16451491, 166716.33850617 ], [ 368850.17288672, 166716.3383836 ], [ 368867.17282358, 166699.33905295 ], [ 368867.17992954, 166516.32801117 ], [ 368883.17853931, 166516.3279817 ], [ 368886.25975897, 166559.05020794 ], [ 368900.17730968, 166566.32576218 ], [ 369000.17463928, 166566.32538107 ], [ 369017.17457448, 166549.32600893 ], [ 369017.17642104, 166499.32819396 ], [ 369009.90134708, 166485.41041567 ], [ 368967.17847795, 166482.32769292 ], [ 368964.09725989, 166439.60550829 ], [ 368950.17973561, 166432.32994488 ], [ 368917.18180027, 166432.33000673 ], [ 368913.73270403, 166389.09250992 ], [ 368900.18296246, 166382.32322664 ], [ 368850.1843699, 166382.32342191 ], [ 368833.18443631, 166399.32278662 ], [ 368833.18320281, 166432.33029811 ], [ 368767.17700819, 166432.33055372 ], [ 368764.09572769, 166389.59935277 ], [ 368750.17818502, 166382.32381236 ], [ 368467.17771046, 166382.32511255 ], [ 368467.17905655, 166349.32809243 ], [ 368450.17898184, 166332.32739893 ], [ 368400.18012031, 166332.32761869 ], [ 368383.18019504, 166349.32688792 ], [ 368383.17877655, 166382.32547547 ], [ 368317.1719411, 166382.32576062 ], [ 368314.09088049, 166339.60374463 ], [ 368300.17329751, 166332.3281582 ], [ 368250.17433632, 166332.32837793 ], [ 368233.17441105, 166349.32763735 ], [ 368233.17079516, 166432.33289449 ], [ 368200.17110218, 166432.33303457 ], [ 368186.25414956, 166439.60792447 ], [ 368186.25414956, 166439.60792447 ] ] ], [ [ [ 365636.5240599, 167739.18480846 ], [ 365633.07123893, 167799.41327404 ], [ 365640.34642563, 167813.33122395 ], [ 365683.06903597, 167816.41331769 ], [ 365683.06835273, 167832.42122122 ], [ 365600.0614574, 167832.42299332 ], [ 365583.0618068, 167849.42225268 ], [ 365583.0581538, 167932.4285262 ], [ 365567.05973922, 167932.42885418 ], [ 365567.06339635, 167849.424761 ], [ 365560.29445067, 167835.87460151 ], [ 365517.06566027, 167832.42476506 ], [ 365517.06821335, 167766.41885537 ], [ 365550.06773857, 167766.41817814 ], [ 365567.06738969, 167749.41885706 ], [ 365567.06938676, 167699.41188563 ], [ 365550.06903814, 167682.41120673 ], [ 365517.07151322, 167682.41188343 ], [ 365513.62244272, 167639.1835709 ], [ 365500.0724746, 167632.41436014 ], [ 365467.07499844, 167632.41503632 ], [ 365463.99364607, 167589.69286128 ], [ 365450.07588589, 167582.41741207 ], [ 365417.08639254, 167582.41808761 ], [ 365414.00503083, 167539.68700943 ], [ 365400.08727242, 167532.41156224 ], [ 365367.07369565, 167532.41223759 ], [ 365363.62459642, 167489.18381644 ], [ 365350.07463335, 167482.41461135 ], [ 365217.07043215, 167482.41733497 ], [ 365217.07341264, 167399.41340462 ], [ 365200.07308754, 167382.41279407 ], [ 365150.07367027, 167382.41375028 ], [ 365136.52465563, 167389.18258497 ], [ 365133.07284161, 167432.41092939 ], [ 365017.06671181, 167432.41295531 ], [ 365017.06763956, 167399.41689758 ], [ 365000.0673143, 167382.4164196 ], [ 364900.06850788, 167382.41823297 ], [ 364883.06879918, 167399.41782126 ], [ 364883.06800004, 167432.41535395 ], [ 364817.06921969, 167432.41653566 ], [ 364813.61948592, 167389.18923741 ], [ 364800.06966477, 167382.42014679 ], [ 364650.06229508, 167382.42281841 ], [ 364636.14534513, 167389.69801908 ], [ 364633.06207606, 167432.41984724 ], [ 364200.05027383, 167432.42757544 ], [ 364183.0505957, 167449.42762791 ], [ 364183.0506976, 167482.43532954 ], [ 364150.04309651, 167482.43594678 ], [ 364133.04341441, 167499.43601564 ], [ 364133.04361695, 167549.43343988 ], [ 364150.04389687, 167566.43337101 ], [ 364183.0508581, 167566.4328275 ], [ 364183.05101737, 167649.4364383 ], [ 364190.32640011, 167663.35378615 ], [ 364233.05001316, 167666.43589118 ], [ 364233.0500264, 167732.43987753 ], [ 364000.04536844, 167732.44402596 ], [ 363983.04578341, 167749.44415448 ], [ 363983.04643947, 167849.44893272 ], [ 363989.81567305, 167862.99847662 ], [ 364033.04680101, 167866.44803261 ], [ 364036.12915641, 167909.16898789 ], [ 364050.04671418, 167916.44423377 ], [ 364133.04345012, 167916.4429657 ], [ 364133.04197187, 167949.45001888 ], [ 364140.31709739, 167963.36796605 ], [ 364183.04766991, 167966.45029008 ], [ 364183.04384807, 168049.444409 ], [ 364190.31894518, 168063.36237132 ], [ 364233.0416395, 168066.44478228 ], [ 364233.03556804, 168199.45800566 ], [ 364239.80444405, 168213.00813583 ], [ 364283.03424996, 168216.45828128 ], [ 364283.03276677, 168249.45440143 ], [ 364300.03301766, 168266.45516558 ], [ 364383.03688721, 168266.45400651 ], [ 364383.03079429, 168399.45623508 ], [ 364400.0310104, 168416.45700108 ], [ 364433.02846202, 168416.45658157 ], [ 364433.02773992, 168432.46461939 ], [ 364400.02822545, 168432.46503841 ], [ 364386.11139209, 168439.7399628 ], [ 364383.02695458, 168482.46339107 ], [ 364350.0195441, 168482.46380959 ], [ 364333.01975967, 168499.46301073 ], [ 364333.01740975, 168549.47014725 ], [ 364340.29252179, 168563.38812244 ], [ 364383.02307002, 168566.47046213 ], [ 364383.02158347, 168599.46758411 ], [ 364389.7904576, 168613.01771557 ], [ 364433.01920596, 168616.46786656 ], [ 364433.0153962, 168699.47202678 ], [ 364440.29050097, 168713.38996494 ], [ 364483.01301198, 168716.47237717 ], [ 364483.00919786, 168799.47747272 ], [ 364500.0094118, 168816.47824032 ], [ 364533.0237848, 168816.4778248 ], [ 364533.02300856, 168832.47488027 ], [ 364450.00814961, 168832.47599649 ], [ 364433.00836469, 168849.47513572 ], [ 364433.00669332, 168882.48427211 ], [ 364417.00825098, 168882.48450764 ], [ 364413.92735547, 168839.75220469 ], [ 364400.00960619, 168832.4766289 ], [ 364367.00430129, 168832.47711226 ], [ 364363.92347295, 168789.75581913 ], [ 364350.0057142, 168782.48022823 ], [ 364067.00694224, 168782.48400834 ], [ 364067.00840289, 168749.47695814 ], [ 364050.00813048, 168732.47620584 ], [ 364000.00917191, 168732.47700708 ], [ 363983.00944435, 168749.4763042 ], [ 363983.00807957, 168782.4852892 ], [ 363950.00829466, 168782.48580984 ], [ 363933.00856288, 168799.48500717 ], [ 363933.00380519, 168899.49017801 ], [ 363950.00407072, 168916.49099288 ], [ 364082.99915428, 168916.48899613 ], [ 364086.44785247, 168959.71749989 ], [ 364099.9977744, 168966.48682312 ], [ 364282.99932318, 168966.48438349 ], [ 364282.99522877, 169049.48841389 ], [ 364299.99544871, 169066.48923897 ], [ 364332.99280597, 169066.48881204 ], [ 364336.07369713, 169109.21104057 ], [ 364349.99142466, 169116.48662486 ], [ 364499.99462825, 169116.48457241 ], [ 364516.99440691, 169099.48539973 ], [ 364516.99851206, 169016.4892102 ], [ 364600.00443522, 169016.48804149 ], [ 364613.55342151, 169009.71934037 ], [ 364617.00579084, 168966.47980937 ], [ 364659.72962072, 168963.3967718 ], [ 364667.0050253, 168949.48024993 ], [ 364667.00917352, 168866.47311647 ], [ 364783.01339994, 168866.47158165 ], [ 364783.01261766, 168882.47958248 ], [ 364700.005755, 168882.48063967 ], [ 364683.00597152, 168899.47977599 ], [ 364683.0034314, 168949.47788282 ], [ 364700.00368314, 168966.47874649 ], [ 364833.00681817, 168966.47687661 ], [ 364836.08769542, 169009.20903302 ], [ 364850.00542329, 169016.48462081 ], [ 365100.00544478, 169016.48119732 ], [ 365117.00522548, 168999.48206543 ], [ 365117.00691109, 168966.47300161 ], [ 365183.0037216, 168966.47208898 ], [ 365183.00203389, 168999.47893792 ], [ 365200.00230901, 169016.47980716 ], [ 365333.00613543, 169016.47713602 ], [ 365333.00281844, 169082.4718482 ], [ 365289.77231435, 169085.92310127 ], [ 365283.00322349, 169099.4717984 ], [ 365282.99907191, 169182.4778845 ], [ 365240.27472671, 169185.56145955 ], [ 365232.99944714, 169199.47792152 ], [ 365232.99698774, 169249.48578719 ], [ 365249.99740873, 169266.48662325 ], [ 365332.9935209, 169266.48456767 ], [ 365332.98177954, 169499.49058646 ], [ 365349.98226082, 169516.49142369 ], [ 365399.99690432, 169516.49000769 ], [ 365416.996423, 169499.49087953 ], [ 365416.99811529, 169466.49271107 ], [ 365499.98885361, 169466.49038588 ], [ 365516.98837727, 169449.49122485 ], [ 365516.99253997, 169366.48434126 ], [ 365599.99124233, 169366.48216617 ], [ 365616.99081028, 169349.48304041 ], [ 365616.99585337, 169249.47859033 ], [ 365610.22692254, 169235.92834209 ], [ 365566.99807492, 169232.47856824 ], [ 365567.00140131, 169166.47403268 ], [ 365609.72568565, 169163.39055478 ], [ 365617.00099676, 169149.47410904 ], [ 365617.00356871, 169099.46645165 ], [ 365600.00316289, 169082.46557732 ], [ 365567.00568513, 169082.46636507 ], [ 365567.01154795, 168966.46416416 ], [ 365600.01157466, 168966.46340684 ], [ 365613.92824669, 168959.18846463 ], [ 365617.01281605, 168916.46536559 ], [ 365700.02053676, 168916.46358559 ], [ 365717.02018567, 168899.46446126 ], [ 365717.02523723, 168799.46007686 ], [ 365700.02489664, 168782.45923508 ], [ 365567.02083047, 168782.46189918 ], [ 365567.03069208, 168566.45229421 ], [ 365600.03052201, 168566.45162953 ], [ 365613.94725924, 168559.17666196 ], [ 365617.03165488, 168516.44422391 ], [ 365659.76471169, 168513.36088328 ], [ 365667.04003054, 168499.44434893 ], [ 365667.04156565, 168466.44505062 ], [ 365733.03881986, 168466.44371723 ], [ 365733.0328461, 168599.44602424 ], [ 365750.03318804, 168616.44677505 ], [ 365783.03083236, 168616.44611129 ], [ 365783.01761473, 168899.46054284 ], [ 365800.01796602, 168916.4614197 ], [ 365850.02473056, 168916.46038628 ], [ 365867.02437923, 168899.46126375 ], [ 365867.026083, 168866.45246084 ], [ 365950.02473917, 168866.45077036 ], [ 365963.94143191, 168859.17586125 ], [ 365967.02609865, 168816.45388117 ], [ 365983.02479993, 168816.45356013 ], [ 365986.47348712, 168859.68047118 ], [ 366000.02353954, 168866.44975163 ], [ 366250.02613667, 168866.44455398 ], [ 366267.02578983, 168849.44543639 ], [ 366267.02750261, 168816.44785669 ], [ 366300.03539453, 168816.44719334 ], [ 366317.03505287, 168799.44792195 ], [ 366317.03852305, 168716.44063562 ], [ 366333.03727922, 168716.44031462 ], [ 366336.11853797, 168759.16269722 ], [ 366350.03633796, 168766.43815849 ], [ 366450.0513774, 168766.43584228 ], [ 366467.05096966, 168749.43648301 ], [ 366467.05285407, 168699.43839781 ], [ 366459.77761267, 168685.52049036 ], [ 366417.03733057, 168682.43854797 ], [ 366413.95607332, 168639.71723905 ], [ 366400.03829974, 168632.44176863 ], [ 366317.04190033, 168632.44345162 ], [ 366313.96065705, 168589.71108418 ], [ 366300.04288524, 168582.43560953 ], [ 366267.03727854, 168582.43627365 ], [ 366267.0379246, 168566.43809119 ], [ 366400.04298235, 168566.43539527 ], [ 366417.04263448, 168549.43607312 ], [ 366417.04395062, 168516.42780333 ], [ 366433.06011672, 168516.42742152 ], [ 366433.05880704, 168549.43352694 ], [ 366450.05921291, 168566.43420149 ], [ 366600.04863064, 168566.43062038 ], [ 366617.04822473, 168549.43128508 ], [ 366617.04951535, 168516.42306805 ], [ 366800.05503919, 168516.41876918 ], [ 366813.97177699, 168509.14371026 ], [ 366817.05583249, 168466.42018927 ], [ 366950.06221773, 168466.41702011 ], [ 366967.06181266, 168449.41762776 ], [ 366967.06299253, 168416.40854477 ], [ 367050.06219447, 168416.40656917 ], [ 367067.06178981, 168399.40717028 ], [ 367067.0629566, 168366.40899744 ], [ 367110.2945909, 168362.95767913 ], [ 367117.06359305, 168349.40877662 ], [ 367117.06468744, 168316.40974305 ], [ 367159.79716179, 168313.32621172 ], [ 367167.07237711, 168299.40951964 ], [ 367167.07517957, 168216.40326107 ], [ 367200.07514938, 168216.40254523 ], [ 367217.07478061, 168199.40310232 ], [ 367217.07756678, 168116.39581705 ], [ 367300.09240077, 168116.39395504 ], [ 367317.09203298, 168099.3945055 ], [ 367317.09310181, 168066.3853933 ], [ 367400.0840097, 168066.38343375 ], [ 367417.0836083, 168049.38397767 ], [ 367417.08680757, 167949.38876325 ], [ 367409.81153888, 167935.47093338 ], [ 367367.08842989, 167932.3889966 ], [ 367367.08955811, 167899.3818193 ], [ 367359.81430147, 167885.46396071 ], [ 367317.09921666, 167882.38201433 ], [ 367317.10261979, 167799.37856054 ], [ 367300.10222333, 167782.37780446 ], [ 367267.08854363, 167782.3785744 ], [ 367264.00746609, 167739.65686295 ], [ 367250.08965474, 167732.3813566 ], [ 367200.09082564, 167732.38241431 ], [ 367183.09118529, 167749.381621 ], [ 367183.08964541, 167782.38043342 ], [ 367100.08278847, 167782.38236882 ], [ 367083.08318483, 167799.38157245 ], [ 367083.08163853, 167832.39040774 ], [ 367039.85002857, 167835.84169928 ], [ 367033.08100403, 167849.39055758 ], [ 367033.07623205, 167982.3948296 ], [ 366950.07739545, 167982.39678597 ], [ 366933.07779616, 167999.39617848 ], [ 366933.07661698, 168032.39432329 ], [ 366917.06964324, 168032.39466899 ], [ 366917.07082873, 167999.39857527 ], [ 366900.0704621, 167982.39796449 ], [ 366800.07259385, 167982.40022109 ], [ 366783.07299448, 167999.39960374 ], [ 366783.06809848, 168132.40411315 ], [ 366767.06910589, 168132.40445955 ], [ 366767.07220222, 168049.39919587 ], [ 366750.07180117, 168032.39857528 ], [ 366650.06588232, 168032.40083441 ], [ 366633.06624934, 168049.40020725 ], [ 366633.06503155, 168082.40941505 ], [ 366550.0650313, 168082.41137522 ], [ 366533.06543277, 168099.41074139 ], [ 366533.05963997, 168249.41415325 ], [ 366550.06004291, 168266.41482115 ], [ 366583.05902413, 168266.41403898 ], [ 366583.05843035, 168282.42222019 ], [ 366550.05737196, 168282.42300336 ], [ 366536.1406501, 168289.69803636 ], [ 366533.05647886, 168332.42158926 ], [ 366467.06731782, 168332.42315714 ], [ 366467.06795258, 168316.42497275 ], [ 366500.05905454, 168316.42418984 ], [ 366517.0586511, 168299.42486098 ], [ 366517.06062533, 168249.41667733 ], [ 366500.06022241, 168232.4160062 ], [ 366317.05808092, 168232.42007872 ], [ 366313.97682842, 168189.69870345 ], [ 366300.0590271, 168182.42324093 ], [ 366267.05356352, 168182.42397897 ], [ 366267.05831281, 168066.40946497 ], [ 366283.06475304, 168066.40913762 ], [ 366286.51380356, 168109.64775858 ], [ 366300.06377378, 168116.41697367 ], [ 366350.06232004, 168116.41595252 ], [ 366367.06197282, 168099.41663267 ], [ 366367.06929497, 167916.40385851 ], [ 366500.07464137, 167916.40082257 ], [ 366517.07424187, 167899.40155243 ], [ 366517.10036798, 167349.3788028 ], [ 366510.33146915, 167335.8286036 ], [ 366467.11139383, 167332.37863958 ], [ 366467.12258938, 167099.37125609 ], [ 366460.35369783, 167085.82106082 ], [ 366417.10763978, 167082.37106385 ], [ 366417.12201001, 166699.36315405 ], [ 366400.12167461, 166682.36261777 ], [ 366317.1241675, 166682.36428475 ], [ 366317.12516667, 166649.35766024 ], [ 366300.1248151, 166632.35714562 ], [ 366217.11898779, 166632.35886232 ], [ 366213.66932863, 166589.13171001 ], [ 366200.11942083, 166582.3626304 ], [ 366117.12143015, 166582.364452 ], [ 366114.03952271, 166539.63254392 ], [ 366100.12181507, 166532.35722696 ], [ 366050.11339051, 166532.35836719 ], [ 366033.11377812, 166549.35798157 ], [ 366033.11302939, 166582.36622844 ], [ 366017.11366034, 166582.3665923 ], [ 366017.1142532, 166549.35971265 ], [ 366000.11386557, 166532.35940731 ], [ 365850.11562194, 166532.36262761 ], [ 365833.11597557, 166549.36235909 ], [ 365833.11387567, 166682.37459949 ], [ 365800.10600435, 166682.37534606 ], [ 365783.10638887, 166699.37509031 ], [ 365783.104985, 166799.37914319 ], [ 365800.10536745, 166816.37936473 ], [ 365883.11089733, 166816.37756327 ], [ 365883.1097448, 166882.38269192 ], [ 365840.38572844, 166885.46614344 ], [ 365833.11055743, 166899.38303443 ], [ 365833.10991697, 166932.38029656 ], [ 365750.10346946, 166932.38198136 ], [ 365733.10381453, 166949.38128416 ], [ 365733.09614425, 167132.39309968 ], [ 365690.37191342, 167135.47646921 ], [ 365683.09662725, 167149.39307872 ], [ 365683.08838015, 167349.3938544 ], [ 365700.08876114, 167366.3945468 ], [ 365783.08495069, 167366.39275264 ], [ 365783.06734071, 167782.41116345 ], [ 365767.06888015, 167782.41149211 ], [ 365763.98766371, 167739.68945178 ], [ 365750.06988215, 167732.41397301 ], [ 365650.07301182, 167732.41602567 ], [ 365636.5240599, 167739.18480846 ], [ 365636.5240599, 167739.18480846 ] ] ], [ [ [ 367486.095392, 169939.73756432 ], [ 367483.01041323, 169999.45874005 ], [ 367500.010555, 170016.45943312 ], [ 367533.01870988, 170016.45915784 ], [ 367533.01737505, 170049.45615577 ], [ 367550.01744516, 170066.45684348 ], [ 367600.01643812, 170066.45663722 ], [ 367613.56561207, 170059.68792879 ], [ 367617.01769879, 170016.45874509 ], [ 367650.01722059, 170016.45862373 ], [ 367663.93420089, 170009.18370783 ], [ 367667.0184895, 169966.46173268 ], [ 367683.01716376, 169966.46167409 ], [ 367686.46612827, 170009.68911901 ], [ 367700.01586029, 170016.45843979 ], [ 367750.01463394, 170016.45835578 ], [ 367767.01460537, 169999.45904238 ], [ 367767.01593807, 169966.46140029 ], [ 367809.74795554, 169963.37875691 ], [ 367817.02339926, 169949.46203218 ], [ 367817.02473292, 169916.4533567 ], [ 367950.02170832, 169916.45297092 ], [ 367967.02164619, 169899.45369283 ], [ 367967.02304748, 169866.45508512 ], [ 368050.03028409, 169866.45478299 ], [ 368067.03022219, 169849.45547157 ], [ 368067.03155873, 169816.45789906 ], [ 368083.03033568, 169816.45784105 ], [ 368086.11150431, 169859.17903471 ], [ 368100.02906048, 169866.4546009 ], [ 368133.04305181, 169866.45448065 ], [ 368133.04164808, 169899.45151627 ], [ 368150.0416763, 169916.45223946 ], [ 368300.03003636, 169916.4517902 ], [ 368317.02997407, 169899.45248035 ], [ 368317.03616375, 169749.4499592 ], [ 368300.03610231, 169732.44923509 ], [ 368217.03929401, 169732.4495351 ], [ 368217.03994012, 169716.45171183 ], [ 368259.76398333, 169713.36899028 ], [ 368267.03940623, 169699.4522663 ], [ 368267.04071317, 169666.44369205 ], [ 368333.03820833, 169666.4434559 ], [ 368333.03484193, 169749.44843228 ], [ 368350.03490342, 169766.44915426 ], [ 368450.04145977, 169766.44879238 ], [ 368467.04139823, 169749.44948127 ], [ 368467.04473551, 169666.44301005 ], [ 368509.76875088, 169663.36036746 ], [ 368517.04419186, 169649.44363379 ], [ 368517.04617987, 169599.44669839 ], [ 368500.04611929, 169582.44602241 ], [ 368467.04807258, 169582.44614002 ], [ 368467.0513704, 169499.44110324 ], [ 368450.05131049, 169482.4404278 ], [ 368317.04668617, 169482.44089648 ], [ 368317.04732024, 169466.44395772 ], [ 368359.77135762, 169463.36124 ], [ 368367.04678169, 169449.44451643 ], [ 368367.05064879, 169349.43880611 ], [ 368359.77559908, 169335.52103216 ], [ 368317.05259772, 169332.43821407 ], [ 368317.05582196, 169249.43423473 ], [ 368300.05579772, 169232.43356083 ], [ 368000.05509814, 169232.43438783 ], [ 367983.0551563, 169249.43371725 ], [ 367983.04736749, 169449.44433041 ], [ 367989.81619485, 169462.9942978 ], [ 368033.04541824, 169466.44485153 ], [ 368033.04481879, 169482.44169563 ], [ 368000.04533582, 169482.44181159 ], [ 367983.04539558, 169499.44114112 ], [ 367983.04212206, 169582.44766169 ], [ 367950.03370833, 169582.44777886 ], [ 367933.03376869, 169599.44710899 ], [ 367933.03049811, 169682.45263156 ], [ 367817.03422325, 169682.45294741 ], [ 367817.03545445, 169649.44579364 ], [ 367800.03542788, 169632.44515953 ], [ 367700.02993096, 169632.4454158 ], [ 367683.02999152, 169649.4447488 ], [ 367683.02869642, 169682.45342733 ], [ 367640.30467521, 169685.53614645 ], [ 367633.02924959, 169699.4528642 ], [ 367633.027246, 169749.45069845 ], [ 367650.02730717, 169766.4513797 ], [ 367733.02411612, 169766.45108096 ], [ 367733.02346959, 169782.4589745 ], [ 367700.02397812, 169782.45902783 ], [ 367686.10697073, 169789.73393244 ], [ 367683.02267341, 169832.45598345 ], [ 367600.02437239, 169832.45621874 ], [ 367586.10739134, 169839.73113453 ], [ 367583.02310316, 169882.45422038 ], [ 367540.29886445, 169885.53696388 ], [ 367533.02344248, 169899.45367283 ], [ 367533.02210751, 169932.46233676 ], [ 367500.0123032, 169932.46262479 ], [ 367486.095392, 169939.73756432 ], [ 367486.095392, 169939.73756432 ] ] ], [ [ [ 363063.43300191, 178409.95809316 ], [ 363066.8836098, 178399.7274042 ], [ 363066.887195, 178249.72559003 ], [ 363049.88691904, 178232.72518376 ], [ 362999.88755821, 178232.72599541 ], [ 362985.97064725, 178240.00111772 ], [ 362982.88703932, 178282.73253736 ], [ 362966.8872866, 178282.73248464 ], [ 362963.80562899, 178240.00148407 ], [ 362949.88834353, 178232.7259602 ], [ 362899.88838134, 178232.72543028 ], [ 362882.88820117, 178249.72496943 ], [ 362882.88423351, 178399.7263755 ], [ 362890.15920352, 178413.64391537 ], [ 362932.88392554, 178416.72731658 ], [ 362932.88350001, 178432.73380662 ], [ 362849.87406388, 178432.732612 ], [ 362832.87380579, 178449.73214135 ], [ 362832.87289225, 178482.7297446 ], [ 362816.87270378, 178482.72949142 ], [ 362816.87504651, 178399.72606323 ], [ 362799.87525933, 178382.72558348 ], [ 362699.8752079, 178382.72423211 ], [ 362682.87496125, 178399.72369983 ], [ 362682.872362, 178482.72740676 ], [ 362666.88017486, 178482.7271861 ], [ 362666.89236923, 178099.7233039 ], [ 362649.89248144, 178082.72276302 ], [ 362349.86888353, 178082.72118907 ], [ 362332.86880605, 178099.72055856 ], [ 362332.86370665, 178232.7202852 ], [ 362290.1387107, 178235.80253594 ], [ 362282.86318438, 178249.71933081 ], [ 362282.85535135, 178449.72414899 ], [ 362299.85512884, 178466.72478943 ], [ 362382.85496288, 178466.72594202 ], [ 362382.85182536, 178549.72916171 ], [ 362399.8515465, 178566.72981784 ], [ 362432.85143422, 178566.73035912 ], [ 362432.8502443, 178599.7269662 ], [ 362449.84995429, 178616.72757924 ], [ 362632.87593744, 178616.73086964 ], [ 362635.95743099, 178659.46176319 ], [ 362649.87461539, 178666.73736469 ], [ 362682.8667303, 178666.73801611 ], [ 362682.86576186, 178699.73505533 ], [ 362699.86541504, 178716.73555427 ], [ 362899.8760412, 178716.73963713 ], [ 362916.87638841, 178699.740065 ], [ 362916.8772189, 178666.7425413 ], [ 362999.8780002, 178666.74377628 ], [ 363016.87819808, 178649.74418589 ], [ 363016.87899337, 178616.73691936 ], [ 363060.10980947, 178613.2858937 ], [ 363066.87882814, 178599.73682204 ], [ 363066.87961716, 178566.73854948 ], [ 363099.88770171, 178566.73804106 ], [ 363113.80462577, 178559.46292018 ], [ 363116.88822291, 178516.7301995 ], [ 363132.88766705, 178516.72998285 ], [ 363132.88695609, 178549.73700475 ], [ 363140.1622116, 178563.65464832 ], [ 363182.88597533, 178566.73686267 ], [ 363182.8840364, 178649.74055363 ], [ 363199.88429352, 178666.74095074 ], [ 363399.89123384, 178666.73802598 ], [ 363416.89097677, 178649.7383766 ], [ 363416.89165752, 178616.73111398 ], [ 363449.89169373, 178616.73061042 ], [ 363466.89143431, 178599.73099192 ], [ 363466.8925563, 178549.73333248 ], [ 363449.89232855, 178532.73295099 ], [ 363366.89401011, 178532.73412897 ], [ 363366.89580298, 178449.72935275 ], [ 363349.89553652, 178432.72899908 ], [ 363016.88342639, 178432.73411992 ], [ 363016.88381194, 178416.72751987 ], [ 363049.88387873, 178416.72699784 ], [ 363063.43300191, 178409.95809316 ], [ 363063.43300191, 178409.95809316 ] ] ], [ [ [ 364254.86761276, 179183.49868991 ], [ 364166.9098917, 179182.74129563 ], [ 364166.90723194, 179116.73534544 ], [ 364232.91650541, 179116.73429707 ], [ 364232.91782103, 179149.74269834 ], [ 364249.91808719, 179166.74202077 ], [ 364299.91981641, 179166.74123789 ], [ 364316.91955023, 179149.74056401 ], [ 364316.91824181, 179116.73296319 ], [ 364349.91847774, 179116.73243925 ], [ 364366.91820782, 179099.73176905 ], [ 364366.91440116, 178999.73678481 ], [ 364349.9141237, 178982.73740895 ], [ 364316.91391645, 178982.73794757 ], [ 364313.46369801, 178939.49935621 ], [ 364299.91396171, 178932.7303613 ], [ 364266.91283698, 178932.73090161 ], [ 364266.91397417, 178849.72660407 ], [ 364249.9136941, 178832.72635773 ], [ 364149.9047055, 178832.72800529 ], [ 364132.90498555, 178849.72773492 ], [ 364132.9036651, 178932.73302852 ], [ 364066.90445007, 178932.7339098 ], [ 364066.90470999, 178916.73699978 ], [ 364099.90478027, 178916.73658997 ], [ 364116.90456915, 178899.73686301 ], [ 364116.90670536, 178766.72362229 ], [ 364149.90679574, 178766.7231932 ], [ 364166.90657469, 178749.72346311 ], [ 364166.90736853, 178699.72550713 ], [ 364160.1383282, 178686.17574514 ], [ 364116.90805409, 178682.72573695 ], [ 364116.90858387, 178649.72831834 ], [ 364099.90832701, 178632.7280454 ], [ 363999.90935311, 178632.72955633 ], [ 363982.90960998, 178649.72927715 ], [ 363982.9082469, 178732.72547882 ], [ 363966.90869491, 178732.72571617 ], [ 363966.91017322, 178649.73052816 ], [ 363949.90991635, 178632.73021186 ], [ 363799.90350665, 178632.73237879 ], [ 363782.90376358, 178649.7320531 ], [ 363782.90217349, 178732.72821212 ], [ 363749.90117488, 178732.72863579 ], [ 363735.98419102, 178740.00378021 ], [ 363732.90075466, 178782.73568641 ], [ 363699.90971231, 178782.73617147 ], [ 363682.90996226, 178799.73583944 ], [ 363682.90898576, 178849.73363297 ], [ 363699.90923335, 178866.733965 ], [ 363732.89922959, 178866.73348451 ], [ 363735.98125559, 178909.46569917 ], [ 363749.8988022, 178916.74103743 ], [ 363782.89884736, 178916.74062744 ], [ 363782.8973564, 178999.74473882 ], [ 363799.89756289, 179016.74503066 ], [ 363849.8971636, 179016.74442332 ], [ 363866.8969571, 178999.74471204 ], [ 363866.8975177, 178966.73640031 ], [ 363899.89760689, 178966.73599493 ], [ 363916.89739805, 178949.73628053 ], [ 363916.89885841, 178866.73110524 ], [ 363932.90643503, 178866.73087221 ], [ 363932.90509451, 179032.74136534 ], [ 363890.17278859, 179035.82468626 ], [ 363882.89782087, 179049.7422985 ], [ 363882.89885994, 179082.73881645 ], [ 363849.89938769, 179082.73921152 ], [ 363832.89959121, 179099.7396958 ], [ 363832.90243956, 179199.74548703 ], [ 363849.90264028, 179216.74500293 ], [ 363932.91103112, 179216.74402287 ], [ 363932.91647802, 179382.75463249 ], [ 363899.90843283, 179382.75501132 ], [ 363882.90862794, 179399.75554497 ], [ 363882.91176665, 179499.76034391 ], [ 363899.91195895, 179516.75981044 ], [ 364082.92280203, 179516.75784015 ], [ 364082.92403324, 179549.75624802 ], [ 364099.92419013, 179566.75561373 ], [ 364149.92494135, 179566.75515226 ], [ 364166.92478443, 179549.75446722 ], [ 364166.9207542, 179449.75852695 ], [ 364149.92056051, 179432.75921223 ], [ 364116.91953291, 179432.75958825 ], [ 364116.91823456, 179399.75214712 ], [ 364110.14891649, 179386.20311197 ], [ 364066.91721373, 179382.75319456 ], [ 364066.91601371, 179349.75480955 ], [ 364059.64047895, 179335.83795316 ], [ 364016.91515944, 179332.75580924 ], [ 364016.91282291, 179266.74999058 ], [ 364049.91257433, 179266.74960369 ], [ 364066.91237501, 179249.74898482 ], [ 364066.91055455, 179199.74202264 ], [ 364059.63501748, 179185.82516528 ], [ 364016.90994744, 179182.74303114 ], [ 364016.90583547, 179066.74035283 ], [ 364032.90560904, 179066.74015998 ], [ 364035.98980524, 179109.46195232 ], [ 364049.90701525, 179116.73681718 ], [ 364082.90728861, 179116.73642213 ], [ 364082.91636706, 179349.75561896 ], [ 364099.91656382, 179366.75494981 ], [ 364149.91681957, 179366.75437105 ], [ 364163.83417356, 179359.47872471 ], [ 364166.91529241, 179316.74617921 ], [ 364182.92388583, 179316.74597118 ], [ 364182.92520906, 179349.75431378 ], [ 364199.92542616, 179366.75363229 ], [ 364249.92601204, 179366.75299369 ], [ 364266.92579491, 179349.7523159 ], [ 364266.91981415, 179199.73933643 ], [ 364254.86761276, 179183.49868991 ], [ 364254.86761276, 179183.49868991 ] ] ], [ [ [ 364383.68176682, 178994.78900266 ], [ 364382.92694778, 179099.73231194 ], [ 364389.69628427, 179113.2813631 ], [ 364432.9282161, 179116.73118763 ], [ 364432.93260771, 179232.74438992 ], [ 364390.20754594, 179235.82778503 ], [ 364382.9326297, 179249.74549245 ], [ 364382.93392382, 179282.74317286 ], [ 364349.92577334, 179282.74360151 ], [ 364332.92599411, 179299.7442719 ], [ 364332.92920169, 179382.74987909 ], [ 364249.9275754, 179382.75098648 ], [ 364232.92778872, 179399.75166438 ], [ 364232.92978284, 179449.75865721 ], [ 364240.20534306, 179463.67547181 ], [ 364282.93198713, 179466.75757254 ], [ 364286.01623125, 179509.48051285 ], [ 364299.93343576, 179516.75536662 ], [ 364399.94244155, 179516.75415654 ], [ 364413.49197885, 179509.98478419 ], [ 364416.94100732, 179466.75582131 ], [ 364432.94150105, 179466.7556242 ], [ 364436.02580521, 179509.47872016 ], [ 364449.94302805, 179516.75355169 ], [ 364482.94390041, 179516.75308656 ], [ 364482.94452113, 179532.75119667 ], [ 364349.93555358, 179532.75277612 ], [ 364332.93575548, 179549.75341279 ], [ 364332.93893037, 179632.75799943 ], [ 364290.21410978, 179635.84132733 ], [ 364282.9391809, 179649.75905127 ], [ 364282.94116497, 179699.76705453 ], [ 364299.94135559, 179716.76638005 ], [ 364432.95102237, 179716.76498887 ], [ 364432.95419605, 179799.7706343 ], [ 364449.95437901, 179816.7699708 ], [ 364499.95476615, 179816.76943266 ], [ 364516.95458316, 179799.76877286 ], [ 364516.94768066, 179616.75787873 ], [ 364532.96517384, 179616.75772421 ], [ 364532.96821089, 179699.76439967 ], [ 364549.96840134, 179716.76377767 ], [ 364749.96103411, 179716.76163791 ], [ 364766.96084378, 179699.7610647 ], [ 364766.95737174, 179599.75462446 ], [ 364749.95717387, 179582.75523168 ], [ 364616.95536372, 179582.75678001 ], [ 364616.95289748, 179516.75143227 ], [ 364649.95300264, 179516.75103337 ], [ 364666.95279713, 179499.75041893 ], [ 364666.94799045, 179366.74737211 ], [ 364799.95824547, 179366.74557642 ], [ 364813.87554356, 179359.469982 ], [ 364816.95692374, 179316.73710677 ], [ 364849.95720373, 179316.73661286 ], [ 364866.95694929, 179299.73601343 ], [ 364866.9517607, 179149.73226825 ], [ 364859.67620797, 179135.81534664 ], [ 364816.95046449, 179132.73334946 ], [ 364813.86636928, 179090.00026881 ], [ 364799.94909032, 179082.72539944 ], [ 364566.94531096, 179082.72909503 ], [ 364566.9425666, 178916.7289122 ], [ 364599.93450128, 178916.72837027 ], [ 364613.85153139, 178909.4530718 ], [ 364616.93433914, 178866.72011106 ], [ 364649.9351279, 178866.71956734 ], [ 364666.93484781, 178849.7196155 ], [ 364666.93498944, 178799.72163399 ], [ 364649.93470848, 178782.72158583 ], [ 364616.9346364, 178782.72213123 ], [ 364616.93475289, 178749.71549304 ], [ 364599.93443704, 178732.71543304 ], [ 364549.94306001, 178732.71636188 ], [ 364536.39385412, 178739.48543902 ], [ 364532.94323607, 178782.72355336 ], [ 364499.92543668, 178782.72416496 ], [ 364482.92575158, 178799.72404678 ], [ 364482.92524027, 178882.73029202 ], [ 364399.92367879, 178882.73175526 ], [ 364382.923992, 178899.73161274 ], [ 364382.92357289, 178949.7284814 ], [ 364399.92385123, 178966.72862391 ], [ 364482.92472281, 178966.72726494 ], [ 364482.92464311, 178982.73523803 ], [ 364399.92287579, 178982.73659278 ], [ 364383.68176682, 178994.78900266 ], [ 364383.68176682, 178994.78900266 ] ] ], [ [ [ 367689.8470333, 179486.17845542 ], [ 367683.07817786, 179499.72815796 ], [ 367683.07920592, 179549.72674199 ], [ 367690.35459719, 179563.64376649 ], [ 367733.07953952, 179566.72623669 ], [ 367733.08089672, 179632.73234032 ], [ 367700.08124865, 179632.73256075 ], [ 367686.53174214, 179639.5017698 ], [ 367683.08204089, 179682.74115826 ], [ 367640.35747892, 179685.82422761 ], [ 367633.08240631, 179699.74172758 ], [ 367633.08343443, 179749.7393106 ], [ 367650.08354729, 179766.73896101 ], [ 367683.0837681, 179766.73874193 ], [ 367683.08660317, 179899.74373107 ], [ 367700.08668102, 179916.74338147 ], [ 367783.09492112, 179916.74293532 ], [ 367783.0952503, 179932.75146058 ], [ 367700.08755351, 179932.75184085 ], [ 367683.08763138, 179949.75222443 ], [ 367683.08837592, 179982.75047462 ], [ 367617.08845537, 179982.75085046 ], [ 367617.08562002, 179849.74601917 ], [ 367600.08553293, 179832.74636884 ], [ 367550.08567907, 179832.74662499 ], [ 367533.08576617, 179849.74697467 ], [ 367533.08747334, 179932.75285298 ], [ 367490.35405476, 179935.83586197 ], [ 367483.07896892, 179949.75337115 ], [ 367483.0821538, 180099.76796376 ], [ 367500.08227322, 180116.76758018 ], [ 367700.09089383, 180116.76640908 ], [ 367717.09081597, 180099.76605954 ], [ 367717.09013726, 180066.75784102 ], [ 367783.09810596, 180066.75747262 ], [ 367783.09981298, 180149.76475648 ], [ 367800.09989089, 180166.76440686 ], [ 367833.10014689, 180166.76425562 ], [ 367833.1004761, 180182.77274584 ], [ 367790.37590381, 180185.85581985 ], [ 367783.10084135, 180199.77334671 ], [ 367783.101586, 180232.77053092 ], [ 367717.09365101, 180232.77089934 ], [ 367714.01009352, 180190.04845063 ], [ 367700.09286056, 180182.77342126 ], [ 367550.09308, 180182.7742373 ], [ 367533.09316452, 180199.77458694 ], [ 367533.09419281, 180249.772141 ], [ 367550.09431086, 180266.77179136 ], [ 367633.0943657, 180266.77128712 ], [ 367633.09504443, 180299.78011203 ], [ 367650.09515629, 180316.77976248 ], [ 368050.11193223, 180316.77762895 ], [ 368067.11182025, 180299.77727927 ], [ 368067.10976311, 180199.77126707 ], [ 368050.10968513, 180182.77161677 ], [ 368017.10942918, 180182.77176815 ], [ 368017.10875027, 180149.76304027 ], [ 368000.10867232, 180132.76338993 ], [ 367917.09943194, 180132.76383656 ], [ 367917.09910289, 180116.76531462 ], [ 368100.1076682, 180116.76437523 ], [ 368114.02499747, 180109.48893487 ], [ 368117.10691126, 180066.75574106 ], [ 368150.12252401, 180066.75558958 ], [ 368167.122446, 180049.75523987 ], [ 368167.12141748, 179999.75768399 ], [ 368150.12470449, 179982.75803403 ], [ 368117.10508338, 179982.75164957 ], [ 368117.10337598, 179899.74099895 ], [ 368100.10329804, 179882.74134861 ], [ 368067.10304238, 179882.7414999 ], [ 368067.10123552, 179799.7450121 ], [ 368050.10115691, 179782.74539571 ], [ 368000.10127292, 179782.74562691 ], [ 367986.18394414, 179790.02106743 ], [ 367983.10203015, 179832.74432923 ], [ 367917.09306191, 179832.74469906 ], [ 367917.09273291, 179816.74611064 ], [ 367950.09244593, 179816.7459581 ], [ 367967.09236734, 179799.74557455 ], [ 367967.09021087, 179699.73943014 ], [ 367950.0901316, 179682.73977974 ], [ 367867.08989328, 179682.74016672 ], [ 367867.08956411, 179666.73164507 ], [ 367950.08926222, 179666.73119042 ], [ 367967.0891826, 179649.73084084 ], [ 367967.08815446, 179599.73225179 ], [ 367959.81276333, 179585.81522741 ], [ 367917.08778693, 179582.73275656 ], [ 367917.08704225, 179549.7249647 ], [ 367910.31787141, 179536.17575592 ], [ 367867.08677468, 179532.72550406 ], [ 367867.08641371, 179516.72691668 ], [ 367909.81092519, 179513.64392193 ], [ 367917.08601415, 179499.72641064 ], [ 367917.08533563, 179466.72805717 ], [ 367959.80990907, 179463.64497619 ], [ 367967.08497004, 179449.72745048 ], [ 367967.08001307, 179216.70687146 ], [ 368000.08873035, 179216.70664491 ], [ 368014.00602954, 179209.43119236 ], [ 368017.0879352, 179166.70803786 ], [ 368059.81250963, 179163.62495213 ], [ 368067.08756956, 179149.70742717 ], [ 368067.08541352, 179049.70127888 ], [ 368050.0852958, 179032.7016284 ], [ 367900.07644397, 179032.70256705 ], [ 367886.15914558, 179039.97801992 ], [ 367883.07724009, 179082.70023838 ], [ 367850.07752231, 179082.70040016 ], [ 367833.07760566, 179099.70074964 ], [ 367833.07937816, 179182.70765708 ], [ 367790.35486568, 179185.79065646 ], [ 367783.07977771, 179199.70816701 ], [ 367783.08257839, 179332.72265766 ], [ 367740.35006619, 179335.8056547 ], [ 367733.07497771, 179349.72316565 ], [ 367733.07777837, 179482.727652 ], [ 367689.8470333, 179486.17845542 ], [ 367689.8470333, 179486.17845542 ] ] ], [ [ [ 364383.73368732, 180494.85490343 ], [ 364382.9779579, 180599.80891329 ], [ 364399.97808075, 180616.80839847 ], [ 364482.97847468, 180616.80786464 ], [ 364486.0623193, 180659.54119931 ], [ 364499.97951651, 180666.81616321 ], [ 364599.98753864, 180666.81544758 ], [ 364616.98741697, 180649.81498054 ], [ 364616.98520258, 180566.80863474 ], [ 364682.98529151, 180566.80815311 ], [ 364686.06909696, 180609.5314492 ], [ 364699.98627353, 180616.80643041 ], [ 364732.98666191, 180616.80625792 ], [ 364732.99003576, 180749.8108066 ], [ 364740.26546983, 180763.72778777 ], [ 364782.9994793, 180766.81015222 ], [ 364783.00117396, 180832.81603259 ], [ 364749.99254075, 180832.81619345 ], [ 364732.9926236, 180849.81597811 ], [ 364732.99199016, 180899.8235737 ], [ 364749.99207064, 180916.82378903 ], [ 364783.00071238, 180916.82363278 ], [ 364782.99879562, 181049.82495731 ], [ 364799.99886569, 181066.82521517 ], [ 364899.99903454, 181066.82480305 ], [ 364916.9989645, 181049.82501459 ], [ 364916.99958663, 180999.82840683 ], [ 364909.7243766, 180985.91094897 ], [ 364866.99978778, 180982.82833796 ], [ 364866.99999268, 180966.82073661 ], [ 364909.72494, 180963.7378756 ], [ 364917.00020861, 180949.82079861 ], [ 364917.00061893, 180916.82286481 ], [ 364933.00060556, 180916.82275716 ], [ 364932.99960332, 180999.82777392 ], [ 364940.27481531, 181013.7452269 ], [ 364982.99942102, 181016.82783666 ], [ 364982.99844819, 181099.82182001 ], [ 364999.99851467, 181116.82201931 ], [ 365033.00640854, 181116.82189022 ], [ 365033.00556498, 181199.82604055 ], [ 365040.28078457, 181213.74345296 ], [ 365083.00556763, 181216.82608426 ], [ 365083.00539137, 181232.83379493 ], [ 365016.99698786, 181232.83394675 ], [ 365016.99737521, 181199.82657457 ], [ 364999.9973156, 181182.82637507 ], [ 364949.99712624, 181182.82655038 ], [ 364932.99718585, 181199.82634473 ], [ 364932.99618153, 181282.83180405 ], [ 364849.99537257, 181282.83199557 ], [ 364832.99542534, 181299.83177746 ], [ 364832.99404197, 181399.83593712 ], [ 364849.99405381, 181416.83618933 ], [ 364982.99482686, 181416.83599691 ], [ 364982.99443894, 181449.84341263 ], [ 364999.99444721, 181466.84361242 ], [ 365050.00282754, 181466.84358805 ], [ 365067.00281926, 181449.84378168 ], [ 365067.00319523, 181416.83590487 ], [ 365083.00356365, 181416.83586185 ], [ 365086.45367554, 181460.07448184 ], [ 365100.00324186, 181466.84356378 ], [ 365200.00396928, 181466.84341553 ], [ 365213.92118168, 181459.56824354 ], [ 365217.00423519, 181416.83563593 ], [ 365233.01350453, 181416.83562501 ], [ 365236.09592917, 181459.56808618 ], [ 365250.01325051, 181466.84339155 ], [ 365283.01349475, 181466.84337579 ], [ 365283.01306005, 181532.83784478 ], [ 365240.28772998, 181535.92054936 ], [ 365233.01244751, 181549.83771189 ], [ 365233.01204971, 181599.84548967 ], [ 365250.01204745, 181616.84562491 ], [ 365283.01245617, 181616.84562928 ], [ 365286.09489155, 181659.56711283 ], [ 365300.01220125, 181666.84241919 ], [ 365350.01275122, 181666.84243159 ], [ 365367.01275544, 181649.84252049 ], [ 365367.01292801, 181616.84563289 ], [ 365400.0294465, 181616.84563185 ], [ 365417.02944596, 181599.84574837 ], [ 365417.02994879, 181516.84000581 ], [ 365500.02282273, 181516.83996802 ], [ 365517.022815, 181499.84003781 ], [ 365517.02295047, 181466.84302612 ], [ 365600.02377942, 181466.84297095 ], [ 365617.02376813, 181449.84299407 ], [ 365617.02394689, 181366.83711396 ], [ 365650.0332939, 181366.83701201 ], [ 365663.95050342, 181359.56178058 ], [ 365667.03333978, 181316.83009272 ], [ 365683.03359904, 181316.83003991 ], [ 365683.03357888, 181349.83694728 ], [ 365689.80260778, 181363.38644206 ], [ 365733.03381243, 181366.83685585 ], [ 365733.0337792, 181499.83975161 ], [ 365750.03382072, 181516.83975592 ], [ 365833.04257483, 181516.83961928 ], [ 365833.04258254, 181532.83762086 ], [ 365790.30941601, 181535.92036214 ], [ 365783.03417831, 181549.83763018 ], [ 365783.03418186, 181582.84562321 ], [ 365700.03322258, 181582.84562457 ], [ 365683.03322287, 181599.84561374 ], [ 365683.03316982, 181682.85056352 ], [ 365550.02256496, 181682.85040956 ], [ 365533.02255809, 181699.85034569 ], [ 365533.0214048, 181799.85545239 ], [ 365539.7902995, 181813.40516314 ], [ 365583.02145459, 181816.85580366 ], [ 365583.01935438, 181882.84900141 ], [ 365540.29363448, 181885.93157972 ], [ 365533.01821527, 181899.84843161 ], [ 365533.01502556, 181999.85162476 ], [ 365539.78384804, 182013.40149462 ], [ 365583.01508995, 182016.85219914 ], [ 365583.01403961, 182049.85882477 ], [ 365600.01402189, 182066.85936574 ], [ 365733.02442974, 182066.85960435 ], [ 365733.02338681, 182099.85624494 ], [ 365740.29844723, 182113.77392356 ], [ 365783.02346355, 182116.85681893 ], [ 365783.02138226, 182182.86010983 ], [ 365750.02028135, 182182.86000264 ], [ 365736.10315779, 182190.13495579 ], [ 365733.01918316, 182232.85710637 ], [ 365689.78723251, 182236.30737443 ], [ 365683.01802221, 182249.85645841 ], [ 365683.01643815, 182299.86261515 ], [ 365700.0164146, 182316.86315366 ], [ 365883.0265481, 182316.86360717 ], [ 365886.1081231, 182359.58529156 ], [ 365900.02551962, 182366.86080104 ], [ 365933.02567707, 182366.86091503 ], [ 365936.1071766, 182409.59252132 ], [ 365950.0245836, 182416.86804758 ], [ 366000.02531835, 182416.86822374 ], [ 366017.02537824, 182399.86872084 ], [ 366017.02787149, 182316.86399287 ], [ 366100.03870037, 182316.86420794 ], [ 366113.58803758, 182310.09545154 ], [ 366117.03971829, 182266.85808019 ], [ 366200.04150444, 182266.85835558 ], [ 366217.04156085, 182249.85884779 ], [ 366217.04251623, 182216.8611859 ], [ 366250.04360757, 182216.86122714 ], [ 366263.96070904, 182209.58625702 ], [ 366267.04464779, 182166.86408682 ], [ 366383.05453618, 182166.86438991 ], [ 366383.05359042, 182199.86112742 ], [ 366400.05353517, 182216.86161467 ], [ 366450.07115616, 182216.86177721 ], [ 366467.0712114, 182199.86226324 ], [ 366467.07215478, 182166.86458282 ], [ 366510.2950468, 182163.41420324 ], [ 366517.06421915, 182149.86509323 ], [ 366517.06515845, 182116.85839919 ], [ 366533.06556959, 182116.85840112 ], [ 366536.51499745, 182160.09538507 ], [ 366550.06463287, 182166.86461974 ], [ 366633.06609664, 182166.86463685 ], [ 366633.06238427, 182299.86494057 ], [ 366650.06237642, 182316.86541508 ], [ 366700.07082167, 182316.86543817 ], [ 366717.07082951, 182299.86590956 ], [ 366717.07174474, 182266.85921538 ], [ 366800.0731818, 182266.8592467 ], [ 366817.07318821, 182249.85971188 ], [ 366817.07809506, 182066.86119652 ], [ 366850.07895903, 182066.86119776 ], [ 366867.07895967, 182049.86162566 ], [ 366867.08021839, 181999.8543835 ], [ 366850.0802176, 181982.8539556 ], [ 366817.08029309, 181982.85395717 ], [ 366817.08073067, 181966.85761792 ], [ 366883.08149937, 181966.85760919 ], [ 366886.16318115, 182009.57848312 ], [ 366900.08060965, 182016.85395325 ], [ 366950.08900041, 182016.85395092 ], [ 366967.08899962, 181999.8543726 ], [ 366967.0911244, 181916.85031196 ], [ 367050.09222846, 181916.850228 ], [ 367063.64154764, 181910.08141434 ], [ 367067.09303107, 181866.85296374 ], [ 367100.09481498, 181866.85295381 ], [ 367114.01193528, 181859.5779188 ], [ 367117.09561004, 181816.85658384 ], [ 367150.10438335, 181816.85657111 ], [ 367164.02156945, 181809.58143932 ], [ 367167.10480448, 181766.8489219 ], [ 367200.10541704, 181766.84884245 ], [ 367213.65495229, 181760.07969151 ], [ 367217.10483952, 181716.85040682 ], [ 367283.12136266, 181716.85037197 ], [ 367286.20482388, 181759.57372316 ], [ 367300.12198643, 181766.84880176 ], [ 367333.11401495, 181766.84878837 ], [ 367333.11381145, 181782.85640067 ], [ 367200.10459068, 181782.85655185 ], [ 367183.10463123, 181799.85614583 ], [ 367183.10224299, 181899.84978963 ], [ 367200.10224664, 181916.85019567 ], [ 367283.11858943, 181916.85017784 ], [ 367283.11821298, 181932.85755689 ], [ 367240.37679752, 181935.94020392 ], [ 367233.10143067, 181949.85715819 ], [ 367233.10024553, 181999.85343425 ], [ 367240.37535838, 182013.7710154 ], [ 367283.11627138, 182016.85383576 ], [ 367283.11556106, 182049.86084958 ], [ 367290.39068495, 182063.77840139 ], [ 367333.10756467, 182066.86121677 ], [ 367333.10719127, 182082.85859983 ], [ 367300.11438705, 182082.85859568 ], [ 367283.11438492, 182099.85819578 ], [ 367283.11320859, 182149.86457611 ], [ 367289.88208373, 182163.41434364 ], [ 367333.10526448, 182166.86498297 ], [ 367333.10339299, 182249.8593585 ], [ 367350.10338651, 182266.85975537 ], [ 367400.10382389, 182266.85977444 ], [ 367417.10383036, 182249.86016819 ], [ 367417.10459466, 182216.86239083 ], [ 367450.10541169, 182216.86240062 ], [ 367467.10541672, 182199.86279123 ], [ 367467.10656552, 182149.86539829 ], [ 367459.83145092, 182135.94782826 ], [ 367417.10644004, 182132.86500071 ], [ 367417.1079685, 182066.86122022 ], [ 367450.10876228, 182066.86122158 ], [ 367467.10876297, 182049.86157808 ], [ 367467.10981164, 181999.85418489 ], [ 367450.1098109, 181982.8538284 ], [ 367417.10981363, 181982.85382984 ], [ 367417.11018402, 181966.85743958 ], [ 367459.83560801, 181963.77478219 ], [ 367467.11096011, 181949.85779177 ], [ 367467.11462078, 181766.84863411 ], [ 367483.11497386, 181766.84862765 ], [ 367486.56501825, 181810.08713093 ], [ 367500.11456677, 181816.85623655 ], [ 367550.12382215, 181816.85621738 ], [ 367567.12381563, 181799.85642938 ], [ 367567.12378668, 181716.85002266 ], [ 367610.35489967, 181713.39938606 ], [ 367617.12379195, 181699.84966548 ], [ 367617.12213223, 181616.8438966 ], [ 367650.12202955, 181616.84378367 ], [ 367667.12197138, 181599.84344092 ], [ 367667.12029773, 181516.83654418 ], [ 367733.12022665, 181516.83623429 ], [ 367736.57164383, 181560.06582915 ], [ 367750.12103924, 181566.83463329 ], [ 367800.12903745, 181566.83439798 ], [ 367817.12895746, 181549.83402025 ], [ 367817.12717935, 181466.83816154 ], [ 367883.12717238, 181466.83785202 ], [ 367883.12784078, 181499.83569409 ], [ 367890.4032473, 181513.75273436 ], [ 367933.12821655, 181516.83512863 ], [ 367936.2118335, 181559.55856693 ], [ 367950.12903165, 181566.8335918 ], [ 368100.13792591, 181566.83278509 ], [ 368117.1378458, 181549.83243948 ], [ 368117.13615852, 181466.8365538 ], [ 368159.87671885, 181463.75356163 ], [ 368167.15180938, 181449.83605291 ], [ 368167.14977456, 181349.82900209 ], [ 368160.38061639, 181336.27976532 ], [ 368117.13343438, 181332.82950244 ], [ 368117.13276341, 181299.82166051 ], [ 368109.85737385, 181285.90463322 ], [ 368067.13242474, 181282.82216013 ], [ 368064.04888443, 181240.09880532 ], [ 368050.13167532, 181232.82376342 ], [ 368017.13138311, 181232.82391715 ], [ 368017.13102628, 181216.81534055 ], [ 368059.85554781, 181213.73235035 ], [ 368067.13063892, 181199.81484183 ], [ 368067.12759239, 181049.81021356 ], [ 368050.12751378, 181032.81055883 ], [ 367917.11828144, 181032.81123968 ], [ 367917.11795742, 181016.81366256 ], [ 367950.1177134, 181016.81344435 ], [ 367967.11760098, 180999.81309974 ], [ 367967.11658726, 180949.80462267 ], [ 367950.11650899, 180932.80496727 ], [ 367817.1162826, 180932.80564547 ], [ 367817.11561545, 180899.80683588 ], [ 367810.34645869, 180886.25759797 ], [ 367767.10728587, 180882.80733114 ], [ 367767.10559737, 180799.80101884 ], [ 367750.10551949, 180782.80136628 ], [ 367717.10526281, 180782.80151747 ], [ 367717.10355557, 180699.79423312 ], [ 367700.1034777, 180682.79458278 ], [ 367667.10318707, 180682.79473394 ], [ 367667.101414, 180599.78844972 ], [ 367650.10133456, 180582.78879932 ], [ 367617.10109605, 180582.78895352 ], [ 367617.09938876, 180499.78267221 ], [ 367609.82397965, 180485.86563541 ], [ 367567.09908516, 180482.7832465 ], [ 367567.09624958, 180349.77841611 ], [ 367559.82084606, 180335.8614171 ], [ 367517.08704585, 180332.77896113 ], [ 367517.08636715, 180299.78024188 ], [ 367500.0862836, 180282.78059152 ], [ 367417.08617568, 180282.78106549 ], [ 367417.08543086, 180249.77224921 ], [ 367400.08531287, 180232.7726328 ], [ 366900.06130597, 180232.77560211 ], [ 366883.06138987, 180249.77595167 ], [ 366883.06241816, 180299.78438826 ], [ 366890.33781104, 180313.70141388 ], [ 366933.07072207, 180316.78387671 ], [ 366933.0724289, 180399.7801183 ], [ 366939.84160568, 180413.32936534 ], [ 366983.07273264, 180416.77954249 ], [ 366983.07556809, 180549.79422726 ], [ 366990.3509706, 180563.71122564 ], [ 367033.07580589, 180566.79368615 ], [ 367033.07616694, 180582.79216013 ], [ 366700.06909014, 180582.79400584 ], [ 366683.06917075, 180599.79435543 ], [ 366683.07122739, 180699.80031747 ], [ 366700.07134108, 180716.79996785 ], [ 366733.07153134, 180716.79974716 ], [ 366736.15508923, 180759.5231368 ], [ 366750.07232325, 180766.79816573 ], [ 366783.07251394, 180766.79794592 ], [ 366783.07284316, 180782.80644532 ], [ 366700.07330534, 180782.80682987 ], [ 366683.07338411, 180799.80716283 ], [ 366683.0749702, 180899.81282031 ], [ 366700.07504621, 180916.81261402 ], [ 366733.07508035, 180916.81246646 ], [ 366733.07530993, 180932.81083756 ], [ 366700.0755029, 180932.81098112 ], [ 366686.15822049, 180940.08634823 ], [ 366683.07597725, 180982.8194203 ], [ 366667.06799304, 180982.81948801 ], [ 366667.06700396, 180899.81263505 ], [ 366650.06689392, 180882.81283764 ], [ 366617.06687308, 180882.81305124 ], [ 366613.98374585, 180840.07993869 ], [ 366600.06647472, 180832.80480598 ], [ 366567.06526561, 180832.8049576 ], [ 366567.06462078, 180799.80729242 ], [ 366559.78921871, 180785.89024312 ], [ 366517.06438277, 180782.80784342 ], [ 366517.06260972, 180699.80065541 ], [ 366510.29343265, 180686.25140814 ], [ 366467.07137188, 180682.80123242 ], [ 366467.06857071, 180549.79662437 ], [ 366450.06848367, 180532.79697397 ], [ 366417.05126627, 180532.79714303 ], [ 366417.04421828, 180199.78079887 ], [ 366400.0441333, 180182.78114845 ], [ 366300.04428953, 180182.78174831 ], [ 366283.04440851, 180199.78209792 ], [ 366283.05077829, 180499.79076375 ], [ 366300.05086501, 180516.79041411 ], [ 366333.0510165, 180516.79024577 ], [ 366333.05597471, 180749.80077743 ], [ 366350.05609692, 180766.80039377 ], [ 366383.05621269, 180766.80015654 ], [ 366383.05836239, 180899.81437319 ], [ 366390.33371931, 180913.73154243 ], [ 366433.07542368, 180916.81396235 ], [ 366433.07777969, 181149.82440372 ], [ 366450.07784581, 181166.82421739 ], [ 366483.06901346, 181166.82408906 ], [ 366483.07041007, 181299.82814197 ], [ 366500.07046966, 181316.82795071 ], [ 366583.07181343, 181316.82765975 ], [ 366586.15501307, 181359.55983251 ], [ 366600.07225649, 181366.83495487 ], [ 366633.07256459, 181366.83484322 ], [ 366633.07503302, 181582.84540119 ], [ 366589.84395408, 181586.29601245 ], [ 366583.07501752, 181599.8456252 ], [ 366583.07540251, 181632.84279215 ], [ 366567.07417792, 181632.84280267 ], [ 366563.99099723, 181590.12070417 ], [ 366550.07378683, 181582.84556581 ], [ 366517.07339178, 181582.84559153 ], [ 366517.07302093, 181549.83717147 ], [ 366500.07301199, 181532.83736247 ], [ 366417.06409556, 181532.83739545 ], [ 366417.06381323, 181499.83903073 ], [ 366400.06380611, 181482.83917618 ], [ 366300.06301381, 181482.83921814 ], [ 366283.06302096, 181499.839351 ], [ 366283.06327886, 181532.83742304 ], [ 366250.05499366, 181532.83742993 ], [ 366233.05499721, 181549.83755641 ], [ 366233.05564106, 181649.8429035 ], [ 366250.05563734, 181666.84281109 ], [ 366283.06432522, 181666.8428183 ], [ 366283.06315555, 181832.85299089 ], [ 366267.05456161, 181832.85297856 ], [ 366267.05558051, 181799.85729584 ], [ 366250.05562644, 181782.85677088 ], [ 366200.05503512, 181782.85663581 ], [ 366183.05498921, 181799.85610961 ], [ 366183.05396787, 181832.85281387 ], [ 366117.05284656, 181832.85276307 ], [ 366117.05462029, 181749.84927207 ], [ 366100.05463114, 181732.84899548 ], [ 365967.04390387, 181732.84881086 ], [ 365967.0437981, 181699.85071952 ], [ 365960.27477595, 181686.30129447 ], [ 365917.04321556, 181682.85076021 ], [ 365917.04309401, 181616.8456216 ], [ 365950.04357704, 181616.8456213 ], [ 365963.96086395, 181609.57035359 ], [ 365967.04347065, 181566.83759089 ], [ 366033.04430934, 181566.8375764 ], [ 366033.04463776, 181649.8428356 ], [ 366050.04463418, 181666.84276837 ], [ 366083.05426186, 181666.84277532 ], [ 366083.05440447, 181699.85091081 ], [ 366100.05436323, 181716.85083736 ], [ 366200.05543576, 181716.85098009 ], [ 366217.05544305, 181699.85089406 ], [ 366217.05458313, 181549.83735428 ], [ 366209.77929673, 181535.92014013 ], [ 366167.0540553, 181532.83751349 ], [ 366163.97106067, 181490.11456253 ], [ 366150.05382678, 181482.8393818 ], [ 366117.05336519, 181482.83939593 ], [ 366113.97045424, 181440.11743345 ], [ 366100.05317709, 181432.84224449 ], [ 366067.04377793, 181432.84233175 ], [ 366063.96088036, 181390.10941922 ], [ 366050.04359819, 181382.83422829 ], [ 366017.04332787, 181382.83432265 ], [ 366017.04302828, 181299.82913429 ], [ 366000.04297236, 181282.82919568 ], [ 365967.04275275, 181282.82930421 ], [ 365967.04258316, 181199.82318412 ], [ 365959.7673045, 181185.90591062 ], [ 365917.04238503, 181182.82332805 ], [ 365917.0423709, 181166.82630766 ], [ 365959.76722055, 181163.74341781 ], [ 365967.04242045, 181149.82615652 ], [ 365967.04237891, 181116.81804569 ], [ 366050.04262074, 181116.8176359 ], [ 366067.04255034, 181099.81753384 ], [ 366067.04204977, 180999.82236951 ], [ 366050.0419381, 180982.82243765 ], [ 366000.0419286, 180982.82276607 ], [ 365983.04204027, 180999.82282792 ], [ 365983.0421603, 181032.81987863 ], [ 365967.04213882, 181032.81994835 ], [ 365967.042031, 180999.82293904 ], [ 365959.76673418, 180985.90568712 ], [ 365917.04200664, 180982.82314547 ], [ 365913.95922131, 180940.09041244 ], [ 365900.04189548, 180932.81520571 ], [ 365800.03388096, 180932.8157846 ], [ 365783.03399638, 180949.81578733 ], [ 365783.03400169, 180982.82385856 ], [ 365667.03399627, 180982.82445584 ], [ 365667.03422197, 180849.81079124 ], [ 365659.75894227, 180835.8934799 ], [ 365617.02503497, 180832.81094768 ], [ 365617.02471996, 180816.81352992 ], [ 365659.75815492, 180813.73051775 ], [ 365667.03324, 180799.81300885 ], [ 365667.03118186, 180699.80603061 ], [ 365650.03109427, 180682.80638048 ], [ 365617.02187709, 180682.80655056 ], [ 365613.93831684, 180640.08422461 ], [ 365600.02107666, 180632.80919837 ], [ 365500.02130108, 180632.80981175 ], [ 365483.02138835, 180649.81016167 ], [ 365483.02206754, 180682.8074408 ], [ 365467.02217874, 180682.80752318 ], [ 365467.02075414, 180616.80153879 ], [ 365500.02044608, 180616.80137001 ], [ 365517.02035913, 180599.8009861 ], [ 365517.01923003, 180549.80244463 ], [ 365509.7438076, 180535.88543272 ], [ 365467.01899124, 180532.80306276 ], [ 365467.01756671, 180466.79707854 ], [ 365550.01711291, 180466.79659225 ], [ 365567.01702681, 180449.79624241 ], [ 365567.01599772, 180399.78780164 ], [ 365559.74060357, 180385.87077543 ], [ 365517.0156928, 180382.78831804 ], [ 365517.01501367, 180349.79061262 ], [ 365509.73961966, 180335.87358655 ], [ 365467.01477468, 180332.79112844 ], [ 365467.01016318, 180116.77971879 ], [ 365550.00974203, 180116.7792085 ], [ 365567.00962398, 180099.77885871 ], [ 365567.00859502, 180049.77041814 ], [ 365559.73320191, 180035.85339261 ], [ 365517.00828981, 180032.77093051 ], [ 365513.92549796, 179990.04968918 ], [ 365500.01092743, 179982.77357345 ], [ 365467.00737147, 179982.76713454 ], [ 365467.00701016, 179966.76525915 ], [ 365533.00682107, 179966.76487031 ], [ 365536.4582538, 180009.99442742 ], [ 365550.00764956, 180016.76322741 ], [ 365600.00750495, 180016.76298189 ], [ 365617.00742147, 179999.7626321 ], [ 365617.00378742, 179849.75808219 ], [ 365600.00370316, 179832.75856051 ], [ 365517.00336002, 179832.75903794 ], [ 365517.00147616, 179766.75206339 ], [ 365550.00110276, 179766.7518303 ], [ 365567.00098267, 179749.75134866 ], [ 365566.99863111, 179666.7458303 ], [ 365610.22936758, 179663.29490011 ], [ 365616.99816156, 179649.74511563 ], [ 365616.99723361, 179616.74702926 ], [ 365650.00590062, 179616.74679084 ], [ 365663.92323861, 179609.47127366 ], [ 365667.00485657, 179566.73915659 ], [ 365709.72936835, 179563.65611388 ], [ 365717.00441426, 179549.73851145 ], [ 365717.00350005, 179516.74034482 ], [ 365750.00326195, 179516.7401689 ], [ 365763.92062249, 179509.46466545 ], [ 365767.00226397, 179466.74152768 ], [ 365810.23313599, 179463.29067067 ], [ 365817.00194888, 179449.74088614 ], [ 365817.00104823, 179416.73367099 ], [ 365833.00910736, 179416.73355193 ], [ 365836.09292183, 179459.4660113 ], [ 365850.0101268, 179466.74098075 ], [ 365883.01057629, 179466.74073705 ], [ 365883.01398606, 179599.74564174 ], [ 365900.01410888, 179616.74518468 ], [ 365950.01413002, 179616.74482342 ], [ 365967.01400718, 179599.74440384 ], [ 365967.01062469, 179466.74015071 ], [ 365983.01077294, 179466.74006454 ], [ 365986.09447779, 179509.46343321 ], [ 366000.01167112, 179516.73843598 ], [ 366050.01171244, 179516.73816937 ], [ 366063.92905381, 179509.46269346 ], [ 366067.01082103, 179466.73947817 ], [ 366083.01996914, 179466.73935994 ], [ 366086.47147003, 179509.96902804 ], [ 366100.02088782, 179516.73780271 ], [ 366183.02124714, 179516.73726007 ], [ 366186.10491998, 179559.460633 ], [ 366200.02211748, 179566.73564302 ], [ 366233.02252283, 179566.73546877 ], [ 366236.47392165, 179609.97415939 ], [ 366250.02335373, 179616.7429555 ], [ 366300.03147393, 179616.7425941 ], [ 366313.58098957, 179609.97336057 ], [ 366317.0305838, 179566.73492518 ], [ 366359.75513696, 179563.65190765 ], [ 366367.03021875, 179549.73439324 ], [ 366367.02952447, 179516.73604463 ], [ 366450.04637211, 179516.73543582 ], [ 366467.04624744, 179499.73508517 ], [ 366467.04556679, 179466.73682734 ], [ 366650.03707938, 179466.73563147 ], [ 366667.03695922, 179449.73524762 ], [ 366667.03515096, 179366.72943783 ], [ 366710.27393019, 179363.27853536 ], [ 366717.04275589, 179349.728821 ], [ 366717.04162683, 179299.72023428 ], [ 366700.04150689, 179282.72061809 ], [ 366667.03338813, 179282.72085098 ], [ 366667.03058502, 179149.71586094 ], [ 366650.03046531, 179132.71621079 ], [ 366500.02970075, 179132.71716691 ], [ 366483.02982043, 179149.7175508 ], [ 366483.0316288, 179232.72336368 ], [ 366300.02332224, 179232.72464056 ], [ 366286.47378594, 179239.49386492 ], [ 366283.02418398, 179282.72334787 ], [ 366250.01626889, 179282.72359695 ], [ 366233.01639718, 179299.72399535 ], [ 366233.01756914, 179349.73257196 ], [ 366250.01769652, 179366.73217356 ], [ 366283.0260356, 179366.73192624 ], [ 366283.02756933, 179432.73804863 ], [ 366267.01941489, 179432.73813487 ], [ 366263.567946, 179389.49954003 ], [ 366250.01854866, 179382.73074989 ], [ 366167.01801313, 179382.73126739 ], [ 366163.93432426, 179340.00781928 ], [ 366150.01709872, 179332.73282286 ], [ 366067.00756988, 179332.73344478 ], [ 366063.92386482, 179289.99999886 ], [ 366050.00664098, 179282.72500617 ], [ 366000.00645865, 179282.72538343 ], [ 365986.08914535, 179290.00087292 ], [ 365983.00739432, 179332.73404009 ], [ 365917.00710874, 179332.73446855 ], [ 365917.00497835, 179249.7271574 ], [ 365900.00484919, 179232.72758018 ], [ 365850.00465615, 179232.72796007 ], [ 365836.08733991, 179240.00345508 ], [ 365833.00561273, 179282.7265434 ], [ 365816.99749212, 179282.72666415 ], [ 365813.91366938, 179240.00320659 ], [ 365799.99646278, 179232.72823997 ], [ 365766.99593142, 179232.72849069 ], [ 365766.99418365, 179166.72248908 ], [ 365809.7189368, 179163.63935357 ], [ 365816.99396437, 179149.7217713 ], [ 365816.99260075, 179099.71331858 ], [ 365799.99246889, 179082.71378213 ], [ 365699.99202051, 179082.71455783 ], [ 365682.99215238, 179099.71499436 ], [ 365682.99435, 179182.72164841 ], [ 365649.99452065, 179182.72183486 ], [ 365632.9946167, 179199.72230897 ], [ 365632.99740606, 179299.72829817 ], [ 365639.76661312, 179313.27744379 ], [ 365682.99806022, 179316.72764102 ], [ 365682.99850349, 179332.73612144 ], [ 365499.98925303, 179332.73739212 ], [ 365482.98938036, 179349.73787689 ], [ 365482.99032133, 179382.73595494 ], [ 365440.26565378, 179385.81909314 ], [ 365432.99064253, 179399.73672258 ], [ 365432.99165655, 179432.74375979 ], [ 365399.99989998, 179432.74400337 ], [ 365386.08254619, 179440.01954717 ], [ 365383.0010462, 179482.74255898 ], [ 365299.98522562, 179482.74318604 ], [ 365282.98535657, 179499.74368446 ], [ 365282.98632403, 179532.74181269 ], [ 365266.98584756, 179532.7420021 ], [ 365263.90184217, 179490.01869528 ], [ 365249.98460187, 179482.74378902 ], [ 365166.97426339, 179482.74479027 ], [ 365166.97320848, 179449.74605963 ], [ 365159.69769121, 179435.82914086 ], [ 365116.9721004, 179432.7470086 ], [ 365113.88806037, 179390.01472355 ], [ 365099.97079153, 179382.73983598 ], [ 364899.96073585, 179382.74243909 ], [ 364882.96094867, 179399.74300094 ], [ 364882.96435415, 179499.74860894 ], [ 364899.96455941, 179516.74801299 ], [ 364932.96536328, 179516.74761452 ], [ 364932.96927328, 179632.75151222 ], [ 364899.96925353, 179632.75182271 ], [ 364882.9694135, 179649.75241882 ], [ 364882.97397824, 179782.76581411 ], [ 364849.97400604, 179782.7661687 ], [ 364836.05667077, 179790.04176784 ], [ 364832.97535341, 179832.76453836 ], [ 364790.25055451, 179835.84773718 ], [ 364782.97557841, 179849.76542348 ], [ 364782.97831371, 179932.77053291 ], [ 364740.24459253, 179935.85367636 ], [ 364732.96955556, 179949.77122379 ], [ 364732.97419968, 180132.78355674 ], [ 364616.97351959, 180132.7844688 ], [ 364613.88968917, 180090.06117129 ], [ 364599.9724791, 180082.78620788 ], [ 364549.98125692, 180082.78660451 ], [ 364536.43172393, 180089.55587714 ], [ 364532.9823041, 180132.7851292 ], [ 364449.96521508, 180132.78578189 ], [ 364432.96534876, 180149.78625878 ], [ 364432.96815449, 180249.79202697 ], [ 364449.96828574, 180266.79154996 ], [ 364532.98590939, 180266.790909 ], [ 364532.98682219, 180299.79963906 ], [ 364549.98695225, 180316.79916895 ], [ 364599.97813389, 180316.79878645 ], [ 364616.97800381, 180299.79831979 ], [ 364616.97709772, 180266.79026047 ], [ 364632.97728608, 180266.79013692 ], [ 364632.9781855, 180299.79886714 ], [ 364640.25363779, 180313.71582073 ], [ 364682.97879287, 180316.79815144 ], [ 364682.98051225, 180382.79395202 ], [ 364649.98068328, 180382.79419982 ], [ 364632.98081094, 180399.79466319 ], [ 364632.98300767, 180482.80112112 ], [ 364499.97508787, 180482.8020011 ], [ 364486.057752, 180490.07751872 ], [ 364482.97613309, 180532.80951263 ], [ 364466.97609816, 180532.80962939 ], [ 364466.97517148, 180499.80189223 ], [ 364449.97508023, 180482.8023695 ], [ 364399.97493844, 180482.80263791 ], [ 364383.73368732, 180494.85490343 ], [ 364383.73368732, 180494.85490343 ] ] ], [ [ [ 368560.37454269, 182986.33880682 ], [ 368550.14343839, 182982.88818767 ], [ 368350.13225228, 182982.88815007 ], [ 368333.13224906, 182999.8878025 ], [ 368333.13157441, 183032.88576042 ], [ 368290.40611769, 183035.96840111 ], [ 368283.13075519, 183049.8853737 ], [ 368283.13001433, 183082.89236813 ], [ 368240.40452319, 183085.97501011 ], [ 368233.12916096, 183099.89198244 ], [ 368233.12842017, 183132.88997916 ], [ 368150.1349963, 183132.88997174 ], [ 368133.13499478, 183149.88962404 ], [ 368133.13323107, 183232.8942118 ], [ 368090.39172728, 183235.9768653 ], [ 368083.11637666, 183249.89386335 ], [ 368083.11570165, 183282.89183326 ], [ 368000.11420882, 183282.89183423 ], [ 367983.11420901, 183299.89148642 ], [ 367983.11251074, 183382.89718675 ], [ 367940.37793973, 183385.97984417 ], [ 367933.10258994, 183399.89684156 ], [ 367933.10191459, 183432.90381878 ], [ 367850.10041901, 183432.90382816 ], [ 367836.18327382, 183440.17889443 ], [ 367833.09974554, 183482.90156149 ], [ 367750.09024876, 183482.90157357 ], [ 367733.09025123, 183499.90122556 ], [ 367733.08957553, 183532.90921115 ], [ 367650.08817802, 183532.90922592 ], [ 367636.53883461, 183539.67807097 ], [ 367633.08750532, 183582.90596886 ], [ 367589.85563446, 183586.3564805 ], [ 367583.08658787, 183599.90585239 ], [ 367583.08621654, 183649.90411652 ], [ 367590.36141922, 183663.82148425 ], [ 367633.08673639, 183666.90423315 ], [ 367633.08621883, 183932.9236084 ], [ 367600.08563744, 183932.92362658 ], [ 367583.08564681, 183949.92361137 ], [ 367583.08555737, 184049.929773 ], [ 367590.36079822, 184063.84705656 ], [ 367633.08599278, 184066.9297671 ], [ 367636.1686898, 184109.6529887 ], [ 367650.08596862, 184116.92823476 ], [ 367750.08696917, 184116.92819459 ], [ 367763.63642625, 184110.15919306 ], [ 367767.08699686, 184066.92961203 ], [ 367800.09557416, 184066.92959951 ], [ 367817.09556771, 184049.92961822 ], [ 367817.09577789, 183949.92360231 ], [ 367809.82055157, 183936.00629144 ], [ 367767.0872713, 183932.9235605 ], [ 367767.08732009, 183916.9249849 ], [ 367809.82057874, 183913.84225272 ], [ 367817.09583307, 183899.92502755 ], [ 367817.09598833, 183849.91745255 ], [ 367800.09598352, 183832.91739977 ], [ 367717.08697782, 183832.91742319 ], [ 367717.08710979, 183766.91036947 ], [ 367733.08761191, 183766.91036574 ], [ 367736.53810343, 183810.14982332 ], [ 367750.08758153, 183816.91883795 ], [ 367850.0966143, 183816.91881206 ], [ 367863.64606051, 183810.14982821 ], [ 367867.09671423, 183766.91023429 ], [ 367909.82198131, 183763.82750527 ], [ 367917.09723684, 183749.91028116 ], [ 367917.09739765, 183699.91280893 ], [ 367910.32840619, 183686.36329812 ], [ 367867.09687986, 183682.91276127 ], [ 367867.09693049, 183666.90418799 ], [ 368050.10818449, 183666.90415322 ], [ 368067.10818123, 183649.90424274 ], [ 368067.10835501, 183616.90577331 ], [ 368083.10892857, 183616.90576975 ], [ 368086.55925614, 183660.13499505 ], [ 368100.10875859, 183666.90404357 ], [ 368200.11780677, 183666.90402411 ], [ 368217.11780345, 183649.90414692 ], [ 368217.1188393, 183566.90902163 ], [ 368260.35064021, 183563.45856919 ], [ 368267.11976002, 183549.90936282 ], [ 368267.12043476, 183516.90139559 ], [ 368400.13140412, 183516.90137446 ], [ 368417.1314014, 183499.90172187 ], [ 368417.133445, 183399.89749854 ], [ 368400.13344347, 183382.89715115 ], [ 368367.12431959, 183382.89715412 ], [ 368367.12499405, 183349.89978985 ], [ 368359.84986353, 183335.98225173 ], [ 368317.12476903, 183332.89944414 ], [ 368317.12509626, 183316.89182958 ], [ 368360.35689497, 183313.44138388 ], [ 368367.12601615, 183299.89217647 ], [ 368367.12816023, 183199.89798416 ], [ 368360.3592778, 183186.34822947 ], [ 368317.12793569, 183182.89760093 ], [ 368317.12826294, 183166.8899865 ], [ 368433.13887913, 183166.88999635 ], [ 368433.13820462, 183199.89726016 ], [ 368450.13820382, 183216.89760756 ], [ 368500.13877588, 183216.89760993 ], [ 368517.13877668, 183199.89795728 ], [ 368517.14149461, 183066.88578869 ], [ 368559.86706199, 183063.80314017 ], [ 368567.1424136, 183049.88614105 ], [ 368567.14343522, 182999.88853504 ], [ 368560.37454269, 182986.33880682 ], [ 368560.37454269, 182986.33880682 ] ] ], [ [ [ 362254.76272385, 184533.72054955 ], [ 362216.81403956, 184532.96177576 ], [ 362216.81353678, 184466.95475381 ], [ 362259.53876234, 184463.87200054 ], [ 362266.81396339, 184449.95463145 ], [ 362266.81358474, 184399.95562146 ], [ 362249.81362244, 184382.95575021 ], [ 362166.81243807, 184382.95563209 ], [ 362166.8114198, 184249.94946095 ], [ 362159.53614084, 184236.03229578 ], [ 362116.81082426, 184232.94958143 ], [ 362116.81057023, 184199.94143187 ], [ 362099.81060965, 184182.9415627 ], [ 361949.7999746, 184182.94141474 ], [ 361935.88265604, 184190.21671995 ], [ 361932.80022739, 184232.94942704 ], [ 361916.79966174, 184232.94942228 ], [ 361913.71665455, 184190.21661589 ], [ 361899.79954132, 184182.94139863 ], [ 361866.7982815, 184182.94112833 ], [ 361866.79802394, 184149.94183851 ], [ 361849.79834538, 184132.9419712 ], [ 361799.80589539, 184132.94102595 ], [ 361782.80557395, 184149.9411582 ], [ 361782.80583066, 184182.93982886 ], [ 361740.06276956, 184186.02185785 ], [ 361732.7874107, 184199.93933961 ], [ 361732.78805426, 184282.94604662 ], [ 361690.06198928, 184286.02808304 ], [ 361682.78663187, 184299.94556337 ], [ 361682.7870183, 184349.95469616 ], [ 361690.06215919, 184363.87176418 ], [ 361732.78870561, 184366.95511027 ], [ 361732.78921734, 184432.95216915 ], [ 361699.78806881, 184432.95163 ], [ 361682.78779108, 184449.95176136 ], [ 361682.7892335, 184649.96704568 ], [ 361690.06438533, 184663.88415598 ], [ 361732.79091773, 184666.96740954 ], [ 361732.79154805, 184749.97491379 ], [ 361749.79128027, 184766.97478469 ], [ 361849.80217251, 184766.97636015 ], [ 361866.80244033, 184749.97626812 ], [ 361866.80192502, 184666.96941512 ], [ 361949.80336162, 184666.96975659 ], [ 361966.80336322, 184649.9696304 ], [ 361966.80311828, 184616.97068552 ], [ 362249.81499271, 184616.9707854 ], [ 362266.81499469, 184599.97065833 ], [ 362266.8146209, 184549.96165348 ], [ 362254.76272385, 184533.72054955 ], [ 362254.76272385, 184533.72054955 ] ] ], [ [ [ 369036.24195064, 184909.69626288 ], [ 369050.15918233, 184916.97144013 ], [ 369083.15972718, 184916.97142556 ], [ 369083.15996154, 184949.98051776 ], [ 369100.15996909, 184966.98039707 ], [ 369150.16040052, 184966.98037487 ], [ 369164.07770467, 184959.70507174 ], [ 369167.16015873, 184916.97138839 ], [ 369233.16912199, 184916.97135909 ], [ 369233.16935597, 184949.98035083 ], [ 369240.4446382, 184963.89752786 ], [ 369283.16987379, 184966.98021558 ], [ 369283.17004162, 184999.97927288 ], [ 369290.44531307, 185013.89647637 ], [ 369333.17065917, 185016.9791716 ], [ 369333.17082692, 185049.98712901 ], [ 369339.93986644, 185063.53653532 ], [ 369383.17244423, 185066.98702771 ], [ 369383.17252549, 185082.98600608 ], [ 369340.44639002, 185086.06877506 ], [ 369333.17118106, 185099.98610745 ], [ 369333.17178946, 185199.99309859 ], [ 369350.17179721, 185216.99297816 ], [ 369433.18177069, 185216.99287427 ], [ 369433.18188392, 185232.99181862 ], [ 369400.17356609, 185232.99183375 ], [ 369383.17357388, 185249.99192012 ], [ 369383.17418206, 185349.99891124 ], [ 369400.1741899, 185366.99879085 ], [ 369550.18357935, 185366.9986215 ], [ 369567.18357147, 185349.9985013 ], [ 369567.18273118, 185216.99277885 ], [ 369600.18304909, 185216.99276367 ], [ 369617.18304128, 185199.99267757 ], [ 369617.18278802, 185149.98469923 ], [ 369609.9075166, 185136.0674954 ], [ 369567.18223739, 185132.98480045 ], [ 369567.18165078, 185049.98683184 ], [ 369550.18164305, 185032.98695199 ], [ 369467.18066874, 185032.98698969 ], [ 369467.18018154, 184949.9799544 ], [ 369450.1801399, 184932.98004066 ], [ 369367.17013231, 184932.98017796 ], [ 369367.1699646, 184899.97112057 ], [ 369360.40092512, 184886.42171428 ], [ 369317.16934661, 184882.97122168 ], [ 369317.16894502, 184816.96436466 ], [ 369360.40039179, 184813.51378587 ], [ 369367.16935653, 184799.96422967 ], [ 369367.16900255, 184749.96525137 ], [ 369359.89372041, 184736.04807424 ], [ 369317.16845001, 184732.96538632 ], [ 369317.16821628, 184699.96629505 ], [ 369300.16820881, 184682.96641547 ], [ 369250.16777648, 184682.96643745 ], [ 369233.16778395, 184699.96652392 ], [ 369233.16795181, 184732.96542336 ], [ 369200.17659886, 184732.96543788 ], [ 369183.17660634, 184749.96555843 ], [ 369183.17712896, 184832.9724027 ], [ 369167.15966268, 184832.97240979 ], [ 369163.70884409, 184789.73337584 ], [ 369150.15938702, 184782.96443843 ], [ 369067.15844369, 184782.96457488 ], [ 369067.15833006, 184766.96559618 ], [ 369110.38966573, 184763.51502602 ], [ 369117.15864153, 184749.96549507 ], [ 369117.1580317, 184649.95850356 ], [ 369100.15802431, 184632.95862421 ], [ 369050.1575917, 184632.95864592 ], [ 369036.24028739, 184640.23394904 ], [ 369033.15783348, 184682.96663228 ], [ 368917.14843569, 184682.9667826 ], [ 368917.14820092, 184649.95868986 ], [ 368909.87291871, 184636.04151324 ], [ 368867.14764724, 184632.95882498 ], [ 368864.06463645, 184590.23513039 ], [ 368850.14740464, 184582.95995333 ], [ 368817.13785902, 184582.9599684 ], [ 368813.68704724, 184539.71994414 ], [ 368800.13761365, 184532.95099676 ], [ 368767.13720161, 184532.95101692 ], [ 368767.1372065, 184516.9533862 ], [ 368900.14761169, 184516.95322103 ], [ 368917.14760431, 184499.95329309 ], [ 368917.14824035, 184349.94885021 ], [ 368900.14823467, 184332.94877811 ], [ 368817.13843503, 184332.94880666 ], [ 368817.13857259, 184299.94043254 ], [ 368810.36958392, 184286.3909077 ], [ 368767.1381041, 184282.94037899 ], [ 368763.68772247, 184239.71086252 ], [ 368750.13819741, 184232.94183589 ], [ 368700.13775623, 184232.94196085 ], [ 368683.13779872, 184249.94189181 ], [ 368683.13766469, 184282.94042295 ], [ 368600.13657565, 184282.94056624 ], [ 368583.1366185, 184299.94049904 ], [ 368583.13642084, 184349.94895497 ], [ 368589.90541087, 184363.49847718 ], [ 368633.13688866, 184366.94900418 ], [ 368633.13662437, 184432.94501401 ], [ 368550.12755091, 184432.94516323 ], [ 368533.12759497, 184449.94509701 ], [ 368533.12740019, 184499.95355425 ], [ 368550.12741067, 184516.95362047 ], [ 368683.13677878, 184516.95347231 ], [ 368683.13702448, 184599.96012455 ], [ 368690.41229749, 184613.87732865 ], [ 368733.13763926, 184616.96001736 ], [ 368733.13841992, 184749.96593229 ], [ 368750.1384306, 184766.96584528 ], [ 368783.1389692, 184766.96582454 ], [ 368786.58978043, 184810.19584488 ], [ 368800.13921218, 184816.96479304 ], [ 368833.14875691, 184816.96477756 ], [ 368833.14899187, 184849.97276991 ], [ 368850.14899928, 184866.97264889 ], [ 368900.14943121, 184866.97262708 ], [ 368917.14942379, 184849.97254013 ], [ 368917.14893325, 184766.96572751 ], [ 368933.14936547, 184766.96568857 ], [ 368936.23237595, 184809.68944884 ], [ 368950.14960754, 184816.96462606 ], [ 369033.1586512, 184816.96458979 ], [ 369033.15917483, 184899.9715609 ], [ 369036.24195064, 184909.69626288 ], [ 369036.24195064, 184909.69626288 ] ] ], [ [ [ 368736.59207826, 185239.76149362 ], [ 368733.14158031, 185249.99252839 ], [ 368733.14219267, 185349.9995219 ], [ 368750.14220425, 185366.99940079 ], [ 368783.14274382, 185366.9993783 ], [ 368783.14297906, 185400.00836758 ], [ 368800.14298773, 185417.00824643 ], [ 368850.15241785, 185417.00822092 ], [ 368867.15240918, 185400.00813381 ], [ 368867.15224002, 185366.99923373 ], [ 368883.15266994, 185366.99922652 ], [ 368886.60340312, 185410.23923409 ], [ 368900.15284668, 185417.00819832 ], [ 368950.15337646, 185417.00817566 ], [ 368963.70288182, 185410.23910864 ], [ 368967.15313384, 185366.99918858 ], [ 368983.15356373, 185366.99918133 ], [ 368983.1541542, 185450.00715294 ], [ 368990.42943664, 185463.9243297 ], [ 369033.16267461, 185467.00701693 ], [ 369033.16358813, 185600.01309235 ], [ 369050.16363019, 185617.01296697 ], [ 369100.16405785, 185617.01284329 ], [ 369114.08133679, 185609.73752696 ], [ 369117.16377286, 185567.01391539 ], [ 369133.16426695, 185567.01387589 ], [ 369133.16505347, 185683.01979945 ], [ 369050.16421753, 185683.01983976 ], [ 369033.16422577, 185700.01996516 ], [ 369033.16523247, 185850.0258904 ], [ 369050.16524103, 185867.02579897 ], [ 369083.16584803, 185867.02578238 ], [ 369083.16639346, 185950.03377149 ], [ 369100.16640222, 185967.03364626 ], [ 369283.17627574, 185967.03348566 ], [ 369286.25921664, 186009.76623597 ], [ 369300.17646006, 186017.04142803 ], [ 369383.17851943, 186017.04138438 ], [ 369386.26154476, 186059.76519538 ], [ 369400.17880299, 186067.04035979 ], [ 369550.18803359, 186067.04017962 ], [ 369567.18802449, 186050.0400904 ], [ 369567.18739971, 185950.03308921 ], [ 369550.1873908, 185933.0332124 ], [ 369517.18685352, 185933.03322969 ], [ 369517.18661395, 185900.03423144 ], [ 369510.41756179, 185886.48485254 ], [ 369467.18606688, 185883.03437192 ], [ 369467.18565287, 185817.02740385 ], [ 369510.41702478, 185813.5768219 ], [ 369517.18598804, 185800.02726379 ], [ 369517.18499943, 185650.02031256 ], [ 369500.18495714, 185633.02043592 ], [ 369467.18444908, 185633.02051801 ], [ 369467.18384573, 185550.01346867 ], [ 369450.18383766, 185533.01359224 ], [ 369400.17540931, 185533.01361599 ], [ 369386.25810446, 185540.28892087 ], [ 369383.17565769, 185583.01260832 ], [ 369340.44956153, 185586.09537914 ], [ 369333.17435395, 185600.01271417 ], [ 369333.17452874, 185633.02061714 ], [ 369317.17406765, 185633.02062489 ], [ 369317.17365123, 185567.01372127 ], [ 369350.17403123, 185567.01363967 ], [ 369364.09130977, 185559.73832393 ], [ 369367.17374843, 185517.00471297 ], [ 369410.40620573, 185513.55405447 ], [ 369417.1751533, 185500.00450812 ], [ 369417.17479035, 185450.00652463 ], [ 369400.17474848, 185433.00664804 ], [ 369300.17282367, 185433.00679432 ], [ 369286.25551866, 185440.28209912 ], [ 369283.17307178, 185483.00478619 ], [ 369117.16325512, 185483.00492927 ], [ 369117.16275815, 185400.0079206 ], [ 369109.88748653, 185386.09071734 ], [ 369067.16214158, 185383.00802245 ], [ 369067.16173835, 185317.00113035 ], [ 369109.88685581, 185313.91828344 ], [ 369117.16204759, 185300.00096263 ], [ 369117.16179234, 185249.99208349 ], [ 369109.88652077, 185236.07488023 ], [ 369067.16124121, 185232.99218517 ], [ 369064.0782308, 185190.26839113 ], [ 369050.16099902, 185182.99321395 ], [ 368967.15195848, 185182.99331721 ], [ 368967.1518766, 185166.98537195 ], [ 369100.16118959, 185166.98521237 ], [ 369117.16118195, 185149.98509162 ], [ 369117.16082681, 185099.98611283 ], [ 369109.88552745, 185086.06892413 ], [ 369067.16027514, 185082.98631435 ], [ 369064.0772648, 185040.26255432 ], [ 369050.16003307, 185032.98737711 ], [ 369017.1515225, 185032.98739179 ], [ 369017.15135385, 184999.97933334 ], [ 369009.87608234, 184986.0621302 ], [ 368967.15073563, 184982.97943479 ], [ 368964.06780291, 184940.25575761 ], [ 368950.15055944, 184932.98056337 ], [ 368900.15002792, 184932.98058537 ], [ 368883.1500354, 184949.98070635 ], [ 368883.15184981, 185232.99236793 ], [ 368750.14156887, 185232.9924413 ], [ 368736.59207826, 185239.76149362 ], [ 368736.59207826, 185239.76149362 ] ] ], [ [ [ 363040.14890524, 187314.04512621 ], [ 363082.88224304, 187317.12770658 ], [ 363082.88232379, 187333.12669078 ], [ 363049.87390258, 187333.12680299 ], [ 363032.87396037, 187350.126897 ], [ 363032.87423694, 187400.13587302 ], [ 363049.87429468, 187417.13577901 ], [ 363132.88336244, 187417.13549624 ], [ 363132.88398627, 187500.14251744 ], [ 363149.8840445, 187517.14238968 ], [ 363232.885109, 187517.14210534 ], [ 363232.88587784, 187633.12799776 ], [ 363199.88553521, 187633.12804499 ], [ 363185.96825352, 187640.40333986 ], [ 363182.88574129, 187683.14707958 ], [ 363066.87627198, 187683.14740966 ], [ 363066.87564577, 187600.14945348 ], [ 363049.87563474, 187583.14958176 ], [ 362916.87415503, 187583.1497339 ], [ 362913.7912071, 187540.41699276 ], [ 362899.87396312, 187533.14180277 ], [ 362849.86443141, 187533.14183496 ], [ 362832.86444235, 187550.1419618 ], [ 362832.86506162, 187633.12879752 ], [ 362799.86474397, 187633.12881886 ], [ 362785.9474523, 187640.40410895 ], [ 362782.86493461, 187683.14780651 ], [ 362740.13978723, 187686.23059193 ], [ 362732.86459252, 187700.14795402 ], [ 362732.86483746, 187733.15581534 ], [ 362690.13962279, 187736.23860071 ], [ 362682.86442799, 187750.15596253 ], [ 362682.86504232, 187833.16380065 ], [ 362649.87261958, 187833.16382212 ], [ 362635.95531646, 187840.4391288 ], [ 362632.8728742, 187883.16180957 ], [ 362589.62553321, 187886.6123892 ], [ 362582.85656056, 187900.1619222 ], [ 362582.85820082, 188150.17573955 ], [ 362590.13348633, 188164.09291425 ], [ 362632.87477055, 188167.17559261 ], [ 362636.32560126, 188210.41562433 ], [ 362649.87505948, 188217.1845582 ], [ 362682.86765074, 188217.18447033 ], [ 362682.86782901, 188250.18249331 ], [ 362690.14310402, 188264.09969389 ], [ 362732.86846646, 188267.18237949 ], [ 362732.86888596, 188333.19028541 ], [ 362699.86851946, 188333.19037322 ], [ 362685.95125499, 188340.46567329 ], [ 362682.86874081, 188383.18837418 ], [ 362649.87637522, 188383.18839587 ], [ 362635.95907239, 188390.46370228 ], [ 362632.8766289, 188433.19739697 ], [ 362616.86008345, 188433.19740742 ], [ 362616.85984061, 188400.18830363 ], [ 362599.85979547, 188383.18842869 ], [ 362549.85935007, 188383.18856146 ], [ 362535.94207351, 188390.46387881 ], [ 362532.85963837, 188433.19749623 ], [ 362449.84976242, 188433.19761627 ], [ 362432.84977348, 188450.19770787 ], [ 362432.85041228, 188550.20472039 ], [ 362449.85042324, 188567.2045948 ], [ 362549.86044541, 188567.20443027 ], [ 362563.77772211, 188559.92911295 ], [ 362566.86015724, 188517.19642953 ], [ 362682.86965612, 188517.19628807 ], [ 362682.86983233, 188550.20432389 ], [ 362699.86984337, 188567.20423313 ], [ 362799.87083106, 188567.20416815 ], [ 362816.87082, 188550.20407773 ], [ 362816.87064444, 188517.1961326 ], [ 362859.5958201, 188514.11326949 ], [ 362866.8709983, 188500.19592076 ], [ 362866.87075712, 188467.19710955 ], [ 362982.88125703, 188467.19696713 ], [ 362985.96419706, 188509.92065499 ], [ 362999.88144242, 188517.19584663 ], [ 363099.89046739, 188517.19564924 ], [ 363113.80773493, 188509.92032941 ], [ 363116.89017201, 188467.19669951 ], [ 363149.89064178, 188467.19658595 ], [ 363166.89058328, 188450.19646288 ], [ 363166.89004834, 188367.18954453 ], [ 363182.89051823, 188367.18948941 ], [ 363185.97354454, 188409.91226213 ], [ 363199.89081517, 188417.18742218 ], [ 363282.89174957, 188417.18720226 ], [ 363282.89198701, 188450.19629182 ], [ 363299.89204557, 188467.19616953 ], [ 363349.90148031, 188467.19599728 ], [ 363363.81873349, 188459.92069434 ], [ 363366.90125083, 188417.18694677 ], [ 363382.90171981, 188417.1868916 ], [ 363382.90195624, 188450.19594676 ], [ 363399.90201483, 188467.195825 ], [ 363482.9029464, 188467.1956049 ], [ 363482.90306052, 188483.19459674 ], [ 363449.90262354, 188483.19464446 ], [ 363432.90264812, 188500.19476599 ], [ 363432.90336311, 188600.2017499 ], [ 363449.90338764, 188617.20162835 ], [ 363482.90391651, 188617.20158074 ], [ 363482.90415202, 188650.21056971 ], [ 363499.90417653, 188667.21044842 ], [ 363599.91307336, 188667.21020414 ], [ 363616.91301482, 188650.21011737 ], [ 363616.91284634, 188617.2011532 ], [ 363632.91327811, 188617.20109807 ], [ 363632.91344608, 188650.21011845 ], [ 363649.91347064, 188667.21003194 ], [ 363749.92246729, 188667.20978739 ], [ 363766.92240871, 188650.2097014 ], [ 363766.92192289, 188567.20174385 ], [ 363849.923793, 188567.20155746 ], [ 363866.92376834, 188550.20143803 ], [ 363866.92353645, 188517.19350605 ], [ 363909.64877747, 188514.11061296 ], [ 363916.92395045, 188500.19327293 ], [ 363916.92359997, 188450.19428044 ], [ 363899.92354123, 188433.19439961 ], [ 363766.92107732, 188433.194759 ], [ 363763.8380575, 188390.46098662 ], [ 363749.92078574, 188383.18582517 ], [ 363666.91185367, 188383.18611182 ], [ 363666.91100408, 188250.18007914 ], [ 363649.9109453, 188233.18020204 ], [ 363599.91050781, 188233.18037492 ], [ 363582.91056659, 188250.18046411 ], [ 363582.91073978, 188283.18938388 ], [ 363566.91026881, 188283.18940714 ], [ 363563.45943936, 188239.94937816 ], [ 363549.90997033, 188233.18044773 ], [ 363516.90146496, 188233.18056179 ], [ 363516.90134604, 188217.18262043 ], [ 363649.91069317, 188217.1822269 ], [ 363666.91063442, 188200.18213524 ], [ 363666.91036476, 188150.17315979 ], [ 363659.63506603, 188136.25594254 ], [ 363616.90973405, 188133.17336545 ], [ 363616.90918543, 188050.16644764 ], [ 363599.90916077, 188033.16657351 ], [ 363566.90855316, 188033.16662136 ], [ 363566.90662058, 187750.15386818 ], [ 363559.63131107, 187736.23667769 ], [ 363516.89804995, 187733.15410775 ], [ 363516.89743349, 187650.12708873 ], [ 363499.89737509, 187633.12721494 ], [ 363449.89692953, 187633.12738673 ], [ 363432.89698794, 187650.12751317 ], [ 363432.89753949, 187733.15429662 ], [ 363316.88707176, 187733.15469534 ], [ 363316.88695204, 187717.14671956 ], [ 363399.89687344, 187717.14643443 ], [ 363416.89681503, 187700.14630777 ], [ 363416.89579729, 187550.14048149 ], [ 363410.1267208, 187536.59108755 ], [ 363366.89522347, 187533.14072136 ], [ 363366.89510406, 187517.141746 ], [ 363449.89599667, 187517.14156132 ], [ 363466.89597236, 187500.14143492 ], [ 363466.89535516, 187417.13455237 ], [ 363509.62060664, 187414.05165871 ], [ 363516.89577763, 187400.1343131 ], [ 363516.89540653, 187350.12543771 ], [ 363499.89538228, 187333.12556386 ], [ 363366.89383609, 187333.12591948 ], [ 363363.44301084, 187289.89592505 ], [ 363349.89354162, 187283.12699363 ], [ 363316.88402983, 187283.12710659 ], [ 363316.88379444, 187250.12805925 ], [ 363299.88377029, 187233.12818052 ], [ 363199.88274151, 187233.12842256 ], [ 363182.88279965, 187250.1285431 ], [ 363182.88303363, 187283.12746495 ], [ 363116.88203742, 187283.12762458 ], [ 363116.88131991, 187167.12173755 ], [ 363199.88221474, 187167.12155384 ], [ 363216.88219063, 187150.12143333 ], [ 363216.88183611, 187100.11244883 ], [ 363199.881812, 187083.11256935 ], [ 363016.87185577, 187083.1130036 ], [ 363016.87174331, 187067.11501963 ], [ 363099.88065348, 187067.11482694 ], [ 363116.88059542, 187050.11470716 ], [ 363116.88036284, 187017.10581837 ], [ 363149.88080919, 187017.10577161 ], [ 363166.8807851, 187000.10565145 ], [ 363166.88043172, 186950.10666729 ], [ 363160.11135747, 186936.55726855 ], [ 363116.87987097, 186933.1069002 ], [ 363113.79685928, 186890.38414663 ], [ 363099.8796144, 186883.10897414 ], [ 363016.87065004, 186883.10913349 ], [ 363013.78764195, 186840.37537179 ], [ 362999.87040701, 186833.10019502 ], [ 362816.85951804, 186833.10041413 ], [ 362813.40877887, 186789.87039435 ], [ 362799.85930677, 186783.10144168 ], [ 362766.85873742, 186783.10152912 ], [ 362766.85833883, 186717.094596 ], [ 362832.85926269, 186717.09448689 ], [ 362835.94219314, 186759.81823155 ], [ 362849.8594399, 186767.09342531 ], [ 362949.86939775, 186767.09335994 ], [ 362966.86938663, 186750.09324045 ], [ 362966.86818106, 186550.07833928 ], [ 362949.86813584, 186533.07842472 ], [ 362799.85778166, 186533.07862359 ], [ 362782.85779285, 186550.07870918 ], [ 362782.85827675, 186633.08560184 ], [ 362699.85739299, 186633.0857561 ], [ 362685.94011834, 186640.36107065 ], [ 362682.85767049, 186683.09468477 ], [ 362666.86524162, 186683.09472717 ], [ 362663.41443263, 186639.85473649 ], [ 362649.86499807, 186633.08578872 ], [ 362616.84845981, 186633.08581023 ], [ 362616.84834709, 186617.08782709 ], [ 362649.86476812, 186617.08780553 ], [ 362666.86475702, 186600.08768583 ], [ 362666.86327766, 186367.07393652 ], [ 362709.58043089, 186363.99108232 ], [ 362716.85562107, 186350.0737626 ], [ 362716.85501046, 186250.06685334 ], [ 362699.85499998, 186233.06697413 ], [ 362666.86245796, 186233.06699449 ], [ 362663.41164633, 186189.82696408 ], [ 362649.86221281, 186183.05801662 ], [ 362549.84531375, 186183.05817698 ], [ 362532.845358, 186200.05826433 ], [ 362532.8455276, 186233.06717692 ], [ 362349.83477691, 186233.06738884 ], [ 362332.83478728, 186250.06747697 ], [ 362332.83504649, 186300.06546853 ], [ 362349.83509105, 186317.06538039 ], [ 362382.83566578, 186317.06529387 ], [ 362382.83655151, 186450.0813407 ], [ 362390.11183569, 186463.9985185 ], [ 362432.83706715, 186467.08119802 ], [ 362432.83714797, 186483.08018086 ], [ 362399.83679312, 186483.08020239 ], [ 362382.8368042, 186500.08032231 ], [ 362382.83776246, 186650.08617109 ], [ 362399.83777348, 186667.08605115 ], [ 362482.84774102, 186667.08599735 ], [ 362482.84797375, 186700.09508947 ], [ 362490.12327454, 186714.01228006 ], [ 362532.84852267, 186717.09488223 ], [ 362532.84900777, 186800.10188953 ], [ 362549.84901875, 186817.10180369 ], [ 362582.84955639, 186817.10178236 ], [ 362582.84966914, 186833.10076555 ], [ 362549.84934931, 186833.10078682 ], [ 362535.93205993, 186840.37607359 ], [ 362532.84952697, 186883.10978118 ], [ 362449.83974453, 186883.10983445 ], [ 362432.83975543, 186900.10992041 ], [ 362432.84000824, 186950.10790339 ], [ 362440.11528115, 186964.0251084 ], [ 362482.84955685, 186967.10779631 ], [ 362482.84978963, 187000.10688847 ], [ 362499.8498345, 187017.10676854 ], [ 362649.86718582, 187017.10657249 ], [ 362666.86717492, 187000.1064527 ], [ 362666.86694239, 186967.10757822 ], [ 362682.85943654, 186967.10756793 ], [ 362682.85960298, 187000.10652613 ], [ 362690.13487586, 187014.02373132 ], [ 362732.86015091, 187017.10641917 ], [ 362732.86054973, 187083.11338637 ], [ 362699.8601966, 187083.1134075 ], [ 362682.86020748, 187100.11352726 ], [ 362682.86055979, 187150.122511 ], [ 362699.86057065, 187167.12239124 ], [ 362799.86146035, 187167.12222732 ], [ 362813.41092535, 187160.35316473 ], [ 362816.8612491, 187117.11323252 ], [ 362932.87156694, 187117.11309194 ], [ 362936.32237548, 187160.3530832 ], [ 362949.87181001, 187167.1220311 ], [ 362982.87234634, 187167.12200987 ], [ 362982.87257836, 187200.12110236 ], [ 362990.147879, 187214.03829317 ], [ 363032.87312544, 187217.12089563 ], [ 363032.87360888, 187300.12790446 ], [ 363040.14890524, 187314.04512621 ], [ 363040.14890524, 187314.04512621 ] ] ], [ [ [ 366517.05424098, 188083.16962086 ], [ 366513.60341044, 188039.93056783 ], [ 366500.0539509, 188033.16163437 ], [ 366400.04501717, 188033.16181038 ], [ 366383.04503008, 188050.16193576 ], [ 366383.04527353, 188083.16982054 ], [ 366300.04438508, 188083.16998243 ], [ 366283.04443175, 188100.17010799 ], [ 366283.04517041, 188200.17810016 ], [ 366300.04521664, 188217.17797461 ], [ 366350.04564977, 188217.17783862 ], [ 366363.96292557, 188209.9025208 ], [ 366367.04535989, 188167.16882927 ], [ 366483.05475982, 188167.16867813 ], [ 366483.05537143, 188250.17575421 ], [ 366500.0553837, 188267.17562894 ], [ 366583.05735252, 188267.17556872 ], [ 366586.14036198, 188309.90927053 ], [ 366600.05759806, 188317.18444656 ], [ 366633.05813471, 188317.18442179 ], [ 366633.05836674, 188350.18351709 ], [ 366640.3336514, 188364.1006968 ], [ 366683.06688235, 188367.18337217 ], [ 366683.06696286, 188383.18129411 ], [ 366639.82756461, 188386.6319641 ], [ 366633.05861831, 188400.18150563 ], [ 366633.05973937, 188583.19628976 ], [ 366550.05795043, 188583.1964268 ], [ 366533.05796496, 188600.19651236 ], [ 366533.05856837, 188700.20352762 ], [ 366540.33385408, 188714.120708 ], [ 366583.06008401, 188717.20337864 ], [ 366583.06060195, 188800.21136271 ], [ 366590.33588798, 188814.12854331 ], [ 366633.0611516, 188817.21121252 ], [ 366636.14416872, 188859.93502125 ], [ 366650.06143387, 188867.21018558 ], [ 366700.06986409, 188867.21003827 ], [ 366713.98712302, 188859.93473923 ], [ 366717.06964781, 188817.21103453 ], [ 366759.79479782, 188814.12823958 ], [ 366767.06999219, 188800.21088425 ], [ 366767.06947417, 188717.20301431 ], [ 366783.06993812, 188717.20299999 ], [ 366783.07017031, 188750.20209049 ], [ 366800.07021985, 188767.20197088 ], [ 366850.0706498, 188767.20182516 ], [ 366867.07060025, 188750.20170555 ], [ 366867.07008225, 188667.2049058 ], [ 366900.0704755, 188667.20481075 ], [ 366917.07042654, 188650.20472515 ], [ 366917.06905334, 188417.18094124 ], [ 367033.0784429, 188417.1807831 ], [ 367036.16137403, 188459.91445851 ], [ 367050.07862292, 188467.18965141 ], [ 367083.08015846, 188467.18962454 ], [ 367083.08039063, 188500.18871098 ], [ 367090.35569292, 188514.10590286 ], [ 367133.08894019, 188517.18849787 ], [ 367133.08942427, 188600.19549527 ], [ 367150.08943905, 188617.19540965 ], [ 367250.09043259, 188617.19522263 ], [ 367267.09038379, 188600.19510298 ], [ 367267.09015156, 188567.19623002 ], [ 367283.10664768, 188567.19621634 ], [ 367283.10681392, 188600.19526467 ], [ 367300.10686277, 188617.19517902 ], [ 367350.09929229, 188617.19503537 ], [ 367367.09924344, 188600.19494972 ], [ 367367.09863963, 188500.18806288 ], [ 367350.09862538, 188483.1881825 ], [ 367217.08916471, 188483.1883938 ], [ 367217.08839496, 188350.1824855 ], [ 367209.81312095, 188336.26527937 ], [ 367167.08784568, 188333.18259688 ], [ 367164.00482935, 188290.45879579 ], [ 367150.0875666, 188283.18363045 ], [ 367117.0790641, 188283.18372163 ], [ 367117.07895151, 188267.17474106 ], [ 367150.08740849, 188267.17465047 ], [ 367164.00468393, 188259.89933256 ], [ 367167.08711847, 188217.17671077 ], [ 367209.8122349, 188214.09385183 ], [ 367217.08742282, 188200.17652909 ], [ 367217.08715392, 188150.16753593 ], [ 367200.08710756, 188133.16762734 ], [ 366967.07567971, 188133.16799621 ], [ 366963.99265798, 188090.44418697 ], [ 366950.07542429, 188083.16901347 ], [ 366917.06688116, 188083.16903699 ], [ 366917.06676317, 188067.16110745 ], [ 366960.3062227, 188063.71043927 ], [ 366967.07516776, 188050.16089289 ], [ 366967.07443059, 187950.16290299 ], [ 366950.07438493, 187933.1630283 ], [ 366917.06587549, 187933.16311697 ], [ 366917.06536376, 187850.15608039 ], [ 366900.0653524, 187833.15617167 ], [ 366867.06474294, 187833.15619371 ], [ 366867.06456575, 187800.14711777 ], [ 366850.06455455, 187783.14720903 ], [ 366800.06402501, 187783.14724194 ], [ 366783.06403621, 187800.14736717 ], [ 366783.06427939, 187833.15628374 ], [ 366750.0639297, 187833.15637172 ], [ 366736.14666512, 187840.43167207 ], [ 366733.06415214, 187883.15437978 ], [ 366689.83277503, 187886.60496875 ], [ 366683.06381373, 187900.15452723 ], [ 366683.06418211, 187950.16352462 ], [ 366700.0641937, 187967.1633994 ], [ 366733.06473707, 187967.16337688 ], [ 366733.06524864, 188050.16144995 ], [ 366750.06529455, 188067.16135868 ], [ 366783.06586969, 188067.16126956 ], [ 366783.06595564, 188083.16926627 ], [ 366517.05424098, 188083.16962086 ], [ 366517.05424098, 188083.16962086 ] ] ], [ [ [ 363485.99386245, 189790.55490998 ], [ 363482.91142215, 189850.27766459 ], [ 363499.91147858, 189867.27757976 ], [ 363532.92004285, 189867.27747019 ], [ 363532.92072406, 189983.28328291 ], [ 363490.18755603, 189986.36616216 ], [ 363482.91237081, 190000.2834765 ], [ 363482.91296998, 190100.29135192 ], [ 363490.18825876, 190114.20853518 ], [ 363532.92153067, 190117.29119091 ], [ 363532.92164389, 190133.28918111 ], [ 363499.91320251, 190133.28922246 ], [ 363482.91322381, 190150.28934462 ], [ 363482.91375438, 190233.29730427 ], [ 363440.18857904, 190236.38018781 ], [ 363432.91340489, 190250.29753212 ], [ 363432.91364299, 190283.30547545 ], [ 363349.91277304, 190283.30563737 ], [ 363332.91279268, 190300.30576089 ], [ 363332.91365921, 190433.3127822 ], [ 363299.90433182, 190433.31281715 ], [ 363282.90434982, 190450.31290716 ], [ 363282.90560898, 190650.32697062 ], [ 363290.18089646, 190664.24414779 ], [ 363332.91516043, 190667.32681584 ], [ 363332.91602779, 190800.33291632 ], [ 363339.68507145, 190813.88232248 ], [ 363382.91664077, 190817.33279908 ], [ 363382.91672475, 190833.33180892 ], [ 363349.91637785, 190833.33183545 ], [ 363332.91639153, 190850.33195913 ], [ 363332.91701916, 190950.33894297 ], [ 363349.91703175, 190967.33885327 ], [ 363432.91804781, 190967.33879182 ], [ 363436.00098602, 191010.07259967 ], [ 363449.91823238, 191017.34779149 ], [ 363499.91865095, 191017.34775603 ], [ 363516.91863889, 191000.34766762 ], [ 363516.91846722, 190967.33862956 ], [ 363559.65160359, 190964.25584139 ], [ 363566.92679882, 190950.33848311 ], [ 363566.92644009, 190900.34046798 ], [ 363549.92642694, 190883.34058995 ], [ 363466.91747488, 190883.34072015 ], [ 363466.91735924, 190867.33164133 ], [ 363509.64256426, 190864.24885062 ], [ 363516.91775882, 190850.33149239 ], [ 363516.91752129, 190817.33258695 ], [ 363599.92629458, 190817.33241741 ], [ 363613.84355557, 190810.05711801 ], [ 363616.92607647, 190767.32438556 ], [ 363682.94395965, 190767.32426207 ], [ 363682.94407322, 190783.33228177 ], [ 363640.2019583, 190786.41514379 ], [ 363632.9267699, 190800.33246255 ], [ 363632.92738215, 190900.34053358 ], [ 363649.92739533, 190917.34041251 ], [ 363682.94492421, 190917.34038692 ], [ 363682.94541341, 191000.34750059 ], [ 363689.71445511, 191013.89690825 ], [ 363732.93695184, 191017.34739043 ], [ 363732.93815102, 191200.35231184 ], [ 363740.21343525, 191214.26948999 ], [ 363782.93966042, 191217.3521689 ], [ 363786.3903952, 191260.59205761 ], [ 363799.93984137, 191267.3610205 ], [ 363832.94044171, 191267.36099849 ], [ 363832.94052446, 191283.35889537 ], [ 363749.93875035, 191283.35901623 ], [ 363732.93876157, 191300.35910302 ], [ 363732.93901687, 191350.36806579 ], [ 363749.93906201, 191367.36797901 ], [ 363782.94056537, 191367.36789138 ], [ 363782.94115796, 191450.3748934 ], [ 363799.94120293, 191467.37477203 ], [ 363832.9416764, 191467.37468473 ], [ 363832.94184711, 191500.37369076 ], [ 363849.94185801, 191517.37360281 ], [ 363899.94239021, 191517.37357077 ], [ 363916.94237932, 191500.37344825 ], [ 363916.94152074, 191367.3677354 ], [ 364249.96063754, 191367.36724388 ], [ 364263.87791289, 191360.09192539 ], [ 364266.96034532, 191317.35832613 ], [ 364549.98904138, 191317.35776457 ], [ 364566.98902361, 191300.35767469 ], [ 364566.98884915, 191267.35973652 ], [ 364699.98121632, 191267.35942692 ], [ 364713.89848638, 191260.08410856 ], [ 364716.98092574, 191217.35042696 ], [ 364759.70603637, 191214.26763184 ], [ 364766.98123911, 191200.35030191 ], [ 364766.98106772, 191167.3513543 ], [ 364799.99047031, 191167.3512504 ], [ 364816.99041681, 191150.35116252 ], [ 364816.98944809, 191000.34524878 ], [ 364799.98942804, 190983.34536838 ], [ 364666.97894728, 190983.34562503 ], [ 364666.97886772, 190967.33660351 ], [ 364749.97981231, 190967.33640884 ], [ 364766.97975891, 190950.33628976 ], [ 364766.97952777, 190917.33833792 ], [ 364849.98940167, 190917.33818001 ], [ 364866.98938283, 190900.33806036 ], [ 364866.98826075, 190717.32300541 ], [ 364899.98862497, 190717.32297361 ], [ 364916.98860858, 190700.32288768 ], [ 364916.98812299, 190617.31583324 ], [ 364932.98855503, 190617.31581896 ], [ 364932.98878845, 190650.3239349 ], [ 364949.98880426, 190667.32381469 ], [ 365032.99784067, 190667.32367142 ], [ 365036.44857546, 190710.55366716 ], [ 365049.99802568, 190717.32262862 ], [ 365250.00889378, 190717.32223428 ], [ 365267.00884323, 190700.32214629 ], [ 365267.00858441, 190650.32314653 ], [ 365259.73329126, 190636.4059295 ], [ 365216.99902992, 190633.32333149 ], [ 365216.99879365, 190600.31525792 ], [ 365210.229739, 190586.76587543 ], [ 365166.99824054, 190583.3154093 ], [ 365166.99800488, 190550.31629989 ], [ 365159.72270177, 190536.39910924 ], [ 365116.99745293, 190533.31651573 ], [ 365113.91444044, 190490.58273401 ], [ 365099.99720381, 190483.30755899 ], [ 365066.99666702, 190483.30758618 ], [ 365066.99565347, 190317.30252719 ], [ 365099.99603875, 190317.3024388 ], [ 365113.54551574, 190310.53335936 ], [ 365116.99575814, 190267.29442271 ], [ 365132.9962501, 190267.29441242 ], [ 365132.99641974, 190300.30249218 ], [ 365149.99643132, 190317.30240481 ], [ 365300.00681112, 190317.30220238 ], [ 365317.00679949, 190300.30208013 ], [ 365317.00626857, 190217.29519652 ], [ 365350.00661551, 190217.2951763 ], [ 365363.92391809, 190210.01987131 ], [ 365367.00636717, 190167.28613741 ], [ 365410.25382516, 190163.83547727 ], [ 365417.02277298, 190150.28593282 ], [ 365417.02241618, 190100.28804447 ], [ 365400.02240761, 190083.28816578 ], [ 365250.00503175, 190083.28824632 ], [ 365233.00504116, 190100.28836726 ], [ 365233.0052759, 190133.28628164 ], [ 365199.99592896, 190133.28636658 ], [ 365186.44646241, 190140.05542973 ], [ 365182.9961429, 190183.29537838 ], [ 365166.99568441, 190183.29538812 ], [ 365166.99243941, 189650.260706 ], [ 365159.71715685, 189636.34352733 ], [ 365116.99192415, 189633.26084284 ], [ 365116.99140746, 189550.25288236 ], [ 365110.22235651, 189536.70350029 ], [ 365066.99085653, 189533.25301931 ], [ 365066.9900212, 189400.24708352 ], [ 365059.71473859, 189386.32990523 ], [ 365016.98146773, 189383.2472205 ], [ 365016.98123523, 189350.24823466 ], [ 365009.70595257, 189336.33105658 ], [ 364966.980681, 189333.24837181 ], [ 364966.98044803, 189300.24028539 ], [ 364959.7051653, 189286.3231075 ], [ 364916.97992682, 189283.24042267 ], [ 364916.97975944, 189250.2414702 ], [ 364899.97975057, 189233.24155642 ], [ 364449.95842778, 189233.24198951 ], [ 364432.95843652, 189250.24211191 ], [ 364432.9586741, 189283.24097404 ], [ 364249.94791233, 189283.2411679 ], [ 364236.03064638, 189290.51646648 ], [ 364232.94812854, 189333.24909306 ], [ 364116.93874672, 189333.2494052 ], [ 364116.9382134, 189250.24245536 ], [ 364099.9381891, 189233.24257811 ], [ 364066.93766733, 189233.24262527 ], [ 364066.93742967, 189200.23365188 ], [ 364049.93740525, 189183.23377428 ], [ 363949.93652586, 189183.2340179 ], [ 363932.93658426, 189200.23410565 ], [ 363932.93675465, 189233.2430506 ], [ 363849.9279706, 189233.24323498 ], [ 363832.92799483, 189250.24335609 ], [ 363832.9282299, 189283.24226639 ], [ 363816.92773958, 189283.24232107 ], [ 363816.92757115, 189250.24331946 ], [ 363799.92751294, 189233.24340623 ], [ 363749.92598922, 189233.24357744 ], [ 363736.00872448, 189240.51889653 ], [ 363732.92628122, 189283.24250799 ], [ 363599.91696944, 189283.24296206 ], [ 363582.91702747, 189300.2430815 ], [ 363582.91943864, 189700.27151892 ], [ 363599.91946152, 189717.27143344 ], [ 363632.92005687, 189717.27138901 ], [ 363632.92013763, 189733.27029462 ], [ 363590.19497472, 189736.35317569 ], [ 363582.91979007, 189750.27049026 ], [ 363582.91995606, 189783.27939901 ], [ 363499.91111606, 189783.27960926 ], [ 363485.99386245, 189790.55490998 ], [ 363485.99386245, 189790.55490998 ] ] ], [ [ [ 361260.05196909, 192836.90835193 ], [ 361249.82105569, 192833.4578311 ], [ 361166.81126854, 192833.45751207 ], [ 361166.81060208, 192750.44942304 ], [ 361149.81066724, 192733.44955953 ], [ 361066.80887303, 192733.44924139 ], [ 361066.808606, 192700.44004557 ], [ 361060.03958395, 192686.89070332 ], [ 361016.80767056, 192683.44005676 ], [ 361016.80754064, 192667.44206418 ], [ 361099.8089355, 192667.44238139 ], [ 361116.80900046, 192650.44224443 ], [ 361116.80859757, 192600.43325103 ], [ 361109.53334648, 192586.51611202 ], [ 361066.80765961, 192583.43326208 ], [ 361066.80712589, 192517.43627634 ], [ 361132.80873199, 192517.43652734 ], [ 361132.80899676, 192550.43472174 ], [ 361140.08424774, 192564.35186122 ], [ 361182.81793482, 192567.43471101 ], [ 361185.90096352, 192610.15857684 ], [ 361199.81813378, 192617.43376943 ], [ 361299.81976843, 192617.43405069 ], [ 361313.73710732, 192610.15875259 ], [ 361316.81953751, 192567.43518708 ], [ 361359.54499145, 192564.35249531 ], [ 361366.82020449, 192550.43511237 ], [ 361366.81915403, 192417.42939304 ], [ 361482.83057192, 192417.4297662 ], [ 361482.83082942, 192450.42895867 ], [ 361499.83076498, 192467.42882601 ], [ 361599.83237446, 192467.42920499 ], [ 361613.74972646, 192460.15393623 ], [ 361616.83224944, 192417.43027321 ], [ 361649.84089401, 192417.43039806 ], [ 361666.8409583, 192400.43026702 ], [ 361666.84057285, 192350.4222704 ], [ 361649.84063704, 192333.42240143 ], [ 361566.83082491, 192333.42208793 ], [ 361566.83056851, 192300.42289589 ], [ 361549.83063263, 192283.42302798 ], [ 361416.81890614, 192283.42259219 ], [ 361416.81878027, 192267.41359697 ], [ 361449.82752789, 192267.41365531 ], [ 361466.82755794, 192250.41352219 ], [ 361466.82677494, 192150.41663201 ], [ 361449.82683878, 192133.41676512 ], [ 361349.81711008, 192133.41638951 ], [ 361332.81704623, 192150.41652367 ], [ 361332.81770129, 192233.41331441 ], [ 361249.81627715, 192233.41300153 ], [ 361235.89891227, 192240.68828929 ], [ 361232.81647567, 192283.42193155 ], [ 361099.80624565, 192283.42142909 ], [ 361082.80618142, 192300.42156596 ], [ 361082.80644711, 192333.42035778 ], [ 361049.80584004, 192333.42023286 ], [ 361035.88847422, 192340.69552162 ], [ 361032.80604248, 192383.42816141 ], [ 361016.80523519, 192383.42810072 ], [ 361016.80496736, 192350.41990562 ], [ 360999.80503173, 192333.42004356 ], [ 360916.79417731, 192333.41979521 ], [ 360916.79261532, 192150.41465839 ], [ 360899.79267931, 192133.41479734 ], [ 360749.79733543, 192133.41398668 ], [ 360732.79718778, 192150.41412538 ], [ 360732.797457, 192183.41272768 ], [ 360689.54822838, 192186.86271949 ], [ 360682.77914884, 192200.41238131 ], [ 360682.77942031, 192233.41002152 ], [ 360640.05232071, 192236.49229248 ], [ 360632.77701727, 192250.40974491 ], [ 360632.77743205, 192300.41874432 ], [ 360649.77721822, 192317.41860332 ], [ 360682.78011152, 192317.41901842 ], [ 360682.7803831, 192350.41836753 ], [ 360690.05556107, 192364.3354528 ], [ 360732.79895875, 192367.41864029 ], [ 360732.79908943, 192383.4266335 ], [ 360690.05609648, 192386.50891305 ], [ 360682.78079469, 192400.42636331 ], [ 360682.78120632, 192450.42535883 ], [ 360699.78099645, 192467.42521887 ], [ 360799.79337637, 192467.42636868 ], [ 360816.79355737, 192450.42619459 ], [ 360816.79321943, 192417.42744196 ], [ 360882.79489823, 192417.42769242 ], [ 360882.79502907, 192433.42661816 ], [ 360839.56333914, 192436.87711423 ], [ 360832.79436276, 192450.42669831 ], [ 360832.79504429, 192533.43337731 ], [ 360749.8007, 192533.43282032 ], [ 360732.8005534, 192550.43295922 ], [ 360732.80082302, 192583.43160627 ], [ 360689.55148923, 192586.88170837 ], [ 360682.78244171, 192600.43138022 ], [ 360682.7833657, 192700.43833827 ], [ 360699.7831623, 192717.43819818 ], [ 360799.79547247, 192717.43922561 ], [ 360813.34509993, 192710.6701998 ], [ 360816.79534623, 192667.44129937 ], [ 360860.02701265, 192663.99088226 ], [ 360866.7960052, 192650.44128599 ], [ 360866.79573411, 192617.43249863 ], [ 360882.79653423, 192617.43255973 ], [ 360882.79707432, 192683.4395436 ], [ 360849.79648102, 192683.43941718 ], [ 360832.7964159, 192700.43955683 ], [ 360832.79723751, 192800.4475404 ], [ 360849.79717218, 192817.44740072 ], [ 360882.79817106, 192817.44752754 ], [ 360885.88120718, 192860.18139397 ], [ 360899.79837583, 192867.45658511 ], [ 360982.80916517, 192867.45690449 ], [ 360982.81023315, 193000.46312276 ], [ 360999.81016792, 193017.46298759 ], [ 361082.81193681, 193017.46330605 ], [ 361085.89495878, 193060.18619542 ], [ 361099.81212997, 193067.46138951 ], [ 361149.81291191, 193067.46158049 ], [ 361166.81297684, 193050.46144865 ], [ 361166.8119408, 192917.4555056 ], [ 361249.82132331, 192917.45582514 ], [ 361266.82138875, 192900.45568967 ], [ 361266.82099035, 192850.45769563 ], [ 361260.05196909, 192836.90835193 ], [ 361260.05196909, 192836.90835193 ] ] ], [ [ [ 368299.81885854, 194883.57167485 ], [ 368284.08400048, 194895.00367358 ], [ 368286.7524247, 194912.28308178 ], [ 368305.69253962, 194886.77354585 ], [ 368299.81885854, 194883.57167485 ], [ 368299.81885854, 194883.57167485 ] ] ], [ [ [ 368242.65228258, 194968.61485755 ], [ 368267.46591298, 194936.8065797 ], [ 368239.90043336, 194937.00554515 ], [ 368233.13125432, 194963.49739067 ], [ 368242.65228258, 194968.61485755 ], [ 368242.65228258, 194968.61485755 ] ] ], [ [ [ 369739.80216048, 157785.5759703 ], [ 369733.03374868, 157799.12595289 ], [ 369733.03562198, 157832.13454792 ], [ 369689.80703606, 157835.58657389 ], [ 369683.038598, 157849.1365655 ], [ 369683.04140395, 157899.13553369 ], [ 369700.04193729, 157916.13457965 ], [ 369800.03804403, 157916.13154279 ], [ 369813.9552762, 157908.85563791 ], [ 369817.03558533, 157866.1316924 ], [ 369833.03589571, 157866.1310369 ], [ 369833.03774553, 157899.13034923 ], [ 369840.31365922, 157913.04713526 ], [ 369883.04806214, 157916.12795867 ], [ 369883.05243729, 157999.13531781 ], [ 369900.05318073, 158016.13442161 ], [ 369983.05361743, 158016.13085769 ], [ 369983.05760143, 158099.13905019 ], [ 370000.05831394, 158116.13823418 ], [ 370050.0582577, 158116.1361385 ], [ 370067.05754515, 158099.13534583 ], [ 370067.0507526, 157949.12906485 ], [ 370050.05001059, 157932.12982307 ], [ 370017.04958788, 157932.1312635 ], [ 370017.04560809, 157849.12300497 ], [ 370000.04486911, 157832.12381997 ], [ 369967.04418259, 157832.12525452 ], [ 369967.03829962, 157716.10901781 ], [ 370009.76380788, 157713.02442203 ], [ 370017.0384216, 157699.10677804 ], [ 370017.03684162, 157666.1078099 ], [ 370083.03104814, 157666.10503367 ], [ 370083.03170634, 157682.10407188 ], [ 370039.80784507, 157685.55639875 ], [ 370033.0394142, 157699.10618835 ], [ 370033.04842324, 157899.12154216 ], [ 370050.04916385, 157916.12078449 ], [ 370133.05803454, 157916.1171684 ], [ 370133.0593495, 157949.12623489 ], [ 370150.06009162, 157966.12555767 ], [ 370200.06033875, 157966.12337491 ], [ 370217.0595966, 157949.12275503 ], [ 370217.05657016, 157866.11451947 ], [ 370250.05713918, 157866.11315061 ], [ 370263.97405547, 157858.83740491 ], [ 370267.05534271, 157816.1033262 ], [ 370300.0651359, 157816.10195993 ], [ 370317.06443227, 157799.10145545 ], [ 370317.06136543, 157699.0942896 ], [ 370300.06063082, 157682.09482777 ], [ 370217.04976868, 157682.09841497 ], [ 370217.04716165, 157616.10073801 ], [ 370250.04832432, 157616.09940824 ], [ 370263.96528404, 157608.82362896 ], [ 370267.04639325, 157566.08927401 ], [ 370383.05914855, 157566.08469075 ], [ 370383.06324014, 157699.09102901 ], [ 370400.06394091, 157716.0906057 ], [ 370433.0646265, 157716.08924533 ], [ 370433.06500338, 157732.09824981 ], [ 370389.83312503, 157735.55049794 ], [ 370383.06458602, 157749.10003694 ], [ 370383.06718007, 157849.10708582 ], [ 370400.06788536, 157866.10662774 ], [ 370500.06897929, 157866.10237881 ], [ 370513.98579285, 157858.82673196 ], [ 370517.0675731, 157816.09264235 ], [ 370583.07688666, 157816.08984339 ], [ 370583.07884537, 157949.10623827 ], [ 370600.07958781, 157966.10600891 ], [ 370650.0799278, 157966.10382526 ], [ 370667.07918536, 157949.10361924 ], [ 370667.07878532, 157916.09419876 ], [ 370733.08851974, 157916.09132172 ], [ 370733.08876319, 157949.09968285 ], [ 370739.85816079, 157962.64931912 ], [ 370783.08906919, 157966.09811608 ], [ 370783.08940368, 158049.09428626 ], [ 370800.09014927, 158066.09421762 ], [ 370883.08939053, 158066.09057736 ], [ 370883.08937946, 158082.09954245 ], [ 370840.36428828, 158085.18399549 ], [ 370833.08943742, 158099.10103862 ], [ 370833.08960794, 158199.10784086 ], [ 370850.09035809, 158216.10782871 ], [ 370900.08995119, 158216.10562241 ], [ 370913.6388524, 158209.33637464 ], [ 370917.08922278, 158166.09600997 ], [ 370959.80610838, 158163.01157924 ], [ 370967.08099478, 158149.09462567 ], [ 370967.08112831, 158116.09652606 ], [ 371033.09965225, 158116.09692767 ], [ 371036.1820842, 158158.81964397 ], [ 371050.09917736, 158166.09502285 ], [ 371150.11136453, 158166.09662295 ], [ 371167.11163646, 158149.09668344 ], [ 371167.11210939, 158016.09171823 ], [ 371200.11329325, 158016.09235095 ], [ 371217.11361919, 157999.09240629 ], [ 371217.11382331, 157916.08617687 ], [ 371250.11502547, 157916.08683539 ], [ 371267.1153647, 157899.08685164 ], [ 371267.11556011, 157799.07961256 ], [ 371250.11594671, 157782.07956238 ], [ 371217.11419064, 157782.07881187 ], [ 371217.11421054, 157766.0811289 ], [ 371300.11659044, 157766.08298289 ], [ 371317.11698365, 157749.08299399 ], [ 371317.11673919, 157616.07882158 ], [ 371359.8504532, 157612.99698204 ], [ 371367.12583368, 157599.07941123 ], [ 371367.12401563, 157449.06580335 ], [ 371359.84892061, 157435.14884158 ], [ 371317.11442828, 157432.06519467 ], [ 371317.11340917, 157349.05814268 ], [ 371300.1138693, 157332.05835137 ], [ 371267.11180284, 157332.05745811 ], [ 371267.11139239, 157299.0595654 ], [ 371259.83631763, 157285.14262318 ], [ 371217.10977499, 157282.0588772 ], [ 371217.10935919, 157249.05996899 ], [ 371200.10982592, 157232.0601832 ], [ 371067.09580144, 157232.0565971 ], [ 371067.09559191, 157216.048275 ], [ 371150.10673952, 157216.05057015 ], [ 371164.02444806, 157208.77537009 ], [ 371167.10678847, 157166.05370353 ], [ 371250.10895405, 157166.05601396 ], [ 371264.02666311, 157158.78081775 ], [ 371267.10901701, 157116.04826951 ], [ 371283.11048406, 157116.04871792 ], [ 371283.11095491, 157149.0576481 ], [ 371300.11048186, 157166.0574056 ], [ 371400.12133709, 157166.06018855 ], [ 371417.12181013, 157149.05998564 ], [ 371417.12081935, 157066.05428406 ], [ 371460.3529926, 157062.60480271 ], [ 371467.12216013, 157049.05501483 ], [ 371467.12157163, 156999.04683247 ], [ 371450.12205438, 156982.04703254 ], [ 371317.10880692, 156982.04325508 ], [ 371313.6579269, 156938.81464147 ], [ 371300.10892254, 156932.0455616 ], [ 371200.10586754, 156932.04260168 ], [ 371183.10538135, 156949.04281565 ], [ 371183.10579668, 156982.03934848 ], [ 371167.10430739, 156982.03889385 ], [ 371163.65332175, 156938.81022038 ], [ 371150.10430688, 156932.0411715 ], [ 371000.09072378, 156932.03678001 ], [ 370983.0902374, 156949.03703914 ], [ 370983.09074037, 156982.03382947 ], [ 370900.07876415, 156982.03434792 ], [ 370883.07915085, 156999.03462661 ], [ 370883.07969197, 157032.0431808 ], [ 370867.07747197, 157032.04355753 ], [ 370863.9939114, 156989.31034902 ], [ 370850.07648396, 156982.03538473 ], [ 370767.07204904, 156982.03717073 ], [ 370767.07135676, 156949.03944723 ], [ 370750.07101852, 156932.03980389 ], [ 370200.01943857, 156932.05062184 ], [ 370183.01977518, 156949.05131025 ], [ 370183.02111144, 156982.04960298 ], [ 370117.0006034, 156982.05102836 ], [ 370113.54826357, 156938.82114499 ], [ 370099.99880792, 156932.05260057 ], [ 370067.00397802, 156932.05325292 ], [ 370067.00242439, 156899.05297106 ], [ 370050.00213621, 156882.05377141 ], [ 369999.99972642, 156882.05461908 ], [ 369983.00001464, 156899.05543413 ], [ 369983.00159678, 156932.05491279 ], [ 369649.98269887, 156932.06781743 ], [ 369636.43369542, 156938.83759063 ], [ 369632.98549479, 156982.06788118 ], [ 369589.75717813, 156985.52107562 ], [ 369582.9889643, 156999.07084432 ], [ 369582.99160986, 157049.0807027 ], [ 369599.99262482, 157066.07980336 ], [ 369632.99005596, 157066.07783327 ], [ 369632.99180836, 157099.07772063 ], [ 369649.9927748, 157116.07681784 ], [ 369699.99832821, 157116.07397499 ], [ 369713.91517338, 157108.79795678 ], [ 369716.9955367, 157066.07291869 ], [ 369732.99304972, 157066.07196383 ], [ 369736.07808794, 157108.79666596 ], [ 369749.99581557, 157116.07113279 ], [ 369782.99331582, 157116.06919125 ], [ 369782.99793926, 157199.07868826 ], [ 369799.99841522, 157216.07774137 ], [ 369883.01148336, 157216.07542491 ], [ 369886.46415376, 157259.3165595 ], [ 369900.01367687, 157266.08499497 ], [ 369933.01586397, 157266.0840517 ], [ 369933.01754306, 157299.08443253 ], [ 369939.78708449, 157312.63343975 ], [ 369983.02002373, 157316.08253131 ], [ 369983.02079211, 157332.0815069 ], [ 369950.01944005, 157332.08256976 ], [ 369936.10230751, 157339.35840054 ], [ 369933.02160164, 157382.09313395 ], [ 369667.00713527, 157382.10399358 ], [ 369667.00262838, 157299.09487547 ], [ 369650.00175292, 157282.09581206 ], [ 369600.00415958, 157282.09838688 ], [ 369586.0872462, 157289.37437276 ], [ 369583.00684649, 157332.09816929 ], [ 369500.01174583, 157332.10220875 ], [ 369483.01257332, 157349.10310097 ], [ 369483.01519806, 157399.11287187 ], [ 369490.29112904, 157413.02973041 ], [ 369533.01374086, 157416.11040122 ], [ 369533.01554554, 157449.11032986 ], [ 369540.29146408, 157463.02714244 ], [ 369583.01406772, 157466.10791579 ], [ 369583.01491428, 157482.11675555 ], [ 369500.01979631, 157482.12041958 ], [ 369483.02054689, 157499.12131178 ], [ 369483.02317102, 157549.12108086 ], [ 369500.02390727, 157566.12018863 ], [ 369533.02174361, 157566.1187595 ], [ 369533.02354842, 157599.12886377 ], [ 369550.02427022, 157616.12793428 ], [ 369733.02327113, 157616.12043239 ], [ 369733.03081053, 157749.12794114 ], [ 369750.03142145, 157766.1269761 ], [ 369783.02964637, 157766.12579022 ], [ 369783.03059658, 157782.12383055 ], [ 369739.80216048, 157785.5759703 ], [ 369739.80216048, 157785.5759703 ] ] ], [ [ [ 373736.34174025, 158389.42304058 ], [ 373733.25901143, 158399.14772596 ], [ 373733.25859773, 158499.15215231 ], [ 373750.25869163, 158516.1522226 ], [ 373900.26397327, 158516.15119373 ], [ 373917.26384531, 158499.15131952 ], [ 373917.26408948, 158466.15342126 ], [ 373933.26425211, 158466.15330257 ], [ 373933.26360322, 158549.15842538 ], [ 373950.26373317, 158566.15855824 ], [ 374050.26188778, 158566.15779374 ], [ 374067.2617578, 158549.15794093 ], [ 374067.26204359, 158516.15003578 ], [ 374100.26936701, 158516.14978703 ], [ 374117.2692389, 158499.14997549 ], [ 374117.27009319, 158416.14534855 ], [ 374133.26927599, 158416.1452635 ], [ 374136.35166595, 158458.87651035 ], [ 374150.26908835, 158466.15179165 ], [ 374233.26698919, 158466.15124093 ], [ 374233.26516724, 158599.15292501 ], [ 374250.26529387, 158616.15319605 ], [ 374350.2712779, 158616.15255122 ], [ 374367.27118529, 158599.15283378 ], [ 374367.27277579, 158499.14825936 ], [ 374350.27264749, 158482.14800118 ], [ 374317.26587991, 158482.14825029 ], [ 374317.26611624, 158466.15065051 ], [ 374350.27356184, 158466.15040509 ], [ 374364.19064159, 158458.87525441 ], [ 374367.27393706, 158416.14368437 ], [ 374400.2735088, 158416.1434426 ], [ 374417.27338425, 158399.14370823 ], [ 374417.27484694, 158299.14859365 ], [ 374400.27476018, 158282.14836194 ], [ 374167.27078555, 158282.14975002 ], [ 374167.27148052, 158216.14551747 ], [ 374200.27109941, 158216.14535673 ], [ 374217.27101661, 158199.14556 ], [ 374217.27221271, 158099.14123521 ], [ 374200.27209969, 158082.14103183 ], [ 374167.27299278, 158082.14125119 ], [ 374167.27337387, 158049.13394247 ], [ 374159.9981572, 158035.21649523 ], [ 374117.27402557, 158032.13389581 ], [ 374117.27439284, 157999.13653875 ], [ 374100.27431771, 157982.13634953 ], [ 374050.26675877, 157982.13657055 ], [ 374033.2668339, 157999.1364225 ], [ 374033.26561026, 158132.13863855 ], [ 373967.26677008, 158132.13895216 ], [ 373967.26702929, 158099.14252623 ], [ 373959.99179186, 158085.22512708 ], [ 373917.26673839, 158082.14254571 ], [ 373917.2669839, 158049.13510505 ], [ 373900.26690701, 158032.1349786 ], [ 373767.26063819, 158032.13564594 ], [ 373767.26077608, 157999.13806539 ], [ 373760.49175648, 157985.58851714 ], [ 373717.24527937, 157982.13813976 ], [ 373714.16267747, 157939.41679589 ], [ 373700.24533056, 157932.14154672 ], [ 373600.25416704, 157932.14197573 ], [ 373586.33696115, 157939.41723122 ], [ 373583.25420964, 157982.13882958 ], [ 373567.25467536, 157982.13889995 ], [ 373567.25483387, 157799.12884487 ], [ 373550.25476672, 157782.12883617 ], [ 373450.24637503, 157782.1292311 ], [ 373433.24644215, 157799.12927072 ], [ 373433.24660984, 157999.13942017 ], [ 373450.24668454, 158016.13941429 ], [ 373483.25517035, 158016.13926925 ], [ 373483.25516471, 158099.14477433 ], [ 373500.25524325, 158116.14477545 ], [ 373533.25457569, 158116.14462301 ], [ 373533.25455977, 158149.14122113 ], [ 373550.25464024, 158166.14122934 ], [ 373633.25329884, 158166.14083641 ], [ 373633.25318923, 158199.14837344 ], [ 373650.25327168, 158216.14842988 ], [ 373733.25977106, 158216.14802729 ], [ 373736.34236007, 158258.87035862 ], [ 373750.25971823, 158266.14560755 ], [ 373783.25891083, 158266.1454437 ], [ 373783.2587598, 158299.15193888 ], [ 373790.53401868, 158313.06929734 ], [ 373833.2578744, 158316.15184905 ], [ 373833.25747909, 158382.14725634 ], [ 373750.25888732, 158382.14779632 ], [ 373736.34174025, 158389.42304058 ], [ 373736.34174025, 158389.42304058 ] ] ], [ [ [ 378245.34191123, 159465.43925285 ], [ 378283.28858109, 159466.19797418 ], [ 378283.28838561, 159532.19179296 ], [ 378250.28960346, 159532.19184543 ], [ 378236.37237971, 159539.46706079 ], [ 378233.28950118, 159582.19785925 ], [ 378200.29075105, 159582.19797764 ], [ 378183.29081205, 159599.19791103 ], [ 378183.29048687, 159682.20184406 ], [ 378150.2917368, 159682.20196232 ], [ 378133.29179773, 159699.20189574 ], [ 378133.29147264, 159782.20482859 ], [ 377967.28788215, 159782.20532261 ], [ 377967.28840323, 159649.19569271 ], [ 377950.28835036, 159632.1956261 ], [ 377900.28176947, 159632.1957816 ], [ 377886.36456582, 159639.47100508 ], [ 377883.28169275, 159682.20268654 ], [ 377850.28310068, 159682.2027869 ], [ 377833.28315238, 159699.20271992 ], [ 377833.28262845, 159832.20256866 ], [ 377790.05300651, 159835.65312654 ], [ 377783.2839857, 159849.20253793 ], [ 377783.28359046, 159949.20534893 ], [ 377800.28360999, 159966.20541611 ], [ 377883.28057818, 159966.20525472 ], [ 377883.28015648, 160099.2048946 ], [ 377900.28021188, 160116.20496127 ], [ 378000.28542445, 160116.20461989 ], [ 378017.28536378, 160099.20468641 ], [ 378017.28549293, 160066.19770653 ], [ 378050.28424283, 160066.19758869 ], [ 378064.20144046, 160058.92236261 ], [ 378067.28431126, 160016.20160933 ], [ 378150.29068389, 160016.20137868 ], [ 378163.84008327, 160009.43238241 ], [ 378167.29075228, 159966.20439913 ], [ 378183.28937488, 159966.2043739 ], [ 378183.28924575, 159999.20113337 ], [ 378190.56449537, 160013.1184742 ], [ 378233.28790182, 160016.20108187 ], [ 378233.28777271, 160049.19690744 ], [ 378250.28783351, 160066.19697396 ], [ 378300.2864561, 160066.19679515 ], [ 378314.20365367, 160058.92156903 ], [ 378317.28652441, 160016.20081535 ], [ 378333.27714693, 160016.20079011 ], [ 378333.27662667, 160149.20035601 ], [ 378350.27668744, 160166.2004225 ], [ 378400.29131013, 160166.20024369 ], [ 378413.84070951, 160159.4312474 ], [ 378417.29137841, 160116.20332972 ], [ 378460.01493668, 160113.12047327 ], [ 378467.29016746, 160099.20327814 ], [ 378467.29029656, 160066.1962975 ], [ 378510.51998478, 160062.74564291 ], [ 378517.28898558, 160049.19624584 ], [ 378517.28911467, 160016.20019919 ], [ 378600.29548716, 160016.19996774 ], [ 378617.29542623, 159999.20003424 ], [ 378617.29575097, 159916.19609994 ], [ 378660.52543918, 159912.74544506 ], [ 378667.29443993, 159899.19604807 ], [ 378667.29463558, 159849.20009468 ], [ 378650.29457456, 159832.20002815 ], [ 378617.29607967, 159832.2001466 ], [ 378614.21349393, 159789.47861933 ], [ 378600.29618179, 159782.20335431 ], [ 378567.29765291, 159782.20340676 ], [ 378567.29778211, 159749.19664702 ], [ 378560.02253238, 159735.27930611 ], [ 378517.29022616, 159732.19669896 ], [ 378517.29077629, 159566.19108624 ], [ 378550.29862648, 159566.19096757 ], [ 378567.29856536, 159549.19103418 ], [ 378567.29895811, 159449.19721855 ], [ 378550.29893115, 159432.19715161 ], [ 378467.29268438, 159432.19734918 ], [ 378467.29282005, 159399.1904799 ], [ 378460.01757176, 159385.27313667 ], [ 378417.29427175, 159382.19052701 ], [ 378414.21168847, 159339.46984228 ], [ 378400.29434955, 159332.19458544 ], [ 378317.28924883, 159332.19481041 ], [ 378314.20666988, 159289.46308826 ], [ 378300.28933087, 159282.1878303 ], [ 378250.29071711, 159282.18800358 ], [ 378233.29077602, 159299.18793007 ], [ 378233.29002745, 159449.19795278 ], [ 378245.34191123, 159465.43925285 ], [ 378245.34191123, 159465.43925285 ] ] ], [ [ [ 378706.23958063, 160242.73331259 ], [ 378731.13151408, 160272.44586388 ], [ 378745.95546163, 160264.93931628 ], [ 378763.87696228, 160275.91486051 ], [ 378783.56349509, 160325.41102104 ], [ 378795.15775597, 160325.65574736 ], [ 378852.37502029, 160301.22684594 ], [ 378931.89818498, 160271.25725254 ], [ 378959.02084421, 160270.00625487 ], [ 378977.92819283, 160250.88730954 ], [ 379041.47109254, 160334.46130159 ], [ 379076.68333008, 160360.41465562 ], [ 379114.57349772, 160381.20906199 ], [ 379117.29751583, 160366.20470766 ], [ 379160.02095398, 160363.12188947 ], [ 379167.29619307, 160349.2046883 ], [ 379167.29651638, 160266.2008022 ], [ 379200.30319926, 160266.20078474 ], [ 379217.30319027, 160249.20085079 ], [ 379217.30370703, 160116.20100288 ], [ 379250.30238973, 160116.20098215 ], [ 379267.30237904, 160099.20104803 ], [ 379267.30257283, 160049.19408927 ], [ 379260.53356547, 160035.64455536 ], [ 379217.30403351, 160032.1941112 ], [ 379214.22145014, 159989.47346906 ], [ 379200.30414999, 159982.19819942 ], [ 378917.29542742, 159982.19893029 ], [ 378914.21283397, 159939.47729179 ], [ 378900.29549541, 159932.20203757 ], [ 378850.29677301, 159932.20221717 ], [ 378836.74737384, 159938.97121355 ], [ 378833.29670501, 159982.1992319 ], [ 378800.29795508, 159982.19935036 ], [ 378786.38075768, 159989.47457656 ], [ 378783.29788706, 160032.19526498 ], [ 378767.29926462, 160032.19532238 ], [ 378764.21667119, 159989.47468402 ], [ 378750.29933269, 159982.19942978 ], [ 378650.29398774, 159982.19978847 ], [ 378633.29404871, 159999.19975598 ], [ 378633.29395315, 160049.19560942 ], [ 378650.29398009, 160066.19564191 ], [ 378683.29250915, 160066.19558961 ], [ 378683.29238009, 160099.20234982 ], [ 378690.5676298, 160113.11969064 ], [ 378733.29893614, 160116.20229798 ], [ 378733.29867811, 160182.20510527 ], [ 378700.29192824, 160182.20522349 ], [ 378686.37473071, 160189.48044967 ], [ 378683.85313712, 160219.49855201 ], [ 378706.23958063, 160242.73331259 ], [ 378706.23958063, 160242.73331259 ] ] ], [ [ [ 378349.27258668, 160328.7112978 ], [ 378403.65785697, 160285.9167052 ], [ 378350.27597944, 160282.21018197 ], [ 378333.27604014, 160299.21011551 ], [ 378333.27589639, 160335.98459554 ], [ 378349.27258668, 160328.7112978 ], [ 378349.27258668, 160328.7112978 ] ] ], [ [ [ 368836.20140172, 160589.48903 ], [ 368833.12002991, 160649.22084619 ], [ 368840.39536955, 160663.13776666 ], [ 368883.11977035, 160666.22055612 ], [ 368883.12058156, 160699.21696618 ], [ 368890.39593843, 160713.1338986 ], [ 368933.12022189, 160716.21660947 ], [ 368936.20389622, 160758.93851521 ], [ 368950.12096786, 160766.21356644 ], [ 369100.1267689, 160766.21404189 ], [ 369114.04420674, 160758.93860193 ], [ 369117.12598902, 160716.21728453 ], [ 369200.14095051, 160716.21760414 ], [ 369214.05841493, 160708.94217506 ], [ 369217.14020499, 160666.2218488 ], [ 369400.12871049, 160666.22255591 ], [ 369414.04617504, 160658.94712695 ], [ 369417.12796518, 160616.21570416 ], [ 369433.13518751, 160616.21576623 ], [ 369433.13599847, 160649.22316666 ], [ 369450.13596684, 160666.22274899 ], [ 369600.13369935, 160666.22322783 ], [ 369614.05117566, 160658.94778183 ], [ 369617.13288811, 160616.21647946 ], [ 369850.13657299, 160616.21737365 ], [ 369867.1366361, 160599.21695606 ], [ 369867.13295161, 160449.21742368 ], [ 369850.13298059, 160432.21784127 ], [ 369800.13366984, 160432.21775604 ], [ 369786.5840203, 160438.98696639 ], [ 369783.13451731, 160482.21450027 ], [ 369617.12956218, 160482.21385176 ], [ 369617.12875154, 160449.21655361 ], [ 369609.85341243, 160435.29963321 ], [ 369567.12900967, 160432.21684166 ], [ 369567.12562188, 160299.21674507 ], [ 369550.12568839, 160282.21719955 ], [ 369417.11949806, 160282.21667915 ], [ 369417.11861535, 160249.20933287 ], [ 369400.11868175, 160232.20978751 ], [ 369250.11991182, 160232.2092015 ], [ 369233.11984539, 160249.20965633 ], [ 369233.12200025, 160332.21288233 ], [ 369189.90109959, 160335.66336562 ], [ 369183.13219829, 160349.21317378 ], [ 369183.13681169, 160532.21797459 ], [ 369139.88990892, 160535.66845798 ], [ 369133.12100679, 160549.21826363 ], [ 369133.12181779, 160582.21470162 ], [ 369050.12385682, 160582.21437906 ], [ 369033.12379075, 160599.2147969 ], [ 369033.12589692, 160682.21696093 ], [ 369017.11860846, 160682.21689926 ], [ 369017.11656816, 160599.21376679 ], [ 369000.11663429, 160582.21418464 ], [ 368850.11886673, 160582.21360109 ], [ 368836.20140172, 160589.48903 ], [ 368836.20140172, 160589.48903 ] ] ], [ [ [ 377595.72698634, 160990.60311005 ], [ 377637.48580454, 160980.93742568 ], [ 377732.37926676, 160942.44958388 ], [ 377773.77181274, 160913.04904082 ], [ 377848.25237693, 160830.53980368 ], [ 377888.85209607, 160766.80383053 ], [ 377913.73175825, 160735.92541318 ], [ 377945.08275411, 160679.82658096 ], [ 378020.24039028, 160636.35055658 ], [ 378064.03305207, 160554.20198381 ], [ 378123.15336511, 160512.3277332 ], [ 378193.6986148, 160446.9195383 ], [ 378205.34845462, 160429.16283483 ], [ 378266.26549306, 160387.26024522 ], [ 378267.28659946, 160349.20745741 ], [ 378250.28653883, 160332.20739194 ], [ 378150.2892935, 160332.20774858 ], [ 378133.28935412, 160349.20768321 ], [ 378133.28922725, 160382.20366303 ], [ 378000.28416761, 160382.20403631 ], [ 377983.2841941, 160399.20397623 ], [ 377983.28407745, 160432.21105188 ], [ 377950.28533567, 160432.21116862 ], [ 377936.36813523, 160439.48639795 ], [ 377933.28527993, 160482.20808026 ], [ 377817.28158624, 160482.20840357 ], [ 377814.19891015, 160439.48681795 ], [ 377800.28161513, 160432.2115716 ], [ 377650.27692661, 160432.2119732 ], [ 377633.27698343, 160449.21191146 ], [ 377633.27643866, 160599.21157846 ], [ 377650.27646172, 160616.21164019 ], [ 377733.28255374, 160616.21146157 ], [ 377733.2824353, 160649.21829879 ], [ 377750.28249248, 160666.2183598 ], [ 377883.27814257, 160666.21797836 ], [ 377883.27808618, 160682.21386699 ], [ 377850.27937885, 160682.2139782 ], [ 377836.36216454, 160689.4892234 ], [ 377833.27938515, 160732.21089036 ], [ 377790.04976823, 160735.66153833 ], [ 377783.2807677, 160749.21094106 ], [ 377783.28065, 160782.21798023 ], [ 377740.55724494, 160785.30075223 ], [ 377733.28199713, 160799.21796469 ], [ 377733.28169942, 160882.2208939 ], [ 377690.55826409, 160885.30375159 ], [ 377683.28304408, 160899.22097828 ], [ 377683.28299104, 160932.21798476 ], [ 377600.27671522, 160932.21819992 ], [ 377583.27677279, 160949.21813788 ], [ 377583.27660246, 160995.89770317 ], [ 377595.72698634, 160990.60311005 ], [ 377595.72698634, 160990.60311005 ] ] ], [ [ [ 373689.9597507, 167535.80081959 ], [ 373683.19059941, 167549.34986257 ], [ 373683.18902513, 167599.3566999 ], [ 373700.18909125, 167616.35723508 ], [ 373783.20153982, 167616.35697816 ], [ 373783.19905332, 167699.35210681 ], [ 373800.19911789, 167716.35262966 ], [ 373850.19770657, 167716.35243975 ], [ 373867.19764199, 167699.35295637 ], [ 373867.19864477, 167666.35453023 ], [ 374083.20839839, 167666.35369924 ], [ 374083.20758818, 167699.35117222 ], [ 374090.48272851, 167713.26878686 ], [ 374133.20576673, 167716.35146416 ], [ 374133.2037588, 167799.35580471 ], [ 374150.20382186, 167816.35621599 ], [ 374400.20505684, 167816.35538817 ], [ 374413.75435582, 167809.58652249 ], [ 374417.20566548, 167766.35735441 ], [ 374460.43653196, 167762.90676086 ], [ 374467.20562071, 167749.35757008 ], [ 374467.20662016, 167699.35069773 ], [ 374450.20655544, 167682.35035797 ], [ 374417.20737534, 167682.3504836 ], [ 374417.2080469, 167649.35292445 ], [ 374410.43912166, 167635.80317305 ], [ 374367.2099268, 167632.35270561 ], [ 374367.21164609, 167549.34818799 ], [ 374359.93648383, 167535.43062325 ], [ 374317.20560296, 167532.34796613 ], [ 374317.20857174, 167399.34562965 ], [ 374300.2085023, 167382.34523743 ], [ 374217.21221615, 167382.34564247 ], [ 374217.21378707, 167316.33975361 ], [ 374233.21207061, 167316.33968677 ], [ 374236.66178387, 167359.56842274 ], [ 374250.21143364, 167366.33757863 ], [ 374300.20969547, 167366.33737203 ], [ 374317.20962523, 167349.33776414 ], [ 374317.21259261, 167216.33450354 ], [ 374350.2192642, 167216.33436252 ], [ 374367.21919155, 167199.33471424 ], [ 374367.22022599, 167149.33674667 ], [ 374350.22015257, 167132.33639494 ], [ 374317.21442924, 167132.33653751 ], [ 374317.21479825, 167116.32863729 ], [ 374450.21867572, 167116.3279904 ], [ 374467.21860145, 167099.32832955 ], [ 374467.22125442, 166966.32510116 ], [ 374500.21968684, 166966.32496092 ], [ 374514.13678264, 166959.04986484 ], [ 374517.22026088, 166916.32799767 ], [ 374633.22266502, 166916.32816498 ], [ 374633.2212155, 166999.32270623 ], [ 374650.22120929, 167016.32298963 ], [ 374700.21940299, 167016.32300789 ], [ 374717.21940919, 166999.3232861 ], [ 374717.21994922, 166966.32516366 ], [ 374750.22639803, 166966.3251791 ], [ 374764.14357703, 166959.05007835 ], [ 374767.22693583, 166916.32827596 ], [ 374810.45644721, 166912.87776614 ], [ 374817.2253722, 166899.32804536 ], [ 374817.22475971, 166866.3206 ], [ 374850.22261725, 166866.32062912 ], [ 374864.14002249, 166859.04521286 ], [ 374867.2219327, 166816.32303994 ], [ 374933.22734312, 166816.32318784 ], [ 374936.31084786, 166859.04573269 ], [ 374950.22795866, 166866.32081666 ], [ 374983.22640962, 166866.3209113 ], [ 374983.22682719, 166899.32878889 ], [ 375000.22681767, 166916.32857383 ], [ 375050.22498176, 166916.3286018 ], [ 375064.14232937, 166909.05326059 ], [ 375067.22458874, 166866.32105182 ], [ 375183.22702525, 166866.32121682 ], [ 375183.22738433, 166899.32896994 ], [ 375200.22737497, 166916.328785 ], [ 375283.2234659, 166916.32883057 ], [ 375283.22317904, 166949.32548108 ], [ 375300.22313755, 166966.32562887 ], [ 375450.22661255, 166966.32579458 ], [ 375463.77603995, 166959.55685147 ], [ 375467.22687655, 166916.32906453 ], [ 375510.45617095, 166912.87861308 ], [ 375517.22517402, 166899.32907231 ], [ 375517.22502647, 166866.32179472 ], [ 375583.21328175, 166866.32191437 ], [ 375583.21316203, 166949.32587664 ], [ 375600.21315478, 166966.32595925 ], [ 375683.22594304, 166966.32614739 ], [ 375683.22565224, 167032.33154137 ], [ 375650.22686775, 167032.33138535 ], [ 375633.22678737, 167049.33130783 ], [ 375633.22655939, 167099.32796021 ], [ 375650.22644777, 167116.32803773 ], [ 375683.22524807, 167116.32825438 ], [ 375686.30770509, 167159.06067943 ], [ 375700.22492227, 167166.33601052 ], [ 375750.22386297, 167166.33634667 ], [ 375767.22397726, 167149.33641877 ], [ 375767.22411726, 167116.32872675 ], [ 375900.22970409, 167116.32944077 ], [ 375914.14701418, 167109.0542587 ], [ 375917.22991032, 167066.33294686 ], [ 376133.23214649, 167066.33426254 ], [ 376133.23195965, 167199.33599049 ], [ 376150.23188239, 167216.33600596 ], [ 376200.23073195, 167216.33623319 ], [ 376217.23080921, 167199.33624583 ], [ 376217.23093684, 167116.33128152 ], [ 376233.2388067, 167116.33135919 ], [ 376233.23875891, 167199.33655054 ], [ 376240.51395731, 167213.25379921 ], [ 376283.23760161, 167216.33671013 ], [ 376283.23744688, 167349.33820165 ], [ 376300.23734363, 167366.33824266 ], [ 376350.23631836, 167366.3385463 ], [ 376363.7858629, 167359.56957438 ], [ 376367.23642972, 167316.34107404 ], [ 376450.24229517, 167316.3414246 ], [ 376464.1596194, 167309.06620638 ], [ 376467.24236402, 167266.34407046 ], [ 376533.24018622, 167266.3443591 ], [ 376536.32291866, 167309.06668714 ], [ 376550.24012849, 167316.34194647 ], [ 376600.23909518, 167316.34215722 ], [ 376617.23916683, 167299.3421132 ], [ 376617.23908141, 167266.34482615 ], [ 376650.24592165, 167266.34497029 ], [ 376664.16325174, 167259.06974716 ], [ 376667.24597092, 167216.33864953 ], [ 376733.24477692, 167216.33894773 ], [ 376736.69533248, 167259.57638344 ], [ 376750.24473877, 167266.34540663 ], [ 376800.24369734, 167266.34562462 ], [ 376817.24377146, 167249.34556927 ], [ 376817.24340425, 167116.33485973 ], [ 376859.97527983, 167113.25271298 ], [ 376867.25064188, 167099.33533666 ], [ 376867.25059572, 167066.3392723 ], [ 376909.97465344, 167063.25718397 ], [ 376917.25001843, 167049.33976882 ], [ 376917.24976142, 166949.33513822 ], [ 376900.25007775, 166932.33516492 ], [ 376867.25020807, 166932.33455087 ], [ 376863.79968563, 166889.10703939 ], [ 376850.25041776, 166882.33795921 ], [ 376800.24308668, 166882.33720628 ], [ 376783.24283072, 166899.33726173 ], [ 376783.24293837, 166932.33345609 ], [ 376717.24532695, 166932.33304099 ], [ 376717.24538173, 166849.32947604 ], [ 376700.24547588, 166832.32942455 ], [ 376617.23883512, 166832.32889883 ], [ 376617.23889293, 166816.33193405 ], [ 376833.25035636, 166816.33371392 ], [ 376836.33285729, 166859.0554581 ], [ 376850.24993757, 166866.33082265 ], [ 376950.24875178, 166866.33244016 ], [ 376967.24902678, 166849.33250356 ], [ 376967.24921322, 166799.33550916 ], [ 376950.24944824, 166782.33544576 ], [ 376917.24989048, 166782.33498957 ], [ 376914.16737455, 166739.60413557 ], [ 376900.25028686, 166732.32877752 ], [ 376867.25075632, 166732.32826702 ], [ 376864.16831813, 166689.60640493 ], [ 376850.25117415, 166682.33104455 ], [ 376717.24605982, 166682.32985091 ], [ 376714.16351602, 166639.59811233 ], [ 376700.24632813, 166632.32279493 ], [ 376650.24637989, 166632.3224004 ], [ 376633.24624575, 166649.32236906 ], [ 376633.24602681, 166732.32609276 ], [ 376617.23909677, 166732.32596926 ], [ 376617.23957856, 166599.32610135 ], [ 376600.23971427, 166582.32603972 ], [ 376567.24067691, 166582.3257763 ], [ 376567.24073142, 166566.31890732 ], [ 376610.47067875, 166562.86869743 ], [ 376617.23975994, 166549.31920136 ], [ 376617.24002307, 166449.32530362 ], [ 376600.24016327, 166432.32524186 ], [ 376450.24318465, 166432.32400453 ], [ 376433.24304438, 166449.32398807 ], [ 376433.2428477, 166549.31791236 ], [ 376440.51800307, 166563.23517163 ], [ 376483.24179843, 166566.31822923 ], [ 376483.24149533, 166682.32805848 ], [ 376467.24265391, 166682.32793353 ], [ 376467.24275153, 166649.32087161 ], [ 376459.96759462, 166635.40361142 ], [ 376417.23581518, 166632.32056061 ], [ 376417.23597663, 166549.31760553 ], [ 376400.23611396, 166532.31755894 ], [ 376367.2370144, 166532.31729237 ], [ 376367.23718429, 166399.31720019 ], [ 376350.23732615, 166382.31719121 ], [ 376317.23818508, 166382.31691585 ], [ 376317.23819002, 166366.31992515 ], [ 376360.46813283, 166362.86972472 ], [ 376367.23721081, 166349.32021248 ], [ 376367.23732115, 166266.31740823 ], [ 376409.96106705, 166263.23509197 ], [ 376417.23640182, 166249.31777118 ], [ 376417.23643983, 166199.30078777 ], [ 376409.96129492, 166185.38357315 ], [ 376367.23740038, 166182.30042191 ], [ 376364.15473037, 166139.58865557 ], [ 376350.23760158, 166132.31335262 ], [ 376267.23920012, 166132.31252338 ], [ 376267.23920344, 166099.31637941 ], [ 376250.23938834, 166082.3163777 ], [ 376117.23277992, 166082.3150308 ], [ 376114.15006012, 166039.58312001 ], [ 376100.23291389, 166032.30783624 ], [ 376067.2335315, 166032.3075402 ], [ 376063.7829384, 165989.07942082 ], [ 376050.23362779, 165982.31037387 ], [ 375967.22715905, 165982.30952172 ], [ 375964.14447781, 165939.57869902 ], [ 375950.22732679, 165932.30340646 ], [ 375817.22985402, 165932.30210337 ], [ 375814.14778524, 165889.58101621 ], [ 375800.23053687, 165882.30559079 ], [ 375767.2224844, 165882.30530199 ], [ 375767.2235713, 165816.30270321 ], [ 375833.23089141, 165816.30324229 ], [ 375836.31297251, 165859.02433341 ], [ 375850.23022298, 165866.29975482 ], [ 375933.2283455, 165866.30045721 ], [ 375933.22783955, 165899.30674326 ], [ 375950.22769068, 165916.30700385 ], [ 376050.23402493, 165916.30797972 ], [ 376067.23420784, 165899.30819664 ], [ 376067.234629, 165866.30162575 ], [ 376100.23383798, 165866.30197122 ], [ 376117.23401595, 165849.30218329 ], [ 376117.23463964, 165799.30563667 ], [ 376100.23477865, 165782.3054246 ], [ 376017.23668385, 165782.30474595 ], [ 376017.23718018, 165749.30944513 ], [ 376010.46831913, 165735.7598319 ], [ 375967.23029924, 165732.30892928 ], [ 375967.2305445, 165716.30252119 ], [ 376033.2367086, 165716.30302222 ], [ 376033.23622164, 165749.30933278 ], [ 376050.23608758, 165766.3095836 ], [ 376283.24047208, 165766.31142168 ], [ 376283.24016411, 165799.30700229 ], [ 376300.24002495, 165816.30716096 ], [ 376350.23908132, 165816.30757026 ], [ 376367.23922048, 165799.30775811 ], [ 376367.23958507, 165766.31205079 ], [ 376433.24577947, 165766.31250602 ], [ 376436.32807248, 165809.03301541 ], [ 376450.24529442, 165816.30838916 ], [ 376483.24445103, 165816.30865946 ], [ 376483.24377056, 165899.31208605 ], [ 376500.24358735, 165916.31222542 ], [ 376583.2419455, 165916.31305394 ], [ 376586.32441626, 165959.03464761 ], [ 376600.24157145, 165966.30999552 ], [ 376683.24905362, 165966.3108486 ], [ 376686.33150921, 166009.04161319 ], [ 376700.24869475, 166016.31695513 ], [ 376783.24715516, 166016.31777099 ], [ 376783.24700527, 166049.31472906 ], [ 376790.01593152, 166062.86421338 ], [ 376833.25391247, 166066.31503825 ], [ 376836.33644995, 166109.04670492 ], [ 376850.25365253, 166116.32201916 ], [ 376933.25154885, 166116.3225254 ], [ 376933.25142685, 166149.31854215 ], [ 376950.2513036, 166166.31860501 ], [ 377033.24934861, 166166.31914082 ], [ 377036.69973669, 166209.53729809 ], [ 377050.24915202, 166216.30636144 ], [ 377183.25432029, 166216.30727331 ], [ 377183.25424354, 166299.32076878 ], [ 377190.02318403, 166312.87018904 ], [ 377233.2543814, 166316.32104544 ], [ 377236.3370876, 166359.05310299 ], [ 377250.25424003, 166366.32838837 ], [ 377433.25884909, 166366.33007567 ], [ 377433.25896258, 166399.32765335 ], [ 377450.25877506, 166416.32759488 ], [ 377533.26526552, 166416.32844457 ], [ 377533.26539974, 166449.33507417 ], [ 377540.54056475, 166463.25222098 ], [ 377583.26465697, 166466.33538083 ], [ 377583.2650203, 166549.33049717 ], [ 377600.26481471, 166566.33042276 ], [ 377633.26434838, 166566.33082185 ], [ 377636.34729354, 166609.06331893 ], [ 377650.26435756, 166616.33856917 ], [ 377733.27215419, 166616.33960247 ], [ 377733.27239563, 166649.33651514 ], [ 377750.27217795, 166666.33639076 ], [ 377850.27073638, 166666.33777127 ], [ 377867.27098809, 166649.33763619 ], [ 377867.2705908, 166599.34102433 ], [ 377850.27083652, 166582.34115942 ], [ 377817.27123049, 166582.34068244 ], [ 377817.27110831, 166566.33308189 ], [ 377850.26995363, 166566.33354724 ], [ 377867.27019336, 166549.33341208 ], [ 377867.26979584, 166499.33569994 ], [ 377850.26996159, 166482.3358351 ], [ 377717.27207979, 166482.33437263 ], [ 377717.27196767, 166466.3368072 ], [ 377800.27002115, 166466.33775295 ], [ 377817.27021487, 166449.33762307 ], [ 377817.26891612, 166266.32950843 ], [ 377950.27371187, 166266.33057128 ], [ 377967.27384774, 166249.33042522 ], [ 377967.27270456, 166116.32874299 ], [ 378000.27168017, 166116.32935785 ], [ 378017.27199694, 166099.32920936 ], [ 378017.27156014, 166049.32145443 ], [ 378010.50263579, 166035.77219648 ], [ 377967.27188211, 166032.32105812 ], [ 377967.27116094, 165916.31942361 ], [ 378009.99520204, 165913.23730866 ], [ 378017.27056636, 165899.31991321 ], [ 378017.27048601, 165866.31301839 ], [ 378100.26959493, 165866.31499151 ], [ 378117.26999907, 165849.31497626 ], [ 378117.26995421, 165799.3176125 ], [ 378100.27032036, 165782.31762775 ], [ 378067.27017711, 165782.31691699 ], [ 378067.27002158, 165699.31280104 ], [ 378050.27037973, 165682.31284643 ], [ 378017.27037149, 165682.3121512 ], [ 378017.27023485, 165599.30817027 ], [ 378000.27045783, 165582.30821178 ], [ 377967.27096479, 165582.30777894 ], [ 377967.27095523, 165549.31021858 ], [ 377950.27096571, 165532.3102235 ], [ 377850.26540983, 165532.31016186 ], [ 377833.26539935, 165549.31016274 ], [ 377833.26540107, 165582.30733161 ], [ 377800.26666527, 165582.30724013 ], [ 377783.26661815, 165599.307239 ], [ 377783.26661256, 165682.31070581 ], [ 377650.26127692, 165682.31039572 ], [ 377633.26122451, 165699.3103885 ], [ 377633.26118925, 165782.3137091 ], [ 377500.26478357, 165782.31335764 ], [ 377486.34751369, 165789.58856661 ], [ 377483.26466807, 165832.31035932 ], [ 377217.25470101, 165832.30958122 ], [ 377214.17211029, 165789.58771719 ], [ 377200.25483999, 165782.31243966 ], [ 377100.2572598, 165782.31220047 ], [ 377083.25720214, 165799.31213703 ], [ 377083.25707898, 165832.30913982 ], [ 376967.25264614, 165832.30879434 ], [ 376967.25278106, 165799.31186131 ], [ 376959.97759179, 165785.39455946 ], [ 376917.25404564, 165782.31167992 ], [ 376914.17148965, 165739.59104732 ], [ 376900.25423945, 165732.31575379 ], [ 376817.24863372, 165732.3154698 ], [ 376814.16610525, 165689.58387506 ], [ 376800.24891126, 165682.30855554 ], [ 376717.25074394, 165682.30792336 ], [ 376713.80051845, 165639.08007649 ], [ 376700.25110114, 165632.31097177 ], [ 376667.25105288, 165632.31073014 ], [ 376667.25122897, 165599.30488866 ], [ 376650.25134845, 165582.30479796 ], [ 376600.24434824, 165582.30444651 ], [ 376586.32703265, 165589.57958387 ], [ 376583.24397727, 165632.31014919 ], [ 376517.24595856, 165632.3097322 ], [ 376517.24663818, 165549.30731913 ], [ 376509.97149949, 165535.38998297 ], [ 376467.24783059, 165532.30695779 ], [ 376467.24817613, 165499.30037177 ], [ 376459.97303018, 165485.38299191 ], [ 376417.24135364, 165482.30004732 ], [ 376417.24261741, 165349.30111514 ], [ 376400.24267794, 165332.30096642 ], [ 376367.24394252, 165332.30084892 ], [ 376367.24479202, 165249.29863415 ], [ 376350.2448086, 165232.29844666 ], [ 376317.24618448, 165232.29841447 ], [ 376317.24636545, 165216.30180309 ], [ 376350.24523174, 165216.30182565 ], [ 376367.24524336, 165199.30201307 ], [ 376367.2462458, 165099.29973662 ], [ 376350.2462475, 165082.29958321 ], [ 376317.24778085, 165082.29957992 ], [ 376317.24919444, 164799.29070893 ], [ 376309.9739543, 164785.37337479 ], [ 376267.25063202, 164782.29072368 ], [ 376267.25095956, 164699.29706553 ], [ 376260.4819696, 164685.74754347 ], [ 376217.24330154, 164682.29701603 ], [ 376217.24336531, 164666.29118365 ], [ 376383.24696314, 164666.29098884 ], [ 376383.24617031, 164899.29330942 ], [ 376400.24617692, 164916.29337456 ], [ 376550.25017696, 164916.29321614 ], [ 376567.25017033, 164899.29327932 ], [ 376567.25035618, 164849.29643474 ], [ 376550.25034892, 164832.29637155 ], [ 376517.2516886, 164832.29638565 ], [ 376517.25231208, 164666.29081201 ], [ 376700.255981, 164666.29060665 ], [ 376717.2559712, 164649.29066792 ], [ 376717.25620434, 164566.28679526 ], [ 376750.25496268, 164566.28677377 ], [ 376767.25495161, 164549.2868004 ], [ 376767.25514765, 164466.28392344 ], [ 376783.25376447, 164466.28387983 ], [ 376783.25364802, 164499.2907274 ], [ 376790.52889621, 164513.20806069 ], [ 376833.26029763, 164516.29068294 ], [ 376833.25983047, 164649.29033405 ], [ 376840.02884372, 164662.83986623 ], [ 376883.25841559, 164666.29028995 ], [ 376883.2581912, 164749.29308851 ], [ 376900.25824412, 164766.29314799 ], [ 377083.26061403, 164766.29267814 ], [ 377083.26056628, 164799.28955974 ], [ 377100.26061897, 164816.28958434 ], [ 377150.25923142, 164816.28942938 ], [ 377167.25917873, 164799.28945376 ], [ 377167.25922606, 164766.29251638 ], [ 377300.26423893, 164766.29220162 ], [ 377317.26418591, 164749.29225937 ], [ 377317.26440187, 164666.2893228 ], [ 377333.26301259, 164666.28927233 ], [ 377333.26262851, 164799.28895152 ], [ 377350.26264728, 164816.28900905 ], [ 377533.26512148, 164816.28860677 ], [ 377536.34773553, 164859.01930292 ], [ 377550.26506403, 164866.2945549 ], [ 377600.26367703, 164866.29440037 ], [ 377613.81308615, 164859.52540204 ], [ 377617.26373405, 164816.28841372 ], [ 377659.98715425, 164813.2056511 ], [ 377667.26240284, 164799.28843336 ], [ 377667.26261136, 164716.29442057 ], [ 377700.27026417, 164716.29438282 ], [ 377717.27024472, 164699.29443884 ], [ 377717.27051829, 164616.29142391 ], [ 377759.99394703, 164613.20865086 ], [ 377767.26918411, 164599.29140683 ], [ 377767.26924832, 164549.28443651 ], [ 377760.50022227, 164535.73493247 ], [ 377717.27069521, 164532.28452015 ], [ 377717.27091285, 164466.28161476 ], [ 377750.26959771, 164466.28157416 ], [ 377767.26957679, 164449.28159601 ], [ 377767.27019838, 164199.27787895 ], [ 377750.27014201, 164182.27782307 ], [ 377717.27164978, 164182.27793249 ], [ 377717.27175869, 164149.28207568 ], [ 377710.50274278, 164135.73254509 ], [ 377667.26417688, 164132.28212955 ], [ 377664.18148326, 164089.55045103 ], [ 377650.26416331, 164082.27521766 ], [ 377600.26555985, 164082.27538506 ], [ 377586.34835579, 164089.55061495 ], [ 377583.26550699, 164132.28237535 ], [ 377540.54208242, 164135.36515407 ], [ 377533.26684634, 164149.28239648 ], [ 377533.26680217, 164182.27844226 ], [ 377500.26811836, 164182.27855156 ], [ 377486.35091397, 164189.55378105 ], [ 377483.26806407, 164232.28547354 ], [ 377467.26145884, 164232.28552626 ], [ 377467.26198205, 164049.27889262 ], [ 377450.26192518, 164032.27883285 ], [ 377417.26343912, 164032.27894324 ], [ 377417.26363205, 163949.27621804 ], [ 377400.2635752, 163932.27619204 ], [ 377367.2650904, 163932.27630238 ], [ 377367.26520724, 163899.27946544 ], [ 377350.26515043, 163882.27940525 ], [ 377300.26654912, 163882.27957236 ], [ 377283.26660594, 163899.27951199 ], [ 377283.26648873, 163932.27648315 ], [ 377200.26016777, 163932.27676046 ], [ 377186.71076336, 163939.04575815 ], [ 377183.26010666, 163982.27367126 ], [ 377167.26150441, 163982.27372469 ], [ 377167.26162267, 163949.27688836 ], [ 377159.9863733, 163935.3595533 ], [ 377117.2630819, 163932.27693758 ], [ 377113.81267645, 163889.04905812 ], [ 377100.26314382, 163882.2800403 ], [ 377067.25666044, 163882.28015044 ], [ 377067.25704024, 163749.2704723 ], [ 377050.25698354, 163732.27044497 ], [ 376850.2625846, 163732.27101167 ], [ 376833.26264124, 163749.27098359 ], [ 376833.26237611, 163849.27475777 ], [ 376840.53760801, 163863.19208182 ], [ 376883.2609151, 163866.27477586 ], [ 376883.2606749, 163932.27758409 ], [ 376800.25535253, 163932.2777944 ], [ 376783.25540908, 163949.27773218 ], [ 376783.25504307, 164049.28054036 ], [ 376800.25509958, 164066.28060257 ], [ 376833.26161813, 164066.28049286 ], [ 376833.26138762, 164149.28418544 ], [ 376840.53662008, 164163.2015077 ], [ 376883.25993229, 164166.28420186 ], [ 376883.25987625, 164182.28009118 ], [ 376750.25598466, 164182.28040983 ], [ 376736.7065492, 164189.04939405 ], [ 376733.25588238, 164232.2873767 ], [ 376600.25098118, 164232.28759262 ], [ 376583.25099598, 164249.28753003 ], [ 376583.25087448, 164282.28448722 ], [ 376400.24835586, 164282.28480547 ], [ 376383.24836998, 164299.28474029 ], [ 376383.24805175, 164382.28759652 ], [ 376350.24935945, 164382.28762148 ], [ 376336.33212441, 164389.56283276 ], [ 376333.24924454, 164432.28457092 ], [ 376300.25055033, 164432.28459464 ], [ 376286.33331502, 164439.55980539 ], [ 376283.25043352, 164482.29147568 ], [ 376200.24401928, 164482.2915982 ], [ 376183.24403085, 164499.29153044 ], [ 376183.24389934, 164532.28747481 ], [ 376100.24658071, 164532.28759413 ], [ 376086.32934529, 164539.56280317 ], [ 376083.24645757, 164582.2944665 ], [ 376050.24772238, 164582.29455245 ], [ 376036.33051309, 164589.56977174 ], [ 376033.24763139, 164632.29138824 ], [ 375917.24366194, 164632.29151994 ], [ 375917.24394005, 164566.28781133 ], [ 375959.96737439, 164563.20507028 ], [ 375967.24263166, 164549.28786123 ], [ 375967.24325311, 164416.28820997 ], [ 376000.24998517, 164416.2881852 ], [ 376014.1672187, 164409.01297624 ], [ 376017.25010898, 164366.29231349 ], [ 376100.24741746, 164366.29218205 ], [ 376117.24740404, 164349.29225111 ], [ 376117.24753813, 164316.28530591 ], [ 376150.24626569, 164316.28521264 ], [ 376167.24621765, 164299.28528106 ], [ 376167.24662016, 164199.28162128 ], [ 376150.24660485, 164182.28155286 ], [ 376100.24799822, 164182.28159786 ], [ 376083.24801352, 164199.28152879 ], [ 376083.24787941, 164232.28847462 ], [ 376017.25066363, 164232.28859752 ], [ 376017.25114248, 164116.27901759 ], [ 376050.24983158, 164116.27898583 ], [ 376064.16706443, 164109.0037727 ], [ 376067.24994006, 164066.28200369 ], [ 376109.97335455, 164063.19924912 ], [ 376117.24860703, 164049.2820366 ], [ 376117.24879582, 163999.2760713 ], [ 376100.24874598, 163982.27600712 ], [ 376017.25165581, 163982.2761844 ], [ 376014.16906032, 163939.55449029 ], [ 376000.25173142, 163932.27923343 ], [ 375967.24524367, 163932.27932956 ], [ 375967.24530449, 163916.28239628 ], [ 376000.25198584, 163916.28236666 ], [ 376017.25197059, 163899.28243115 ], [ 376017.25216028, 163849.27646433 ], [ 376000.2521453, 163832.27639984 ], [ 375900.24690921, 163832.27658791 ], [ 375883.24695817, 163849.27652314 ], [ 375883.24683243, 163882.28257153 ], [ 375817.24962977, 163882.28263053 ], [ 375817.24975607, 163849.27684076 ], [ 375810.48076269, 163835.72731818 ], [ 375767.24218614, 163832.27680464 ], [ 375767.24256511, 163716.27699333 ], [ 375809.97497644, 163713.19424359 ], [ 375817.25023021, 163699.27703108 ], [ 375817.25035658, 163666.26998223 ], [ 375850.2490349, 163666.26995539 ], [ 375867.24902107, 163649.27002034 ], [ 375867.24921211, 163599.27305134 ], [ 375859.97398569, 163585.35572821 ], [ 375817.25067823, 163582.2730127 ], [ 375817.25099612, 163499.27025175 ], [ 375810.48200366, 163485.7207298 ], [ 375767.24346316, 163482.27021188 ], [ 375767.24378183, 163399.26644902 ], [ 375750.2437694, 163382.26638375 ], [ 375667.24665264, 163382.26651042 ], [ 375667.24729296, 163216.27072328 ], [ 375750.24446135, 163216.27060191 ], [ 375763.79389797, 163209.50162162 ], [ 375767.24457839, 163166.26362484 ], [ 375850.25084731, 163166.26356886 ], [ 375867.25083583, 163149.26363567 ], [ 375867.2509655, 163116.26659296 ], [ 375950.2482697, 163116.26643542 ], [ 375964.16547877, 163108.99121427 ], [ 375967.24835387, 163066.26052341 ], [ 376009.9797785, 163063.17770078 ], [ 376017.25501684, 163049.26050094 ], [ 376017.25534413, 162966.25658777 ], [ 376150.25121292, 162966.25638825 ], [ 376164.16844755, 162958.98117774 ], [ 376167.25133073, 162916.26040598 ], [ 376183.24992716, 162916.26039371 ], [ 376186.3325155, 162958.98109158 ], [ 376200.24984325, 162966.25635075 ], [ 376233.25732545, 162966.25625996 ], [ 376233.25719463, 162999.26311688 ], [ 376240.53241976, 163013.18044152 ], [ 376283.25572327, 163016.26316001 ], [ 376283.2556598, 163032.26006555 ], [ 376240.53223488, 163035.34288832 ], [ 376233.25699649, 163049.26008788 ], [ 376233.25679837, 163099.26595894 ], [ 376250.25681027, 163116.26602629 ], [ 376283.25532662, 163116.26600318 ], [ 376283.25519576, 163149.2628957 ], [ 376300.25524139, 163166.26296312 ], [ 376400.25239828, 163166.26279466 ], [ 376417.25238663, 163149.26286222 ], [ 376417.25298278, 162999.26304148 ], [ 376410.48399135, 162985.71351784 ], [ 376367.25445426, 162982.26299822 ], [ 376367.25458535, 162949.25610548 ], [ 376360.48557778, 162935.70656979 ], [ 376317.25605656, 162932.2561288 ], [ 376314.17347606, 162889.53547372 ], [ 376300.25617443, 162882.26020381 ], [ 376267.25765844, 162882.26022918 ], [ 376267.25778927, 162849.26343872 ], [ 376250.25777592, 162832.26337131 ], [ 376167.25167368, 162832.26350246 ], [ 376167.25179371, 162799.25661377 ], [ 376160.48279055, 162785.7071155 ], [ 376117.25326401, 162782.2566069 ], [ 376117.253525, 162716.25373554 ], [ 376483.25930268, 162716.25316276 ], [ 376483.25917109, 162749.25995599 ], [ 376500.25918512, 162766.26002376 ], [ 376850.26630659, 162766.25940282 ], [ 376867.26624883, 162749.2594711 ], [ 376867.26695156, 162599.24866239 ], [ 376850.26692737, 162582.24856008 ], [ 376817.26042274, 162582.24860704 ], [ 376817.26048693, 162566.25269252 ], [ 376900.26570818, 162566.25240764 ], [ 376917.26564982, 162549.25247608 ], [ 376917.26585112, 162499.25549485 ], [ 376909.99060326, 162485.33815335 ], [ 376867.26742187, 162482.25553996 ], [ 376867.26775563, 162399.25270515 ], [ 376850.26769687, 162382.25263679 ], [ 376800.26109858, 162382.25280964 ], [ 376783.26115733, 162399.25274138 ], [ 376783.26102484, 162432.24880693 ], [ 376617.25763201, 162432.2491297 ], [ 376614.17504443, 162389.52846109 ], [ 376600.25771387, 162382.25320265 ], [ 376550.2591155, 162382.25334996 ], [ 376533.25916558, 162399.25328205 ], [ 376533.25823507, 162632.25607889 ], [ 376467.26104014, 162632.25620159 ], [ 376467.26196878, 162399.25351223 ], [ 376450.26191874, 162382.25344446 ], [ 376417.25543802, 162382.2535416 ], [ 376417.25590001, 162266.24372027 ], [ 376533.25969706, 162266.24347275 ], [ 376533.25956517, 162299.24932994 ], [ 376550.25958184, 162316.24939787 ], [ 376600.25818061, 162316.24934884 ], [ 376617.25816394, 162299.24941685 ], [ 376617.25829598, 162266.24332094 ], [ 376659.98973946, 162263.16047843 ], [ 376667.264963, 162249.24325004 ], [ 376667.26504556, 162199.24627394 ], [ 376650.2649945, 162182.24624587 ], [ 376517.26130963, 162182.24654517 ], [ 376514.17870779, 162139.52487579 ], [ 376500.26137861, 162132.24962074 ], [ 376417.25629242, 162132.24980404 ], [ 376417.25635055, 162116.24382888 ], [ 376459.98776077, 162113.16107144 ], [ 376467.26301199, 162099.24385744 ], [ 376467.26313196, 162066.24680321 ], [ 376510.49277378, 162062.79624762 ], [ 376517.26179359, 162049.24683168 ], [ 376517.26191373, 162016.239743 ], [ 376559.98534147, 162013.15690735 ], [ 376567.2605756, 161999.23970538 ], [ 376567.26075781, 161949.24382979 ], [ 376550.26074044, 161932.24376783 ], [ 376517.26218553, 161932.24380155 ], [ 376513.81170522, 161889.0058474 ], [ 376500.26218828, 161882.23684345 ], [ 376450.26358791, 161882.23699469 ], [ 376433.26363933, 161899.23696685 ], [ 376433.26343742, 161982.23989639 ], [ 376350.25812423, 161982.24014663 ], [ 376333.25817548, 161999.24008493 ], [ 376333.25769287, 162132.24998821 ], [ 376217.25289403, 162132.25020419 ], [ 376214.17029899, 162089.51961257 ], [ 376200.25299638, 162082.2443469 ], [ 376167.2544751, 162082.24437996 ], [ 376163.80407177, 162039.01644284 ], [ 376150.25454326, 162032.24742302 ], [ 376100.25594331, 162032.24757327 ], [ 376083.25599439, 162049.2475119 ], [ 376083.25587527, 162082.24456403 ], [ 376067.25727542, 162082.24458002 ], [ 376067.25739443, 162049.24768477 ], [ 376050.25734338, 162032.24762346 ], [ 375967.25225559, 162032.24780667 ], [ 375967.2523744, 161999.24101167 ], [ 375950.25235732, 161982.24095048 ], [ 375817.25663477, 161982.24118398 ], [ 375817.25675321, 161949.24528958 ], [ 375800.25670212, 161932.24522856 ], [ 375650.25190073, 161932.24557927 ], [ 375633.2519518, 161949.24551843 ], [ 375633.25183372, 161982.24157016 ], [ 375600.23714787, 161982.24160712 ], [ 375583.2371669, 161999.2415462 ], [ 375583.23698772, 162049.24851764 ], [ 375590.51223513, 162063.16585133 ], [ 375633.25153315, 162066.24847594 ], [ 375633.25147593, 162082.24544765 ], [ 375600.2367559, 162082.24554992 ], [ 375586.68734846, 162089.01454618 ], [ 375583.23669033, 162132.25147483 ], [ 375567.24607988, 162132.2515251 ], [ 375567.24637807, 162049.24869839 ], [ 375559.97113015, 162035.33136418 ], [ 375517.24779562, 162032.24874205 ], [ 375514.16511388, 161989.51706285 ], [ 375500.24779431, 161982.24182614 ], [ 375400.25060986, 161982.24204499 ], [ 375383.25063006, 161999.24198342 ], [ 375383.2505105, 162032.24906719 ], [ 375350.24278523, 162032.24917186 ], [ 375336.32556879, 162039.52441525 ], [ 375333.2427853, 162082.24609292 ], [ 375300.24399371, 162082.24619702 ], [ 375286.3267771, 162089.52144024 ], [ 375283.24399318, 162132.25218311 ], [ 375267.24538262, 162132.2522013 ], [ 375267.24561963, 162049.24945091 ], [ 375250.24556577, 162032.24938885 ], [ 374967.24598987, 162032.25001889 ], [ 374964.16331993, 161989.51842591 ], [ 374950.24602626, 161982.24317746 ], [ 374900.23841686, 161982.2432364 ], [ 374883.2384369, 161999.24317317 ], [ 374883.23831415, 162032.25025058 ], [ 374867.23970447, 162032.25030117 ], [ 374867.2399506, 161966.24741545 ], [ 374909.9633728, 161963.1646511 ], [ 374917.23862288, 161949.24743932 ], [ 374917.23893169, 161866.24350051 ], [ 374950.24665773, 161866.24339405 ], [ 374964.16386112, 161858.96816811 ], [ 374967.24672538, 161816.24641185 ], [ 375009.9701463, 161813.16364552 ], [ 375017.24539587, 161799.24643378 ], [ 375017.24551807, 161766.24035349 ], [ 375059.96895558, 161763.15750862 ], [ 375067.2441879, 161749.24030873 ], [ 375067.24430977, 161716.24332761 ], [ 375150.24160706, 161716.24315568 ], [ 375167.24158536, 161699.24321814 ], [ 375167.24222039, 161499.23646123 ], [ 375159.9669715, 161485.31912495 ], [ 375117.2436786, 161482.23650894 ], [ 375117.24392191, 161416.23361557 ], [ 375133.24252556, 161416.23359363 ], [ 375133.2424042, 161449.24037208 ], [ 375140.51763617, 161463.15769661 ], [ 375183.24894588, 161466.24038981 ], [ 375183.24864158, 161549.23313435 ], [ 375200.24869812, 161566.23319667 ], [ 375250.24730304, 161566.23303038 ], [ 375267.2472465, 161549.23309254 ], [ 375267.24754999, 161466.24014181 ], [ 375350.24484313, 161466.23996304 ], [ 375367.24482003, 161449.24002489 ], [ 375367.24494009, 161416.23293827 ], [ 375410.48360455, 161412.78229045 ], [ 375417.25260543, 161399.23288854 ], [ 375417.25278686, 161349.23602046 ], [ 375400.25276321, 161332.23595877 ], [ 375267.24804316, 161332.23630973 ], [ 375264.16544771, 161289.5056487 ], [ 375250.24811249, 161282.23039393 ], [ 374950.24850214, 161282.23120448 ], [ 374933.24855934, 161299.23113666 ], [ 374933.24823722, 161382.23410147 ], [ 374917.24063381, 161382.23415537 ], [ 374917.24137659, 161199.22746122 ], [ 374900.24132067, 161182.22738999 ], [ 374817.244252, 161182.22759695 ], [ 374817.24460526, 161099.22470143 ], [ 374800.24455062, 161082.22462908 ], [ 374700.23936018, 161082.2249504 ], [ 374686.32216022, 161089.50017108 ], [ 374683.23927216, 161132.23197015 ], [ 374550.24338702, 161132.23223581 ], [ 374533.24340818, 161149.23216069 ], [ 374533.24296629, 161249.23516868 ], [ 374540.51819393, 161263.15250277 ], [ 374583.24145783, 161266.23520034 ], [ 374583.24110923, 161332.23818967 ], [ 374500.23577455, 161332.23840387 ], [ 374483.23583193, 161349.2383392 ], [ 374483.23564176, 161399.23529314 ], [ 374500.23569888, 161416.2353578 ], [ 374533.24221494, 161416.23524692 ], [ 374536.32488227, 161458.96679636 ], [ 374550.24217861, 161466.24204462 ], [ 374600.2407827, 161466.24197738 ], [ 374613.79022331, 161459.4729765 ], [ 374617.2408187, 161416.23499864 ], [ 374633.23948846, 161416.23497685 ], [ 374633.23936391, 161449.24174594 ], [ 374640.51461234, 161463.15908356 ], [ 374683.23790399, 161466.24169965 ], [ 374683.23740351, 161599.24135019 ], [ 374700.23742561, 161616.24141415 ], [ 374733.24394527, 161616.24137122 ], [ 374733.24382145, 161649.23714321 ], [ 374740.01283449, 161662.78667931 ], [ 374783.24236383, 161666.23709859 ], [ 374783.24218284, 161732.24098156 ], [ 374750.24342495, 161732.24102295 ], [ 374733.24344628, 161749.24099318 ], [ 374733.24323496, 161832.24389368 ], [ 374467.23544746, 161832.24452406 ], [ 374464.15286917, 161789.52289302 ], [ 374450.23558489, 161782.24761677 ], [ 374350.23698111, 161782.24756539 ], [ 374333.23697238, 161799.24749188 ], [ 374333.23682969, 161832.24437887 ], [ 374167.23352918, 161832.24409075 ], [ 374164.15108589, 161789.52267827 ], [ 374150.23380851, 161782.24736336 ], [ 374117.23505605, 161782.24728062 ], [ 374117.23624098, 161599.24244975 ], [ 374110.46726009, 161585.69291022 ], [ 374067.22971114, 161582.24237136 ], [ 374064.14726465, 161539.51090998 ], [ 374050.22991708, 161532.23561916 ], [ 373917.23295746, 161532.23580212 ], [ 373914.15054239, 161489.51449339 ], [ 373900.23321444, 161482.2391876 ], [ 373550.22652171, 161482.23978705 ], [ 373533.22657032, 161499.23958792 ], [ 373533.22559806, 161582.24278649 ], [ 373450.2189764, 161582.24282058 ], [ 373433.21898339, 161599.24261418 ], [ 373433.21776922, 161699.24456116 ], [ 373440.49294366, 161713.16198917 ], [ 373483.22524537, 161716.24476887 ], [ 373483.22505449, 161732.24119963 ], [ 373350.21958769, 161732.24116458 ], [ 373333.21958323, 161749.2409509 ], [ 373333.21895469, 161799.24635161 ], [ 373350.21894639, 161816.2465653 ], [ 373383.21751054, 161816.24658139 ], [ 373383.21477425, 162032.24762056 ], [ 373339.98470148, 162035.69803585 ], [ 373333.21561098, 162049.24735342 ], [ 373333.21320861, 162232.24198321 ], [ 373300.21400368, 162232.2416264 ], [ 373283.21381987, 162249.24115109 ], [ 373283.20955699, 162382.24661864 ], [ 373200.20204206, 162382.24459148 ], [ 373183.20162692, 162399.24402577 ], [ 373183.20052896, 162432.23852162 ], [ 373140.47587718, 162435.32009777 ], [ 373133.20023219, 162449.23708346 ], [ 373133.19740587, 162532.2379892 ], [ 373090.47281612, 162535.31963364 ], [ 373083.19717706, 162549.23658158 ], [ 373083.19601431, 162582.23110692 ], [ 373000.18747472, 162582.22900503 ], [ 372983.18705779, 162599.22844059 ], [ 372983.18422282, 162682.22930237 ], [ 372967.18459552, 162682.2288771 ], [ 372967.18742909, 162599.22834278 ], [ 372950.18788009, 162582.22777862 ], [ 372900.18825138, 162582.2264522 ], [ 372883.18780039, 162599.22585432 ], [ 372883.18262481, 162749.23197039 ], [ 372890.45746567, 162763.14955677 ], [ 372933.18168686, 162766.2333802 ], [ 372933.18115607, 162782.22771914 ], [ 372890.45661712, 162785.30928532 ], [ 372883.18096653, 162799.22626218 ], [ 372883.17981203, 162832.23179317 ], [ 372867.16414231, 162832.23139831 ], [ 372867.16699829, 162749.2318353 ], [ 372850.16741665, 162732.2312377 ], [ 372750.17606417, 162732.2287771 ], [ 372733.17564585, 162749.22821406 ], [ 372733.1745531, 162782.22262652 ], [ 372689.94375775, 162785.67205371 ], [ 372683.17436457, 162799.22123664 ], [ 372683.17145132, 162882.22202771 ], [ 372650.17165039, 162882.22121309 ], [ 372636.2542526, 162889.49603812 ], [ 372633.1701392, 162932.21512466 ], [ 372550.16165058, 162932.2130074 ], [ 372533.16123048, 162949.21244563 ], [ 372533.15957805, 162999.21780861 ], [ 372550.15915749, 163016.21837037 ], [ 372583.15860422, 163016.21918671 ], [ 372583.15635616, 163082.21881448 ], [ 372500.15687435, 163082.21675691 ], [ 372486.23947485, 163089.49158186 ], [ 372483.15536314, 163132.21159681 ], [ 372350.14826386, 163132.20819605 ], [ 372333.14784196, 163149.20764542 ], [ 372333.14677293, 163182.21312146 ], [ 372289.91586312, 163185.66257415 ], [ 372283.14660076, 163199.21211215 ], [ 372283.14636374, 163232.20735659 ], [ 372200.14760594, 163232.20522996 ], [ 372183.1471568, 163249.20516213 ], [ 372183.14662705, 163382.20371806 ], [ 372139.90858595, 163385.65362713 ], [ 372133.13944419, 163399.2031724 ], [ 372133.13926101, 163482.20673275 ], [ 372089.91005528, 163485.65798154 ], [ 372083.14117633, 163499.2072876 ], [ 372083.14078775, 163599.20935976 ], [ 372100.14105885, 163616.20942586 ], [ 372133.13890254, 163616.20889964 ], [ 372133.13884771, 163632.20549973 ], [ 372100.14032941, 163632.20601163 ], [ 372086.59108235, 163638.97507443 ], [ 372083.14046452, 163682.21285363 ], [ 372040.41831411, 163685.29615614 ], [ 372033.143179, 163699.2132771 ], [ 372033.14303494, 163732.20903002 ], [ 372000.14540339, 163732.2094475 ], [ 371986.22833108, 163739.48471466 ], [ 371983.14545889, 163782.216197 ], [ 371940.41518687, 163785.29937703 ], [ 371933.14001152, 163799.21647616 ], [ 371933.13977052, 163832.21322055 ], [ 371900.14215769, 163832.21360962 ], [ 371886.22509143, 163839.48884708 ], [ 371883.1421016, 163882.21920064 ], [ 371840.41975681, 163885.30233593 ], [ 371833.14455828, 163899.21940138 ], [ 371833.14377411, 163982.21240559 ], [ 371800.14599811, 163982.21275192 ], [ 371786.22893218, 163989.48795732 ], [ 371783.1458229, 164032.21814284 ], [ 371740.41539212, 164035.30114634 ], [ 371733.14016042, 164049.21821887 ], [ 371733.13979137, 164082.21477068 ], [ 371700.14186809, 164082.2150226 ], [ 371683.14199788, 164099.21516027 ], [ 371683.14347712, 164182.21926729 ], [ 371639.91518749, 164185.67014005 ], [ 371633.14640215, 164199.21999169 ], [ 371633.14974933, 164299.22619793 ], [ 371640.42521911, 164313.14304129 ], [ 371683.14793951, 164316.2254424 ], [ 371683.1484606, 164332.23351408 ], [ 371617.15208142, 164332.23391616 ], [ 371617.15101251, 164299.22541822 ], [ 371600.15092522, 164282.22596873 ], [ 371550.14528846, 164282.22622552 ], [ 371533.14537576, 164299.2267746 ], [ 371533.14644188, 164332.23440982 ], [ 371500.14922948, 164332.23461178 ], [ 371483.14935002, 164349.23515949 ], [ 371483.15257163, 164449.23031812 ], [ 371500.15269064, 164466.22977044 ], [ 371633.15517162, 164466.22893911 ], [ 371633.15796654, 164549.23457811 ], [ 371650.1580501, 164566.23399215 ], [ 371683.15621165, 164566.23382994 ], [ 371683.15897945, 164649.24037624 ], [ 371700.15906152, 164666.23982289 ], [ 371733.15730039, 164666.23966357 ], [ 371733.15945424, 164732.24484297 ], [ 371700.1621538, 164732.24499937 ], [ 371683.16223438, 164749.24558669 ], [ 371683.16396172, 164799.24362482 ], [ 371700.16404153, 164816.2430375 ], [ 371733.16222922, 164816.24288255 ], [ 371733.16278351, 164832.25002233 ], [ 371700.1655101, 164832.25017581 ], [ 371683.16558917, 164849.2507291 ], [ 371683.16894385, 164949.25693946 ], [ 371690.44442617, 164963.17379033 ], [ 371733.16722396, 164966.25613569 ], [ 371733.16836665, 164999.25375312 ], [ 371750.16847747, 165016.25316442 ], [ 371833.17251541, 165016.25268928 ], [ 371836.25654883, 165058.98583175 ], [ 371850.17370797, 165066.26075738 ], [ 372050.17287367, 165066.25976176 ], [ 372064.09029065, 165058.98419781 ], [ 372067.171638, 165016.25153104 ], [ 372150.16770931, 165016.25115547 ], [ 372164.08511487, 165008.97560685 ], [ 372167.16653355, 164966.253933 ], [ 372200.17185468, 164966.25380783 ], [ 372214.0892802, 164958.97824836 ], [ 372217.17063371, 164916.24570827 ], [ 372259.89295812, 164913.16273214 ], [ 372267.16799621, 164899.24505182 ], [ 372267.16691974, 164866.24752984 ], [ 372333.16276256, 164866.24741396 ], [ 372333.16381178, 164899.24593749 ], [ 372340.43924979, 164913.1628041 ], [ 372383.16226871, 164916.24529459 ], [ 372383.16427448, 164982.25026485 ], [ 372250.17129515, 164982.25076669 ], [ 372233.17135923, 164999.25132146 ], [ 372233.17243639, 165032.25886699 ], [ 372189.94399183, 165035.70969407 ], [ 372183.17519505, 165049.25954678 ], [ 372183.17625177, 165082.25726501 ], [ 372150.1709255, 165082.25740539 ], [ 372136.62131974, 165089.02669189 ], [ 372133.17205199, 165132.25567352 ], [ 372100.17371685, 165132.25581881 ], [ 372086.62411323, 165139.02510583 ], [ 372083.17484486, 165182.26308464 ], [ 372067.1770403, 165182.26315448 ], [ 372067.17598832, 165149.25549711 ], [ 372050.17587951, 165132.25603891 ], [ 372000.17807612, 165132.25635896 ], [ 371983.17818495, 165149.25690015 ], [ 371983.18082747, 165232.26174214 ], [ 371940.45057663, 165235.34484124 ], [ 371933.17556172, 165249.26249149 ], [ 371933.17661129, 165282.27014392 ], [ 371890.45425845, 165285.35324139 ], [ 371883.17924304, 165299.27089142 ], [ 371883.18029117, 165332.26754167 ], [ 371850.18291428, 165332.26774791 ], [ 371836.26554083, 165339.54329238 ], [ 371833.1840677, 165382.2759019 ], [ 371800.18672296, 165382.2760409 ], [ 371783.18679457, 165399.27657965 ], [ 371783.1899636, 165499.27194026 ], [ 371800.19003395, 165516.2714015 ], [ 371850.18785005, 165516.27119459 ], [ 371864.10525138, 165508.99566148 ], [ 371867.18673276, 165466.27394146 ], [ 371909.90897422, 165463.19092619 ], [ 371917.18400765, 165449.27326366 ], [ 371917.1829595, 165416.27554799 ], [ 371933.18077257, 165416.27548058 ], [ 371936.63256186, 165459.50486441 ], [ 371950.18189296, 165466.2735948 ], [ 372033.18605831, 165466.27324798 ], [ 372033.18653619, 165482.27043688 ], [ 372000.18915754, 165482.27057357 ], [ 371983.18922796, 165499.27111474 ], [ 371983.19081989, 165549.27930266 ], [ 371990.46626665, 165563.19617472 ], [ 372033.18917961, 165566.27862603 ], [ 372033.19023137, 165599.27728763 ], [ 372039.95944877, 165612.82637362 ], [ 372083.18869347, 165616.27661152 ], [ 372083.18920419, 165632.28370247 ], [ 372050.19175653, 165632.28383553 ], [ 372036.64214838, 165639.05312022 ], [ 372033.19287679, 165682.28209298 ], [ 372000.19552739, 165682.28222478 ], [ 371983.1955953, 165699.28276594 ], [ 371983.20355424, 165949.29270482 ], [ 372000.20361899, 165966.29216362 ], [ 372050.20145141, 165966.29197317 ], [ 372064.11885794, 165959.0164406 ], [ 372067.20033494, 165916.29371824 ], [ 372083.19816615, 165916.29365669 ], [ 372086.64995807, 165959.5230511 ], [ 372100.19928385, 165966.29178267 ], [ 372133.19851477, 165966.29165691 ], [ 372133.19885685, 165982.29878175 ], [ 372090.47555793, 165985.38161623 ], [ 372083.20037931, 165999.29898698 ], [ 372083.20080886, 166049.29709827 ], [ 372100.20087315, 166066.29695221 ], [ 372183.20582803, 166066.29655031 ], [ 372186.28903485, 166109.02945054 ], [ 372200.20632574, 166116.30455528 ], [ 372283.20235864, 166116.30404794 ], [ 372283.20276426, 166149.30119478 ], [ 372289.97187893, 166162.85053535 ], [ 372333.2009701, 166166.30082611 ], [ 372333.2013883, 166199.28898393 ], [ 372339.97052054, 166212.83833117 ], [ 372383.19965414, 166216.28854501 ], [ 372386.65080146, 166259.53770845 ], [ 372400.20026518, 166266.30655856 ], [ 372633.20772324, 166266.30526294 ], [ 372633.20834994, 166299.30255147 ], [ 372650.20842872, 166316.30222859 ], [ 372733.20485155, 166316.30184393 ], [ 372733.20513588, 166332.30992953 ], [ 372650.20912182, 166332.3103744 ], [ 372633.20919942, 166349.31069714 ], [ 372633.20982588, 166382.30853039 ], [ 372550.20469583, 166382.30896941 ], [ 372533.20477223, 166399.3092449 ], [ 372533.20530711, 166432.3160834 ], [ 372350.20467947, 166432.31699276 ], [ 372333.20475464, 166449.31720788 ], [ 372333.20580471, 166532.31314885 ], [ 372289.97666384, 166535.76397725 ], [ 372283.20777453, 166549.31356454 ], [ 372283.20879189, 166632.31846901 ], [ 372250.21054605, 166632.3186057 ], [ 372236.66105931, 166639.08773114 ], [ 372233.21100803, 166682.32669274 ], [ 372100.20670906, 166682.32720101 ], [ 372083.20677079, 166699.32734588 ], [ 372083.20719687, 166749.32535732 ], [ 372100.20725841, 166766.32521245 ], [ 372183.21357536, 166766.3249059 ], [ 372183.21442714, 166849.33013048 ], [ 372190.48975132, 166863.24729638 ], [ 372233.21318958, 166866.32984208 ], [ 372236.29639732, 166909.0626754 ], [ 372250.21364516, 166916.33779412 ], [ 372300.21222574, 166916.3376044 ], [ 372317.21216124, 166899.33739641 ], [ 372317.21107949, 166816.33149529 ], [ 372333.20959412, 166816.33143235 ], [ 372336.66063441, 166859.56050468 ], [ 372350.2100765, 166866.32938997 ], [ 372383.20879356, 166866.32926244 ], [ 372383.20900181, 166882.33728942 ], [ 372340.48604384, 166885.42003243 ], [ 372333.21064202, 166899.33680269 ], [ 372333.20945417, 166932.33429782 ], [ 372250.21171672, 166932.33461232 ], [ 372233.21178115, 166949.3338867 ], [ 372233.21037265, 166982.33248352 ], [ 372150.20435979, 166982.33279201 ], [ 372133.20442231, 166999.33209764 ], [ 372133.19678118, 167182.34307804 ], [ 372050.19753845, 167182.3433765 ], [ 372033.19759958, 167199.34268308 ], [ 372033.19555985, 167249.34948944 ], [ 372039.96436938, 167262.89950021 ], [ 372083.19354127, 167266.35006421 ], [ 372083.19288829, 167282.34787042 ], [ 372050.19335922, 167282.34798908 ], [ 372036.27638043, 167289.62290079 ], [ 372033.19207434, 167332.34585642 ], [ 371990.46803731, 167335.42857354 ], [ 371983.19260812, 167349.34528214 ], [ 371983.19056983, 167399.35308858 ], [ 371990.46562106, 167413.27091591 ], [ 372033.18854793, 167416.35366286 ], [ 372033.18789545, 167432.35046911 ], [ 371950.1817004, 167432.35076747 ], [ 371933.18176151, 167449.35004104 ], [ 371933.17962463, 167499.35784753 ], [ 371950.17968571, 167516.35857396 ], [ 372033.18443526, 167516.35827559 ], [ 372033.18302346, 167549.35529342 ], [ 372040.45806378, 167563.2731475 ], [ 372083.1810634, 167566.35590208 ], [ 372086.26214258, 167609.0871615 ], [ 372100.1797117, 167616.36274741 ], [ 372150.17947807, 167616.3625675 ], [ 372167.17941689, 167599.36329563 ], [ 372167.18083065, 167566.35569957 ], [ 372300.18568281, 167566.35521586 ], [ 372317.18562084, 167549.35590554 ], [ 372317.18695958, 167516.35734595 ], [ 372433.19110019, 167516.35698757 ], [ 372433.18844563, 167582.36164041 ], [ 372389.95020824, 167585.81214294 ], [ 372383.18100531, 167599.36107467 ], [ 372383.1769718, 167699.3566926 ], [ 372390.45202543, 167713.27451443 ], [ 372433.18295643, 167716.35725914 ], [ 372436.26413642, 167759.0884437 ], [ 372450.18169022, 167766.3640075 ], [ 372550.17920467, 167766.36374744 ], [ 372567.17917744, 167749.36442716 ], [ 372567.18117688, 167699.35751621 ], [ 372559.90612132, 167685.43969902 ], [ 372517.18309026, 167682.35695572 ], [ 372517.18373183, 167666.35914534 ], [ 372550.18323777, 167666.35902571 ], [ 372567.18317613, 167649.35970547 ], [ 372567.18917395, 167499.35727302 ], [ 372550.18911172, 167482.35659327 ], [ 372517.19111061, 167482.35671409 ], [ 372517.1917525, 167466.34890357 ], [ 372559.915749, 167463.26618046 ], [ 372567.19117334, 167449.3494621 ], [ 372567.1944922, 167366.34409786 ], [ 372650.20149002, 167366.3437908 ], [ 372667.20142712, 167349.34446656 ], [ 372667.20273884, 167316.34591577 ], [ 372750.20082149, 167316.34560755 ], [ 372767.20075834, 167299.34624533 ], [ 372767.20979961, 167066.3384116 ], [ 372783.20839433, 167066.3383832 ], [ 372783.2071603, 167099.33453088 ], [ 372800.20722429, 167116.33516667 ], [ 372850.1978229, 167116.33497847 ], [ 372867.19775889, 167099.33561226 ], [ 372867.2009194, 167016.33028535 ], [ 373000.21331292, 167016.32978115 ], [ 373014.13030014, 167009.05485252 ], [ 373017.21453312, 166966.33190041 ], [ 373050.22284103, 166966.33177482 ], [ 373064.13984347, 166959.05682397 ], [ 373067.2239752, 166916.33489111 ], [ 373109.94810027, 166913.25191826 ], [ 373117.22317641, 166899.33435032 ], [ 373117.2219547, 166849.32617336 ], [ 373100.22188889, 166832.32658867 ], [ 373067.22298166, 166832.32671644 ], [ 373067.22019156, 166716.32329278 ], [ 373109.94311505, 166713.24030903 ], [ 373117.21818873, 166699.32274254 ], [ 373117.21738185, 166666.31491049 ], [ 373150.2154238, 166666.3147735 ], [ 373167.21535322, 166649.31431724 ], [ 373167.21319145, 166566.30933966 ], [ 373183.21148042, 166566.309271 ], [ 373186.29528855, 166609.04239685 ], [ 373200.2124509, 166616.31738211 ], [ 373250.21881888, 166616.31717099 ], [ 373264.13619474, 166609.04167252 ], [ 373267.21783563, 166566.30891046 ], [ 373300.21568793, 166566.30876882 ], [ 373314.13306518, 166559.03326661 ], [ 373317.21469075, 166516.3105074 ], [ 373350.21246984, 166516.31037039 ], [ 373367.21239925, 166499.30988934 ], [ 373367.2100505, 166416.30492799 ], [ 373409.93250867, 166413.22194444 ], [ 373417.20755558, 166399.30429686 ], [ 373417.20655482, 166366.30660249 ], [ 373500.2110662, 166366.30638603 ], [ 373517.21100833, 166349.30590345 ], [ 373517.21007133, 166316.29818779 ], [ 373600.20561095, 166316.29797942 ], [ 373617.20555473, 166299.29746173 ], [ 373617.20454991, 166266.30079336 ], [ 373633.20249787, 166266.30077404 ], [ 373633.20343773, 166299.29829818 ], [ 373640.47884261, 166313.2151979 ], [ 373683.19393938, 166316.29777069 ], [ 373686.27787228, 166359.03084243 ], [ 373700.19500454, 166366.30580403 ], [ 373783.20730127, 166366.30558641 ], [ 373783.20824421, 166399.30409335 ], [ 373800.2083041, 166416.30360757 ], [ 373900.21224222, 166416.30335515 ], [ 373917.21221628, 166399.30286832 ], [ 373917.20935255, 166299.29669809 ], [ 373909.93392972, 166285.37978844 ], [ 373867.20284931, 166282.29729448 ], [ 373867.20235969, 166266.30019019 ], [ 373950.20685694, 166266.29998889 ], [ 373964.12425222, 166259.02448686 ], [ 373967.20585582, 166216.28190565 ], [ 374009.92830026, 166213.19893546 ], [ 374017.20334839, 166199.28128071 ], [ 374017.2023356, 166166.29372689 ], [ 374100.20578767, 166166.29357595 ], [ 374114.12322439, 166159.01806786 ], [ 374117.20475524, 166116.29651194 ], [ 374159.9271489, 166113.2135567 ], [ 374167.20220903, 166099.29592603 ], [ 374167.20125879, 166066.28839208 ], [ 374250.19666782, 166066.2882235 ], [ 374264.11406943, 166059.01272197 ], [ 374267.19566766, 166016.29021228 ], [ 374283.1936418, 166016.29020065 ], [ 374283.19554823, 166082.29619188 ], [ 374200.20013597, 166082.29636909 ], [ 374183.20018578, 166099.29685908 ], [ 374183.20264368, 166182.28139635 ], [ 374100.20715488, 166182.28159012 ], [ 374083.20720808, 166199.28211294 ], [ 374083.21162241, 166349.30512312 ], [ 374100.2116468, 166366.30463423 ], [ 374133.2101303, 166366.30458687 ], [ 374133.21209659, 166432.30964368 ], [ 374100.21453658, 166432.30976378 ], [ 374083.21459846, 166449.3102527 ], [ 374083.21757438, 166549.30631634 ], [ 374100.21763972, 166566.30579341 ], [ 374133.2160544, 166566.30566658 ], [ 374133.21700465, 166599.31410065 ], [ 374150.21707177, 166616.31361125 ], [ 374250.21305613, 166616.31321632 ], [ 374264.1304429, 166609.03770877 ], [ 374267.21203669, 166566.30515106 ], [ 374333.21595293, 166566.30489682 ], [ 374336.29990352, 166609.03786565 ], [ 374350.21704055, 166616.31282091 ], [ 374433.21445013, 166616.31249235 ], [ 374433.21491367, 166632.30947331 ], [ 374250.2143626, 166632.31021598 ], [ 374233.21443155, 166649.31074042 ], [ 374233.21544982, 166682.31828655 ], [ 374150.21991317, 166682.31863127 ], [ 374133.21998378, 166699.31912072 ], [ 374133.22093381, 166732.31674759 ], [ 374117.22293754, 166732.31684762 ], [ 374114.13906269, 166689.59380058 ], [ 374100.22188401, 166682.31883877 ], [ 374067.2155049, 166682.31904167 ], [ 374067.21302029, 166599.31348332 ], [ 374050.2129533, 166582.31400572 ], [ 373950.21696895, 166582.3143997 ], [ 373933.21703592, 166599.31492106 ], [ 373933.22143602, 166749.31807838 ], [ 373940.49686691, 166763.23499306 ], [ 373983.21995465, 166766.31745094 ], [ 373983.22240269, 166849.32291773 ], [ 374000.22247837, 166866.32242985 ], [ 374250.22047797, 166866.32121573 ], [ 374264.13785801, 166859.0457054 ], [ 374267.21945006, 166816.32314164 ], [ 374333.22344775, 166816.3228537 ], [ 374333.22491397, 166932.32573481 ], [ 374100.22627759, 166932.32695046 ], [ 374086.30924073, 166939.60201666 ], [ 374083.22557926, 166982.32488212 ], [ 374000.22088762, 166982.32535193 ], [ 373983.22099736, 166999.32488873 ], [ 373983.21564648, 167199.33549383 ], [ 373990.4907762, 167213.25314693 ], [ 374033.21342919, 167216.33581639 ], [ 374033.21303074, 167232.34266931 ], [ 373990.48973446, 167235.42546209 ], [ 373983.21438333, 167249.34234512 ], [ 373983.21175685, 167349.33818149 ], [ 374000.21182702, 167366.33861103 ], [ 374033.20959447, 167366.33847481 ], [ 374033.20919586, 167382.34642773 ], [ 373950.21194475, 167382.34676644 ], [ 373933.21201413, 167399.34629655 ], [ 373933.21110206, 167432.34368384 ], [ 373900.21116631, 167432.34381693 ], [ 373883.21123489, 167449.34334081 ], [ 373883.20890991, 167532.3496771 ], [ 373700.19053249, 167532.35039775 ], [ 373689.9597507, 167535.80081959 ], [ 373689.9597507, 167535.80081959 ] ] ], [ [ [ 368936.64066026, 165289.05710072 ], [ 368933.19078013, 165349.28494679 ], [ 368950.19091772, 165366.28476219 ], [ 369033.19462821, 165366.28409044 ], [ 369033.19561017, 165449.28980944 ], [ 369050.19574268, 165466.28960835 ], [ 369083.19379242, 165466.28935116 ], [ 369083.19604408, 165649.29896752 ], [ 369100.19616643, 165666.2987585 ], [ 369133.19446662, 165666.29852099 ], [ 369133.19495439, 165699.29649207 ], [ 369150.19504018, 165716.29624078 ], [ 369250.1993666, 165716.29563603 ], [ 369267.19924677, 165699.29540208 ], [ 369267.19724981, 165566.29283706 ], [ 369283.19528121, 165566.29271717 ], [ 369283.19581787, 165599.29083091 ], [ 369300.19594272, 165616.29055443 ], [ 369383.19334087, 165616.28994487 ], [ 369383.19483742, 165699.29507209 ], [ 369400.19495718, 165716.29477913 ], [ 369433.20137003, 165716.29454661 ], [ 369433.20300638, 165799.29973569 ], [ 369450.20308706, 165816.29940058 ], [ 369500.2014338, 165816.29916327 ], [ 369513.75097484, 165809.52995186 ], [ 369517.20062049, 165766.30205187 ], [ 369550.19868275, 165766.30182435 ], [ 369564.11599418, 165759.02635341 ], [ 369567.19781638, 165716.29373668 ], [ 369650.19394707, 165716.29321809 ], [ 369667.19382733, 165699.29281546 ], [ 369667.19155861, 165599.28781571 ], [ 369660.42237171, 165585.73858007 ], [ 369617.19304863, 165582.28842667 ], [ 369617.1927094, 165566.29034873 ], [ 369659.91530822, 165563.20731294 ], [ 369667.19037389, 165549.28976467 ], [ 369667.18840655, 165466.28493502 ], [ 369700.19407817, 165466.28474397 ], [ 369717.19397976, 165449.28433254 ], [ 369717.19034867, 165299.28115834 ], [ 369709.91490774, 165285.36416122 ], [ 369667.18414266, 165282.2818418 ], [ 369667.18217287, 165199.27554348 ], [ 369650.18202778, 165182.27594696 ], [ 369617.18405828, 165182.2762286 ], [ 369617.18335697, 165149.26900235 ], [ 369600.18320934, 165132.26936354 ], [ 369550.18548073, 165132.26979776 ], [ 369536.26819256, 165139.54527885 ], [ 369533.18637949, 165182.27694557 ], [ 369500.18886839, 165182.27722723 ], [ 369486.27159304, 165189.55268626 ], [ 369483.18968213, 165232.27536481 ], [ 369467.19201338, 165232.27549899 ], [ 369467.19037197, 165149.27043005 ], [ 369450.19022432, 165132.27076625 ], [ 369417.18435023, 165132.27105291 ], [ 369414.10090392, 165089.54825468 ], [ 369400.18359539, 165082.27322034 ], [ 369250.18978722, 165082.27474565 ], [ 369233.18997144, 165099.27501463 ], [ 369233.19076253, 165149.27287248 ], [ 369240.4661621, 165163.18998306 ], [ 369283.18866668, 165166.27231685 ], [ 369283.18892769, 165182.27921374 ], [ 369239.96040008, 165185.73021466 ], [ 369233.19155342, 165199.27979625 ], [ 369233.19224396, 165249.27765397 ], [ 369239.96139544, 165262.82699644 ], [ 369283.19029695, 165266.27714236 ], [ 369283.19055779, 165282.28510512 ], [ 369200.20409397, 165282.28578896 ], [ 369186.65463888, 165289.05496475 ], [ 369183.20473927, 165332.28281058 ], [ 369117.19210734, 165332.28341071 ], [ 369117.1916345, 165299.28636948 ], [ 369100.1914944, 165282.28661308 ], [ 368950.19006309, 165282.28794936 ], [ 368936.64066026, 165289.05710072 ], [ 368936.64066026, 165289.05710072 ] ] ], [ [ [ 378360.01671941, 168285.48827296 ], [ 378317.29975479, 168282.40459357 ], [ 378314.21695129, 168239.67252283 ], [ 378300.30006306, 168232.39717631 ], [ 378267.29965457, 168232.39629294 ], [ 378267.29884594, 168066.38937548 ], [ 378310.02319144, 168063.30758996 ], [ 378317.2986188, 168049.39011667 ], [ 378317.29839661, 167999.39412075 ], [ 378300.29881728, 167982.3941963 ], [ 378200.29905073, 167982.39162171 ], [ 378186.38140303, 167989.66675617 ], [ 378183.2987445, 168032.38719638 ], [ 378167.29886108, 168032.38680035 ], [ 378167.29864569, 167999.39027338 ], [ 378160.0235984, 167985.47325007 ], [ 378117.28971772, 167982.3895015 ], [ 378117.28935117, 167916.38557728 ], [ 378160.0227663, 167913.30379116 ], [ 378167.2981931, 167899.38631688 ], [ 378167.2980438, 167866.39081909 ], [ 378183.29789781, 167866.39121482 ], [ 378186.38070332, 167909.11228476 ], [ 378200.29759168, 167916.3876307 ], [ 378250.29754475, 167916.38896755 ], [ 378264.21519216, 167909.1138333 ], [ 378267.29785181, 167866.39339236 ], [ 378283.29773974, 167866.39378807 ], [ 378286.74841773, 167909.62111062 ], [ 378300.29753178, 167916.39020437 ], [ 378350.28938461, 167916.39144104 ], [ 378364.20700529, 167909.11629649 ], [ 378367.28965949, 167866.39589928 ], [ 378383.30554764, 167866.39632732 ], [ 378386.3884343, 167909.11745895 ], [ 378400.30533791, 167916.39277798 ], [ 378483.30563777, 167916.39489687 ], [ 378483.30570711, 167932.4018277 ], [ 378350.29048039, 167932.39843729 ], [ 378333.2900259, 167949.39851235 ], [ 378333.29024667, 167999.39550849 ], [ 378350.2897921, 168016.39543342 ], [ 378483.30607104, 168016.39882448 ], [ 378483.30643074, 168099.40231258 ], [ 378500.30597602, 168116.4022389 ], [ 378600.31480468, 168116.40481404 ], [ 378617.31522543, 168099.40474131 ], [ 378617.31508421, 168066.39827128 ], [ 378683.31488038, 168066.39997037 ], [ 378683.31501977, 168099.40746069 ], [ 378690.5900717, 168113.32452627 ], [ 378733.32303836, 168116.4082057 ], [ 378736.77362027, 168159.6365015 ], [ 378750.32272208, 168166.4056244 ], [ 379050.33099576, 168166.41334922 ], [ 379067.33145045, 168149.41328071 ], [ 379067.33131746, 168116.41677042 ], [ 379100.33077514, 168116.41758689 ], [ 379117.33119575, 168099.41751887 ], [ 379117.33099563, 168049.41051914 ], [ 379100.33141616, 168032.41058717 ], [ 379067.33097895, 168032.40977084 ], [ 379067.330846, 167999.41328245 ], [ 379050.33130047, 167982.41335095 ], [ 378950.32246699, 167982.41077747 ], [ 378936.77265829, 167989.17968021 ], [ 378933.32218132, 168032.4063218 ], [ 378867.3224497, 168032.40462297 ], [ 378867.32211054, 167966.41162593 ], [ 378910.55280894, 167962.96204144 ], [ 378917.3219913, 167949.41237218 ], [ 378917.32185564, 167916.40589763 ], [ 378933.32170763, 167916.40632524 ], [ 378933.32184238, 167949.41384796 ], [ 378950.32142202, 167966.41377856 ], [ 379000.33037324, 167966.41501515 ], [ 379017.3307936, 167949.41494622 ], [ 379017.33038812, 167849.4119479 ], [ 379000.33080833, 167832.41201683 ], [ 378917.32151044, 167832.4098989 ], [ 378917.32137483, 167799.40237607 ], [ 378910.55254186, 167785.85310835 ], [ 378867.32126932, 167782.40162985 ], [ 378867.32112818, 167766.40401337 ], [ 378983.32983141, 167766.4069855 ], [ 378986.41287954, 167809.12972496 ], [ 379000.32973128, 167816.40501763 ], [ 379050.32958643, 167816.40635337 ], [ 379067.33004058, 167799.40620556 ], [ 379067.32916909, 167699.40188171 ], [ 379050.32959021, 167682.40203019 ], [ 378967.32016987, 167682.3999739 ], [ 378967.31981423, 167649.40165421 ], [ 378950.32023566, 167632.40183742 ], [ 378867.3198461, 167632.3997798 ], [ 378867.31774118, 167416.39359642 ], [ 378910.04216168, 167413.31179145 ], [ 378917.31755584, 167399.39423363 ], [ 378917.31672584, 167316.38960826 ], [ 378960.04103771, 167313.30781217 ], [ 378967.31644303, 167299.39028085 ], [ 378967.31615357, 167266.39327231 ], [ 379050.32441653, 167266.39540639 ], [ 379063.87425541, 167259.62646758 ], [ 379067.32455202, 167216.38921646 ], [ 379100.32394862, 167216.39003911 ], [ 379117.32437241, 167199.38985712 ], [ 379117.32383716, 167149.39224435 ], [ 379110.55496923, 167135.84306214 ], [ 379067.32378498, 167132.39160315 ], [ 379067.32343094, 167099.38338306 ], [ 379060.55457902, 167085.8342132 ], [ 379017.32337724, 167082.38267564 ], [ 379017.3227339, 167016.37841347 ], [ 379033.32270669, 167016.37881336 ], [ 379033.32299467, 167049.38710021 ], [ 379050.32257007, 167066.38695189 ], [ 379150.32236997, 167066.38956174 ], [ 379167.32283272, 167049.38941401 ], [ 379167.32254589, 167016.38238543 ], [ 379250.3297361, 167016.38461638 ], [ 379267.33020652, 166999.38446865 ], [ 379267.32991976, 166966.38747054 ], [ 379333.32972781, 166966.38929475 ], [ 379336.78048111, 167009.61829143 ], [ 379350.32954425, 167016.38738352 ], [ 379500.33834029, 167016.3914341 ], [ 379517.33877666, 166999.39125235 ], [ 379517.33842385, 166966.39428025 ], [ 379533.33834372, 166966.39472244 ], [ 379536.42130899, 167009.11750236 ], [ 379550.33816024, 167016.39281752 ], [ 379583.34673232, 167016.39373072 ], [ 379583.34701924, 167049.40197581 ], [ 379600.34654836, 167066.40182804 ], [ 379700.34635601, 167066.40459789 ], [ 379717.34682688, 167049.40445012 ], [ 379717.34653997, 167016.39743802 ], [ 379760.07081662, 167013.31574986 ], [ 379767.34624595, 166999.39820319 ], [ 379767.3459591, 166966.40108913 ], [ 379800.34529525, 166966.40200101 ], [ 379817.34576502, 166949.40181923 ], [ 379817.3452304, 166899.40518604 ], [ 379800.34569962, 166882.40536783 ], [ 379717.34522837, 166882.40307687 ], [ 379717.34443518, 166816.39750575 ], [ 379760.57502843, 166812.94798782 ], [ 379767.34417524, 166799.39816775 ], [ 379767.3436938, 166766.39207468 ], [ 379810.57424194, 166762.94256477 ], [ 379817.34339978, 166749.39277028 ], [ 379817.34204097, 166649.3871162 ], [ 379800.34250922, 166632.38736417 ], [ 379717.34201929, 166632.38507801 ], [ 379714.258902, 166589.6630821 ], [ 379700.3420721, 166582.38780085 ], [ 379667.34143624, 166582.38689218 ], [ 379667.3410209, 166549.37840159 ], [ 379660.06594764, 166535.46146284 ], [ 379617.34091916, 166532.37770713 ], [ 379614.25771644, 166489.65468466 ], [ 379600.34087171, 166482.37943133 ], [ 379550.33301772, 166482.37815539 ], [ 379533.33258397, 166499.37836927 ], [ 379533.33362827, 166582.38330217 ], [ 379500.33445632, 166582.38239345 ], [ 379486.78456083, 166589.15134845 ], [ 379483.33440331, 166632.37873198 ], [ 379467.33351527, 166632.37829118 ], [ 379467.33303415, 166599.38076863 ], [ 379450.33350232, 166582.3810165 ], [ 379317.32512401, 166582.37745353 ], [ 379317.3246429, 166549.36893254 ], [ 379300.32511094, 166532.36918032 ], [ 379217.32462093, 166532.36689513 ], [ 379217.32357732, 166449.37060572 ], [ 379200.32404501, 166432.37081948 ], [ 379000.31644624, 166432.36562603 ], [ 378986.39875285, 166439.6408279 ], [ 378983.31640058, 166482.36300343 ], [ 378967.30752182, 166482.36260771 ], [ 378963.85653796, 166439.13342282 ], [ 378950.30747018, 166432.364392 ], [ 378900.30762827, 166432.36315805 ], [ 378883.30720873, 166449.36336541 ], [ 378883.30761122, 166482.3604971 ], [ 378767.30797746, 166482.35749723 ], [ 378763.85709275, 166439.12841655 ], [ 378750.30803656, 166432.35935602 ], [ 378700.3000945, 166432.35802186 ], [ 378686.38240399, 166439.63321956 ], [ 378683.30003271, 166482.35538629 ], [ 378640.06952817, 166485.80500354 ], [ 378633.30038859, 166499.35477083 ], [ 378633.30097811, 166549.35255345 ], [ 378640.57607063, 166563.26951901 ], [ 378683.30102994, 166566.35317036 ], [ 378683.30121997, 166582.36092055 ], [ 378640.57697301, 166585.44265377 ], [ 378633.30156768, 166599.36023625 ], [ 378633.30362529, 166782.3687079 ], [ 378590.57937336, 166785.45042651 ], [ 378583.30395533, 166799.36798253 ], [ 378583.30444072, 166849.365763 ], [ 378600.30398128, 166866.36559795 ], [ 378633.30460775, 166866.36648982 ], [ 378633.3054266, 166949.37137068 ], [ 378650.30496732, 166966.37121939 ], [ 378883.31334852, 166966.37731392 ], [ 378883.31417814, 167049.3831884 ], [ 378890.5892464, 167063.30015406 ], [ 378933.31423338, 167066.38389532 ], [ 378933.31440567, 167082.38051064 ], [ 378900.31507608, 167082.37962085 ], [ 378883.31461769, 167099.37980429 ], [ 378883.31544746, 167182.38449497 ], [ 378817.31557483, 167182.38278334 ], [ 378817.31521724, 167149.38445773 ], [ 378800.31564142, 167132.38464196 ], [ 378667.30725536, 167132.38122321 ], [ 378667.30696157, 167099.37302768 ], [ 378650.30742007, 167082.37317899 ], [ 378450.29860042, 167082.36798452 ], [ 378433.29817587, 167099.36813731 ], [ 378433.29847252, 167132.37518339 ], [ 378350.28324242, 167132.37301158 ], [ 378333.28278418, 167149.37316514 ], [ 378333.28359993, 167232.37690315 ], [ 378250.29227482, 167232.37476814 ], [ 378236.74242164, 167239.14372564 ], [ 378233.29221654, 167282.37197081 ], [ 378100.28402626, 167282.3685568 ], [ 378083.2836027, 167299.36874625 ], [ 378083.28446168, 167382.37339118 ], [ 377917.27720878, 167382.36950258 ], [ 377917.27684714, 167349.36125769 ], [ 377900.27714845, 167332.36144395 ], [ 377767.27797458, 167332.35892068 ], [ 377763.82711851, 167289.13001845 ], [ 377750.27796272, 167282.36098536 ], [ 377717.27789928, 167282.36033907 ], [ 377717.27679786, 167149.3580857 ], [ 377700.27708968, 167132.3582265 ], [ 377617.26863427, 167132.35673554 ], [ 377617.26837208, 167099.34869516 ], [ 377600.26866156, 167082.34883019 ], [ 377550.26910591, 167082.3479788 ], [ 377533.26881643, 167099.34811095 ], [ 377533.269073, 167132.35522553 ], [ 377517.26954579, 167132.35491886 ], [ 377517.26860022, 166999.34286693 ], [ 377500.26888494, 166982.34299623 ], [ 377400.26194171, 166982.34122123 ], [ 377383.26162297, 166999.34134475 ], [ 377383.26186281, 167032.34845193 ], [ 377367.26235271, 167032.34814973 ], [ 377367.26218447, 166999.34029713 ], [ 377359.98705964, 166985.4231957 ], [ 377317.26256223, 166982.33983107 ], [ 377317.26239961, 166949.34192474 ], [ 377309.98727447, 166935.42482025 ], [ 377267.25485466, 166932.34146033 ], [ 377267.25456445, 166799.3401927 ], [ 377250.25483369, 166782.34019542 ], [ 377200.25444153, 166782.33940354 ], [ 377186.33696541, 166789.61455709 ], [ 377183.25416719, 166832.33631077 ], [ 377150.25503198, 166832.3357766 ], [ 377136.33754652, 166839.61093506 ], [ 377133.25477797, 166882.34272006 ], [ 377050.24812621, 166882.34135301 ], [ 377036.69842301, 166889.11030168 ], [ 377033.2479809, 166932.33743977 ], [ 376990.01775516, 166935.78726219 ], [ 376983.2486206, 166949.33689218 ], [ 376983.24914052, 167082.33772468 ], [ 376900.25052028, 167082.33621165 ], [ 376886.33298004, 167089.61137977 ], [ 376883.25031461, 167132.34326811 ], [ 376850.25113756, 167132.34263574 ], [ 376833.25081178, 167149.34269348 ], [ 376833.25098162, 167199.3400686 ], [ 376850.25065349, 167216.34001086 ], [ 376933.25008908, 167216.34154693 ], [ 376933.25021236, 167249.34829365 ], [ 376950.24988185, 167266.34823015 ], [ 377050.24904298, 167266.35017432 ], [ 377064.16659174, 167259.07500412 ], [ 377067.24923901, 167216.34406547 ], [ 377083.25674816, 167216.34434244 ], [ 377083.25695426, 167249.35115265 ], [ 377100.25662373, 167266.35104649 ], [ 377283.26426112, 167266.35453862 ], [ 377283.26476962, 167349.34992783 ], [ 377300.26443436, 167366.34981016 ], [ 377383.26405478, 167366.35144705 ], [ 377383.26422839, 167399.35932322 ], [ 377400.26389075, 167416.3592338 ], [ 377450.26349718, 167416.36022684 ], [ 377467.26383482, 167399.36013454 ], [ 377467.26294656, 167266.35804822 ], [ 377483.27053058, 167266.35832743 ], [ 377486.3534841, 167309.08090838 ], [ 377500.2704485, 167316.35618929 ], [ 377533.27050307, 167316.35683555 ], [ 377533.27143634, 167449.35891723 ], [ 377550.27109633, 167466.35878516 ], [ 377633.27090428, 167466.36044522 ], [ 377633.27103404, 167482.368029 ], [ 377550.27216709, 167482.36635743 ], [ 377533.27182472, 167499.36648945 ], [ 377533.27221301, 167549.3639615 ], [ 377550.27186827, 167566.36382947 ], [ 377633.27171487, 167566.3655786 ], [ 377633.27184458, 167582.37209627 ], [ 377590.04136844, 167585.82186516 ], [ 377583.2722418, 167599.37155738 ], [ 377583.27263848, 167649.36913629 ], [ 377600.27228901, 167666.36900141 ], [ 377683.28117738, 167666.37077377 ], [ 377683.28145035, 167699.36889059 ], [ 377690.05033868, 167712.91812935 ], [ 377733.28135145, 167716.36943295 ], [ 377733.28148655, 167732.37599639 ], [ 377700.28235214, 167732.37524284 ], [ 377683.28196394, 167749.37538343 ], [ 377683.28262458, 167832.37965511 ], [ 377550.27479807, 167832.37678904 ], [ 377533.27444449, 167849.37692201 ], [ 377533.27470258, 167882.3725823 ], [ 377500.27555762, 167882.37183625 ], [ 377483.27517328, 167899.37197161 ], [ 377483.27557146, 167949.37915913 ], [ 377500.27522442, 167966.37902377 ], [ 377583.27511261, 167966.38078407 ], [ 377583.27536623, 167999.37836386 ], [ 377590.04425514, 168012.92761299 ], [ 377633.27514267, 168016.37890032 ], [ 377636.35809244, 168059.10011882 ], [ 377650.27505142, 168066.37540253 ], [ 377683.28415889, 168066.3760633 ], [ 377683.28440344, 168099.38367864 ], [ 377690.55953158, 168113.30074318 ], [ 377733.28416105, 168116.38414084 ], [ 377733.28427739, 168132.38124953 ], [ 377650.27638047, 168132.37962009 ], [ 377633.27604676, 168149.37974847 ], [ 377633.27680213, 168249.38296646 ], [ 377640.55191894, 168263.30002067 ], [ 377683.28554148, 168266.38347322 ], [ 377683.28642816, 168399.38424108 ], [ 377700.28614492, 168416.38414893 ], [ 377733.28614404, 168416.38469876 ], [ 377733.28638439, 168449.3921459 ], [ 377750.28610448, 168466.39202212 ], [ 377933.29273845, 168466.39513464 ], [ 377933.29284604, 168482.39213931 ], [ 377890.56073515, 168485.4742567 ], [ 377883.28538247, 168499.39168527 ], [ 377883.28562582, 168549.39769653 ], [ 377890.56075522, 168563.31480504 ], [ 377933.29327714, 168566.39814419 ], [ 377933.29376973, 168649.40253515 ], [ 377940.06265791, 168662.95179991 ], [ 377983.29347225, 168666.40306893 ], [ 377983.29362469, 168699.39947612 ], [ 378000.29320285, 168716.39939757 ], [ 378133.30234772, 168716.40279791 ], [ 378133.30246974, 168732.39991734 ], [ 378100.29422691, 168732.39903436 ], [ 378083.29377216, 168749.39919436 ], [ 378083.29424284, 168799.40653992 ], [ 378090.56932428, 168813.32353807 ], [ 378133.30331787, 168816.40719077 ], [ 378136.38630902, 168859.12854094 ], [ 378150.30317407, 168866.40384457 ], [ 378183.30361899, 168866.40471506 ], [ 378186.38668931, 168909.1371143 ], [ 378200.30357248, 168916.41239063 ], [ 378233.30393386, 168916.41318889 ], [ 378233.30407574, 168932.41040985 ], [ 378190.57982168, 168935.49224955 ], [ 378183.30443631, 168949.40980566 ], [ 378183.30498907, 168999.417033 ], [ 378200.30458416, 169016.41684508 ], [ 378300.30404619, 169016.4192267 ], [ 378317.30445104, 168999.41907902 ], [ 378317.30373001, 168916.41522063 ], [ 378350.29497019, 168916.41601858 ], [ 378367.29538136, 168899.41587409 ], [ 378367.2944314, 168799.41244186 ], [ 378350.2948489, 168782.41262035 ], [ 378267.30264581, 168782.41058215 ], [ 378267.3021069, 168716.40622258 ], [ 378310.53262979, 168712.95663971 ], [ 378317.30181086, 168699.40696558 ], [ 378317.30158818, 168649.41096946 ], [ 378300.30200987, 168632.41104518 ], [ 378267.30164575, 168632.4102266 ], [ 378267.30120786, 168549.40573689 ], [ 378250.30162941, 168532.40581306 ], [ 378167.30136057, 168532.40368887 ], [ 378164.21854619, 168489.67257298 ], [ 378150.30163237, 168482.39723784 ], [ 378117.29226264, 168482.39641947 ], [ 378117.29181807, 168399.39193011 ], [ 378100.29223942, 168382.39200764 ], [ 378017.29196083, 168382.38988439 ], [ 378017.291887, 168366.39388968 ], [ 378100.2911688, 168366.39601252 ], [ 378117.29159008, 168349.39593502 ], [ 378117.29143964, 168316.39947258 ], [ 378183.300157, 168316.40117389 ], [ 378186.75083724, 168359.62949712 ], [ 378200.29995044, 168366.39859061 ], [ 378283.30022845, 168366.40071322 ], [ 378286.75082854, 168409.62805454 ], [ 378300.29995394, 168416.39716446 ], [ 378350.29179294, 168416.39840343 ], [ 378367.29221426, 168399.39832827 ], [ 378367.29177216, 168299.40533577 ], [ 378360.01671941, 168285.48827296 ], [ 378360.01671941, 168285.48827296 ] ] ], [ [ [ 368940.30267236, 170185.54720985 ], [ 368933.02724281, 170199.46391961 ], [ 368933.02317223, 170299.46854181 ], [ 368950.02319814, 170316.46923374 ], [ 369000.02187767, 170316.46915751 ], [ 369017.02185173, 170299.46988329 ], [ 369017.02326091, 170266.46228665 ], [ 369033.03004016, 170266.46223026 ], [ 369033.02863135, 170299.4682556 ], [ 369050.02869129, 170316.46898122 ], [ 369100.02747082, 170316.46880487 ], [ 369113.94445121, 170309.19389254 ], [ 369117.02875341, 170266.46193428 ], [ 369159.75278385, 170263.37922715 ], [ 369167.02822393, 170249.46254335 ], [ 369167.03373305, 170116.45932715 ], [ 369233.0392548, 170116.45909504 ], [ 369233.03581465, 170199.46306428 ], [ 369250.03587456, 170216.4637553 ], [ 369383.03235987, 170216.46328633 ], [ 369383.02898811, 170299.46725497 ], [ 369390.30403957, 170313.3850801 ], [ 369433.03504324, 170316.46782883 ], [ 369436.48392805, 170359.69624971 ], [ 369450.03369728, 170366.46557809 ], [ 369500.03247726, 170366.46540109 ], [ 369517.03241707, 170349.46609137 ], [ 369517.03657756, 170249.46150678 ], [ 369500.0365175, 170232.46078256 ], [ 369467.03848897, 170232.46089915 ], [ 369467.04196008, 170149.45596481 ], [ 369450.04190017, 170132.45524042 ], [ 369417.03587254, 170132.45535677 ], [ 369417.03721305, 170099.45929791 ], [ 369409.76216174, 170085.54147278 ], [ 369367.03816011, 170082.45872346 ], [ 369367.04090821, 170016.45310422 ], [ 369409.76594664, 170013.37038974 ], [ 369417.04137582, 169999.45367894 ], [ 369417.04474812, 169916.44830967 ], [ 369450.05227434, 169916.44819386 ], [ 369467.05221468, 169899.44888442 ], [ 369467.05637665, 169799.4543001 ], [ 369450.05631713, 169782.45357552 ], [ 369350.04980112, 169782.4538257 ], [ 369336.13279379, 169789.7287274 ], [ 369333.04848561, 169832.45069474 ], [ 369267.05096908, 169832.4509259 ], [ 369267.05575053, 169716.44849572 ], [ 369350.05404919, 169716.448206 ], [ 369367.05398983, 169699.44888738 ], [ 369367.05531286, 169666.44032095 ], [ 369400.05582846, 169666.440206 ], [ 369417.05576923, 169649.44088772 ], [ 369417.06178449, 169499.43831214 ], [ 369400.06172574, 169482.43763038 ], [ 369367.06268886, 169482.43774444 ], [ 369367.06601637, 169399.43383342 ], [ 369350.06599195, 169382.43315194 ], [ 369267.06924017, 169382.43333718 ], [ 369263.62026485, 169339.20488895 ], [ 369250.07053791, 169332.43556918 ], [ 369200.08075858, 169332.43564044 ], [ 369183.08078283, 169349.43495961 ], [ 369183.07946128, 169382.43359167 ], [ 369150.06297728, 169382.43363899 ], [ 369133.06300166, 169399.4329585 ], [ 369133.06099989, 169449.44088602 ], [ 369150.06105839, 169466.44156651 ], [ 369183.07609716, 169466.44145288 ], [ 369186.15727601, 169509.16264733 ], [ 369200.07480045, 169516.43822126 ], [ 369233.06377188, 169516.43817335 ], [ 369233.06112788, 169582.44386081 ], [ 369150.05493637, 169582.44414881 ], [ 369136.50575224, 169589.21285599 ], [ 369133.05367451, 169632.44103532 ], [ 369067.05612388, 169632.44119876 ], [ 369067.05944386, 169549.437247 ], [ 369050.05941912, 169532.43656706 ], [ 368967.05467024, 169532.43675391 ], [ 368967.05598922, 169499.43966302 ], [ 368950.05593066, 169482.43898348 ], [ 368900.05715335, 169482.43915573 ], [ 368883.05721193, 169499.43847643 ], [ 368883.05589337, 169532.43704404 ], [ 368850.05637879, 169532.43715798 ], [ 368833.05643751, 169549.43647902 ], [ 368833.05244331, 169649.44113936 ], [ 368850.0524683, 169666.44181836 ], [ 368933.04931416, 169666.44163026 ], [ 368933.04799502, 169699.44872126 ], [ 368950.0480542, 169716.44940067 ], [ 369033.05275283, 169716.4491776 ], [ 369033.04724207, 169849.45085942 ], [ 369040.32228203, 169863.36871173 ], [ 369083.04532583, 169866.45146983 ], [ 369083.04467496, 169882.44928024 ], [ 369040.32063707, 169885.53199395 ], [ 369033.04520746, 169899.44870404 ], [ 369033.04386437, 169932.457266 ], [ 369000.03633673, 169932.45738161 ], [ 368983.03639627, 169949.45668968 ], [ 368983.02815645, 170149.45593285 ], [ 368990.30319026, 170163.37374706 ], [ 369033.034143, 170166.4565747 ], [ 369033.03349173, 170182.46438557 ], [ 368950.02718299, 170182.46461161 ], [ 368940.30267236, 170185.54720985 ], [ 368940.30267236, 170185.54720985 ] ] ], [ [ [ 369786.11894927, 173409.24904895 ], [ 369800.03630454, 173416.52394928 ], [ 370033.04819957, 173416.5202006 ], [ 370033.04901552, 173449.52718517 ], [ 370050.04926802, 173466.52676492 ], [ 370233.05956232, 173466.5242136 ], [ 370233.06035944, 173499.52035981 ], [ 370239.82961779, 173513.06960723 ], [ 370283.07022157, 173516.51946829 ], [ 370286.15393643, 173559.2512193 ], [ 370300.07122416, 173566.52618821 ], [ 370400.07221896, 173566.52495922 ], [ 370413.98946586, 173559.24944963 ], [ 370417.07122382, 173516.51771674 ], [ 370500.0720381, 173516.51660834 ], [ 370517.07182461, 173499.5162072 ], [ 370517.06956157, 173399.5132024 ], [ 370500.06933848, 173382.51357068 ], [ 370467.06852792, 173382.51400375 ], [ 370463.98466381, 173339.79253855 ], [ 370450.06735826, 173332.51761581 ], [ 370417.06668079, 173332.51811862 ], [ 370417.06576859, 173299.51230227 ], [ 370409.7902656, 173285.59532005 ], [ 370367.06472921, 173282.51321265 ], [ 370367.06428639, 173266.51661085 ], [ 370410.29564031, 173263.06543733 ], [ 370417.06438673, 173249.51569675 ], [ 370417.0630049, 173199.51909119 ], [ 370400.06277414, 173182.51956104 ], [ 370317.06148753, 173182.52075373 ], [ 370317.05411401, 172916.51324117 ], [ 370359.77929316, 172913.42969362 ], [ 370367.0542286, 172899.51216846 ], [ 370367.05331541, 172866.51576052 ], [ 370400.05371097, 172866.51522061 ], [ 370413.97091482, 172859.23967364 ], [ 370417.05258691, 172816.50933456 ], [ 370550.06213521, 172816.5070437 ], [ 370563.61153284, 172809.73771362 ], [ 370567.06091368, 172766.51013893 ], [ 370583.06150494, 172766.50987359 ], [ 370583.06241109, 172799.50668699 ], [ 370600.06269107, 172816.50622014 ], [ 370700.06387066, 172816.50457313 ], [ 370713.61329307, 172809.7352552 ], [ 370717.06268733, 172766.50755156 ], [ 370833.07346086, 172766.50556205 ], [ 370833.07562254, 172849.50818855 ], [ 370850.07593456, 172866.50775934 ], [ 370933.06925909, 172866.50630196 ], [ 370933.07403047, 173049.50242241 ], [ 370950.07430079, 173066.50199455 ], [ 371050.09145904, 173066.50040401 ], [ 371067.09118867, 173049.49994359 ], [ 371067.09029504, 173016.50455719 ], [ 371110.32135754, 173013.0537555 ], [ 371117.09018329, 172999.50396684 ], [ 371117.08929345, 172966.49756496 ], [ 371133.09860681, 172966.49750055 ], [ 371133.09942605, 172999.50466089 ], [ 371150.09945531, 173016.50423895 ], [ 371250.10007406, 173016.50396696 ], [ 371267.10001084, 172999.50354976 ], [ 371267.09755662, 172899.49977607 ], [ 371250.09748321, 172882.50019327 ], [ 371167.09642199, 172882.50055181 ], [ 371167.09602497, 172866.50373969 ], [ 371250.09630824, 172866.50335625 ], [ 371267.09622971, 172849.50293914 ], [ 371267.09500279, 172799.49700188 ], [ 371250.09488518, 172782.49741899 ], [ 371217.09421305, 172782.49764731 ], [ 371217.09381832, 172766.50075387 ], [ 371250.0938648, 172766.50058166 ], [ 371267.09377608, 172749.50016462 ], [ 371267.09254933, 172699.49322705 ], [ 371250.09242151, 172682.49364409 ], [ 371017.08098977, 172682.49570195 ], [ 371017.08058795, 172666.49992651 ], [ 371050.08104242, 172666.49937202 ], [ 371063.63045878, 172659.73005463 ], [ 371067.07986303, 172616.49245502 ], [ 371109.80476471, 172613.40931187 ], [ 371117.07980118, 172599.49176274 ], [ 371117.07897801, 172566.4952507 ], [ 371200.08850792, 172566.49455159 ], [ 371217.08836475, 172549.49409826 ], [ 371217.08163528, 172299.49293094 ], [ 371200.08143936, 172282.49340046 ], [ 371050.07118565, 172282.49502951 ], [ 371033.07134763, 172299.49546877 ], [ 371033.077688, 172532.49613813 ], [ 370950.06065904, 172532.49761648 ], [ 370933.06094847, 172549.49804421 ], [ 370933.06177871, 172582.49467207 ], [ 370917.06918012, 172582.49494263 ], [ 370913.61759372, 172539.26727946 ], [ 370900.06805899, 172532.49856785 ], [ 370850.06745876, 172532.49941931 ], [ 370836.15026601, 172539.7749666 ], [ 370833.0685813, 172582.49646367 ], [ 370617.05655231, 172582.50031822 ], [ 370617.0543735, 172499.50791571 ], [ 370600.05408204, 172482.50834849 ], [ 370500.04484263, 172482.51016313 ], [ 370483.04516809, 172499.51059735 ], [ 370483.04735393, 172582.50268569 ], [ 370467.04675479, 172582.50295645 ], [ 370467.04456541, 172499.51058551 ], [ 370460.27526252, 172485.96132883 ], [ 370417.04356227, 172482.51165233 ], [ 370413.59203954, 172439.27408324 ], [ 370400.04249377, 172432.50535895 ], [ 370367.04186309, 172432.50592393 ], [ 370367.04036357, 172349.50354499 ], [ 370350.04004373, 172332.50383861 ], [ 370200.02946024, 172332.50656044 ], [ 370183.02978, 172349.5068374 ], [ 370183.03059469, 172399.51249833 ], [ 370200.03088302, 172416.51222137 ], [ 370233.03145444, 172416.51166165 ], [ 370233.03200273, 172449.50830918 ], [ 370240.30747844, 172463.4254592 ], [ 370283.04199123, 172466.50746178 ], [ 370286.12569946, 172509.2388535 ], [ 370300.04308269, 172516.51379263 ], [ 370333.04379634, 172516.51316073 ], [ 370333.04555638, 172582.50535809 ], [ 370300.04510653, 172582.50598257 ], [ 370283.04542823, 172599.50645366 ], [ 370283.04911428, 172732.51504919 ], [ 370150.03849237, 172732.51735548 ], [ 370133.03880838, 172749.51782882 ], [ 370133.04111939, 172832.51968941 ], [ 370067.03194149, 172832.52076957 ], [ 370067.02962343, 172749.51853969 ], [ 370050.02934141, 172732.51901448 ], [ 369917.02736915, 172732.52132107 ], [ 369917.02644324, 172699.51467634 ], [ 369900.02616231, 172682.51515322 ], [ 369850.01674384, 172682.51597967 ], [ 369833.01702478, 172699.51645479 ], [ 369833.01794724, 172732.52274565 ], [ 369767.0171286, 172732.52390308 ], [ 369763.93324921, 172689.79253372 ], [ 369750.01590108, 172682.51762911 ], [ 369517.00573471, 172682.52163742 ], [ 369517.00530339, 172666.52610654 ], [ 369550.00552179, 172666.52556384 ], [ 369567.00524222, 172649.52513707 ], [ 369567.00061758, 172449.51992771 ], [ 369550.00034268, 172432.52018558 ], [ 369500.00008517, 172432.52099411 ], [ 369483.00036007, 172449.52121166 ], [ 369483.00078248, 172482.52806689 ], [ 369450.00034663, 172482.52860534 ], [ 369436.45092556, 172489.29791804 ], [ 369433.00150922, 172532.524451 ], [ 369390.26854981, 172535.60791364 ], [ 369382.99358212, 172549.52541054 ], [ 369382.99481629, 172599.5219803 ], [ 369390.27034644, 172613.43903143 ], [ 369433.0036625, 172616.52095335 ], [ 369433.00409184, 172632.52748781 ], [ 369349.99443997, 172632.5289526 ], [ 369336.07727002, 172639.80450149 ], [ 369332.99556323, 172682.52470477 ], [ 369200.00348863, 172682.52699672 ], [ 369183.00376882, 172699.52740666 ], [ 369183.00456475, 172732.53385598 ], [ 369116.98674749, 172732.53494655 ], [ 369116.98596086, 172699.52823956 ], [ 369099.98564677, 172682.52864471 ], [ 369016.97675299, 172682.53011232 ], [ 369013.89304177, 172639.80975634 ], [ 368999.97569647, 172632.53480555 ], [ 368966.97518133, 172632.5353478 ], [ 368963.52365881, 172589.29775654 ], [ 368949.97409599, 172582.52903816 ], [ 368799.96396201, 172582.53159624 ], [ 368782.96424054, 172599.53198705 ], [ 368782.96499932, 172632.53847084 ], [ 368749.96471469, 172632.53901292 ], [ 368732.96499394, 172649.53936735 ], [ 368732.96679032, 172732.5414621 ], [ 368699.96677785, 172732.54195552 ], [ 368686.04957381, 172739.81746838 ], [ 368682.96777514, 172782.53877081 ], [ 368639.73695733, 172785.98987268 ], [ 368632.96816072, 172799.53952273 ], [ 368632.97016754, 172899.5417482 ], [ 368649.97038514, 172916.54140707 ], [ 368749.97066577, 172916.54000072 ], [ 368766.97040522, 172899.53964638 ], [ 368766.96971748, 172866.54312095 ], [ 368809.69481272, 172863.45965556 ], [ 368816.96978754, 172849.54218254 ], [ 368816.96794574, 172766.54010164 ], [ 368832.97739274, 172766.5398373 ], [ 368832.97921223, 172849.54200241 ], [ 368839.74846996, 172863.09130075 ], [ 368882.9800323, 172866.54109551 ], [ 368886.06373314, 172909.26245248 ], [ 368899.98108294, 172916.53740458 ], [ 368999.98208035, 172916.53564024 ], [ 369016.9817634, 172899.53523991 ], [ 369016.98098639, 172866.53883702 ], [ 369032.98941374, 172866.53853924 ], [ 369032.99137974, 172949.53179553 ], [ 369049.99166344, 172966.53139282 ], [ 369149.99267539, 172966.52962386 ], [ 369163.90983866, 172959.2540785 ], [ 369166.99156672, 172916.53276021 ], [ 369200.00887465, 172916.53221059 ], [ 369213.92606575, 172909.25667504 ], [ 369217.00779603, 172866.53534973 ], [ 369350.00007758, 172866.53304082 ], [ 369363.54946761, 172859.76371771 ], [ 369366.99888541, 172816.52725301 ], [ 369733.01945247, 172816.52095507 ], [ 369733.02174865, 172899.52321988 ], [ 369750.02206592, 172916.52274958 ], [ 369783.02265416, 172916.52213368 ], [ 369783.0235716, 172949.51884216 ], [ 369800.02388961, 172966.51836948 ], [ 369883.03403408, 172966.5168849 ], [ 369883.03588595, 173032.51888508 ], [ 369850.02652198, 173032.51943622 ], [ 369833.02680582, 173049.51991117 ], [ 369833.03052184, 173182.52827732 ], [ 369800.03013389, 173182.52883566 ], [ 369783.03042152, 173199.52930819 ], [ 369783.03598003, 173399.52442174 ], [ 369786.11894927, 173409.24904895 ], [ 369786.11894927, 173409.24904895 ] ] ], [ [ [ 377590.63569704, 173513.46706619 ], [ 377633.35995991, 173516.54994794 ], [ 377633.36025926, 173532.55767771 ], [ 377600.36137608, 173532.55743153 ], [ 377586.81170012, 173539.3265472 ], [ 377583.36186682, 173582.55506916 ], [ 377450.35652947, 173582.55417886 ], [ 377433.35640289, 173599.55446368 ], [ 377433.35785953, 173682.55848657 ], [ 377400.35907827, 173682.55824192 ], [ 377386.44161307, 173689.83358518 ], [ 377383.35950553, 173732.55588383 ], [ 377340.63577799, 173735.63839166 ], [ 377333.3605651, 173749.55592497 ], [ 377333.36140423, 173799.56369371 ], [ 377350.36127875, 173816.56340845 ], [ 377383.36094816, 173816.56365202 ], [ 377386.44438277, 173859.28532539 ], [ 377400.36144233, 173866.56044521 ], [ 377483.36833454, 173866.5610563 ], [ 377486.45177599, 173909.29383849 ], [ 377500.36886235, 173916.56894765 ], [ 377533.3684611, 173916.56912396 ], [ 377536.81962254, 173959.79807641 ], [ 377550.3689227, 173966.56698002 ], [ 378033.3786494, 173966.57023942 ], [ 378033.3809631, 174099.57286858 ], [ 378050.38082411, 174116.57255162 ], [ 378100.37987049, 174116.5729604 ], [ 378117.38000947, 174099.57267704 ], [ 378117.37769268, 173966.57091903 ], [ 378250.38350027, 173966.57199648 ], [ 378267.38363797, 173949.57171194 ], [ 378267.38308568, 173916.57437049 ], [ 378550.39421374, 173916.57675507 ], [ 378564.31170009, 173909.30139736 ], [ 378567.39372789, 173866.56912111 ], [ 378650.39145098, 173866.56978882 ], [ 378667.39158774, 173849.56946711 ], [ 378667.38979534, 173749.56495506 ], [ 378650.38993127, 173732.56524273 ], [ 378617.39043601, 173732.56497887 ], [ 378614.3069986, 173689.84229319 ], [ 378600.38994788, 173682.56717121 ], [ 378467.3833155, 173682.56611074 ], [ 378467.38097715, 173549.56348466 ], [ 378450.38111149, 173532.56377076 ], [ 378417.38155806, 173532.56350998 ], [ 378414.2982017, 173489.83074796 ], [ 378400.38113731, 173482.55560861 ], [ 378300.37497273, 173482.55482065 ], [ 378286.45748959, 173489.83017838 ], [ 378283.37545789, 173532.56245087 ], [ 378000.37250604, 173532.560214 ], [ 377983.3723719, 173549.56049642 ], [ 377983.37292007, 173582.55784495 ], [ 377867.36713807, 173582.55704836 ], [ 377863.9159888, 173539.32811211 ], [ 377850.36671536, 173532.55919602 ], [ 377817.36704359, 173532.55894999 ], [ 377814.28361337, 173489.82628366 ], [ 377800.36655466, 173482.55116233 ], [ 377717.36765294, 173482.55054197 ], [ 377717.36703626, 173449.55343476 ], [ 377710.09175925, 173435.63645791 ], [ 377667.35852311, 173432.55350516 ], [ 377664.27516944, 173389.82075262 ], [ 377650.35809959, 173382.54561435 ], [ 377600.35876975, 173382.54523877 ], [ 377583.35864206, 173399.54555686 ], [ 377583.36041347, 173499.55005133 ], [ 377590.63569704, 173513.46706619 ], [ 377590.63569704, 173513.46706619 ] ] ], [ [ [ 370313.67592309, 176259.82765658 ], [ 370317.12637446, 176249.59645384 ], [ 370317.12404454, 176116.59475137 ], [ 370500.1239233, 176116.5960101 ], [ 370517.12404952, 176099.59572503 ], [ 370517.12237251, 175999.59132234 ], [ 370500.12249643, 175982.59160742 ], [ 370367.12173792, 175982.59073796 ], [ 370367.11968658, 175866.57867672 ], [ 370409.84437059, 175863.49607123 ], [ 370417.11955286, 175849.57852492 ], [ 370417.11515259, 175599.5711355 ], [ 370400.1152333, 175582.57142107 ], [ 370250.10586325, 175582.57060892 ], [ 370233.10578255, 175599.57089539 ], [ 370233.1099094, 175832.57786114 ], [ 370217.1097568, 175832.57774775 ], [ 370217.10835649, 175749.58207837 ], [ 370210.33931054, 175736.03286696 ], [ 370167.10791532, 175732.5821358 ], [ 370167.10764501, 175716.57547281 ], [ 370200.10732988, 175716.57563395 ], [ 370217.10741289, 175699.57534715 ], [ 370217.10656941, 175649.57771604 ], [ 370210.3375064, 175636.02849181 ], [ 370167.1061265, 175632.57784393 ], [ 370167.10556913, 175599.5697471 ], [ 370150.10564983, 175582.57003416 ], [ 370050.09743614, 175582.56955935 ], [ 370033.09735542, 175599.569847 ], [ 370033.0990477, 175699.57508912 ], [ 370040.37433746, 175713.49210474 ], [ 370083.09148995, 175716.57496255 ], [ 370083.0926718, 175782.57927498 ], [ 370000.10087208, 175782.57879245 ], [ 369983.10078676, 175799.57908046 ], [ 369983.10225902, 175882.58293992 ], [ 369967.1021411, 175882.58285745 ], [ 369967.09978547, 175749.58053906 ], [ 369950.09986003, 175732.58082737 ], [ 369800.09025212, 175732.58058241 ], [ 369783.09024778, 175749.58090939 ], [ 369783.09088243, 175782.57812463 ], [ 369550.08243944, 175782.57784274 ], [ 369536.16502105, 175789.85323866 ], [ 369533.08305145, 175832.57531867 ], [ 369400.07497037, 175832.5751546 ], [ 369383.07495788, 175849.57549782 ], [ 369383.0766338, 175932.57880388 ], [ 369340.35095321, 175935.66156519 ], [ 369333.07581196, 175949.57910859 ], [ 369333.07648241, 175982.58601073 ], [ 369290.35191117, 175985.66876292 ], [ 369283.07676849, 175999.5863094 ], [ 369283.07779019, 176049.58256925 ], [ 369300.07772686, 176066.58222184 ], [ 369333.07822283, 176066.58234477 ], [ 369333.07895942, 176099.59015975 ], [ 369350.07889183, 176116.58978038 ], [ 369450.08808633, 176116.59017808 ], [ 369467.08815395, 176099.58983677 ], [ 369467.08642145, 176016.58644304 ], [ 369483.08654437, 176016.58649876 ], [ 369486.17003905, 176059.3078774 ], [ 369500.08713945, 176066.58296752 ], [ 369533.08765909, 176066.58309073 ], [ 369533.09116809, 176249.59251872 ], [ 369539.86024524, 176263.14171848 ], [ 369583.09149013, 176266.59234479 ], [ 369583.09384013, 176399.59485325 ], [ 369600.09376165, 176416.59456564 ], [ 369683.10228765, 176416.5949488 ], [ 369683.10434403, 176532.59710407 ], [ 369667.09631714, 176532.59702811 ], [ 369667.09575971, 176499.59991 ], [ 369650.09583966, 176482.60019719 ], [ 369550.09571831, 176482.5996269 ], [ 369533.09560436, 176499.59994901 ], [ 369533.09919404, 176699.60873305 ], [ 369550.09907715, 176716.60841093 ], [ 369583.09953802, 176716.60863785 ], [ 369583.10100869, 176799.61443872 ], [ 369590.37629777, 176813.53145389 ], [ 369633.10134948, 176816.61431481 ], [ 369633.10165178, 176832.61103026 ], [ 369500.10193748, 176832.61019847 ], [ 369483.10181837, 176849.61052109 ], [ 369483.10276739, 176899.61816497 ], [ 369500.10264755, 176916.61784236 ], [ 369533.10307251, 176916.618075 ], [ 369533.10363192, 176949.61612892 ], [ 369550.10351135, 176966.61584071 ], [ 369650.10364236, 176966.61654994 ], [ 369664.02111593, 176959.34118676 ], [ 369667.1031393, 176916.61891955 ], [ 369750.11086589, 176916.61940458 ], [ 369767.11095171, 176899.61908427 ], [ 369767.11000946, 176849.61142956 ], [ 369759.83472745, 176835.69445183 ], [ 369717.10967056, 176832.61151872 ], [ 369717.10936869, 176816.61483162 ], [ 369800.10910242, 176816.6152434 ], [ 369817.10918675, 176799.61492357 ], [ 369817.10856577, 176766.60767012 ], [ 369883.11767244, 176766.60806069 ], [ 369886.20102898, 176809.34070245 ], [ 369900.11810027, 176816.61583948 ], [ 369933.11864505, 176816.61608285 ], [ 369933.12003497, 176899.62091642 ], [ 369940.3953007, 176913.53791838 ], [ 369983.12046131, 176916.62088218 ], [ 369986.20381609, 176959.34363469 ], [ 370000.12088466, 176966.61877304 ], [ 370050.12102606, 176966.61915258 ], [ 370067.12115509, 176949.61883411 ], [ 370067.11966621, 176866.61375734 ], [ 370150.12743712, 176866.61438677 ], [ 370167.127566, 176849.61406854 ], [ 370167.1266301, 176799.61730628 ], [ 370159.85135364, 176785.70033034 ], [ 370117.11030312, 176782.61737429 ], [ 370117.10913325, 176716.61194982 ], [ 370233.1253622, 176716.61282839 ], [ 370233.12597942, 176749.61093763 ], [ 370250.12585066, 176766.61061965 ], [ 370350.13503601, 176766.61137709 ], [ 370367.13516476, 176749.61105934 ], [ 370367.13256122, 176599.60890474 ], [ 370350.13268982, 176582.60918847 ], [ 370267.12305594, 176582.60856053 ], [ 370267.12188753, 176516.60413531 ], [ 370310.36167284, 176513.15382794 ], [ 370317.13064804, 176499.604101 ], [ 370317.12897851, 176399.59867565 ], [ 370300.12910692, 176382.59895944 ], [ 370267.11954946, 176382.59871012 ], [ 370267.11754622, 176266.59652257 ], [ 370300.12624621, 176266.59677159 ], [ 370313.67592309, 176259.82765658 ], [ 370313.67592309, 176259.82765658 ] ] ], [ [ [ 369839.93742187, 179886.18301183 ], [ 369833.16858107, 179899.73270358 ], [ 369833.17063867, 179999.73971506 ], [ 369840.44434036, 180013.65556527 ], [ 369883.1799568, 180016.74574974 ], [ 369883.18028604, 180032.74667042 ], [ 369839.94062431, 180036.19746712 ], [ 369833.17176754, 180049.74717088 ], [ 369833.17382526, 180149.75418246 ], [ 369850.17390287, 180166.75383266 ], [ 369900.18287112, 180166.75360434 ], [ 369914.10020075, 180159.47816403 ], [ 369917.18211452, 180116.75503389 ], [ 369959.90655765, 180113.67196082 ], [ 369967.1816294, 180099.75446127 ], [ 369967.18095026, 180066.74623228 ], [ 370000.18067919, 180066.74599374 ], [ 370014.09798551, 180059.47052203 ], [ 370017.17981129, 180016.74495042 ], [ 370100.17136173, 180016.73781706 ], [ 370114.08865633, 180009.4623625 ], [ 370117.17056019, 179966.7392412 ], [ 370150.1862891, 179966.73900341 ], [ 370167.18616666, 179949.73861975 ], [ 370167.18503806, 179899.73016682 ], [ 370150.18494985, 179882.73055048 ], [ 370067.1768777, 179882.73104716 ], [ 370067.17654996, 179866.73355694 ], [ 370100.16824258, 179866.73339522 ], [ 370117.16815925, 179849.73301399 ], [ 370117.16636395, 179766.72651129 ], [ 370150.18205053, 179766.72637243 ], [ 370167.18197903, 179749.72602596 ], [ 370167.17916857, 179616.72218839 ], [ 370250.17881253, 179616.72199177 ], [ 370267.17875871, 179599.72161284 ], [ 370267.17802297, 179566.71462503 ], [ 370350.18659893, 179566.71455663 ], [ 370367.18658489, 179549.71421313 ], [ 370367.1845644, 179449.71767868 ], [ 370350.18456227, 179432.71802216 ], [ 370300.18458768, 179432.71802846 ], [ 370286.2672014, 179439.99344204 ], [ 370283.18525796, 179482.71637109 ], [ 370200.17674904, 179482.71640993 ], [ 370186.25936673, 179489.99182608 ], [ 370183.17742795, 179532.71479357 ], [ 370100.16178468, 179532.71496063 ], [ 370086.61221756, 179539.48416296 ], [ 370083.16257233, 179582.7223855 ], [ 369917.17083037, 179582.72276802 ], [ 369914.0872814, 179539.99041136 ], [ 369900.17007829, 179532.71536977 ], [ 369867.16083369, 179532.71551227 ], [ 369867.16015513, 179499.7166692 ], [ 369859.88476761, 179485.79964733 ], [ 369817.15983729, 179482.71716002 ], [ 369817.15803053, 179399.71081179 ], [ 369800.15795903, 179382.71119532 ], [ 369750.15809072, 179382.71140565 ], [ 369733.15816224, 179399.71175519 ], [ 369733.159869, 179482.71761942 ], [ 369600.15234077, 179482.71818808 ], [ 369583.15241344, 179499.71853767 ], [ 369583.15418634, 179582.72434794 ], [ 369467.15438122, 179582.72491776 ], [ 369467.15402005, 179566.71733684 ], [ 369509.87851219, 179563.63435907 ], [ 369517.15360487, 179549.71684515 ], [ 369517.15144849, 179449.71965227 ], [ 369500.15134252, 179432.72003587 ], [ 369450.1514741, 179432.72034756 ], [ 369436.60196188, 179439.48955416 ], [ 369433.15225867, 179482.71890135 ], [ 369390.41972189, 179485.80188528 ], [ 369383.14463968, 179499.71942583 ], [ 369383.14644664, 179582.72528237 ], [ 369340.42090938, 179585.80826902 ], [ 369333.14582777, 179599.72580917 ], [ 369333.14798441, 179699.7329453 ], [ 369340.42337306, 179713.64996793 ], [ 369383.14930247, 179716.73245014 ], [ 369383.15100953, 179799.73879145 ], [ 369400.15108576, 179816.73844185 ], [ 369450.15905429, 179816.73821762 ], [ 369467.15897806, 179799.73783402 ], [ 369467.15614262, 179666.72349847 ], [ 369583.1559477, 179666.72289049 ], [ 369583.1577547, 179749.72935187 ], [ 369600.15786442, 179766.72896825 ], [ 369633.15800658, 179766.72875526 ], [ 369633.15875137, 179799.73760364 ], [ 369650.15882771, 179816.73722006 ], [ 369700.16669614, 179816.73699547 ], [ 369717.16661979, 179799.73664589 ], [ 369717.16491283, 179716.7308412 ], [ 369733.1648151, 179716.73073846 ], [ 369733.16761631, 179849.73559115 ], [ 369750.16769332, 179866.73524153 ], [ 369883.17677074, 179866.73463881 ], [ 369883.17709977, 179882.73213716 ], [ 369839.93742187, 179886.18301183 ], [ 369839.93742187, 179886.18301183 ] ] ], [ [ [ 380690.31906082, 181263.41143949 ], [ 380700.54984809, 181266.86204907 ], [ 380833.55365096, 181266.86430557 ], [ 380833.55373075, 181282.86236049 ], [ 380790.83073749, 181285.94447723 ], [ 380783.55538576, 181299.86190934 ], [ 380783.55555457, 181332.86869562 ], [ 380700.55110703, 181332.86723439 ], [ 380683.55079425, 181349.86735963 ], [ 380683.55116261, 181399.86550217 ], [ 380700.55088225, 181416.86537693 ], [ 380783.55611829, 181416.86674587 ], [ 380783.55635321, 181449.87529923 ], [ 380800.55607127, 181466.87517824 ], [ 380850.5544822, 181466.87600746 ], [ 380867.55476414, 181449.87588861 ], [ 380867.55453338, 181416.86816521 ], [ 380883.54494835, 181416.86846091 ], [ 380886.99566899, 181460.10778043 ], [ 380900.54485908, 181466.87683658 ], [ 381000.55871466, 181466.87859502 ], [ 381017.55899654, 181449.87851657 ], [ 381017.55884423, 181416.87070479 ], [ 381200.56015278, 181416.8738222 ], [ 381217.56043305, 181399.87375232 ], [ 381217.5602974, 181366.875946 ], [ 381350.5553173, 181366.87819234 ], [ 381367.55559602, 181349.8781289 ], [ 381367.55540939, 181299.87092585 ], [ 381350.55568653, 181282.8709893 ], [ 381317.56591483, 181282.87045148 ], [ 381317.56578756, 181249.87191057 ], [ 381300.56606308, 181232.87197613 ], [ 381017.55786163, 181232.86728869 ], [ 381017.5576435, 181199.85873012 ], [ 381000.55791751, 181182.85884247 ], [ 380867.55313212, 181182.85669855 ], [ 380867.55305238, 181166.85964048 ], [ 380910.26806541, 181163.77751377 ], [ 380917.54341615, 181149.86008671 ], [ 380917.54325583, 181116.85227876 ], [ 381000.55691196, 181116.85360138 ], [ 381017.5571828, 181099.8535231 ], [ 381017.55673468, 181016.85859415 ], [ 381033.55526572, 181016.85881409 ], [ 381036.63811185, 181059.58093551 ], [ 381050.55514417, 181066.8562229 ], [ 381150.5521658, 181066.85780682 ], [ 381167.55243505, 181049.85773498 ], [ 381167.55229559, 181016.86089011 ], [ 381210.28343833, 181013.77875548 ], [ 381217.55879074, 180999.86134011 ], [ 381217.55858577, 180949.85315083 ], [ 381200.55885185, 180932.85322051 ], [ 381167.55194068, 180932.85270388 ], [ 381167.55187312, 180916.85458389 ], [ 381210.7892877, 180913.40456389 ], [ 381217.55838089, 180899.85496181 ], [ 381217.55763138, 180749.84146805 ], [ 381200.55789086, 180732.84158362 ], [ 381100.5446572, 180732.84015708 ], [ 381086.62717204, 180740.11538641 ], [ 381083.54466621, 180782.84795401 ], [ 381067.5540714, 180782.84770811 ], [ 381067.55383183, 180749.83927053 ], [ 381050.55409134, 180732.83939392 ], [ 380967.54747076, 180732.83819286 ], [ 380964.0966343, 180689.60899714 ], [ 380950.5474157, 180682.83998095 ], [ 380917.54028484, 180682.83948162 ], [ 380917.53938412, 180599.83416696 ], [ 380900.53963672, 180582.83436493 ], [ 380850.5490083, 180582.83362214 ], [ 380836.63148592, 180590.10886614 ], [ 380833.54908027, 180632.84134032 ], [ 380650.54699096, 180632.83879647 ], [ 380633.54677006, 180649.83901044 ], [ 380633.54855414, 180799.84177391 ], [ 380650.54829267, 180816.8415953 ], [ 380733.5537626, 180816.84280589 ], [ 380733.55400104, 180849.84030353 ], [ 380740.82914823, 180863.75738442 ], [ 380783.55267415, 180866.84069126 ], [ 380786.63554566, 180909.5737259 ], [ 380800.55257793, 180916.84900648 ], [ 380833.55154118, 180916.84952009 ], [ 380833.55177143, 180949.84795991 ], [ 380840.8269157, 180963.76504299 ], [ 380883.54236155, 180966.84835786 ], [ 380883.54274793, 181032.85361135 ], [ 380700.54905486, 181032.85077819 ], [ 380683.54878554, 181049.85090329 ], [ 380683.55015772, 181249.86217422 ], [ 380690.31906082, 181263.41143949 ], [ 380690.31906082, 181263.41143949 ] ] ], [ [ [ 374840.17424723, 181713.37807651 ], [ 374850.40508538, 181716.82856043 ], [ 374950.41412515, 181716.8292032 ], [ 374964.33159123, 181709.55385896 ], [ 374967.41369391, 181666.82156931 ], [ 374983.41376529, 181666.82168806 ], [ 374986.49721136, 181709.55446597 ], [ 375000.4142959, 181716.8295745 ], [ 375050.41433259, 181716.82984576 ], [ 375064.33177201, 181709.55449108 ], [ 375067.41386867, 181666.82231141 ], [ 375100.41349377, 181666.82255626 ], [ 375113.9631579, 181660.05345543 ], [ 375117.41306459, 181616.8259218 ], [ 375283.42135181, 181616.82705245 ], [ 375283.4228079, 181699.83188613 ], [ 375300.42268176, 181716.83160144 ], [ 375383.43226541, 181716.8321513 ], [ 375383.43375453, 181799.83814822 ], [ 375400.43363101, 181816.83782966 ], [ 375450.43366523, 181816.83819294 ], [ 375467.43378875, 181799.83787477 ], [ 375467.43230146, 181716.83274044 ], [ 375483.43243745, 181716.83285912 ], [ 375483.43298808, 181749.83105 ], [ 375490.20204575, 181763.38027333 ], [ 375533.43334076, 181766.83094306 ], [ 375533.43739208, 181999.83824331 ], [ 375550.43730902, 182016.83795981 ], [ 375600.42933852, 182016.83820408 ], [ 375613.97896925, 182010.06909056 ], [ 375617.42887205, 181966.84154217 ], [ 375650.44450141, 181966.8417725 ], [ 375664.36196001, 181959.56642805 ], [ 375667.4440711, 181916.83411673 ], [ 375700.44370003, 181916.83435002 ], [ 375717.44382021, 181899.83406767 ], [ 375717.44154537, 181766.83216671 ], [ 375760.16614899, 181763.74966118 ], [ 375767.44135409, 181749.83210246 ], [ 375767.44042421, 181699.83443596 ], [ 375760.67137446, 181686.28525096 ], [ 375717.44011718, 181682.83449879 ], [ 375717.43439506, 181349.82194399 ], [ 375700.43448658, 181332.82222586 ], [ 375667.43396948, 181332.82204822 ], [ 375667.43370378, 181316.81531913 ], [ 375700.43344055, 181316.81556263 ], [ 375717.43356599, 181299.81524677 ], [ 375717.43263702, 181249.81748371 ], [ 375700.43276239, 181232.81779957 ], [ 375550.42452586, 181232.81679325 ], [ 375533.42440046, 181249.81707615 ], [ 375533.42616463, 181349.8215351 ], [ 375550.42603907, 181366.82121822 ], [ 375583.41849048, 181366.82146189 ], [ 375583.41965361, 181432.82688722 ], [ 375450.42777171, 181432.82600377 ], [ 375433.42764599, 181449.82632141 ], [ 375433.42826253, 181482.82263996 ], [ 375417.42815569, 181482.82252155 ], [ 375414.34479395, 181440.10076078 ], [ 375400.42769621, 181432.82563395 ], [ 375367.41824444, 181432.8254558 ], [ 375367.41679025, 181349.81955645 ], [ 375350.41688187, 181332.81984077 ], [ 375317.416362, 181332.81966292 ], [ 375317.41497223, 181249.81476388 ], [ 375300.41506371, 181232.81504853 ], [ 375217.41446149, 181232.81453584 ], [ 375217.41122416, 181049.80424742 ], [ 375200.41134936, 181032.80456671 ], [ 375150.40329932, 181032.80419841 ], [ 375136.85363606, 181039.57329933 ], [ 375133.40372856, 181082.8018337 ], [ 375100.40409063, 181082.80159046 ], [ 375083.40396533, 181099.80187643 ], [ 375083.40480655, 181149.80963699 ], [ 375100.40471518, 181166.80935102 ], [ 375133.40524008, 181166.8095284 ], [ 375133.40550888, 181182.80625491 ], [ 375050.4057263, 181182.80564238 ], [ 375033.40560084, 181199.80592872 ], [ 375033.40822776, 181349.81810969 ], [ 375050.40810207, 181366.81782332 ], [ 375183.4168446, 181366.8187406 ], [ 375183.41823786, 181449.82463956 ], [ 375190.69352247, 181463.74165396 ], [ 375233.41866454, 181466.82453242 ], [ 375233.41893276, 181482.82125947 ], [ 375050.41108078, 181482.82000423 ], [ 375036.8614167, 181489.58910528 ], [ 375033.41151083, 181532.8176385 ], [ 375000.41188351, 181532.81739391 ], [ 374986.86221925, 181539.58649508 ], [ 374983.41231428, 181582.82502806 ], [ 374850.40351057, 181582.82404141 ], [ 374833.40338445, 181599.82432924 ], [ 374833.40517766, 181699.82888225 ], [ 374840.17424723, 181713.37807651 ], [ 374840.17424723, 181713.37807651 ] ] ], [ [ [ 380140.32833769, 183013.47639055 ], [ 380150.55917285, 183016.92701254 ], [ 380283.55444277, 183016.92925191 ], [ 380283.5545626, 183049.92782998 ], [ 380300.55428441, 183066.92776824 ], [ 380350.56052527, 183066.92858656 ], [ 380367.56080346, 183049.92852569 ], [ 380367.56050626, 182966.9224681 ], [ 380500.55608008, 182966.92497141 ], [ 380517.55640885, 182949.92491064 ], [ 380517.55629089, 182916.92806251 ], [ 380533.56264557, 182916.92834018 ], [ 380533.5628423, 182999.93406845 ], [ 380550.56251384, 183016.93404167 ], [ 380700.55751169, 183016.93683962 ], [ 380714.47502946, 183009.66166224 ], [ 380717.5576881, 182966.92896672 ], [ 380750.56365331, 182966.92960469 ], [ 380767.5639819, 182949.92954392 ], [ 380767.56380316, 182899.93234334 ], [ 380750.56413197, 182882.93240411 ], [ 380717.55742183, 182882.9317657 ], [ 380717.55739665, 182866.93356471 ], [ 380760.28823843, 182863.85157261 ], [ 380767.56362445, 182849.93414278 ], [ 380767.56344576, 182799.925942 ], [ 380750.56377501, 182782.92600276 ], [ 380617.56052128, 182782.92352651 ], [ 380617.56040337, 182749.925934 ], [ 380600.56073294, 182732.92599475 ], [ 380517.55573335, 182732.9244516 ], [ 380517.55549756, 182666.91797836 ], [ 380560.28640589, 182663.83598786 ], [ 380567.56179151, 182649.9185555 ], [ 380567.56120604, 182499.91497099 ], [ 380550.56150133, 182482.91503873 ], [ 380500.55514323, 182482.91417012 ], [ 380487.00542894, 182489.68311322 ], [ 380483.55498034, 182532.91203038 ], [ 380440.8401757, 182535.99402302 ], [ 380433.56479185, 182549.91145925 ], [ 380433.56492518, 182582.90924952 ], [ 380417.55756931, 182582.90893878 ], [ 380417.55723169, 182499.9121637 ], [ 380410.2821172, 182485.99505203 ], [ 380367.55890279, 182482.91166158 ], [ 380367.5588372, 182466.903474 ], [ 380410.28166253, 182463.82139968 ], [ 380417.55702833, 182449.90397557 ], [ 380417.55669086, 182366.89906292 ], [ 380483.55431449, 182366.90027149 ], [ 380483.55464736, 182449.90604811 ], [ 380500.55435241, 182466.90597992 ], [ 380600.5590373, 182466.907815 ], [ 380617.55936626, 182449.90774776 ], [ 380617.55857543, 182249.89697953 ], [ 380610.2834612, 182235.97986608 ], [ 380567.56014281, 182232.89647688 ], [ 380567.56007914, 182216.89831961 ], [ 380650.55635092, 182216.89981715 ], [ 380667.55664414, 182199.89975044 ], [ 380667.5559596, 181999.88797834 ], [ 380650.55625143, 181982.888045 ], [ 380550.55954172, 181982.88622831 ], [ 380533.55921586, 181999.8862959 ], [ 380533.55954597, 182082.89228378 ], [ 380490.82862686, 182085.97428322 ], [ 380483.55324441, 182099.89171789 ], [ 380483.55337663, 182132.89854694 ], [ 380450.56346989, 182132.89797845 ], [ 380433.56317695, 182149.89804704 ], [ 380433.56371364, 182282.90115144 ], [ 380417.55634945, 182282.90087464 ], [ 380414.47353227, 182240.16870178 ], [ 380400.55654225, 182232.89339259 ], [ 380300.55165343, 182232.89175798 ], [ 380283.5514246, 182249.89183034 ], [ 380283.55163745, 182299.89891312 ], [ 380300.55137308, 182316.89884076 ], [ 380333.55822294, 182316.89935406 ], [ 380333.55849313, 182382.90572542 ], [ 380300.5524309, 182382.90520609 ], [ 380287.00273599, 182389.67416029 ], [ 380283.55230406, 182432.90211951 ], [ 380240.83733681, 182435.98425238 ], [ 380233.56198547, 182449.90167262 ], [ 380233.56235323, 182532.90768123 ], [ 380190.83150593, 182535.98980746 ], [ 380183.55615396, 182549.90723101 ], [ 380183.55651941, 182632.9121411 ], [ 380167.55815649, 182632.91188257 ], [ 380167.55801756, 182599.90434948 ], [ 380150.5582913, 182582.90442103 ], [ 380100.55202481, 182582.90361582 ], [ 380083.55175108, 182599.90368917 ], [ 380083.55215815, 182699.90906408 ], [ 380100.55188299, 182716.90899903 ], [ 380183.55683882, 182716.91034253 ], [ 380183.55723463, 182849.92428714 ], [ 380200.55695818, 182866.92422375 ], [ 380233.56364821, 182866.92476051 ], [ 380233.56370706, 182882.92296325 ], [ 380150.55944949, 182882.92161116 ], [ 380133.55917255, 182899.92167543 ], [ 380133.55945068, 182999.92704283 ], [ 380140.32833769, 183013.47639055 ], [ 380140.32833769, 183013.47639055 ] ] ], [ [ [ 369936.65348577, 185139.75349352 ], [ 369933.20335304, 185199.99252098 ], [ 369950.20340577, 185216.99240135 ], [ 370050.20423636, 185216.99217568 ], [ 370067.20421236, 185199.99208997 ], [ 370067.20404594, 185166.98413959 ], [ 370100.19644743, 185166.98402699 ], [ 370117.19638941, 185149.98390722 ], [ 370117.19587068, 185066.98611346 ], [ 370200.21270137, 185066.9858301 ], [ 370217.21264333, 185049.98574424 ], [ 370217.21239076, 184999.97786627 ], [ 370210.44334372, 184986.42845379 ], [ 370167.21184213, 184982.97799877 ], [ 370167.21172937, 184966.97902107 ], [ 370209.93683727, 184963.89621484 ], [ 370217.21203823, 184949.97888859 ], [ 370217.21178569, 184899.96991062 ], [ 370200.21172767, 184882.96999646 ], [ 370167.21123742, 184882.97010909 ], [ 370164.12821814, 184840.24635119 ], [ 370150.21094691, 184832.97118945 ], [ 370100.19451818, 184832.97136006 ], [ 370086.27726536, 184840.24666167 ], [ 370083.19474257, 184882.97029573 ], [ 370050.20234199, 184882.97040828 ], [ 370036.2850892, 184890.24570986 ], [ 370033.20256633, 184932.97944427 ], [ 369917.20124312, 184932.97962829 ], [ 369917.20015514, 184749.96473979 ], [ 369910.43111586, 184736.4153329 ], [ 369867.19053734, 184732.96484036 ], [ 369867.1904567, 184716.96592884 ], [ 369900.19984498, 184716.96584793 ], [ 369917.19980332, 184699.96572833 ], [ 369917.19885086, 184499.95237431 ], [ 369900.19884304, 184482.95237331 ], [ 369867.18953646, 184482.9523885 ], [ 369867.18964734, 184466.94397286 ], [ 369909.9239357, 184463.86124306 ], [ 369917.19919902, 184449.94404315 ], [ 369917.20039208, 184249.94132013 ], [ 369909.92518691, 184236.02395845 ], [ 369867.19096873, 184232.94121138 ], [ 369867.19107968, 184216.93379594 ], [ 369950.20118768, 184216.93377427 ], [ 369967.20118323, 184199.93385936 ], [ 369967.20238459, 183999.93114374 ], [ 369950.2023824, 183982.93102459 ], [ 369917.20195316, 183982.93102882 ], [ 369917.20206477, 183966.92261521 ], [ 369959.9273579, 183963.83990612 ], [ 369967.20263508, 183949.92273126 ], [ 369967.20286642, 183916.92418626 ], [ 370009.92817008, 183913.84144994 ], [ 370017.20344152, 183899.9242799 ], [ 370017.2036745, 183866.91669953 ], [ 370100.19682757, 183866.91655739 ], [ 370117.19681196, 183849.9166791 ], [ 370117.19704821, 183816.91810177 ], [ 370133.21354301, 183816.91805565 ], [ 370136.2960758, 183859.64113173 ], [ 370150.21338678, 183866.91641142 ], [ 370300.22386309, 183866.91617313 ], [ 370317.22384739, 183849.9162982 ], [ 370317.22409018, 183816.91772516 ], [ 370359.94953157, 183813.83490133 ], [ 370367.22477631, 183799.91772186 ], [ 370367.2249548, 183766.90921832 ], [ 370383.22548347, 183766.90920475 ], [ 370383.22505728, 183832.91599634 ], [ 370350.22439024, 183832.9160269 ], [ 370333.22440598, 183849.91590102 ], [ 370333.22403568, 183899.92329825 ], [ 370350.22405208, 183916.92342413 ], [ 370450.2250982, 183916.9232276 ], [ 370467.22504778, 183899.92335517 ], [ 370467.22567071, 183816.91742601 ], [ 370509.95109668, 183813.83468046 ], [ 370517.22635924, 183799.9174911 ], [ 370517.22654264, 183766.9089908 ], [ 370533.23507137, 183766.90897715 ], [ 370533.23415991, 183899.92293554 ], [ 370550.2341764, 183916.9230308 ], [ 370583.23448573, 183916.92299879 ], [ 370583.23385067, 183999.92962728 ], [ 370590.50907566, 184013.84701429 ], [ 370633.23427069, 184016.92965671 ], [ 370633.23414753, 184032.92700886 ], [ 370590.50884037, 184036.00975417 ], [ 370583.23356822, 184049.92691472 ], [ 370583.23331584, 184082.92548536 ], [ 370540.50788355, 184086.00831777 ], [ 370533.23263982, 184099.92549334 ], [ 370533.23235992, 184149.93388304 ], [ 370550.23241371, 184166.93397819 ], [ 370583.23267347, 184166.93387379 ], [ 370586.68292041, 184210.16315666 ], [ 370600.23247564, 184216.93220757 ], [ 370633.23283139, 184216.93210185 ], [ 370636.68306811, 184260.17037107 ], [ 370650.23259861, 184266.93943327 ], [ 370700.2330371, 184266.93937107 ], [ 370717.23301595, 184249.93950271 ], [ 370717.23404603, 184116.92520035 ], [ 370733.24349128, 184116.92518228 ], [ 370733.24284429, 184199.93169429 ], [ 370750.24286483, 184216.93182679 ], [ 370883.24423181, 184216.9315 ], [ 370883.24396971, 184249.93868663 ], [ 370900.24399097, 184266.93882162 ], [ 370950.23642904, 184266.93875911 ], [ 370967.23640779, 184249.93889494 ], [ 370967.23667152, 184216.93133024 ], [ 371083.25409138, 184216.93105733 ], [ 371083.25355421, 184282.93669537 ], [ 371050.2529242, 184282.93680404 ], [ 371033.25298019, 184299.93666657 ], [ 371033.2521715, 184399.94230732 ], [ 371050.2521948, 184416.94244478 ], [ 371150.26216163, 184416.94235444 ], [ 371164.17937585, 184409.66718096 ], [ 371167.26242151, 184366.94498782 ], [ 371350.27259276, 184366.94499533 ], [ 371367.27259344, 184349.94512733 ], [ 371367.27284972, 184316.93662791 ], [ 371410.50438546, 184313.48613035 ], [ 371417.27343611, 184299.93675971 ], [ 371417.2748417, 184116.92435758 ], [ 371433.27528081, 184116.92435801 ], [ 371436.35771702, 184159.65732153 ], [ 371450.27502961, 184166.93262668 ], [ 371483.27544428, 184166.93262761 ], [ 371483.27519637, 184199.93086848 ], [ 371500.27519586, 184216.9309962 ], [ 371750.28662708, 184216.93100319 ], [ 371767.28662752, 184199.9311238 ], [ 371767.28715037, 184116.92436595 ], [ 371810.02050768, 184113.84165376 ], [ 371817.29577507, 184099.92445181 ], [ 371817.29625689, 184016.9286294 ], [ 371860.02153874, 184013.84591667 ], [ 371867.29680563, 183999.92871363 ], [ 371867.29696821, 183966.92036102 ], [ 371910.02231095, 183963.83764786 ], [ 371917.29757735, 183949.92044373 ], [ 371917.29781944, 183899.92207478 ], [ 371910.0226054, 183886.00474296 ], [ 371867.29748193, 183882.92199214 ], [ 371867.29756077, 183866.91462307 ], [ 372000.30699581, 183866.91462394 ], [ 372017.30699591, 183849.9147034 ], [ 372017.30715014, 183816.91635484 ], [ 372060.03236679, 183813.83364794 ], [ 372067.30764254, 183799.91646694 ], [ 372067.3081235, 183716.91061616 ], [ 372100.30860619, 183716.91061607 ], [ 372117.30860613, 183699.91069266 ], [ 372117.30883143, 183649.90232309 ], [ 372100.30883134, 183632.9022465 ], [ 372067.30854302, 183632.90224667 ], [ 372067.30864843, 183616.90397743 ], [ 372110.03388772, 183613.82126542 ], [ 372117.30915669, 183599.9040681 ], [ 372117.30933316, 183566.90700545 ], [ 372150.31081182, 183566.90700068 ], [ 372163.86023412, 183560.13805129 ], [ 372167.31105343, 183516.89919295 ], [ 372200.31945645, 183516.89918341 ], [ 372217.31945154, 183499.89930461 ], [ 372217.32065564, 183316.88882805 ], [ 372300.32128154, 183316.88864343 ], [ 372317.32122852, 183299.8887553 ], [ 372317.32155755, 183249.89093079 ], [ 372300.32150214, 183232.89081892 ], [ 372217.32115371, 183232.89101537 ], [ 372217.32155742, 183166.88635564 ], [ 372233.32174207, 183166.88630274 ], [ 372236.77209874, 183210.12513682 ], [ 372250.32163971, 183216.89416433 ], [ 372350.32205581, 183216.89381895 ], [ 372367.32199616, 183199.89389188 ], [ 372367.32316755, 182949.87566765 ], [ 372350.32309641, 182932.87556089 ], [ 372267.32307618, 182932.87590542 ], [ 372267.32373748, 182816.87334418 ], [ 372310.55481632, 182813.42265574 ], [ 372317.3238132, 182799.87327251 ], [ 372317.32437781, 182666.87044538 ], [ 372360.04917085, 182663.78736598 ], [ 372367.32424153, 182649.86986836 ], [ 372367.32321615, 182599.86242315 ], [ 372360.5540559, 182586.31318749 ], [ 372317.32297337, 182582.86293104 ], [ 372317.32052666, 182466.85745283 ], [ 372500.32790522, 182466.85655495 ], [ 372513.87743828, 182460.08735863 ], [ 372517.32715304, 182416.85894876 ], [ 372560.55792134, 182413.40814852 ], [ 372567.32676865, 182399.85842041 ], [ 372567.32602825, 182366.85030168 ], [ 372633.33492207, 182366.84994766 ], [ 372633.33559532, 182399.85870258 ], [ 372650.33570516, 182416.85835585 ], [ 372733.33576786, 182416.85788547 ], [ 372733.33609362, 182432.85529377 ], [ 372690.61166903, 182435.93828067 ], [ 372683.33657752, 182449.85579065 ], [ 372683.33861573, 182549.86271405 ], [ 372690.10779064, 182563.41196281 ], [ 372733.33892245, 182566.86214485 ], [ 372733.34026661, 182632.86796218 ], [ 372700.34063607, 182632.86819116 ], [ 372683.34075404, 182649.86821021 ], [ 372683.34081007, 182699.86621986 ], [ 372700.34089264, 182716.86620081 ], [ 372800.3407633, 182716.86561511 ], [ 372814.25794966, 182709.59032511 ], [ 372817.34059711, 182666.86751314 ], [ 372933.34831749, 182666.86683952 ], [ 372936.43123533, 182709.58961844 ], [ 372950.34856946, 182716.86478672 ], [ 373150.35734623, 182716.86361587 ], [ 373164.27455306, 182709.5882965 ], [ 373167.35706635, 182666.86544676 ], [ 373183.35696259, 182666.86533544 ], [ 373183.35719922, 182699.86349513 ], [ 373200.3573157, 182716.86337323 ], [ 373300.36512124, 182716.86278798 ], [ 373317.36503876, 182699.86269244 ], [ 373317.36485331, 182666.86453679 ], [ 373360.59576024, 182663.41372642 ], [ 373367.36461618, 182649.86403044 ], [ 373367.36395101, 182616.85694007 ], [ 373410.0884775, 182613.77394198 ], [ 373417.36356767, 182599.85643706 ], [ 373417.36290322, 182566.85840993 ], [ 373460.08730972, 182563.77554589 ], [ 373467.36242943, 182549.85802107 ], [ 373467.35975628, 182416.85444388 ], [ 373510.09326448, 182413.77162593 ], [ 373517.36839451, 182399.85409475 ], [ 373517.36673005, 182316.8479744 ], [ 373560.59747654, 182313.39735945 ], [ 373567.36637319, 182299.84763536 ], [ 373567.36171154, 182066.83877108 ], [ 373610.08622734, 182063.75599215 ], [ 373617.36136634, 182049.8384563 ], [ 373617.36070754, 182016.83059449 ], [ 373660.08522482, 182013.74782119 ], [ 373667.36036525, 181999.83028506 ], [ 373667.35871217, 181916.82525997 ], [ 373710.07521466, 181913.74257569 ], [ 373717.3503748, 181899.82502664 ], [ 373717.34872559, 181816.82998643 ], [ 373800.36434076, 181816.83020662 ], [ 373817.36439935, 181799.82987036 ], [ 373817.36276479, 181716.82405842 ], [ 373900.37038774, 181716.82436614 ], [ 373917.37045074, 181699.82407239 ], [ 373917.36988039, 181666.81648759 ], [ 374100.37856145, 181666.81718802 ], [ 374117.37862646, 181649.81689543 ], [ 374117.37680535, 181549.81222529 ], [ 374100.37690866, 181532.81255184 ], [ 373900.36782806, 181532.81163557 ], [ 373886.81820382, 181539.58075853 ], [ 373883.36832893, 181582.81951176 ], [ 373767.36026124, 181582.81905212 ], [ 373764.27679218, 181540.08611961 ], [ 373750.35969278, 181532.81102219 ], [ 373700.34368064, 181532.81081748 ], [ 373686.79404388, 181539.57995692 ], [ 373683.34424966, 181582.81871887 ], [ 373450.34349089, 181582.81779297 ], [ 373433.34342327, 181599.81812338 ], [ 373433.3470174, 181782.82918615 ], [ 373400.34737355, 181782.82916387 ], [ 373386.4299774, 181790.10457212 ], [ 373383.34802624, 181832.82646655 ], [ 373367.34805349, 181832.82652166 ], [ 373364.2645246, 181790.10428171 ], [ 373350.34733183, 181782.82923135 ], [ 373317.34707264, 181782.82934182 ], [ 373317.3467499, 181766.82102362 ], [ 373360.57749391, 181763.37035941 ], [ 373367.34638142, 181749.82064562 ], [ 373367.34572791, 181716.82274921 ], [ 373400.34541971, 181716.82264624 ], [ 373417.34536666, 181699.82231541 ], [ 373417.34439348, 181649.81430667 ], [ 373410.06902346, 181635.89727827 ], [ 373367.34408475, 181632.81473401 ], [ 373367.34344136, 181599.81743406 ], [ 373350.34342903, 181582.81776553 ], [ 373300.34354991, 181582.81780181 ], [ 373283.34356225, 181599.8180999 ], [ 373283.34414084, 181632.81487941 ], [ 373067.33635052, 181632.81530849 ], [ 373067.33576588, 181599.81787971 ], [ 373050.33575387, 181582.81818092 ], [ 372667.31868936, 181582.81871389 ], [ 372664.23517651, 181540.08547101 ], [ 372650.31802068, 181532.81040405 ], [ 372517.30884206, 181532.81056843 ], [ 372517.30817819, 181499.81185005 ], [ 372500.30817341, 181482.81219207 ], [ 372417.29986779, 181482.81221532 ], [ 372417.29920153, 181449.81447283 ], [ 372400.29920018, 181432.81481607 ], [ 372317.29888626, 181432.81482255 ], [ 372317.29821746, 181399.80605569 ], [ 372300.29821508, 181382.80640013 ], [ 372217.29802757, 181382.80654246 ], [ 372217.29735733, 181349.80783102 ], [ 372200.29728864, 181332.80817631 ], [ 372117.2880893, 181332.8085117 ], [ 372117.28741817, 181299.80069292 ], [ 372110.01203445, 181285.88366977 ], [ 372067.28717656, 181282.80116992 ], [ 372067.28643918, 181249.80241328 ], [ 372050.28637253, 181232.80279316 ], [ 371967.27826805, 181232.80311856 ], [ 371964.19472837, 181190.0696805 ], [ 371950.27753014, 181182.79463479 ], [ 371867.27738906, 181182.79495511 ], [ 371867.27665015, 181149.79718418 ], [ 371860.50748763, 181136.24797879 ], [ 371817.27643968, 181132.79769022 ], [ 371817.27576626, 181099.78884902 ], [ 371800.27570269, 181082.78919584 ], [ 371717.26749028, 181082.78950618 ], [ 371717.26681622, 181049.79065805 ], [ 371700.26675368, 181032.79100529 ], [ 371617.26563868, 181032.79131056 ], [ 371617.26384132, 180949.78485098 ], [ 371600.26378082, 180932.78523258 ], [ 371467.25569435, 180932.78567186 ], [ 371467.25501839, 180899.78683936 ], [ 371450.25495895, 180882.78718759 ], [ 371367.25483609, 180882.7874118 ], [ 371364.17130023, 180840.05401013 ], [ 371350.25413481, 180832.77895253 ], [ 371267.24587552, 180832.77913767 ], [ 371267.245199, 180799.78127773 ], [ 371250.24514224, 180782.78162626 ], [ 371167.24497948, 180782.78190324 ], [ 371167.24423694, 180749.77305241 ], [ 371159.96884934, 180735.85606321 ], [ 371117.23498242, 180732.7735361 ], [ 371117.23423844, 180699.77476718 ], [ 371100.23414961, 180682.77515045 ], [ 371017.23407843, 180682.77565725 ], [ 371017.2334002, 180649.77789342 ], [ 371000.23327402, 180632.77824284 ], [ 370867.22528669, 180632.77923011 ], [ 370867.22460819, 180599.77046357 ], [ 370859.94919405, 180585.85342307 ], [ 370817.22436996, 180582.77105741 ], [ 370814.14073179, 180540.0476476 ], [ 370800.22349993, 180532.77263959 ], [ 370617.2146564, 180532.77392581 ], [ 370617.21284962, 180449.76764052 ], [ 370600.21272455, 180432.76802409 ], [ 370500.20491431, 180432.76875978 ], [ 370483.20503936, 180449.76914339 ], [ 370483.20787459, 180582.7733297 ], [ 370467.20798568, 180582.77344806 ], [ 370463.75654286, 180539.54381143 ], [ 370450.20711549, 180532.77502511 ], [ 370350.20730553, 180532.77576328 ], [ 370333.20743101, 180549.77614697 ], [ 370333.20817579, 180582.77433913 ], [ 370300.20847883, 180582.77458314 ], [ 370286.65898139, 180589.54379623 ], [ 370283.20928351, 180632.78316019 ], [ 370250.20065221, 180632.78340468 ], [ 370236.28336011, 180640.05886027 ], [ 370233.20145699, 180682.78104844 ], [ 370190.47703501, 180685.86406963 ], [ 370183.2019519, 180699.78157709 ], [ 370183.20263084, 180732.77990606 ], [ 370140.47808098, 180735.86301322 ], [ 370133.20302581, 180749.78053513 ], [ 370133.20415473, 180799.78898849 ], [ 370150.20428135, 180816.78860472 ], [ 370183.20435922, 180816.78835894 ], [ 370183.20468834, 180832.7859191 ], [ 370140.48024941, 180835.86901835 ], [ 370133.20518338, 180849.78651386 ], [ 370133.20586238, 180882.79475284 ], [ 370100.19023149, 180882.79499668 ], [ 370083.19035705, 180899.79534643 ], [ 370083.19206469, 180982.80214303 ], [ 370039.96939467, 180986.25304664 ], [ 370033.20055983, 180999.80273394 ], [ 370033.20226739, 181082.79852501 ], [ 369990.4778301, 181085.88161666 ], [ 369983.20276242, 181099.79911336 ], [ 369983.20344149, 181132.80734314 ], [ 369939.97266114, 181136.25825068 ], [ 369933.20383648, 181149.80796423 ], [ 369933.20458142, 181182.80515006 ], [ 369890.48007134, 181185.88822257 ], [ 369883.20499946, 181199.80572218 ], [ 369883.20677319, 181282.81246292 ], [ 369850.19810942, 181282.81261782 ], [ 369833.1981892, 181299.81296758 ], [ 369833.20024682, 181399.81897967 ], [ 369850.20032704, 181416.81862988 ], [ 369883.2095643, 181416.81847412 ], [ 369883.21024342, 181449.82729922 ], [ 369900.21035832, 181466.82694946 ], [ 369950.21032434, 181466.82661149 ], [ 369964.127625, 181459.55115937 ], [ 369967.20953028, 181416.81803724 ], [ 370000.20915417, 181416.81780633 ], [ 370014.12645168, 181409.54235292 ], [ 370017.20835622, 181366.81922972 ], [ 370059.93290256, 181363.73613802 ], [ 370067.20796111, 181349.81861375 ], [ 370067.20721601, 181316.81135206 ], [ 370183.21494615, 181316.81066315 ], [ 370183.21527548, 181332.81816148 ], [ 370150.21565094, 181332.81839374 ], [ 370133.2157706, 181349.81874353 ], [ 370133.21679937, 181399.81730634 ], [ 370150.21691836, 181416.81695655 ], [ 370183.21710376, 181416.81672556 ], [ 370183.21984049, 181549.82155081 ], [ 370200.21992351, 181566.82120101 ], [ 370233.22014485, 181566.82103985 ], [ 370233.22082401, 181599.82977352 ], [ 370240.49621642, 181613.74679858 ], [ 370283.23012855, 181616.82926381 ], [ 370286.68149131, 181660.0579446 ], [ 370300.23092328, 181666.82675002 ], [ 370333.23111187, 181666.82652537 ], [ 370333.23179105, 181699.83533022 ], [ 370340.00096719, 181713.38457663 ], [ 370383.23198545, 181716.83475707 ], [ 370383.23264526, 181749.83353978 ], [ 370390.50803354, 181763.75057181 ], [ 370433.23281936, 181766.83304385 ], [ 370433.23324388, 181799.84146132 ], [ 370440.00235975, 181813.39079316 ], [ 370483.23347122, 181816.8410911 ], [ 370486.31680967, 181859.56331158 ], [ 370500.23404676, 181866.83839861 ], [ 370533.24218364, 181866.83825143 ], [ 370533.24262671, 181899.83679614 ], [ 370550.24270023, 181916.83656789 ], [ 370600.24269891, 181916.83635166 ], [ 370614.16000289, 181909.56095414 ], [ 370617.24210692, 181866.83784292 ], [ 370833.25105565, 181866.83674822 ], [ 370833.25314328, 181982.84110471 ], [ 370817.25312021, 181982.84116957 ], [ 370817.25162175, 181899.83506657 ], [ 370800.25154828, 181882.83538699 ], [ 370650.24255072, 181882.83603545 ], [ 370633.24262422, 181899.83630733 ], [ 370633.24422352, 181999.84211862 ], [ 370650.24429246, 182016.84184677 ], [ 370683.24456162, 182016.84171293 ], [ 370683.24516475, 182049.850467 ], [ 370690.52053686, 182063.767517 ], [ 370733.25448827, 182066.85002696 ], [ 370733.25475314, 182082.84844348 ], [ 370700.24591388, 182082.84856848 ], [ 370686.32859951, 182090.12396784 ], [ 370683.24651517, 182132.85604285 ], [ 370600.24642319, 182132.85624615 ], [ 370583.24645131, 182149.85651296 ], [ 370583.24696921, 182182.85470459 ], [ 370500.23890768, 182182.85499689 ], [ 370483.23896754, 182199.85521995 ], [ 370483.23940053, 182232.85343963 ], [ 370440.51455678, 182235.93635992 ], [ 370433.2394254, 182249.85380359 ], [ 370433.24193922, 182432.86497953 ], [ 370417.241623, 182432.86499318 ], [ 370417.24120922, 182399.86742304 ], [ 370410.47210796, 182386.31809672 ], [ 370367.24076019, 182382.86773481 ], [ 370364.15753911, 182340.13453937 ], [ 370350.24030255, 182332.85942051 ], [ 370300.23997628, 182332.85957664 ], [ 370283.24002937, 182349.85978015 ], [ 370283.24042451, 182382.86788586 ], [ 370200.23103037, 182382.86803401 ], [ 370183.2310472, 182399.8682278 ], [ 370183.23142333, 182432.86539327 ], [ 370140.00031292, 182436.31599678 ], [ 370133.23136278, 182449.86557642 ], [ 370133.23166348, 182482.87377204 ], [ 370117.2152995, 182482.87378363 ], [ 370117.21456681, 182399.86808304 ], [ 370100.21451595, 182382.86823312 ], [ 370067.22208193, 182382.86833185 ], [ 370067.22137242, 182299.86168768 ], [ 370050.22131699, 182282.86183302 ], [ 370017.22098678, 182282.86194061 ], [ 370017.22023446, 182199.85641892 ], [ 370009.94493664, 182185.93925107 ], [ 369967.21995022, 182182.85660995 ], [ 369967.21895346, 182049.85286497 ], [ 369950.21888927, 182032.85300086 ], [ 369867.20953823, 182032.85331406 ], [ 369867.20936143, 181999.84509244 ], [ 369860.44029249, 181986.29566868 ], [ 369817.20912945, 181982.84531366 ], [ 369814.12618557, 181940.12336995 ], [ 369800.2088931, 181932.84819492 ], [ 369667.20070357, 181932.84874296 ], [ 369667.20063817, 181916.84064596 ], [ 369850.20869824, 181916.83979419 ], [ 369867.20862528, 181899.83970297 ], [ 369867.20761983, 181749.83608438 ], [ 369850.207504, 181732.8362097 ], [ 369817.20741313, 181732.83643455 ], [ 369817.20243699, 181499.8245954 ], [ 369800.20235636, 181482.82497922 ], [ 369700.20248728, 181482.82555343 ], [ 369683.20260189, 181499.82590327 ], [ 369683.204376, 181582.83265061 ], [ 369650.19671109, 181582.83280792 ], [ 369633.19679211, 181599.83315778 ], [ 369633.19957924, 181732.83745469 ], [ 369600.19990718, 181732.83761368 ], [ 369583.19998909, 181749.83767787 ], [ 369583.20030242, 181832.84289259 ], [ 369540.47556331, 181835.9258042 ], [ 369533.20036904, 181849.84306481 ], [ 369533.20072757, 181982.84643487 ], [ 369489.96959961, 181986.29713369 ], [ 369483.20064087, 181999.84661831 ], [ 369483.20074389, 182032.85466329 ], [ 369440.47582881, 182035.93755304 ], [ 369433.2006359, 182049.85483556 ], [ 369433.20080209, 182132.85989604 ], [ 369390.46783104, 182135.94276349 ], [ 369383.19262264, 182149.86001736 ], [ 369383.19263823, 182182.85808068 ], [ 369367.19143505, 182182.85813283 ], [ 369367.19142999, 182149.86017838 ], [ 369350.19137161, 182132.86018099 ], [ 369250.19102088, 182132.8604245 ], [ 369233.19104528, 182149.86041625 ], [ 369233.1910049, 182232.8564567 ], [ 369100.18217232, 182232.85676778 ], [ 369083.18222488, 182249.85674313 ], [ 369083.18203843, 182332.8616078 ], [ 369050.18161162, 182332.8616324 ], [ 369036.6321753, 182339.63061404 ], [ 369033.18149967, 182382.86959711 ], [ 369000.17315434, 182382.86961602 ], [ 368983.17316409, 182399.86954634 ], [ 368983.17295917, 182449.86649231 ], [ 369000.17299995, 182466.86656199 ], [ 369033.18121624, 182466.86648281 ], [ 369033.18077867, 182599.8701413 ], [ 369050.18077657, 182616.87020571 ], [ 369200.19918327, 182616.87022441 ], [ 369217.1991854, 182599.87023853 ], [ 369217.19922695, 182549.87225805 ], [ 369209.92399081, 182535.95497884 ], [ 369167.18186038, 182532.8722455 ], [ 369167.18191074, 182516.87437068 ], [ 369209.92412555, 182513.79163314 ], [ 369217.19936833, 182499.87437737 ], [ 369217.19939553, 182466.8663758 ], [ 369300.19122598, 182466.86624314 ], [ 369317.19118529, 182449.86624625 ], [ 369317.19119131, 182416.86923542 ], [ 369400.19284876, 182416.86918854 ], [ 369414.11011201, 182409.59394136 ], [ 369417.192824, 182366.86112623 ], [ 369533.20184497, 182366.86097486 ], [ 369536.28471217, 182409.59379619 ], [ 369550.20196728, 182416.86900424 ], [ 369633.20267315, 182416.86889185 ], [ 369633.20273798, 182432.86601383 ], [ 369600.20241105, 182432.86602651 ], [ 369586.28512607, 182440.14130061 ], [ 369583.20254071, 182482.8741805 ], [ 369550.20219543, 182482.8741875 ], [ 369533.20219903, 182499.87424544 ], [ 369533.20255188, 182632.87740638 ], [ 369517.2021045, 182632.87740145 ], [ 369517.20200279, 182599.8703111 ], [ 369500.20200506, 182582.87036349 ], [ 369450.20156839, 182582.87035681 ], [ 369433.20156612, 182599.87036977 ], [ 369433.20042751, 182732.88276879 ], [ 369390.46694263, 182735.96541011 ], [ 369383.1915898, 182749.88241143 ], [ 369383.1909182, 182782.87924024 ], [ 369300.18856195, 182782.87921277 ], [ 369283.18855632, 182799.87883262 ], [ 369283.18781821, 182832.88679743 ], [ 369250.18698525, 182832.88678694 ], [ 369233.18697985, 182849.88644067 ], [ 369233.18596146, 182899.88403133 ], [ 369240.46108932, 182913.80156639 ], [ 369283.18607378, 182916.88438761 ], [ 369283.18574805, 182932.88097781 ], [ 369150.17586424, 182932.88083925 ], [ 369133.17582532, 182949.88049285 ], [ 369133.17480633, 182999.88808517 ], [ 369150.17480163, 183016.88843157 ], [ 369183.1919855, 183016.8884407 ], [ 369183.19124727, 183049.88565652 ], [ 369190.46634764, 183063.80320643 ], [ 369233.1824602, 183066.88611145 ], [ 369233.18213424, 183082.89263661 ], [ 369189.95935154, 183086.34307229 ], [ 369183.19022865, 183099.89228219 ], [ 369183.18955645, 183132.89021605 ], [ 369100.17119383, 183132.89019669 ], [ 369086.25404354, 183140.16526184 ], [ 369083.17051718, 183182.8977861 ], [ 368850.15957311, 183182.89763433 ], [ 368836.24243499, 183190.17268222 ], [ 368833.15882987, 183232.89422739 ], [ 368750.1484163, 183232.89422004 ], [ 368733.14841617, 183249.89387292 ], [ 368733.14739531, 183299.89147213 ], [ 368750.14739578, 183316.89181925 ], [ 368783.14758651, 183316.89181833 ], [ 368786.22944534, 183359.62398312 ], [ 368800.14684371, 183366.89941544 ], [ 368900.15696617, 183366.89943353 ], [ 368917.15696923, 183349.89978033 ], [ 368917.15866262, 183266.89427899 ], [ 368983.15968387, 183266.89435872 ], [ 368983.15901101, 183299.89161009 ], [ 368990.4341397, 183313.8091461 ], [ 369033.16722549, 183316.89196309 ], [ 369036.24916329, 183359.6241453 ], [ 369050.16654971, 183366.8995603 ], [ 369083.16666733, 183366.89956613 ], [ 369086.61640351, 183410.12799089 ], [ 369100.16599215, 183416.89716223 ], [ 369150.1665535, 183416.89717028 ], [ 369167.16655623, 183399.89751662 ], [ 369167.16824726, 183316.89198862 ], [ 369333.17829086, 183316.89201976 ], [ 369336.26022999, 183359.62419784 ], [ 369350.17761628, 183366.89961252 ], [ 369383.17883435, 183366.89961815 ], [ 369383.17816303, 183399.89686393 ], [ 369390.45329228, 183413.81439955 ], [ 369433.18627879, 183416.89721492 ], [ 369433.18459069, 183499.90104805 ], [ 369450.18458856, 183516.9013938 ], [ 369500.1850504, 183516.90140006 ], [ 369514.10218768, 183509.62635097 ], [ 369517.18578945, 183466.90381508 ], [ 369550.18662828, 183466.90381965 ], [ 369567.18663064, 183449.90416518 ], [ 369567.1887634, 183349.90002594 ], [ 369559.91364494, 183335.98246422 ], [ 369517.18854808, 183332.89964083 ], [ 369517.1898902, 183266.89456666 ], [ 369533.19045072, 183266.89456981 ], [ 369533.1897799, 183299.89181407 ], [ 369550.18977682, 183316.89215967 ], [ 369633.19045591, 183316.89217468 ], [ 369633.18911494, 183382.89724553 ], [ 369589.95733017, 183386.34768511 ], [ 369583.18820831, 183399.89689509 ], [ 369583.18719218, 183449.9034811 ], [ 369600.18718986, 183466.90382654 ], [ 369783.19689336, 183466.90391731 ], [ 369783.19622357, 183499.90109149 ], [ 369790.47135339, 183513.81862671 ], [ 369833.19644041, 183516.90144047 ], [ 369833.1945316, 183632.90402616 ], [ 369790.46911842, 183635.98673537 ], [ 369783.19385084, 183649.9039392 ], [ 369783.19368887, 183682.91243862 ], [ 369740.46831163, 183685.99514922 ], [ 369733.19304453, 183699.91235334 ], [ 369733.19280104, 183749.90987207 ], [ 369750.19280033, 183766.90995486 ], [ 369783.19324278, 183766.90995625 ], [ 369786.64350496, 183810.14931148 ], [ 369800.19301476, 183816.91837433 ], [ 369833.19345417, 183816.91837458 ], [ 369833.19306213, 183882.92420695 ], [ 369790.46769064, 183886.00692266 ], [ 369783.19242451, 183899.92412557 ], [ 369783.19195166, 183982.93107976 ], [ 369767.19146697, 183982.93111375 ], [ 369767.19162753, 183949.92271339 ], [ 369760.42264622, 183936.37318226 ], [ 369717.19125772, 183932.92263365 ], [ 369713.7409143, 183889.69326054 ], [ 369700.19141615, 183882.92421462 ], [ 369650.18296218, 183882.92421738 ], [ 369633.18296312, 183899.92410189 ], [ 369633.18204425, 184049.92846894 ], [ 369650.18204689, 184066.92858439 ], [ 369683.19047675, 184066.92857927 ], [ 369683.18976898, 184199.93375699 ], [ 369700.18977333, 184216.933839 ], [ 369733.19012925, 184216.93383054 ], [ 369733.18946563, 184332.94819017 ], [ 369700.18883955, 184332.94820193 ], [ 369683.18884561, 184349.94811999 ], [ 369683.18802274, 184499.95244905 ], [ 369690.46324717, 184513.86982156 ], [ 369733.18851905, 184516.95248388 ], [ 369733.18844968, 184549.95014618 ], [ 369740.46368236, 184563.86744452 ], [ 369783.1890681, 184566.95016723 ], [ 369783.18914883, 184582.95907912 ], [ 369750.18876045, 184582.95915986 ], [ 369736.27148302, 184590.23447336 ], [ 369733.18903458, 184632.95807911 ], [ 369650.1801819, 184632.95818216 ], [ 369633.18018948, 184649.95826809 ], [ 369633.18079506, 184749.96515805 ], [ 369650.18080269, 184766.9650381 ], [ 369733.18984502, 184766.96500082 ], [ 369733.19122168, 184999.97886838 ], [ 369750.19122946, 185016.97878252 ], [ 369833.19226933, 185016.97867848 ], [ 369836.27519947, 185059.71141989 ], [ 369850.19244364, 185066.9866146 ], [ 370033.20344178, 185066.98630004 ], [ 370033.20352244, 185082.98527781 ], [ 369989.9721313, 185086.4359637 ], [ 369983.20317892, 185099.98547605 ], [ 369983.20334518, 185132.984387 ], [ 369950.20298233, 185132.98442351 ], [ 369936.65348577, 185139.75349352 ], [ 369936.65348577, 185139.75349352 ] ] ], [ [ [ 375786.9382506, 184189.69603205 ], [ 375783.48817348, 184249.93432273 ], [ 375790.76345457, 184263.851481 ], [ 375833.48836716, 184266.93419595 ], [ 375836.5714186, 184309.65724712 ], [ 375850.48863463, 184316.93241844 ], [ 375883.4889377, 184316.93242635 ], [ 375883.48948605, 184382.93795211 ], [ 375600.46337301, 184382.93835699 ], [ 375586.54610561, 184390.2136816 ], [ 375583.46368611, 184432.93665009 ], [ 375567.47144404, 184432.93670638 ], [ 375564.38840447, 184390.21358859 ], [ 375550.4711352, 184382.93843167 ], [ 375450.47055932, 184382.9387809 ], [ 375436.55329417, 184390.21410221 ], [ 375433.47085964, 184432.93707774 ], [ 375417.47055151, 184432.937134 ], [ 375417.47038079, 184399.93886747 ], [ 375400.47035547, 184382.93895542 ], [ 375350.46101742, 184382.9390299 ], [ 375333.46104274, 184399.93914967 ], [ 375333.46163885, 184499.94570629 ], [ 375340.73693536, 184513.86293074 ], [ 375383.47100165, 184516.94550723 ], [ 375383.47102665, 184549.94319264 ], [ 375400.47108657, 184566.94317977 ], [ 375483.47167583, 184566.94288714 ], [ 375483.4718083, 184649.95020502 ], [ 375500.47186841, 184666.95019141 ], [ 375550.47222133, 184666.95001459 ], [ 375567.47216122, 184649.94996662 ], [ 375567.47199297, 184566.94269086 ], [ 375633.48059543, 184566.94245795 ], [ 375633.48076724, 184649.94980951 ], [ 375650.4808274, 184666.94976081 ], [ 375700.48108031, 184666.94958384 ], [ 375717.48102014, 184649.94956877 ], [ 375717.48099088, 184616.95089691 ], [ 375760.20600228, 184613.86803352 ], [ 375767.4812096, 184599.95077312 ], [ 375767.48076469, 184466.93617672 ], [ 375833.49010586, 184466.93617012 ], [ 375836.57314295, 184509.66923739 ], [ 375850.49036718, 184516.94440989 ], [ 376050.49885556, 184516.94437018 ], [ 376067.49885214, 184499.94423412 ], [ 376067.49816993, 184416.93795342 ], [ 376150.49835621, 184416.93795358 ], [ 376167.49835622, 184399.9377716 ], [ 376167.49753373, 184316.93259274 ], [ 376233.50675238, 184316.9326077 ], [ 376233.50704492, 184349.94093319 ], [ 376250.50704306, 184366.94078254 ], [ 376300.50720493, 184366.94078801 ], [ 376317.50720679, 184349.940636 ], [ 376317.50639855, 184266.93456342 ], [ 376360.73741743, 184263.48399834 ], [ 376367.50636647, 184249.93438714 ], [ 376367.50600269, 184216.92742271 ], [ 376533.5144084, 184216.92759663 ], [ 376533.51509083, 184282.93277349 ], [ 376490.28414948, 184286.38333588 ], [ 376483.51519161, 184299.93292385 ], [ 376483.51621758, 184399.93814255 ], [ 376500.51621783, 184416.93795114 ], [ 376583.51664355, 184416.93794983 ], [ 376586.59982051, 184459.66083835 ], [ 376600.51702258, 184466.93598047 ], [ 376700.52636267, 184466.93596705 ], [ 376717.52636037, 184449.93577025 ], [ 376717.52520275, 184349.94063134 ], [ 376700.52520434, 184332.94082815 ], [ 376667.52387928, 184332.94082507 ], [ 376667.52079116, 184049.92337799 ], [ 376650.52083843, 184032.92357348 ], [ 376600.51270007, 184032.92343441 ], [ 376583.5126528, 184049.92362855 ], [ 376583.51360066, 184132.92958614 ], [ 376567.5134899, 184132.92957727 ], [ 376567.51318162, 184099.92127265 ], [ 376550.51319303, 184082.92143141 ], [ 376500.5130509, 184082.92139787 ], [ 376483.5130395, 184099.92158929 ], [ 376483.51341115, 184132.92943052 ], [ 376317.50506616, 184132.92927131 ], [ 376314.42199614, 184090.1963411 ], [ 376300.50481655, 184082.92116271 ], [ 376200.49559832, 184082.92099452 ], [ 376186.94606844, 184089.69006855 ], [ 376183.49587665, 184132.92912726 ], [ 376140.77119523, 184136.0117923 ], [ 376133.49598001, 184149.92919042 ], [ 376133.49626727, 184182.92721664 ], [ 376000.49617338, 184182.92715539 ], [ 375986.94664823, 184189.69622811 ], [ 375983.49644498, 184232.93431487 ], [ 375917.48823984, 184232.93422569 ], [ 375917.48796562, 184199.92686761 ], [ 375900.48797359, 184182.92700885 ], [ 375800.48777395, 184182.92696191 ], [ 375786.9382506, 184189.69603205 ], [ 375786.9382506, 184189.69603205 ] ] ], [ [ [ 378310.28106725, 187086.15760613 ], [ 378267.5577885, 187083.07426363 ], [ 378267.55777714, 187017.06864686 ], [ 378300.55588482, 187017.06916758 ], [ 378314.47337423, 187009.7939935 ], [ 378317.55607996, 186967.0710795 ], [ 378350.54615001, 186967.07160132 ], [ 378367.54641891, 186950.07159691 ], [ 378367.54640593, 186900.07424186 ], [ 378360.27128247, 186886.15705943 ], [ 378317.55602784, 186883.0737892 ], [ 378314.4733478, 186840.34052054 ], [ 378300.55629092, 186833.06519652 ], [ 378217.55937406, 186833.06387736 ], [ 378217.55937202, 186817.06551735 ], [ 378300.55573914, 186817.06683963 ], [ 378317.55600997, 186800.06683597 ], [ 378317.55598847, 186700.0612221 ], [ 378300.55626058, 186683.06122575 ], [ 378217.55932103, 186683.0598972 ], [ 378217.55924453, 186600.05400161 ], [ 378200.55951798, 186583.05400376 ], [ 378100.55389545, 186583.05239512 ], [ 378086.63641491, 186590.32754898 ], [ 378083.55362325, 186633.04951138 ], [ 378067.55516317, 186633.04927799 ], [ 378064.4724332, 186590.32700031 ], [ 378050.5551611, 186583.05176091 ], [ 377850.54935384, 186583.05181566 ], [ 377833.54935842, 186600.05176724 ], [ 377833.54918802, 186683.0576306 ], [ 377790.31863641, 186686.50818105 ], [ 377783.54962775, 186700.05763265 ], [ 377783.54959337, 186733.05617399 ], [ 377740.31902873, 186736.50672999 ], [ 377733.55002029, 186750.05617814 ], [ 377733.54968992, 186883.0705784 ], [ 377690.82528803, 186886.15335391 ], [ 377683.55005082, 186900.07059555 ], [ 377683.55000364, 186933.06810557 ], [ 377600.54173397, 186933.06838928 ], [ 377583.54179205, 186950.06832442 ], [ 377583.54128456, 187083.07288908 ], [ 377450.53418663, 187083.07340893 ], [ 377433.53425304, 187100.07333425 ], [ 377433.53381361, 187200.08037336 ], [ 377450.53388565, 187217.08044807 ], [ 377483.54144957, 187217.0803082 ], [ 377486.9917578, 187260.31876498 ], [ 377500.54131973, 187267.08779769 ], [ 377533.5408729, 187267.08765229 ], [ 377536.62334823, 187309.81090137 ], [ 377550.54074465, 187317.08616828 ], [ 377583.54025906, 187317.08595425 ], [ 377583.54000372, 187350.08441946 ], [ 377600.54011472, 187367.08455102 ], [ 377750.54826088, 187367.08377139 ], [ 377767.54818384, 187350.08389915 ], [ 377767.54855957, 187300.08529848 ], [ 377750.54848324, 187283.08517073 ], [ 377667.54016621, 187283.08554336 ], [ 377667.54069901, 187167.08109401 ], [ 377700.54946218, 187167.08095927 ], [ 377714.09885796, 187160.31195634 ], [ 377717.54950614, 187117.07236442 ], [ 377783.54879163, 187117.07210569 ], [ 377783.54875695, 187150.08053281 ], [ 377800.54886048, 187167.08055067 ], [ 377850.54849266, 187167.08024618 ], [ 377867.54838913, 187150.08026078 ], [ 377867.54852636, 187067.07440988 ], [ 377883.5481767, 187067.0743817 ], [ 377883.54815473, 187100.07163518 ], [ 377900.54822152, 187117.07164649 ], [ 377983.55539556, 187117.07138629 ], [ 377983.55535776, 187250.08538413 ], [ 378000.55543308, 187267.08538898 ], [ 378050.55508472, 187267.08516743 ], [ 378064.10449608, 187260.31613588 ], [ 378067.55501248, 187217.07799186 ], [ 378083.55364626, 187217.07817519 ], [ 378087.00411333, 187260.31654086 ], [ 378100.55338248, 187267.08563491 ], [ 378250.55755222, 187267.0879741 ], [ 378267.55781731, 187250.08797117 ], [ 378267.55781161, 187217.08088056 ], [ 378310.28082401, 187213.99875604 ], [ 378317.55619635, 187200.08139261 ], [ 378317.5561747, 187100.07477819 ], [ 378310.28106725, 187086.15760613 ], [ 378310.28106725, 187086.15760613 ] ] ], [ [ [ 372670.05442626, 189194.95534991 ], [ 372648.76759168, 189177.41516184 ], [ 372634.1165244, 189136.06940313 ], [ 372648.86241151, 189089.33549908 ], [ 372663.87789488, 189076.68833098 ], [ 372667.34879409, 189057.85204327 ], [ 372667.34904244, 189000.21084349 ], [ 372650.34896074, 188983.21077024 ], [ 372617.34028823, 188983.21092888 ], [ 372617.34035512, 188967.20213163 ], [ 372660.07413504, 188964.11923108 ], [ 372667.34935799, 188950.2020482 ], [ 372667.34957362, 188900.20325317 ], [ 372650.34949387, 188883.20317985 ], [ 372567.34086577, 188883.20356923 ], [ 372567.34093063, 188867.19576924 ], [ 372610.57183935, 188863.74508324 ], [ 372617.34084439, 188850.19572151 ], [ 372617.34150128, 188717.18914695 ], [ 372660.07520098, 188714.10626521 ], [ 372667.35043721, 188700.18910715 ], [ 372667.35064586, 188667.19112997 ], [ 372710.58162716, 188663.74044546 ], [ 372717.35062438, 188650.19106029 ], [ 372717.35131737, 188517.17553648 ], [ 372750.35145589, 188517.17539667 ], [ 372767.35138386, 188500.17547477 ], [ 372767.35161356, 188450.17668589 ], [ 372760.07636246, 188436.25933252 ], [ 372717.35169221, 188433.17674571 ], [ 372717.35248077, 188067.14913933 ], [ 372750.35264897, 188067.14901368 ], [ 372767.35258424, 188050.14896583 ], [ 372767.35240286, 187950.15121255 ], [ 372760.0771263, 187936.23393311 ], [ 372717.35221761, 187933.15135007 ], [ 372717.35220223, 187917.14250519 ], [ 372760.07716896, 187914.05961774 ], [ 372767.35236233, 187900.14233473 ], [ 372767.35226966, 187867.1444102 ], [ 372810.0771835, 187864.06160987 ], [ 372817.35240576, 187850.14434327 ], [ 372817.35237296, 187800.13540092 ], [ 372800.35231073, 187783.13541207 ], [ 372717.35193992, 187783.13571587 ], [ 372717.35179482, 187700.1289717 ], [ 372700.35173364, 187683.12898788 ], [ 372667.35153555, 187683.12910664 ], [ 372664.26866926, 187640.38541541 ], [ 372650.35137256, 187633.11022085 ], [ 372600.34215817, 187633.11039926 ], [ 372583.34221882, 187650.11045451 ], [ 372583.3424227, 187733.13725754 ], [ 372517.34201897, 187733.13749681 ], [ 372517.34149569, 187567.123895 ], [ 372600.34205375, 187567.12360392 ], [ 372617.34199413, 187550.12354877 ], [ 372617.34183193, 187500.12470099 ], [ 372600.34180681, 187483.12475613 ], [ 372517.34129798, 187483.12494476 ], [ 372514.25842255, 187440.39135508 ], [ 372500.34115649, 187433.11615286 ], [ 372400.33253317, 187433.11639738 ], [ 372383.33259172, 187450.1164627 ], [ 372383.33278387, 187500.12531666 ], [ 372400.33280893, 187517.12525134 ], [ 372433.34108398, 187517.12520269 ], [ 372433.34169784, 187683.12984804 ], [ 372400.33339243, 187683.12996661 ], [ 372383.33345349, 187700.13003212 ], [ 372383.3339663, 187833.14569132 ], [ 372350.33378468, 187833.14581275 ], [ 372333.33384724, 187850.14588093 ], [ 372333.33424839, 187950.15269207 ], [ 372350.33431196, 187967.15262387 ], [ 372433.34265082, 187967.15231347 ], [ 372433.34271024, 187983.15126649 ], [ 372400.33454713, 187983.15139092 ], [ 372383.33461122, 188000.15145665 ], [ 372383.33512573, 188133.15718495 ], [ 372340.61025467, 188136.24000457 ], [ 372333.33505197, 188150.15731464 ], [ 372333.33524598, 188233.16409705 ], [ 372300.33515112, 188233.16422698 ], [ 372283.33521805, 188250.16416887 ], [ 372283.33469292, 188433.17864273 ], [ 372267.33445624, 188433.17869646 ], [ 372267.33456434, 188400.16989136 ], [ 372250.33451011, 188383.16983569 ], [ 372200.33415077, 188383.16999521 ], [ 372183.334205, 188400.16994219 ], [ 372183.33378198, 188600.18436068 ], [ 372190.60904566, 188614.10166377 ], [ 372233.33395443, 188617.18426561 ], [ 372233.33362038, 188750.18970529 ], [ 372250.3336836, 188767.18976073 ], [ 372333.33371179, 188767.18935994 ], [ 372333.33365529, 188783.19823927 ], [ 372217.33337955, 188783.19870161 ], [ 372217.33357117, 188700.19107484 ], [ 372210.05831713, 188686.27374466 ], [ 372167.32537476, 188683.19114031 ], [ 372167.32555374, 188600.18450234 ], [ 372150.32549509, 188583.18445216 ], [ 372017.32377713, 188583.1849108 ], [ 372017.3237931, 188550.18604344 ], [ 372000.32373566, 188533.1860352 ], [ 371900.31516277, 188533.18637303 ], [ 371883.31522018, 188550.18637014 ], [ 371883.31520613, 188633.19418049 ], [ 371817.31475901, 188633.1943459 ], [ 371814.23201583, 188590.46078906 ], [ 371800.31472975, 188583.18555783 ], [ 371667.3059226, 188583.18591488 ], [ 371667.30581614, 188517.17910256 ], [ 371710.03084092, 188514.09624023 ], [ 371717.30605052, 188500.17898587 ], [ 371717.3060279, 188450.18003209 ], [ 371700.30597286, 188433.18003977 ], [ 371600.3043675, 188433.18036343 ], [ 371586.38712586, 188440.45564467 ], [ 371583.3045138, 188483.17927987 ], [ 371517.29591819, 188483.17946361 ], [ 371514.21306158, 188440.45579406 ], [ 371500.29579562, 188433.18058675 ], [ 371400.29515545, 188433.18080971 ], [ 371383.29521034, 188450.18086741 ], [ 371383.29561978, 188600.18668838 ], [ 371400.29564402, 188617.1866306 ], [ 371533.29645814, 188617.18624077 ], [ 371533.29655485, 188650.19523036 ], [ 371540.06560672, 188663.74468241 ], [ 371583.30478967, 188667.19506514 ], [ 371586.38756543, 188709.91775185 ], [ 371600.30487586, 188717.19296625 ], [ 371650.30608939, 188717.19278804 ], [ 371667.3060288, 188700.19277752 ], [ 371667.30600839, 188667.19480528 ], [ 371733.30647945, 188667.19464022 ], [ 371733.30655551, 188700.19247056 ], [ 371750.30658219, 188717.19243137 ], [ 371833.31498188, 188717.19223505 ], [ 371833.31498146, 188800.199963 ], [ 371850.31504443, 188817.19996308 ], [ 372000.32363626, 188817.19940718 ], [ 372017.32357324, 188800.19941525 ], [ 372017.32361273, 188717.19161133 ], [ 372083.32403267, 188717.19144114 ], [ 372083.32382783, 188850.19791667 ], [ 372100.32389206, 188867.19796404 ], [ 372183.33315317, 188867.19765034 ], [ 372186.41577923, 188909.93016179 ], [ 372200.33311634, 188917.20540769 ], [ 372283.3333462, 188917.20508659 ], [ 372283.33316475, 189000.21262714 ], [ 372300.33324628, 189017.21265077 ], [ 372350.33307188, 189017.21241096 ], [ 372367.33299034, 189000.21247082 ], [ 372367.33310658, 188967.20351782 ], [ 372410.56400841, 188963.7528169 ], [ 372417.33299852, 188950.20342351 ], [ 372417.33311914, 188917.20437237 ], [ 372433.34095563, 188917.20429738 ], [ 372433.34036328, 189100.20841398 ], [ 372450.34044685, 189117.20844424 ], [ 372533.33991406, 189117.20803617 ], [ 372533.33977135, 189150.2165739 ], [ 372540.61503072, 189164.13392844 ], [ 372583.33939839, 189167.21648316 ], [ 372583.33862667, 189250.22264344 ], [ 372590.10764298, 189263.77226244 ], [ 372633.34728849, 189267.22255686 ], [ 372636.79751838, 189310.45214537 ], [ 372650.34712737, 189317.22118187 ], [ 372700.34693371, 189317.22083113 ], [ 372717.34681445, 189300.22097548 ], [ 372717.34738568, 189236.24242371 ], [ 372687.06336351, 189243.05317162 ], [ 372691.97292769, 189222.88322601 ], [ 372670.05442626, 189194.95534991 ], [ 372670.05442626, 189194.95534991 ] ] ], [ [ [ 369959.95668759, 189786.35111369 ], [ 369917.2314473, 189783.26851253 ], [ 369914.14844261, 189740.53477771 ], [ 369900.23117646, 189733.25961034 ], [ 369817.22131085, 189733.2597834 ], [ 369814.13838346, 189690.53602952 ], [ 369800.22110585, 189683.26084513 ], [ 369767.22055634, 189683.26093944 ], [ 369767.22048034, 189667.25301932 ], [ 369850.22128354, 189667.25284973 ], [ 369867.22123527, 189650.25276932 ], [ 369867.22099881, 189600.25391717 ], [ 369850.22098489, 189583.25399757 ], [ 369817.22046601, 189583.25402459 ], [ 369817.22000676, 189500.24615146 ], [ 369800.21995955, 189483.24623199 ], [ 369767.21947288, 189483.24632364 ], [ 369767.21828203, 189267.2337887 ], [ 369850.21908986, 189267.23363251 ], [ 369864.13635047, 189259.95833757 ], [ 369867.21888841, 189217.22473511 ], [ 369900.2282754, 189217.22464737 ], [ 369917.22823021, 189200.22456655 ], [ 369917.22740005, 189050.21871784 ], [ 369900.227389, 189033.21880155 ], [ 369650.2081355, 189033.2191636 ], [ 369636.29087289, 189040.49446063 ], [ 369633.20834516, 189083.21816637 ], [ 369617.20792169, 189083.2181766 ], [ 369617.20775657, 189050.21911081 ], [ 369609.9324839, 189036.30190508 ], [ 369567.20714736, 189033.21921714 ], [ 369567.20698183, 189000.22115155 ], [ 369550.20693679, 188983.22123683 ], [ 369450.20602152, 188983.22140174 ], [ 369433.20603255, 189000.22152147 ], [ 369433.20663685, 189100.2184689 ], [ 369440.48192673, 189114.13568591 ], [ 369483.2072457, 189117.21829613 ], [ 369483.20732623, 189133.22728737 ], [ 369439.97594871, 189136.67794206 ], [ 369433.20698908, 189150.22745676 ], [ 369433.2072319, 189200.2253241 ], [ 369440.48250381, 189214.1425318 ], [ 369483.20783538, 189217.22522013 ], [ 369483.20823286, 189300.23310881 ], [ 369500.20824459, 189317.23302739 ], [ 369550.20876574, 189317.23299287 ], [ 369567.20875401, 189300.23287761 ], [ 369567.20825728, 189217.22513153 ], [ 369583.20867916, 189217.2250891 ], [ 369586.65939958, 189260.46503547 ], [ 369600.20884804, 189267.23400129 ], [ 369633.2094391, 189267.23397909 ], [ 369633.20951529, 189283.23286942 ], [ 369600.20912935, 189283.23295829 ], [ 369586.29186867, 189290.5082537 ], [ 369583.20933261, 189333.24082767 ], [ 369539.97796842, 189336.69140719 ], [ 369533.20899305, 189350.24093244 ], [ 369533.20915082, 189383.23982165 ], [ 369500.20879943, 189383.23984577 ], [ 369486.29151273, 189390.51513078 ], [ 369483.20896998, 189433.24881792 ], [ 369450.20861887, 189433.24884266 ], [ 369433.20863161, 189450.24895827 ], [ 369433.20897163, 189500.24691838 ], [ 369450.20898472, 189517.24680277 ], [ 369583.21034476, 189517.24660022 ], [ 369583.21056829, 189550.24555938 ], [ 369590.48585177, 189564.16274263 ], [ 369633.21106811, 189567.24541803 ], [ 369633.21144866, 189633.25326536 ], [ 369600.21099759, 189633.25335889 ], [ 369583.21104578, 189650.25347406 ], [ 369583.21162339, 189750.26025483 ], [ 369590.48691386, 189764.17747678 ], [ 369633.21215542, 189767.26007877 ], [ 369633.21261721, 189850.26692381 ], [ 369650.21263278, 189867.26684275 ], [ 369733.22156426, 189867.26670065 ], [ 369733.22236222, 190000.27252914 ], [ 369750.22237887, 190017.27241436 ], [ 369850.22324216, 190017.27221638 ], [ 369867.22319149, 190000.2721359 ], [ 369867.22273258, 189917.26539545 ], [ 369950.23249936, 189917.26521726 ], [ 369967.23244934, 189900.26513711 ], [ 369967.23197795, 189800.26833663 ], [ 369959.95668759, 189786.35111369 ], [ 369959.95668759, 189786.35111369 ] ] ], [ [ [ 371660.0091245, 191836.44696162 ], [ 371617.28370878, 191833.36447511 ], [ 371617.28398863, 191800.36610753 ], [ 371600.28389872, 191783.36596336 ], [ 371500.27625146, 191783.36659222 ], [ 371483.27637534, 191800.36644835 ], [ 371483.27609608, 191833.36535722 ], [ 371440.04504222, 191836.81613867 ], [ 371433.27604609, 191850.3654553 ], [ 371433.27576717, 191883.3633667 ], [ 371390.04481353, 191886.81414974 ], [ 371383.27581778, 191900.36346631 ], [ 371383.27553921, 191933.37245459 ], [ 371367.27573368, 191933.37254059 ], [ 371364.19330963, 191890.63926123 ], [ 371350.2759209, 191883.36397799 ], [ 371317.26834941, 191883.36415499 ], [ 371314.18591748, 191840.64187019 ], [ 371300.26850296, 191833.36659758 ], [ 371250.26869675, 191833.36696361 ], [ 371233.2688212, 191850.36682055 ], [ 371233.26797925, 191950.37322622 ], [ 371240.54323697, 191964.29064905 ], [ 371283.2676413, 191967.37312606 ], [ 371283.26736292, 192000.37162105 ], [ 371290.5426203, 192014.28904389 ], [ 371333.27499115, 192017.37152211 ], [ 371336.35734472, 192060.10487311 ], [ 371350.27477103, 192067.38016291 ], [ 371450.27448195, 192067.37943171 ], [ 371467.27435764, 192050.37957508 ], [ 371467.27463603, 192017.37063807 ], [ 371483.27444146, 192017.37052055 ], [ 371486.35687292, 192060.10389332 ], [ 371500.27428741, 192067.37916605 ], [ 371533.27379111, 192067.3789247 ], [ 371533.27344683, 192100.37639463 ], [ 371540.54869293, 192114.29384349 ], [ 371583.28117505, 192117.37633163 ], [ 371586.36352849, 192160.10969126 ], [ 371600.280954, 192167.38498136 ], [ 371633.28149281, 192167.38474204 ], [ 371633.2813579, 192183.38348234 ], [ 371590.04942197, 192186.83418174 ], [ 371583.28040912, 192200.38351128 ], [ 371583.27956599, 192300.39005805 ], [ 371600.27968765, 192317.39020136 ], [ 371700.28026457, 192317.38958563 ], [ 371717.28017689, 192300.38972894 ], [ 371717.28045514, 192267.38068671 ], [ 371800.28829764, 192267.38018988 ], [ 371814.20544712, 192260.1049936 ], [ 371817.2884876, 192217.38228753 ], [ 371833.28829298, 192217.38217197 ], [ 371833.28801479, 192250.379687 ], [ 371850.28810305, 192267.37983032 ], [ 371933.28748224, 192267.37933336 ], [ 371933.28720403, 192300.38785239 ], [ 371950.28732577, 192317.38799568 ], [ 372000.29513127, 192317.38763756 ], [ 372014.21225476, 192310.11243064 ], [ 372017.29528774, 192267.37876307 ], [ 372133.29570375, 192267.37806045 ], [ 372133.29458278, 192400.3931014 ], [ 372150.2946695, 192417.39324465 ], [ 372233.30205034, 192417.39275519 ], [ 372233.30191552, 192433.39154848 ], [ 372200.30184675, 192433.39178181 ], [ 372186.3847339, 192440.66697122 ], [ 372183.30162284, 192483.40065998 ], [ 372140.06265439, 192486.85135232 ], [ 372133.29364013, 192500.40068303 ], [ 372133.29294087, 192583.39752611 ], [ 372100.29187369, 192583.39775626 ], [ 372083.29199225, 192600.39761306 ], [ 372083.29062867, 192750.41288085 ], [ 372100.29071161, 192767.41302402 ], [ 372300.29896739, 192767.41184799 ], [ 372314.21608277, 192760.13665957 ], [ 372317.2991944, 192717.40296385 ], [ 372360.53016638, 192713.95226514 ], [ 372367.29917937, 192700.40293552 ], [ 372367.29945765, 192667.40487344 ], [ 372400.29953528, 192667.40463212 ], [ 372414.21665664, 192660.12942455 ], [ 372417.29968985, 192617.39575051 ], [ 372450.30773381, 192617.39557678 ], [ 372463.85707232, 192610.62662347 ], [ 372467.30798971, 192567.39666487 ], [ 372500.30810175, 192567.3964268 ], [ 372514.22522421, 192560.12122005 ], [ 372517.30825902, 192517.39855233 ], [ 372533.30807098, 192517.39846969 ], [ 372533.30779055, 192550.39602152 ], [ 372550.30791325, 192567.396166 ], [ 372600.30772467, 192567.39580512 ], [ 372614.2248469, 192560.12059862 ], [ 372617.30788292, 192517.39793568 ], [ 372633.316695, 192517.39785295 ], [ 372636.766916, 192560.62639737 ], [ 372650.31650228, 192567.39544413 ], [ 372750.31615906, 192567.39482197 ], [ 372767.31603627, 192550.39500152 ], [ 372767.31638479, 192517.39696005 ], [ 372810.04113413, 192514.31405924 ], [ 372817.31637645, 192500.39693515 ], [ 372817.3172343, 192400.38939212 ], [ 372800.31711409, 192383.38924628 ], [ 372767.31756619, 192383.38947965 ], [ 372763.86733894, 192340.15086277 ], [ 372750.3177295, 192333.38182575 ], [ 372717.31821367, 192333.38205739 ], [ 372717.31884397, 192267.37454016 ], [ 372760.04356093, 192264.29164925 ], [ 372767.31880537, 192250.3745235 ], [ 372767.31908804, 192217.3765214 ], [ 372810.55002288, 192213.92584482 ], [ 372817.3190505, 192200.37654065 ], [ 372817.31957963, 192150.3777695 ], [ 372810.04435536, 192136.46033327 ], [ 372767.31990766, 192133.37774857 ], [ 372767.32061888, 192050.37152866 ], [ 372750.32053873, 192033.37138299 ], [ 372667.32112559, 192033.37177426 ], [ 372667.32218535, 191917.3555714 ], [ 372750.3220875, 191917.3551896 ], [ 372767.32200929, 191900.35533881 ], [ 372767.32342595, 191750.35039627 ], [ 372750.32331294, 191733.35024705 ], [ 372700.32348855, 191733.35057943 ], [ 372683.32360156, 191750.35043052 ], [ 372683.32331244, 191783.35927172 ], [ 372667.32342265, 191783.35934582 ], [ 372667.32377715, 191750.35099434 ], [ 372650.32369818, 191733.35081176 ], [ 372567.31521008, 191733.35126337 ], [ 372567.3159986, 191650.3453022 ], [ 372550.31591912, 191633.34515423 ], [ 372350.30851346, 191633.34618912 ], [ 372336.39135832, 191640.62138092 ], [ 372333.30830806, 191683.3548787 ], [ 372217.30880589, 191683.35563695 ], [ 372217.30915553, 191650.34722773 ], [ 372200.30903339, 191633.34704766 ], [ 372150.3011255, 191633.34740695 ], [ 372133.30124764, 191650.34726103 ], [ 372133.30010595, 191783.36237352 ], [ 372000.29935071, 191783.36324495 ], [ 371983.29944086, 191800.36309952 ], [ 371983.29915858, 191833.36205588 ], [ 371940.56644775, 191836.44496342 ], [ 371933.29120704, 191850.36208694 ], [ 371933.29001077, 191983.36751386 ], [ 371900.28990312, 191983.36775646 ], [ 371886.37278216, 191990.64296437 ], [ 371883.28974975, 192033.37656391 ], [ 371667.28272283, 192033.37804447 ], [ 371667.28300119, 192000.3695371 ], [ 371660.00774376, 191986.45211427 ], [ 371617.28233918, 191983.36963619 ], [ 371617.28247412, 191967.37086239 ], [ 371650.28354835, 191967.37061889 ], [ 371667.28342291, 191950.37076281 ], [ 371667.28437071, 191850.36441149 ], [ 371660.0091245, 191836.44696162 ], [ 371660.0091245, 191836.44696162 ] ] ], [ [ [ 369763.7622155, 192060.62226792 ], [ 369767.21318857, 192000.38275052 ], [ 369759.93793147, 191986.46532792 ], [ 369717.21352617, 191983.38284834 ], [ 369717.21380449, 191950.3843767 ], [ 369700.2136796, 191933.38423331 ], [ 369650.20587362, 191933.38460071 ], [ 369633.20599851, 191950.38445733 ], [ 369633.20481087, 192083.38973586 ], [ 369590.48005174, 192086.4727173 ], [ 369583.20482775, 192100.38983114 ], [ 369583.20412795, 192183.39736704 ], [ 369567.20432223, 192183.39748147 ], [ 369564.12189861, 192140.67425377 ], [ 369550.20451218, 192133.39896963 ], [ 369517.20493795, 192133.39914089 ], [ 369517.20563772, 192050.39310923 ], [ 369500.20554818, 192033.3929659 ], [ 369450.20574235, 192033.39322926 ], [ 369436.28859386, 192040.66842596 ], [ 369433.20555371, 192083.39104765 ], [ 369400.19751557, 192083.3912202 ], [ 369383.19760444, 192100.39107691 ], [ 369383.19676155, 192200.39843236 ], [ 369400.19688309, 192217.39857565 ], [ 369433.20439016, 192217.39833967 ], [ 369433.20422333, 192233.3959685 ], [ 369400.1961193, 192233.39620321 ], [ 369383.19624018, 192250.39605996 ], [ 369383.19539749, 192350.40341537 ], [ 369389.96441446, 192363.9530336 ], [ 369433.20306007, 192367.40332649 ], [ 369433.20250392, 192433.40965042 ], [ 369417.19469817, 192433.40972974 ], [ 369417.19497618, 192400.41132964 ], [ 369400.19489128, 192383.41118642 ], [ 369350.19408562, 192383.4114361 ], [ 369336.27694535, 192390.68661432 ], [ 369333.19382652, 192433.41024594 ], [ 369300.19375945, 192433.41040942 ], [ 369283.19384367, 192450.41026625 ], [ 369283.19314455, 192533.41683986 ], [ 369240.46843979, 192536.4997297 ], [ 369233.19319578, 192550.4168576 ], [ 369233.19235367, 192650.42410128 ], [ 369240.46758944, 192664.34150883 ], [ 369283.19198205, 192667.42408609 ], [ 369283.19163819, 192700.42145097 ], [ 369300.1917191, 192717.42162812 ], [ 369400.19236408, 192717.42105213 ], [ 369417.19224916, 192700.4212293 ], [ 369417.19259306, 192667.42334304 ], [ 369460.43155971, 192663.97265998 ], [ 369467.20057586, 192650.4233278 ], [ 369467.20141821, 192550.41596861 ], [ 369450.20130131, 192533.4158254 ], [ 369417.19375573, 192533.4160524 ], [ 369417.19389048, 192517.41835821 ], [ 369600.20143968, 192517.4173583 ], [ 369617.20135606, 192500.41750154 ], [ 369617.20163419, 192467.40853842 ], [ 369683.20924541, 192467.40814517 ], [ 369686.29167563, 192510.14149157 ], [ 369700.20908488, 192517.41676637 ], [ 369750.20889038, 192517.41642037 ], [ 369767.20877274, 192500.41656365 ], [ 369767.20905093, 192467.40766063 ], [ 369850.20888954, 192467.40718297 ], [ 369864.12604207, 192460.13198792 ], [ 369867.20908341, 192417.40835291 ], [ 369909.94277862, 192414.32546586 ], [ 369917.21803241, 192400.40836521 ], [ 369917.2211842, 192050.39050132 ], [ 369900.22109459, 192033.39035792 ], [ 369850.2122887, 192033.39062154 ], [ 369833.21237831, 192050.39047814 ], [ 369833.21209997, 192083.38845557 ], [ 369790.4872919, 192086.47135925 ], [ 369783.21205087, 192100.38848488 ], [ 369783.21135087, 192183.39613644 ], [ 369767.21154519, 192183.3962509 ], [ 369767.21182345, 192150.39777466 ], [ 369759.93656734, 192136.48035277 ], [ 369717.21216108, 192133.39786866 ], [ 369717.21278368, 192067.39148855 ], [ 369750.21289041, 192067.39124864 ], [ 369763.7622155, 192060.62226792 ], [ 369763.7622155, 192060.62226792 ] ] ] ] } }
]
}
